id,xxx,prediction
0,JSY8T0IMZ,clust1
1,EQWTT342X,clust1
2,DPV7EJZH2,clust1
3,UCW9B7OJY,clust1
4,KNCZ4YJSD,clust1
5,L3DXDDMDC,clust1
6,A2ZIRTS2S,clust1
7,AA8BUULLY,clust2
8,XQ4VYF04Y,clust2
9,BUP89CDTM,clust2
10,XXEP9MSBI,clust2
11,IAZMXLYGO,clust2
12,PPPKMJEK4,clust2
13,VQW9EZR97,clust2
14,NJ54Q30BC,clust2
15,PRYSPS4J8,clust2
16,E0YST25E6,clust2
17,Q78D3UVMR,clust2
18,KZMNFSQVG,clust2
19,BFK101JZW,clust3
20,JRHTP7TAO,clust3
21,T82GB8LD5,clust3
22,QEHE9GQJ9,clust3
23,BDHPZL57O,clust3
24,PA28L0DFW,clust4
25,XSCX4VYIK,clust4
26,4XO0F9HCK,clust4
27,TT7YL7Y6J,clust4
28,46M4O096Z,clust5
29,OA6LKV5G1,clust5
30,MEUIYHZ9H,clust5
31,M0C5U013G,clust5
32,XCF2N6FF4,clust5
33,T0BC1V0F0,clust5
34,1M763Y9R3,clust6
35,2LD518R29,clust6
36,YCXT663A9,clust6
37,FFMF3KHG9,clust6
38,BIFNQEWTS,clust7
39,42NA63K9A,clust7
40,QOMHGXNZA,clust7
41,3BEOXC7K2,clust7
42,YD504A2RI,clust7
43,K1TAC2ZVW,clust7
44,BFK101JZW,clust8
45,7FJ1PZQUF,clust8
46,DAT5W4GU5,clust8
47,R4VPD3WS9,clust8
48,8PA2ABTRE,clust8
49,QEHE9GQJ9,clust8
50,K4T2MN7V4,clust8
51,KDE3L8UDG,clust9
52,5ZZ4G3I4F,clust9
53,UITIHQ961,clust9
54,BJHHR8JQV,clust9
55,MVEFE6F1K,clust9
56,JUH2F35X7,clust9
57,3F46P6O5B,clust9
58,DY6J5S6XF,clust9
59,3KD0RN2SW,clust9
60,IAZTTPG94,clust9
61,JC0FH4TGD,clust9
62,RBD7VLG3P,clust9
63,BL0CKWAKG,clust9
64,SEM9H7O7A,clust9
65,0ER1U41VH,clust9
66,SOPOZLX7Q,clust9
67,YRQNOTCWK,clust9
68,Z7OIEE9DO,clust9
69,R0WRVKY8Y,clust14
70,TX176AWVB,clust14
71,3NX72VKD5,clust14
72,OX19ZL94V,clust14
73,FKGSNGYLM,clust14
74,VNGXLI81J,clust14
75,97D4L5QK8,clust14
76,07RMNYRLE,clust14
77,CHPA2U69Q,clust14
78,XL18PMO40,clust14
79,SEM9H7O7A,clust17
80,MMONN2TXY,clust17
81,D97FS2NRU,clust17
82,8JD7SVTV9,clust17
83,JSY8T0IMZ,clust18
84,XOU8JCSTC,clust18
85,TSSY6JDTK,clust18
86,PMW2S6IIH,clust18
87,DS9AXNYK5,clust18
88,U1Y0FFPJD,clust19
89,ZNJP4U625,clust19
90,XJP74V4GG,clust19
91,JRNI6AH8O,clust19
92,F1RVCKHBW,clust19
93,KE858AAOF,clust22
94,3BUDCNTIF,clust22
95,A52NB24Q6,clust22
96,CMTLLG7EM,clust22
97,71O9TKF4D,clust22
98,RSP3K3BEH,clust22
99,GTZNK1QH3,clust23
100,3Z1RV3ZJK,clust23
101,722I7N2K2,clust23
102,H2MP9BFXS,clust23
103,EM0ZLUN5B,clust23
104,KECC3TTY1,clust23
105,5VPH4QM2C,clust23
106,SGN6OS97M,clust23
107,MLM5UR4L5,clust23
108,C1AGWUA7C,clust23
109,S2X6U4IOX,clust23
110,LDIZ2JC1U,clust23
111,LMNI7ZLFG,clust23
112,ETKCMOAAL,clust24
113,0RCZJAI50,clust24
114,M6UGK03PB,clust24
115,9H5IYUYQM,clust24
116,MFXXME5I4,clust24
117,5RJGXQMAQ,clust25
118,8SH9PTVEZ,clust25
119,YH87HNPU3,clust25
120,1492JGBAL,clust25
121,W2J6EHXC9,clust25
122,HCIVSRO6X,clust25
123,HX44HA4SD,clust25
124,XKI22066V,clust25
125,WMXT96JLX,clust26
126,TVVNYUVWY,clust26
127,1F0L8CQS0,clust26
128,NOC5HJJI6,clust26
129,6EGMUZA2A,clust26
130,OLK7U7ME7,clust26
131,IOV3TDX3Q,clust26
132,D51M44XIN,clust26
133,J966QEMZJ,clust27
134,3Z1RV3ZJK,clust27
135,S5PJVNMRZ,clust27
136,Q7OS53749,clust27
137,05JUOSEAW,clust27
138,GRAHULZDQ,clust27
139,9DLDYNXG4,clust28
140,505J6LWAT,clust28
141,U5UIGPYXT,clust28
142,DUZW4XU0G,clust28
143,FHYOPPYU5,clust28
144,FJD5K72IG,clust28
145,JXXNFVPQ6,clust28
146,4XQV9LU7P,clust28
147,DVBFAVOUB,clust28
148,E33GB5L29,clust28
149,M63BPTX3O,clust28
150,2WWSHU5ZH,clust28
151,1I14ITNP5,clust28
152,OA2H5EO3K,clust28
153,J3SFOINBS,clust28
154,NY33XEI54,clust28
155,REPR7RVUE,clust28
156,XF3DBO5JX,clust28
157,0FUC8DGN1,clust28
158,NHW50M9SR,clust28
159,A20U90K8W,clust28
160,XP5HPZ6C9,clust28
161,XGUW262YR,clust28
162,X42A8BJ55,clust28
163,IHJO63F35,clust28
164,7NP531ILM,clust28
165,LDIZ2JC1U,clust29
166,LMNI7ZLFG,clust29
167,KECC3TTY1,clust29
168,SGN6OS97M,clust29
169,46YVC9CGW,clust30
170,XP5HPZ6C9,clust30
171,H8GMXCO6V,clust30
172,YW1ZTR3FS,clust30
173,NQYBMMCKP,clust31
174,RP6W63240,clust31
175,9EREVD2KU,clust31
176,IS658HMV0,clust31
177,5U19XUQ3U,clust31
178,NSBJF0XOG,clust31
179,KDE3L8UDG,clust32
180,UITIHQ961,clust32
181,BJHHR8JQV,clust32
182,JUH2F35X7,clust32
183,DY6J5S6XF,clust32
184,IAZTTPG94,clust32
185,JC0FH4TGD,clust32
186,RBD7VLG3P,clust32
187,0ER1U41VH,clust32
188,Z7OIEE9DO,clust32
189,M6MVQBI0K,clust33
190,8PBHVWA0A,clust33
191,DBILY9MM5,clust33
192,GXG3V1DBW,clust33
193,FZ6FD47OB,clust33
194,9RQ8K3S97,clust33
195,ZWPNO151P,clust33
196,IYI5VEH95,clust33
197,4MAL5N5UE,clust33
198,YMLVSHM3M,clust33
199,WFBA75RNJ,clust33
200,OJJ264OQZ,clust33
201,Z7NASINZP,clust33
202,GM76MXT5M,clust33
203,L6I6GRLJG,clust33
204,QFJIAKE5H,clust33
205,S5470W9IA,clust33
206,WM41WWRLD,clust33
207,BVBMED8A7,clust33
208,YTMOQH9O4,clust33
209,L4LXZDO4P,clust33
210,EX5PMUDX2,clust33
211,2GGE5VN6N,clust34
212,JMY7FGHHH,clust34
213,3VM7G2Q4W,clust34
214,EE6OIIMPA,clust34
215,GQKBUFMIJ,clust34
216,WVLQ26SKZ,clust34
217,Q6MSO29BD,clust34
218,L5UY42A9A,clust34
219,555EE1P21,clust34
220,U3WQE4IXI,clust34
221,IG6FJ49RE,clust34
222,3KBLN92U5,clust34
223,H8GMXCO6V,clust34
224,BHVS7FNJ6,clust34
225,BFFHDPUOP,clust34
226,CVG6JJEK3,clust34
227,9QR0YHSJH,clust34
228,51W63VVLS,clust34
229,AAAWX170V,clust34
230,RSGJHXUZ9,clust34
231,E9OWG5M3H,clust34
232,4TG9EAS4I,clust34
233,W5ZVS39O0,clust35
234,F9MFM4AZQ,clust35
235,NW8EOGFA7,clust35
236,YNI7XINUB,clust35
237,1RK5S4K68,clust35
238,7LDUDA7IY,clust35
239,8X5L4IV8O,clust36
240,UCMI3QKO2,clust36
241,TM3WDHLYA,clust36
242,JJP297Q8K,clust36
243,KA5YBP9CB,clust36
244,Q9B4G9135,clust36
245,RVF0ROIO4,clust36
246,RU7XV1S6G,clust36
247,HD4R8JW6I,clust36
248,MID2EIIHP,clust36
249,2PJT9NJ3I,clust36
250,N9RKFU7VF,clust36
251,S87EK23BW,clust36
252,75ZO46U7J,clust36
253,4GQTHGQSG,clust36
254,EC5I72EWF,clust36
255,A53QVGEGN,clust36
256,FEM3G8YZJ,clust36
257,WNHV7V0UJ,clust36
258,EJ4RCKCZX,clust37
259,DMMRUI39J,clust37
260,PTEWCZXPT,clust37
261,3KPEJ7GGH,clust37
262,ZYOOMGYJ0,clust37
263,4Q2DL8CBB,clust40
264,INUSC4KEH,clust40
265,9OM4KY5C8,clust40
266,C9ZD2TYAQ,clust40
267,M51ZY1V3X,clust40
268,7ZEMTWVAO,clust40
269,NBK8O3VZ7,clust40
270,CY6I88PBR,clust40
271,BAZSVEKGR,clust40
272,FSPHO1T4Z,clust40
273,0O7EA3ZP8,clust43
274,2GGE5VN6N,clust43
275,F1IUKH4BB,clust43
276,8W233X2TX,clust43
277,6TBWXK199,clust43
278,D5ZAYGFG8,clust43
279,RIMFPA2YZ,clust43
280,49X1QLB56,clust43
281,RX3BGS53J,clust43
282,3KBLN92U5,clust43
283,BHVS7FNJ6,clust43
284,V6MUVXKL6,clust43
285,IG6FJ49RE,clust43
286,2V7Q7MRY3,clust43
287,WDUIAHOFE,clust43
288,5K03YC3SK,clust43
289,8GXS4H7BX,clust44
290,JMY7FGHHH,clust44
291,I33PO9D8V,clust44
292,RSGJHXUZ9,clust44
293,13MZ0TJN2,clust44
294,WVLQ26SKZ,clust44
295,2UGEPFUV2,clust44
296,YRUC8Z7AC,clust44
297,4TG9EAS4I,clust44
298,R086L2ZB4,clust45
299,7F75IZ2SP,clust45
300,UI41BZO4J,clust45
301,VZ2ZZYSJM,clust45
302,C67C63O2K,clust45
303,CRTFPV4R3,clust45
304,9L83H9449,clust45
305,FWBHJ2LWA,clust47
306,F6RW4QESD,clust47
307,GOJATA2NP,clust47
308,ZY8TJP5HW,clust47
309,K6F70VROO,clust47
310,KAEGLP5I3,clust47
311,W3PJ6SHA0,clust47
312,6TA4B3YPY,clust47
313,UUIF1Y4NK,clust47
314,5RJGXQMAQ,clust48
315,0NZYD45B7,clust48
316,NZM21UIVZ,clust48
317,QHF3VE00D,clust48
318,84JDF9FRM,clust48
319,1492JGBAL,clust48
320,YH87HNPU3,clust48
321,EEUJNDDXJ,clust48
322,LE8RLZBYY,clust48
323,W2J6EHXC9,clust48
324,39R3LAWJA,clust48
325,HCIVSRO6X,clust48
326,HX44HA4SD,clust48
327,DYJAD2X3W,clust48
328,9EE80ILP8,clust49
329,NMEV4F0UH,clust49
330,AR1LPDQC2,clust49
331,5GBNBZR14,clust49
332,69SDL7260,clust49
333,XI5KPT842,clust49
334,JKBBY691P,clust49
335,GY2NA0ZLP,clust49
336,0PQ77I411,clust49
337,BYLP8NB8Y,clust49
338,TLEORXAK4,clust49
339,FADQAB51D,clust49
340,S5FREKGMY,clust49
341,HK7EGEUHX,clust49
342,ONI4WPGD8,clust50
343,GK0ZH399Z,clust50
344,HM0QO68W6,clust50
345,ZIVMKXUXD,clust50
346,UO6OBSPTT,clust50
347,837S18LD6,clust51
348,825EZ1G0Z,clust51
349,QL8KAAPZ3,clust51
350,TVUUPY76T,clust51
351,GIKMYKHK2,clust51
352,5342KVQSX,clust51
353,0AXIE6P24,clust52
354,RA7X6H1ZA,clust52
355,JM0DJ7EOM,clust52
356,7WP7OZ85G,clust52
357,06Z0VO4C6,clust52
358,KNN9Y8J44,clust52
359,XJ2O5OCBM,clust53
360,AR1LPDQC2,clust53
361,8LDQ6B1IP,clust53
362,F9MFM4AZQ,clust53
363,SXLAJ6F4M,clust53
364,A0H22DOQK,clust53
365,9XKYZ6TZE,clust53
366,SGMD6CLDX,clust53
367,EM0ZLUN5B,clust54
368,5VPH4QM2C,clust54
369,Y2W3M5C12,clust54
370,OM4Z93HU7,clust54
371,N0IPPM88Z,clust54
372,429BT0RQL,clust54
373,08QDT69TM,clust55
374,17R0NSWT2,clust55
375,E26QI0FNU,clust55
376,J966QEMZJ,clust55
377,URUB3FLU6,clust55
378,5F61PVIVO,clust55
379,VBEGC6S3T,clust55
380,G93J4HR4M,clust55
381,7HCSF3789,clust55
382,HOBDNHGZ2,clust55
383,97N74P42M,clust55
384,W1027HGHJ,clust55
385,NJJBRM2T3,clust55
386,7U3477IHW,clust55
387,90MNEULTJ,clust55
388,XOXFKDP9U,clust55
389,A2XCBOQNR,clust55
390,R17IPTC1I,clust55
391,E1JT57LLV,clust55
392,TLHWE3P10,clust55
393,5C3QF4NKF,clust55
394,S1DYHHF94,clust55
395,VI9Y7OPB7,clust55
396,CL30SDA5C,clust55
397,Z0SBS8MN7,clust55
398,PALQ259WV,clust55
399,ZBKVJNUVB,clust56
400,L8EQMRVQC,clust56
401,WMXT96JLX,clust56
402,VAKIGIJBO,clust56
403,382HLYK8G,clust56
404,TVVNYUVWY,clust56
405,FLIHX7P9L,clust56
406,BMU5LCSH4,clust56
407,ZW55Z2DCG,clust56
408,YTLW1EMSN,clust56
409,Z36ECQWO0,clust56
410,QNU0AIYJ9,clust56
411,8CUQSBBFI,clust56
412,OLK7U7ME7,clust56
413,IOV3TDX3Q,clust56
414,HGKJSFNIF,clust57
415,08A783IV2,clust57
416,MWRLT8ORC,clust57
417,UFGUF82AE,clust57
418,6I0MCPWDZ,clust57
419,BNMCV44VR,clust57
420,Q3G0W6YF5,clust58
421,KEQ3YT0A1,clust58
422,W1027HGHJ,clust58
423,PALQ259WV,clust58
424,46M4O096Z,clust61
425,N0VEI659G,clust61
426,ANH6XVP9Y,clust61
427,BSDNDF39Q,clust61
428,YBN77RUVQ,clust61
429,T21L79M6J,clust61
430,KY1QP1OPI,clust61
431,FQMQBLMXR,clust61
432,WCIVOITSJ,clust62
433,1CELE0GZJ,clust62
434,90MNEULTJ,clust62
435,E1EUXASC1,clust62
436,BT6TPGGEO,clust62
437,DEJO6LVP9,clust62
438,1HUZL0TKE,clust62
439,IAZMXLYGO,clust63
440,PPPKMJEK4,clust63
441,VQW9EZR97,clust63
442,PRYSPS4J8,clust63
443,E0YST25E6,clust63
444,Q78D3UVMR,clust63
445,KZMNFSQVG,clust63
446,10E1JGL3L,clust64
447,6SUYBSQ3O,clust64
448,T21L79M6J,clust64
449,KWMQFX2OY,clust64
450,TWC2OFEVX,clust65
451,F388PHNQX,clust65
452,JU7OHPOUM,clust65
453,P8L4YVKYY,clust65
454,50FNBORI9,clust66
455,IAZMXLYGO,clust66
456,PPPKMJEK4,clust66
457,VQW9EZR97,clust66
458,Q78D3UVMR,clust66
459,K3JN1GILI,clust66
460,9FD9X6RQK,clust67
461,SZMEKZ5KR,clust67
462,MCENNSHO4,clust67
463,Z36ECQWO0,clust67
464,1FZQN3I6D,clust67
465,M5LM8GKN1,clust68
466,EPMD3KJOR,clust68
467,5AE88YLVM,clust68
468,QG35N1POH,clust68
469,TMEXH3TER,clust68
470,Q1YJ3KJNU,clust69
471,J8PTVR9KH,clust69
472,2OJPS8LNE,clust69
473,P2Y6PMRLT,clust69
474,GF6SLIQ0N,clust69
475,S1ZJP7VXV,clust69
476,9X9732B4B,clust69
477,3Z0LFJPDX,clust69
478,JZ5Q5OMX6,clust69
479,JOPC45QH0,clust69
480,N6VNDXVG9,clust69
481,2XUP6WYO3,clust69
482,3SPV8VS1Y,clust69
483,BYFTF1TYZ,clust69
484,6GTXVW8P2,clust69
485,FRPLF6FT9,clust69
486,UK7WLBTWH,clust69
487,Z5UKRU5C9,clust69
488,K4Z1QLL1L,clust69
489,R2GSVW2FY,clust70
490,VM4BEW6L9,clust70
491,SGHJJFXS0,clust70
492,IBKL10KIK,clust70
493,NRTOCR84E,clust70
494,1AMAS1RTX,clust70
495,3SPV8VS1Y,clust71
496,WHGKIB6YZ,clust71
497,O8EQOAJ5Z,clust71
498,P2Y6PMRLT,clust71
499,FRPLF6FT9,clust71
500,1VR332IAA,clust71
501,Z5UKRU5C9,clust71
502,2OJPS8LNE,clust71
503,3Z0LFJPDX,clust71
504,64LVG5L0K,clust72
505,SMP6BHOTH,clust72
506,7A8UJTRY1,clust72
507,EYZHVFIH5,clust72
508,FLIIEZPWK,clust72
509,RGVU3I9FG,clust72
510,B19C93WJN,clust72
511,H3QZGWZFY,clust72
512,B1DZD1VUR,clust72
513,COJBWLSYI,clust72
514,9Q3ONXDZ8,clust72
515,09L7SK2RK,clust72
516,HT9YG42G1,clust72
517,UK7H0EHV5,clust72
518,EIJCN0IDW,clust72
519,3AXHCMSQX,clust73
520,N9TEPET3J,clust73
521,DA1NADQ5J,clust73
522,FDVS5BO9J,clust73
523,S28N1NBSC,clust73
524,1INVTWVUA,clust73
525,N4JSC8413,clust73
526,S4MFNOBTQ,clust73
527,AE9N8LHDI,clust73
528,AUQX6IQ2W,clust73
529,JJ95V5QXC,clust73
530,BV471Y67F,clust73
531,EPU85E2UE,clust73
532,V3E5EHTRR,clust73
533,UB8L6962U,clust73
534,G04KDKYWP,clust76
535,QPB26QUAY,clust76
536,8MUQLXT4K,clust76
537,0XG0Q8770,clust76
538,NFE19G9TI,clust76
539,WIXW71UDQ,clust76
540,4I0C7OJ7M,clust76
541,3TDPNMDC8,clust76
542,5U19XUQ3U,clust76
543,M5CE7BYL3,clust76
544,FYWPKD4VC,clust76
545,OXH07RPZU,clust77
546,JA1K0KLCA,clust77
547,TRA8JWMLZ,clust77
548,QVPSBD4TK,clust77
549,GIMT4HFIA,clust77
550,LUZTLQD93,clust77
551,SLAW54U8G,clust77
552,IKLI517P7,clust77
553,B61U3WSRU,clust77
554,CFE9TK82E,clust78
555,X96RJNKNT,clust78
556,D49HZ2TFV,clust78
557,MUU5J59VG,clust78
558,EG5MOJTNK,clust78
559,HZOEK05N4,clust78
560,5SC6LGC06,clust78
561,X8OXIOU9K,clust79
562,SF26A35BT,clust79
563,SMNX9KYUD,clust79
564,FS8KCVD4P,clust79
565,NO905HECV,clust79
566,KR7XX4HRO,clust79
567,2RFAD830U,clust79
568,MAR4IPYNY,clust79
569,F5XYK4UNZ,clust80
570,HT9YG42G1,clust80
571,B1DZD1VUR,clust80
572,MY7WDECK1,clust80
573,N0VEI659G,clust81
574,ANH6XVP9Y,clust81
575,YBN77RUVQ,clust81
576,KY1QP1OPI,clust81
577,FQMQBLMXR,clust81
578,5ZZ4G3I4F,clust82
579,MVEFE6F1K,clust82
580,3F46P6O5B,clust82
581,3KD0RN2SW,clust82
582,BL0CKWAKG,clust82
583,SOPOZLX7Q,clust82
584,YRQNOTCWK,clust82
585,AZH08THAH,clust83
586,AWR8HDVBX,clust83
587,79F57M79I,clust83
588,1F0L8CQS0,clust83
589,7NA5KR8U8,clust84
590,VC15Q885J,clust84
591,E38AL05OH,clust84
592,CEU43JFSJ,clust84
593,GYQZT8ERU,clust84
594,73177O9G3,clust84
595,2T54H0AYK,clust87
596,WJ8PJRCOB,clust87
597,F73OETZ1G,clust87
598,9K8L8ASNB,clust87
599,DFU5ABIUX,clust87
600,6NBMPOSP7,clust88
601,79F57M79I,clust88
602,D4QMWZ1Q3,clust88
603,H6C4BO9L5,clust88
604,W9J96W7CJ,clust88
605,GWZTO4XXN,clust88
606,A2XCBOQNR,clust88
607,8GULA9L3B,clust89
608,O5GE138XO,clust89
609,ZNJP4U625,clust89
610,RD5DM149V,clust89
611,JRNI6AH8O,clust89
612,F1RVCKHBW,clust89
613,2I0KVI38J,clust89
614,H3HKCDOAK,clust89
615,08QDT69TM,clust90
616,E1JT57LLV,clust90
617,TLHWE3P10,clust90
618,VBEGC6S3T,clust90
619,G93J4HR4M,clust90
620,5C3QF4NKF,clust90
621,7HCSF3789,clust90
622,7U3477IHW,clust90
623,CL30SDA5C,clust90
624,Z0SBS8MN7,clust90
625,934L5E2PS,clust91
626,AC7A9GS1G,clust91
627,T6QM45G65,clust91
628,UUH0ZMGWA,clust91
629,GNHU3VLS2,clust91
630,D7NLYO4EN,clust91
631,Y4W5FCSQV,clust91
632,G6ZK6CADN,clust92
633,33AG95LNI,clust92
634,4DUX4YD6R,clust92
635,WUSZKIGD9,clust92
636,UQDM9W5RX,clust93
637,Y6ZRI8NVG,clust93
638,F51F0QP73,clust93
639,QBSUZV9HM,clust93
640,4CI48510D,clust94
641,G6ZK6CADN,clust94
642,LO7FPEUXK,clust94
643,4OSVC88WV,clust94
644,UVZCT72GC,clust96
645,067DQOPQJ,clust96
646,G1DNDA6E8,clust96
647,CV3MRHZ14,clust96
648,VZ2ZZYSJM,clust96
649,C67C63O2K,clust96
650,IWTLSOJS3,clust96
651,YRVIU84OA,clust96
652,2WC81S7B2,clust96
653,4IZ061OPU,clust96
654,UI41BZO4J,clust96
655,7XQJKVS9U,clust96
656,X5L3LU554,clust96
657,8699PFGGU,clust96
658,YJU9L97B3,clust96
659,HG567ILEJ,clust96
660,BHADJMJNH,clust96
661,CRTFPV4R3,clust96
662,XU7DTJIEX,clust96
663,XLBPXM58W,clust96
664,XKFN3BKS2,clust96
665,0TGL7T8BH,clust96
666,TPAK822AL,clust96
667,F43FXWJKM,clust96
668,TT7YL7Y6J,clust96
669,UXUOVFG53,clust96
670,7F75IZ2SP,clust96
671,R1IRG59KU,clust96
672,WLP6SGSK6,clust96
673,DBL7WE2TD,clust96
674,I5LUWXUHT,clust96
675,SNY955P1L,clust96
676,CE809QOSA,clust96
677,WTX5G2963,clust96
678,U9UFJ8G3Q,clust96
679,UVBS4DQSI,clust96
680,IG6FJ49RE,clust97
681,2GGE5VN6N,clust97
682,BHVS7FNJ6,clust97
683,3KBLN92U5,clust97
684,FUE8AM7V7,clust98
685,7LDGLIMA7,clust98
686,9C71WP0FX,clust98
687,4EP2FUHXN,clust98
688,VI7OLTO7I,clust98
689,HK9I1ECBX,clust98
690,NO6I619QS,clust98
691,UX4YOAIXC,clust98
692,W2H6H50YH,clust98
693,3NWL33WY4,clust98
694,WUSZKIGD9,clust98
695,9SLPB6HQ6,clust98
696,ZAOSB3OMS,clust98
697,5QNUK4CO7,clust98
698,W4SIJEY6O,clust99
699,HWDDJLFSU,clust99
700,J63O9JY6Q,clust99
701,4BKRU4DPB,clust99
702,UROSGMXVD,clust99
703,ZJTYTNWB1,clust100
704,7RE2HA4WC,clust100
705,KXG4RL6RN,clust100
706,UX4YOAIXC,clust100
707,HTDUV1QM6,clust100
708,RCFRHQQMU,clust100
709,SCT1XA3W8,clust100
710,OEH6HK4DF,clust101
711,7Q3YY83M9,clust101
712,WC2RQRWNK,clust101
713,4ZOB7NL5D,clust101
714,53L29BRT1,clust102
715,YBFY2MFYC,clust102
716,TBZCVLNCU,clust102
717,A53QVGEGN,clust102
718,1Z5BJ6EJM,clust102
719,B61U3WSRU,clust102
720,KSADV3F3Z,clust103
721,33AG95LNI,clust103
722,4DUX4YD6R,clust103
723,EXFTBC731,clust103
724,T1PWRZ6TK,clust104
725,53L29BRT1,clust104
726,7RE2HA4WC,clust104
727,XSJWHBU2B,clust104
728,V3OO1X183,clust104
729,G10JDPCAD,clust104
730,NRGFGYQEG,clust104
731,9K2ZFSQOJ,clust104
732,YBFY2MFYC,clust104
733,KXG4RL6RN,clust104
734,8HCSUMC47,clust104
735,HG567ILEJ,clust104
736,ZOQS2LA3U,clust104
737,KUSQZ28BQ,clust104
738,TBZCVLNCU,clust104
739,ZRBE8PT8O,clust104
740,J5R14OJH1,clust104
741,PHCG2FXQG,clust104
742,UX4YOAIXC,clust104
743,HTDUV1QM6,clust104
744,RO273X460,clust104
745,1Z5BJ6EJM,clust104
746,VN7LYG1WZ,clust105
747,2YMTTAMKZ,clust105
748,9EREVD2KU,clust105
749,N9DL827T2,clust105
750,W1RMANWWI,clust105
751,NZP5YBQCH,clust105
752,T466HOI6S,clust105
753,75ZO46U7J,clust108
754,A53QVGEGN,clust108
755,KA5YBP9CB,clust108
756,N9RKFU7VF,clust108
757,Q9B4G9135,clust108
758,SF26A35BT,clust109
759,UFJBVVU2W,clust109
760,NO905HECV,clust109
761,O1EQMKY2C,clust109
762,9O11IEXK0,clust109
763,ROMLZUMSQ,clust109
764,8M3AR8QWU,clust109
765,9SPC8J5B4,clust109
766,ZX5AYJ7LG,clust109
767,T59CX9VVN,clust109
768,KWLMJBGRC,clust109
769,YNAPPUKXL,clust109
770,2RFAD830U,clust109
771,OIIRD0BGR,clust109
772,C2K1OVJXP,clust109
773,X6JTY7YIY,clust109
774,0XDQFVG2G,clust109
775,7FVU7YYQN,clust109
776,39W5I4DM6,clust109
777,4HTEY1AXK,clust109
778,MAR4IPYNY,clust109
779,X8OXIOU9K,clust109
780,8SIB1DTCN,clust109
781,V32RUE64W,clust109
782,MZ3FWRH2E,clust109
783,KR7XX4HRO,clust109
784,9SPC8J5B4,clust110
785,FIQYIABRN,clust110
786,FQF7BNRG9,clust110
787,7FVU7YYQN,clust110
788,4HTEY1AXK,clust110
789,YNAPPUKXL,clust110
790,9SPC8J5B4,clust111
791,T3Y3YQ9PK,clust111
792,7FVU7YYQN,clust111
793,4HTEY1AXK,clust111
794,YNAPPUKXL,clust111
795,K8GOD5VMO,clust111
796,KFA6U3463,clust112
797,K3Q33BEXX,clust112
798,ZFK2G12F2,clust112
799,OW094828E,clust112
800,TYCLRXEE2,clust112
801,KVNO1A1FP,clust112
802,19GVS3K3A,clust112
803,YELIANY7I,clust112
804,L1PWLVZ8R,clust112
805,FYYY5SPUC,clust112
806,IYWNI7X5T,clust113
807,LS5XI84X7,clust113
808,ROMLZUMSQ,clust113
809,2BW1ET99Y,clust113
810,3YC1MKJ27,clust113
811,MLX7RWVIX,clust114
812,R703D2LV6,clust114
813,R8RUNBX22,clust114
814,NIYD8PK3C,clust114
815,1CXCXSTT8,clust114
816,UFJBVVU2W,clust115
817,IPND2BYXV,clust115
818,XDJW28F4R,clust115
819,JZGWR2LCH,clust115
820,9O11IEXK0,clust115
821,39W5I4DM6,clust115
822,KWLMJBGRC,clust115
823,MUU5J59VG,clust116
824,CFE9TK82E,clust116
825,5SC6LGC06,clust116
826,X96RJNKNT,clust116
827,R086L2ZB4,clust118
828,W4SIJEY6O,clust118
829,4QMKXZGJ4,clust118
830,FHA1UA2D1,clust118
831,4F19GUJA0,clust118
832,HWDDJLFSU,clust118
833,T862KSUVV,clust118
834,JRKM02B0K,clust118
835,R0B3JMB06,clust118
836,WKF6VNLCU,clust118
837,IOVFNXNFW,clust118
838,CWCLJC1SS,clust118
839,DYOWLG3Z7,clust118
840,I72DM3GS6,clust118
841,9L83H9449,clust118
842,JLHCPZ0QV,clust121
843,DGTBH1N7R,clust121
844,24T38262J,clust121
845,IMZAAKBP1,clust121
846,A0TP5J62X,clust121
847,JLHCPZ0QV,clust122
848,NQYBMMCKP,clust122
849,24T38262J,clust122
850,IS658HMV0,clust122
851,IMZAAKBP1,clust122
852,RP6W63240,clust123
853,NQYBMMCKP,clust123
854,NSBJF0XOG,clust123
855,IS658HMV0,clust123
856,ZM2H41FWB,clust124
857,LBTEFI39H,clust124
858,IGQHV0J9V,clust124
859,25IOXJCDG,clust124
860,8WQE6ONT2,clust124
861,7H8U1OAC1,clust124
862,4AQ77D09R,clust124
863,EA6CJHSXT,clust124
864,T3Y3YQ9PK,clust125
865,D97FS2NRU,clust125
866,8JD7SVTV9,clust125
867,SHTJ4VU11,clust125
868,K8GOD5VMO,clust125
869,75ZO46U7J,clust126
870,94HINN2HC,clust126
871,Q9B4G9135,clust126
872,HL44DRB12,clust126
873,C659EZTE0,clust127
874,CFRI06D20,clust127
875,G8WQB5ZTS,clust127
876,E4G0B4M9T,clust127
877,XTM7I9BN5,clust127
878,GTZNK1QH3,clust128
879,722I7N2K2,clust128
880,H2MP9BFXS,clust128
881,EM0ZLUN5B,clust128
882,5VPH4QM2C,clust128
883,MLM5UR4L5,clust128
884,C1AGWUA7C,clust128
885,S2X6U4IOX,clust128
886,MRJI4SKWB,clust129
887,V7UQCV4XB,clust129
888,HWLHSE4PZ,clust129
889,3VM7G2Q4W,clust129
890,S5FNQ53PB,clust130
891,H5R0Z0W0U,clust130
892,9MMD4ZOAS,clust130
893,M2GO8XNQI,clust130
894,YDFMIODA3,clust131
895,YVY0EN4L8,clust131
896,QOQ5HK2MN,clust131
897,3CY05IL9R,clust131
898,H2MP9BFXS,clust131
899,0JDNZLZNK,clust131
900,VY5I44WOW,clust131
901,34YCOQ769,clust131
902,MLM5UR4L5,clust131
903,C1AGWUA7C,clust131
904,S2X6U4IOX,clust131
905,QGLUB0EVB,clust131
906,QD5Y1X3JK,clust131
907,HA3XZISNI,clust131
908,GGKHDGB6L,clust135
909,IUN6CLWLT,clust135
910,R5MP9PD1L,clust135
911,BQY776TBI,clust135
912,4PJ1WDE3C,clust135
913,U5UAJHR1J,clust135
914,GFVW8U02R,clust135
915,0W9EUMCV5,clust135
916,CBEY6MF0Z,clust135
917,BAOLJ0RF4,clust135
918,CETXWP21X,clust136
919,13YVJTMOH,clust136
920,DFI1Y7GAY,clust136
921,5INAJHDOK,clust136
922,ZE4OUPADO,clust136
923,H5ALTLP7L,clust136
924,VDEGOZHS6,clust136
925,39JU8JKBR,clust137
926,QKDZWI0BE,clust137
927,6E00JGMH4,clust137
928,9COQ8P5W4,clust137
929,KPCV50SU3,clust137
930,ANZ4VNQNS,clust137
931,XX8MKYP67,clust137
932,2E5G7DDVO,clust138
933,YIBI8L6D6,clust138
934,0FZ1RSULB,clust138
935,H0XUNP448,clust138
936,Z9UC0HKAG,clust138
937,J306095SW,clust138
938,DWQI7W1F5,clust138
939,RI5IXP10B,clust138
940,CAZEEAPTJ,clust138
941,X8GEVAED4,clust138
942,MXAIO2HMH,clust138
943,06YLV2BHR,clust138
944,GVZYXB2CC,clust138
945,9291Q3VOH,clust138
946,Z77AQND6S,clust138
947,5O36DGL80,clust138
948,10FELDR84,clust138
949,IKYSU8ZEI,clust138
950,O01DIQXRO,clust138
951,PEVN8E0PA,clust138
952,YP6GTPRFP,clust138
953,DNSF5XXFE,clust138
954,FB352F4CF,clust138
955,UZZC6HJOS,clust138
956,T80Q15MUC,clust139
957,MXAIO2HMH,clust139
958,J306095SW,clust139
959,AQ8UN8END,clust139
960,O16TC48BQ,clust143
961,XF5U6K60O,clust143
962,YIBI8L6D6,clust143
963,LDZJ3SLN1,clust143
964,FNMC0MVYG,clust144
965,TYY8OKWY6,clust144
966,2ITFS2CSX,clust144
967,1LSV10QV1,clust144
968,OZMKYDFCF,clust144
969,M7DY12FNZ,clust144
970,JNJR95FP4,clust144
971,GQDOZNXLU,clust146
972,GSBEE4UJA,clust146
973,HXD1UDLKC,clust146
974,PCEKPLDDL,clust146
975,4EXPEJZEZ,clust146
976,QC9FBEHJE,clust147
977,21AIQ4IKL,clust147
978,947GGXJFC,clust147
979,PL4C46N5X,clust147
980,WB9DY58I2,clust147
981,3Y7Y7LZ8O,clust147
982,IKWCQWBPH,clust147
983,CL6BEOUJV,clust150
984,ENO4IY9AQ,clust150
985,BPYCTPRPJ,clust150
986,VB8Q4JS9W,clust150
987,DL6ZB92QE,clust150
988,T80Z7APR8,clust150
989,3FB8BM3W7,clust150
990,TMTXP0N97,clust151
991,FY8PDD0SJ,clust151
992,6SSSB2FNR,clust151
993,LE8H4U1BN,clust151
994,YPCRQY16W,clust151
995,18Y4QMI46,clust151
996,B8YHIX48J,clust151
997,4F2FNFAL6,clust151
998,1DLC7OAWE,clust151
999,50VTKZNZ6,clust151
1000,XGDH44YJP,clust151
1001,L5UY42A9A,clust152
1002,WVLQ26SKZ,clust152
1003,9QR0YHSJH,clust152
1004,JMY7FGHHH,clust152
1005,51W63VVLS,clust152
1006,CVG6JJEK3,clust152
1007,AAAWX170V,clust152
1008,RSGJHXUZ9,clust152
1009,EE6OIIMPA,clust152
1010,U3WQE4IXI,clust152
1011,E9OWG5M3H,clust152
1012,H8GMXCO6V,clust152
1013,GQKBUFMIJ,clust152
1014,BFFHDPUOP,clust152
1015,Q6MSO29BD,clust152
1016,4TG9EAS4I,clust152
1017,V1UQTCO6P,clust156
1018,I70IUYF88,clust156
1019,4ZOB7NL5D,clust156
1020,0RCZJAI50,clust156
1021,DB3PTVNIC,clust156
1022,880K5EH7D,clust156
1023,04AO5B0HC,clust156
1024,RZRKWY31C,clust156
1025,TMLQZ8LN4,clust156
1026,E4G0B4M9T,clust156
1027,INP2IY568,clust156
1028,77P6HT05W,clust156
1029,FYB7SN9YL,clust156
1030,9H5IYUYQM,clust156
1031,A2MGMQ7ME,clust156
1032,OEH6HK4DF,clust156
1033,1PUA61GED,clust156
1034,X6QOE5G2Y,clust158
1035,KG1MU8S9Y,clust158
1036,6YR8TEHRL,clust158
1037,1S7X78ON4,clust158
1038,2UT3EYXJB,clust158
1039,PXWHJVFUA,clust158
1040,CHPA2U69Q,clust158
1041,3QU1VDBDT,clust159
1042,Z2LN74N5Y,clust159
1043,HF54TZY5Z,clust159
1044,XKUAGG5I5,clust159
1045,SLPCK2NU7,clust159
1046,A8UTMPSSW,clust159
1047,HO4AT5E1O,clust159
1048,3NPI0L1EN,clust159
1049,K3JN1GILI,clust159
1050,50FNBORI9,clust159
1051,CT41HP9HE,clust159
1052,CXZRWAICX,clust159
1053,X6QOE5G2Y,clust159
1054,KG1MU8S9Y,clust159
1055,SIRBU30ZC,clust159
1056,WLAQD49GU,clust159
1057,BILGYIBKT,clust159
1058,2UT3EYXJB,clust159
1059,6A2CGBJPS,clust159
1060,MEDDWBDHB,clust159
1061,B9GO66UBQ,clust159
1062,MCENNSHO4,clust159
1063,9ADV154WL,clust159
1064,X130ZNSL2,clust159
1065,6YR8TEHRL,clust159
1066,JRNI6AH8O,clust159
1067,JK4M2MCEB,clust159
1068,93KXR339K,clust159
1069,09QX9VZX2,clust159
1070,91D2WIINT,clust159
1071,4EXPEJZEZ,clust159
1072,8WU4KZS3E,clust159
1073,ODJQHTT7Q,clust159
1074,W3KKUI9LE,clust159
1075,ZNJP4U625,clust159
1076,8W1503890,clust159
1077,TGEWVYO94,clust159
1078,AO47F0G7Y,clust159
1079,YR9OEWWJT,clust159
1080,KNQG8IGAV,clust162
1081,E19KGTF44,clust162
1082,VGZBBMK4V,clust162
1083,DQ73PY37J,clust162
1084,YP03MZ8IP,clust162
1085,KVAZZ08CM,clust163
1086,WELDL4JTZ,clust163
1087,5FA28D2OS,clust163
1088,E88NFG5DY,clust163
1089,MZX1VPFF8,clust163
1090,QSFL759PU,clust163
1091,KOVC0C9OP,clust163
1092,DD9XXX3ZD,clust164
1093,VR6TSYA6J,clust164
1094,8D3697EZA,clust164
1095,YZANUW2A0,clust164
1096,NAGFJ94RU,clust164
1097,9KP7SLUXF,clust165
1098,9H1YTBNX5,clust165
1099,7LFM80RA4,clust165
1100,I3R622QIM,clust165
1101,EOSIPXO9S,clust165
1102,IWKIVRUE8,clust165
1103,FZT8COULN,clust165
1104,8OKR0BNTK,clust165
1105,SIH5SSAZL,clust167
1106,IGC9ZGRGY,clust167
1107,BUP89CDTM,clust167
1108,Y9K13D720,clust167
1109,AEIQHUXUW,clust167
1110,2FEPVIAG2,clust167
1111,SGQ0130NI,clust167
1112,VR6TSYA6J,clust167
1113,FXKN86GG1,clust167
1114,30QIQX1K2,clust167
1115,BBK54CBJJ,clust167
1116,NJ54Q30BC,clust167
1117,N1SWB3DOI,clust167
1118,BKHMOXTLA,clust167
1119,AA8BUULLY,clust167
1120,4TCKKFPDC,clust167
1121,AK4YD1YX7,clust167
1122,XXEP9MSBI,clust167
1123,JR5HDDXUA,clust167
1124,8D3697EZA,clust167
1125,829048JU7,clust167
1126,LHWPF83RU,clust167
1127,XQ4VYF04Y,clust167
1128,IW803WNC4,clust167
1129,YX46UXGIB,clust167
1130,8OKR0BNTK,clust167
1131,NAGFJ94RU,clust167
1132,9KP7SLUXF,clust167
1133,9H1YTBNX5,clust167
1134,7LFM80RA4,clust167
1135,FM81F5D9V,clust167
1136,XGVDNRZ0H,clust167
1137,2CW3CL4LU,clust167
1138,RBRU3O9ZY,clust167
1139,FZT8COULN,clust167
1140,DPSIS0AM4,clust167
1141,10E1JGL3L,clust167
1142,QFY0GIQDE,clust167
1143,SK6EDE7OQ,clust170
1144,MXAIO2HMH,clust170
1145,J306095SW,clust170
1146,JRHTP7TAO,clust170
1147,YP6GTPRFP,clust170
1148,37SFVD6TU,clust170
1149,BDHPZL57O,clust170
1150,SK6EDE7OQ,clust171
1151,DKH4NFHLN,clust171
1152,10FELDR84,clust171
1153,8QOD7P357,clust171
1154,37SFVD6TU,clust171
1155,7EP6VF1PU,clust171
1156,WF8MF40S4,clust174
1157,QKLEB2GEK,clust174
1158,GHA53H4OP,clust174
1159,3WP26LF7B,clust174
1160,B37J3YXJR,clust174
1161,FUD2EOXQP,clust175
1162,XE6T4A98P,clust175
1163,649LX9985,clust175
1164,ZRWEIUQ07,clust175
1165,QWAXA9M15,clust175
1166,M9XB83R47,clust175
1167,BO1AE7E02,clust175
1168,2S623WU21,clust176
1169,XLLCDZEKX,clust176
1170,2HIKJF0TK,clust176
1171,5WI6268PU,clust176
1172,3D17B0ZJK,clust176
1173,XBWEC6OGU,clust176
1174,2KTI9HR2K,clust176
1175,PW7RM0N63,clust176
1176,9O1SKE4QG,clust176
1177,04KORE5KO,clust176
1178,HZ6W19C7P,clust176
1179,8J03DUWNR,clust176
1180,4TY5PCM1K,clust176
1181,3Z706H3PE,clust176
1182,F9U0M4TC5,clust176
1183,96VHQRFFT,clust176
1184,QKLEB2GEK,clust176
1185,TOFNRJKMV,clust176
1186,C88SL0WQV,clust176
1187,BK7KYYFJ8,clust177
1188,3TZ705W3C,clust177
1189,EDQNINXHL,clust177
1190,CSUNT44B0,clust177
1191,D968IGNUK,clust177
1192,21AIQ4IKL,clust177
1193,6ZFFRWE5S,clust177
1194,IPMHYT3UL,clust177
1195,SWTLMUK90,clust177
1196,H2016608B,clust177
1197,XV6B6P0MI,clust177
1198,WJLNB07QV,clust177
1199,IKWCQWBPH,clust177
1200,Q996FVMKA,clust177
1201,R9FUGD9TD,clust177
1202,N74PSFM1T,clust177
1203,ALINIQXO1,clust177
1204,3Y7Y7LZ8O,clust177
1205,DV7OKTG07,clust177
1206,QC9FBEHJE,clust177
1207,WEF0LGVDF,clust177
1208,HIJFYQBV4,clust177
1209,FN2R9IZZH,clust177
1210,947GGXJFC,clust177
1211,FMCXHACYM,clust177
1212,07I8WO1U7,clust177
1213,HFG4NW463,clust177
1214,P4AWJF9NQ,clust177
1215,437SU5MO9,clust177
1216,0AAMUVG2Z,clust177
1217,OPJWZ3ZDU,clust177
1218,8L16CF1PH,clust177
1219,AP4SA6247,clust177
1220,WF8MF40S4,clust179
1221,M5LM8GKN1,clust179
1222,KZ3VTBV7R,clust179
1223,RS17ACKEV,clust179
1224,URLMBSBT0,clust179
1225,KCXBC2KGV,clust179
1226,VP9OT5VYR,clust179
1227,EPMD3KJOR,clust179
1228,06172T8B9,clust179
1229,CDTEGHIGC,clust179
1230,5AE88YLVM,clust179
1231,QG35N1POH,clust179
1232,7Y8LN36EV,clust179
1233,TLJGHTHBN,clust179
1234,TMEXH3TER,clust179
1235,URLMBSBT0,clust180
1236,1RK5S4K68,clust180
1237,FYDE7OC9X,clust180
1238,7LDUDA7IY,clust180
1239,RS17ACKEV,clust180
1240,KZ3VTBV7R,clust180
1241,POLD6KV9U,clust180
1242,TVW6BAPRO,clust180
1243,0DZR4DSBD,clust180
1244,880K5EH7D,clust180
1245,AIZX0GXKS,clust180
1246,AK2F1JHN4,clust180
1247,9XT8YKOZI,clust180
1248,7Y8LN36EV,clust180
1249,TLJGHTHBN,clust180
1250,CMH8D8MYC,clust180
1251,B7V2BHIAE,clust180
1252,KCXBC2KGV,clust180
1253,L6P3YL8YE,clust180
1254,PY9OIQCM0,clust180
1255,OWHOG47C7,clust180
1256,7U7V93XHX,clust180
1257,6VUM1N9BI,clust180
1258,POOO18VUS,clust180
1259,YNI7XINUB,clust180
1260,WF8MF40S4,clust180
1261,CDPIPC8EI,clust180
1262,VP9OT5VYR,clust180
1263,06172T8B9,clust180
1264,CDTEGHIGC,clust180
1265,XJP74V4GG,clust180
1266,BBFHXGKIR,clust180
1267,S34QFBVOI,clust180
1268,QR8EYGTCJ,clust180
1269,ZWG2K4WR7,clust180
1270,NMEV4F0UH,clust181
1271,AR1LPDQC2,clust181
1272,5GBNBZR14,clust181
1273,XI5KPT842,clust181
1274,JKBBY691P,clust181
1275,TLEORXAK4,clust181
1276,FADQAB51D,clust181
1277,HK7EGEUHX,clust181
1278,IS2TPM28J,clust183
1279,AZH08THAH,clust183
1280,5BDBUB09X,clust183
1281,W9FWHSLWO,clust183
1282,97D4L5QK8,clust183
1283,07RMNYRLE,clust183
1284,2NSFBVICU,clust183
1285,NJQJGLXJ7,clust183
1286,6CA9I6HQH,clust183
1287,A5CODC0AU,clust183
1288,4VTNKTRGT,clust183
1289,XJMVX555U,clust184
1290,8B2CWRY2Y,clust184
1291,KUL5GUP4K,clust184
1292,ZCH8EQMGF,clust184
1293,2JUDLYZ2O,clust185
1294,ZBJVOD6T5,clust185
1295,D1CZXQXP1,clust185
1296,OYD418CG7,clust185
1297,OVNOK9H71,clust185
1298,OQLXZKCQ4,clust185
1299,XWSEZSLME,clust185
1300,OFVZ206TS,clust185
1301,ZCH8EQMGF,clust185
1302,A4IDRLWGV,clust185
1303,879IAYYJE,clust185
1304,8NWEXPLYF,clust185
1305,FGEUUW54L,clust185
1306,MVC3S3YJO,clust185
1307,JK1V3YRMF,clust185
1308,U65VUKKFI,clust185
1309,5CA22GO6L,clust185
1310,A7H7TNMOL,clust185
1311,0XL3XJX1I,clust185
1312,ZW0Z0CKRR,clust185
1313,KUL5GUP4K,clust185
1314,9FJGMYVXT,clust185
1315,OX19ZL94V,clust186
1316,CHPA2U69Q,clust186
1317,VNGXLI81J,clust186
1318,97D4L5QK8,clust186
1319,UZK48RUO5,clust187
1320,AWR8HDVBX,clust187
1321,N1S132RVA,clust187
1322,LBTQOKF4P,clust187
1323,W62LWARFV,clust187
1324,1UD652CDD,clust187
1325,LHK3G4AVM,clust187
1326,ZEEPJNL8M,clust187
1327,YVDZQOJOM,clust187
1328,9P0G9WPHV,clust187
1329,PN2K13FWE,clust187
1330,EW01SD6QV,clust187
1331,FGXFTJPCB,clust187
1332,YJ3OW71VA,clust187
1333,1H67GBKGS,clust187
1334,ZT7ZMXADO,clust187
1335,ZBKVJNUVB,clust188
1336,L8EQMRVQC,clust188
1337,VAKIGIJBO,clust188
1338,382HLYK8G,clust188
1339,FLIHX7P9L,clust188
1340,BMU5LCSH4,clust188
1341,ZW55Z2DCG,clust188
1342,YTLW1EMSN,clust188
1343,8CUQSBBFI,clust188
1344,QNU0AIYJ9,clust188
1345,EZEMA4L8V,clust189
1346,HVB2XMWNV,clust189
1347,9459GPYFN,clust189
1348,TH7E4CF5C,clust189
1349,Y8TH3PZV5,clust189
1350,5J916WLPK,clust189
1351,H5R0Z0W0U,clust190
1352,JXL247K4Q,clust190
1353,GF0Z5QS7D,clust190
1354,YGQUPCJNX,clust190
1355,VP1KPNO6R,clust190
1356,2X2KJWP9W,clust190
1357,MJ25U5BXD,clust190
1358,T4L1F8PJZ,clust190
1359,2R983EQI4,clust190
1360,36QGIKGR2,clust190
1361,0XAE7ASA9,clust190
1362,NZM6LL9M0,clust190
1363,76KFGS06W,clust190
1364,1C3TLD1F2,clust190
1365,HELXIONBY,clust190
1366,R06N9EWSF,clust190
1367,6S7D4KRZZ,clust190
1368,C3X15OF4R,clust190
1369,TNEEVHHO6,clust190
1370,TCQT1DFPZ,clust190
1371,9MMD4ZOAS,clust190
1372,CWUILC3E1,clust190
1373,0NH3MA0WU,clust190
1374,KJ23LVHUJ,clust190
1375,KSGQ36M23,clust190
1376,Q3IRNHTVJ,clust190
1377,5XVP8PIYP,clust191
1378,BEJXT7JA8,clust191
1379,DTI57OFIA,clust191
1380,JWEG4BLQH,clust191
1381,4OQXKODF6,clust191
1382,AHXEDNCF7,clust191
1383,83BWEV4E2,clust191
1384,OFWIB946V,clust191
1385,5YET3H6LQ,clust191
1386,Y7C608NIY,clust191
1387,SMNWD6GXP,clust191
1388,LD2V8QGCG,clust191
1389,OCVQMLAWQ,clust191
1390,7TLFA8OEZ,clust191
1391,DZKV13XBV,clust191
1392,ZFMDGU036,clust191
1393,XKQVKXV0X,clust191
1394,V8MBPM306,clust191
1395,DANVQ39RN,clust191
1396,ERN02LVD1,clust191
1397,KEB2B4NEJ,clust191
1398,DDNM4GY42,clust191
1399,T4397XV26,clust191
1400,URC7JEA6C,clust191
1401,8GNDRSF49,clust191
1402,MIWD11F7Q,clust192
1403,DMGHRVLKS,clust192
1404,HVB2XMWNV,clust192
1405,JXRZERL6Q,clust192
1406,OFWIB946V,clust192
1407,R8FOOJFVI,clust192
1408,EXYGBOOYF,clust192
1409,MRJI4SKWB,clust192
1410,CENY5I0J1,clust192
1411,XR34F5MJJ,clust192
1412,CG2PTQ5EP,clust192
1413,WZWDJOYWP,clust192
1414,CJY907I6G,clust192
1415,DQG83O5RF,clust192
1416,1OHSGPPVH,clust192
1417,H4EPHQ5T7,clust192
1418,5J916WLPK,clust192
1419,ALCUCDPJK,clust192
1420,0XEVBL9SB,clust192
1421,9ZDI7LO4D,clust192
1422,9459GPYFN,clust192
1423,W995K9PCP,clust192
1424,TH7E4CF5C,clust192
1425,8GNDRSF49,clust192
1426,Z1KN7CAOS,clust192
1427,SOEVQ19M7,clust193
1428,RLE3V2VHT,clust193
1429,URC7JEA6C,clust193
1430,FCR4X146P,clust193
1431,G0LD9F60V,clust193
1432,VUVUP92DP,clust193
1433,KVKW5TMDD,clust194
1434,M613JCWQF,clust194
1435,1NYRR1DOC,clust194
1436,SRTMCY49U,clust194
1437,5AWR2YF75,clust194
1438,XKQVKXV0X,clust194
1439,Q4KIBT8N7,clust194
1440,A38OEKJ46,clust194
1441,KVVOXLVKX,clust194
1442,FUNXCYU8C,clust194
1443,NJQHGVUCB,clust194
1444,0002Y95AH,clust194
1445,1UKYXMDCA,clust194
1446,FK7EF33KC,clust194
1447,UWZIRERL2,clust194
1448,MPWKF96EQ,clust194
1449,SXL9I1X91,clust195
1450,KA006BT2C,clust195
1451,SOEVQ19M7,clust195
1452,FFOWAGINY,clust195
1453,AP48L54HW,clust195
1454,G0LD9F60V,clust195
1455,Z7O6ZDJKJ,clust195
1456,OKDVYOXSG,clust195
1457,EZEMA4L8V,clust196
1458,SFJDAPQLI,clust196
1459,KWMQFX2OY,clust196
1460,6CV27NZD6,clust196
1461,7QV541RGM,clust196
1462,3O61J1NLQ,clust196
1463,6SUYBSQ3O,clust196
1464,RLE3V2VHT,clust196
1465,URC7JEA6C,clust196
1466,FCR4X146P,clust196
1467,9459GPYFN,clust196
1468,GKIXNE8W0,clust196
1469,6S7D4KRZZ,clust196
1470,Y8TH3PZV5,clust196
1471,VUVUP92DP,clust196
1472,K1GU34774,clust196
1473,5GZKMQMD1,clust197
1474,TQ65D6N5P,clust197
1475,93RTLHJT6,clust197
1476,T1PWRZ6TK,clust197
1477,YBFY2MFYC,clust197
1478,PRCEK44O2,clust197
1479,J63O9JY6Q,clust197
1480,5JXCWO4YQ,clust197
1481,F02UMU1T2,clust197
1482,J6748PD9V,clust197
1483,UVZCT72GC,clust198
1484,7F75IZ2SP,clust198
1485,4IZ061OPU,clust198
1486,R1IRG59KU,clust198
1487,U9UFJ8G3Q,clust198
1488,YJU9L97B3,clust198
1489,HG567ILEJ,clust198
1490,G1DNDA6E8,clust198
1491,SNY955P1L,clust198
1492,8699PFGGU,clust198
1493,7XQJKVS9U,clust198
1494,WTX5G2963,clust198
1495,BHADJMJNH,clust198
1496,CRTFPV4R3,clust198
1497,XU7DTJIEX,clust198
1498,XLBPXM58W,clust198
1499,TPAK822AL,clust198
1500,2WC81S7B2,clust198
1501,IGMH08CR0,clust199
1502,H19ZRGSFP,clust199
1503,ND74YRHZU,clust199
1504,CL87JFL6H,clust199
1505,KM234U46E,clust199
1506,GQRQFGDPZ,clust199
1507,2AWC747I9,clust199
1508,1K0CGTVMK,clust199
1509,Y4SSDPLEO,clust199
1510,XLWKHSYUX,clust199
1511,2UGEPFUV2,clust200
1512,I33PO9D8V,clust200
1513,13MZ0TJN2,clust200
1514,YRUC8Z7AC,clust200
1515,BK52M0TE6,clust201
1516,FJD5K72IG,clust201
1517,P1A54FAWH,clust201
1518,7K2423OUL,clust201
1519,MJ4O9TVVR,clust201
1520,HBXIM30XY,clust201
1521,S16V9VUCD,clust201
1522,N7N8PYT1E,clust201
1523,Z1ZWB5YCZ,clust201
1524,CP6CT506I,clust201
1525,HJT1A3D5P,clust201
1526,CV3MRHZ14,clust202
1527,UVBS4DQSI,clust202
1528,WLP6SGSK6,clust202
1529,F43FXWJKM,clust202
1530,ZY8TJP5HW,clust203
1531,HBXIM30XY,clust203
1532,S16V9VUCD,clust203
1533,KAEGLP5I3,clust203
1534,W3PJ6SHA0,clust203
1535,7ZUK7SKSY,clust206
1536,I3R622QIM,clust206
1537,EQU9EU5FH,clust206
1538,YY22XWP42,clust206
1539,95AQEG0V2,clust206
1540,OCCGHLVAR,clust206
1541,LQBT2NEUT,clust206
1542,A28I10ZCE,clust206
1543,4V03TEM5D,clust206
1544,70WSZ9TE6,clust206
1545,DD9XXX3ZD,clust206
1546,FEF058WN1,clust206
1547,EOSIPXO9S,clust206
1548,IWKIVRUE8,clust206
1549,TJH7S4OXF,clust206
1550,ZQHW55Y5D,clust206
1551,PZI4OXKP1,clust206
1552,187935NP6,clust206
1553,4O08MSQRN,clust206
1554,YP7HR4TEC,clust206
1555,GVA788VP6,clust206
1556,OSKL1RW1W,clust206
1557,Y10KBDEW5,clust206
1558,9H1YTBNX5,clust206
1559,JADJYPNQB,clust206
1560,VRMBFPXU1,clust206
1561,JFLZIFIWC,clust206
1562,WNUZDD60G,clust206
1563,WMKA01KZL,clust206
1564,YZANUW2A0,clust206
1565,MQJR5TSGQ,clust207
1566,V81MBFK7R,clust207
1567,7ZUK7SKSY,clust207
1568,S82H7NWKP,clust207
1569,OA6LKV5G1,clust207
1570,EQU9EU5FH,clust207
1571,TVVNYUVWY,clust207
1572,KMMLIM2UT,clust207
1573,FQGS24Q5W,clust207
1574,YY22XWP42,clust207
1575,161ZPLI1O,clust207
1576,XEHEF3HSK,clust207
1577,95AQEG0V2,clust207
1578,LQBT2NEUT,clust207
1579,A28I10ZCE,clust207
1580,4V03TEM5D,clust207
1581,AC2I0PR1Y,clust207
1582,H5250W0W2,clust207
1583,9A8KN7SEQ,clust207
1584,ZQHW55Y5D,clust207
1585,PZI4OXKP1,clust207
1586,OW6SJ1817,clust207
1587,5G2NVO4DN,clust207
1588,NRNVK1UJ6,clust207
1589,YP7HR4TEC,clust207
1590,GVA788VP6,clust207
1591,IOV3TDX3Q,clust207
1592,OSKL1RW1W,clust207
1593,WMXT96JLX,clust207
1594,Y10KBDEW5,clust207
1595,5DSM7ZTLH,clust207
1596,5YBZA4HRP,clust207
1597,KDV7UYVTO,clust207
1598,VRMBFPXU1,clust207
1599,WNUZDD60G,clust207
1600,EO9HBFCNV,clust207
1601,AQ3ATU5GF,clust207
1602,VUWGSQXDC,clust207
1603,OLK7U7ME7,clust207
1604,YBA1K36SI,clust207
1605,0M4Z8VR87,clust210
1606,BZ7WA6VDQ,clust210
1607,6AVX7FD72,clust210
1608,4ON3ZLWNJ,clust210
1609,ULG62YLVG,clust210
1610,R7UNKZLPQ,clust210
1611,NEOGPQ0E0,clust210
1612,TMTXP0N97,clust210
1613,6SSSB2FNR,clust210
1614,LZMP85ODM,clust210
1615,KVG30GKNK,clust210
1616,0DQM40BFD,clust210
1617,ZWZ86JKHP,clust210
1618,NZ54NSB7M,clust210
1619,1DVE54U76,clust210
1620,7RO792SRG,clust210
1621,A9V3DS3ZQ,clust210
1622,G38JDX4G7,clust210
1623,TJYSDRWTK,clust210
1624,3W0V9YZVM,clust210
1625,OT062JKVF,clust210
1626,QK7IAE1CS,clust210
1627,WK7RNKDE4,clust210
1628,A1NSFC8IV,clust210
1629,NXNQEHGVH,clust210
1630,ULX0TRO3Y,clust210
1631,FGIN0BFQR,clust210
1632,E1M9KNIHD,clust210
1633,VQ9WMG6F1,clust210
1634,TI3TPOETI,clust210
1635,IKFJYU21I,clust210
1636,FY8PDD0SJ,clust210
1637,UGIYLS1MF,clust210
1638,VQ5YZ22KI,clust210
1639,18Y4QMI46,clust210
1640,YLLJYVP4I,clust210
1641,4F2FNFAL6,clust210
1642,P7A0GP6L8,clust210
1643,FZ2NCOUZF,clust210
1644,WOIMZVWCQ,clust211
1645,1OT55PLIY,clust211
1646,ZW55Z2DCG,clust211
1647,H9TYXW4X2,clust211
1648,E98HWCREC,clust212
1649,A7AB0FL48,clust212
1650,L0VOKAK36,clust212
1651,ZNX3DYCOL,clust212
1652,0NDVS7L41,clust212
1653,FO6CNFYRA,clust212
1654,VCI2PFM3X,clust212
1655,3AJ99UV8V,clust212
1656,JN5VBEVMT,clust212
1657,98KBIYRLA,clust212
1658,ADLE37X1C,clust212
1659,B4ELP5UBN,clust212
1660,4XO0F9HCK,clust212
1661,CC4P6QC68,clust212
1662,DUJHKZ6K8,clust212
1663,BH5409VXY,clust212
1664,EGD15URWQ,clust212
1665,AAQO4OJUP,clust212
1666,M6CH2WKKJ,clust213
1667,ANMQFF5ZK,clust213
1668,RZRKWY31C,clust213
1669,SAHRJZ843,clust213
1670,8HREVMQFJ,clust213
1671,VZQAFUMUS,clust215
1672,MXCVN9L63,clust215
1673,WG273YVZJ,clust215
1674,7ODA1UUNR,clust215
1675,PVY58RWGL,clust215
1676,JBXXBOZ7J,clust216
1677,10VQIJEJT,clust216
1678,T5TBB1U0Y,clust216
1679,TU6AZL6UE,clust216
1680,UKX4SL2VC,clust216
1681,7W6PLDNJF,clust216
1682,H0NMS07YE,clust216
1683,8NWEXPLYF,clust216
1684,7N1RKKUWE,clust216
1685,LQPMGO4DK,clust216
1686,5KFX4YO5G,clust216
1687,CXQZFXXUU,clust216
1688,067DQOPQJ,clust217
1689,DBL7WE2TD,clust217
1690,UI41BZO4J,clust217
1691,I5LUWXUHT,clust217
1692,X5L3LU554,clust217
1693,IWTLSOJS3,clust217
1694,4Q2DL8CBB,clust219
1695,NBK8O3VZ7,clust219
1696,CY6I88PBR,clust219
1697,FSPHO1T4Z,clust219
1698,3407CLUL1,clust220
1699,YH3GT08Q9,clust220
1700,067DQOPQJ,clust220
1701,HDYD3PFXY,clust220
1702,YRPK3294F,clust220
1703,QDHKW267S,clust220
1704,ZTYAXFDA9,clust220
1705,M2A3RVFB0,clust220
1706,TI97QMEIJ,clust220
1707,PIEIPKPR2,clust220
1708,KLSYAQNTZ,clust220
1709,WBBOVD74L,clust220
1710,7Z4AJXOBS,clust220
1711,S4HDGYTMQ,clust220
1712,4OSVC88WV,clust220
1713,FSPHO1T4Z,clust220
1714,SK6EDE7OQ,clust221
1715,OUGL19NX0,clust221
1716,RTF3IIC8B,clust221
1717,DKH4NFHLN,clust221
1718,GSBEE4UJA,clust221
1719,4TF384OE8,clust221
1720,CAI4IP357,clust221
1721,PHPYCF9IB,clust221
1722,7EP6VF1PU,clust221
1723,TBR391NH6,clust221
1724,ZE6V7U0RH,clust221
1725,GPE9DP0VI,clust221
1726,I41202ZYQ,clust221
1727,2JWOS3B75,clust221
1728,EE30RVZ1C,clust221
1729,AS2MAXQUV,clust221
1730,2UXC0CDS0,clust221
1731,PL4C46N5X,clust221
1732,FIH56RRCW,clust221
1733,10FELDR84,clust221
1734,HJDRNJZSU,clust221
1735,03EH72R04,clust221
1736,8QOD7P357,clust221
1737,27MXBHIEJ,clust221
1738,EAHIVMREP,clust221
1739,BG9ZQ5BDY,clust221
1740,A38OEKJ46,clust221
1741,WB9DY58I2,clust221
1742,EPI6DHJ20,clust221
1743,8FFJFB180,clust221
1744,BTUOPX8E8,clust221
1745,2UXC0CDS0,clust223
1746,OUGL19NX0,clust223
1747,2JWOS3B75,clust223
1748,ZVJG8MQ97,clust223
1749,CDL6D0BNB,clust223
1750,Q1NKTOTO8,clust223
1751,XKI22066V,clust223
1752,XVUFXC5IJ,clust224
1753,LKGZJQ8ST,clust224
1754,CJEQENIHY,clust224
1755,Y95Q8KLQW,clust224
1756,D2KFAA4SB,clust224
1757,PYA0XI5BI,clust224
1758,27MXBHIEJ,clust224
1759,13YVJTMOH,clust225
1760,DFI1Y7GAY,clust225
1761,P8L4YVKYY,clust225
1762,F388PHNQX,clust225
1763,P4AWJF9NQ,clust225
1764,5INAJHDOK,clust225
1765,VDEGOZHS6,clust225
1766,H5ALTLP7L,clust225
1767,JU7OHPOUM,clust225
1768,TWC2OFEVX,clust225
1769,CXU5W9OBI,clust227
1770,IOS4M81ZK,clust227
1771,DVDIOCHC2,clust227
1772,2BW68B67J,clust227
1773,TYKVXZSC9,clust227
1774,XTPPLP4TB,clust227
1775,NCWZNPUOP,clust227
1776,4BKV1TBG7,clust227
1777,U2Y3LKXCO,clust227
1778,LEQ5T33YJ,clust227
1779,OI27TI0OT,clust227
1780,FXF3GBETD,clust227
1781,O13Y541S7,clust227
1782,PENNCTY2M,clust227
1783,RRWFTGU3Q,clust227
1784,LFN85CO2G,clust228
1785,WKRETM1XX,clust228
1786,NCWZNPUOP,clust228
1787,59ZKUR3XD,clust228
1788,6EGMUZA2A,clust228
1789,PENNCTY2M,clust228
1790,P5D76V14G,clust228
1791,JLZMGO51L,clust228
1792,7C61HW2MB,clust228
1793,IOS4M81ZK,clust228
1794,323I1FH3L,clust228
1795,XIH5ARE9K,clust228
1796,REKOM2M0O,clust228
1797,Q3G0W6YF5,clust228
1798,HXNHNKGZI,clust228
1799,NOC5HJJI6,clust228
1800,2AWE4KB2K,clust228
1801,TYKVXZSC9,clust228
1802,U2Y3LKXCO,clust228
1803,LEQ5T33YJ,clust228
1804,75C6THI8N,clust228
1805,CXU5W9OBI,clust228
1806,7ZEWNAVGV,clust228
1807,DVDIOCHC2,clust228
1808,2BW68B67J,clust228
1809,SLGW3H8T0,clust228
1810,9WP9F94JN,clust228
1811,4BKV1TBG7,clust228
1812,NDUKLWK8B,clust228
1813,FXF3GBETD,clust228
1814,DKZ9PC0DI,clust228
1815,2CUUK239A,clust229
1816,IPND2BYXV,clust229
1817,OH42PR5VU,clust229
1818,XDJW28F4R,clust229
1819,CIOAULMP9,clust229
1820,NKJ9ZH3XY,clust229
1821,VT81SXBFT,clust230
1822,E2DUV8HZ6,clust230
1823,OBJ8Y0OQ0,clust230
1824,TAQG3FD4R,clust230
1825,K1QDAJDMY,clust230
1826,HXNOJWEA7,clust230
1827,UHSIFBHG7,clust230
1828,V1ES6FA25,clust230
1829,9AIAM97BE,clust230
1830,VJT7ZAM0P,clust230
1831,LDJ4YYU22,clust230
1832,KYUE06A7R,clust230
1833,YFL08V41N,clust231
1834,UBFOBMBJS,clust231
1835,CFRI06D20,clust231
1836,G8WQB5ZTS,clust231
1837,I4PBB452Y,clust231
1838,2EYF6P91U,clust231
1839,DF5FRNIM6,clust231
1840,G1H96ARJ1,clust232
1841,MIHNBWOXD,clust232
1842,QXNP38M0P,clust232
1843,D281A00YB,clust232
1844,SFFJPF9JS,clust235
1845,B9543DD2B,clust235
1846,PCOHMD9MW,clust235
1847,OTFVG2OYM,clust235
1848,NFE19G9TI,clust235
1849,MNR21JQTR,clust235
1850,SS4IP0HBS,clust235
1851,9AHIYKF8M,clust235
1852,LE8H4U1BN,clust235
1853,B1GC4YDZE,clust235
1854,PHNMBXOQ0,clust235
1855,IOLJQ8SBK,clust235
1856,FPG4KMS0T,clust235
1857,FSDEWVOAK,clust235
1858,2KOI5ZQYR,clust235
1859,20OV1UHN9,clust235
1860,RP3KLLZFZ,clust235
1861,YPCRQY16W,clust235
1862,DMYCLA6A8,clust235
1863,PHQ0AZGU3,clust235
1864,71JZ32UYV,clust235
1865,2JORMMYDZ,clust235
1866,Y4RJETU5X,clust235
1867,W6LFPX0PP,clust235
1868,B8YHIX48J,clust235
1869,DUHY7LAJK,clust235
1870,1DLC7OAWE,clust235
1871,50VTKZNZ6,clust235
1872,XGDH44YJP,clust235
1873,E4YRAP7X3,clust236
1874,YW1ZTR3FS,clust236
1875,QL8KAAPZ3,clust236
1876,TVUUPY76T,clust236
1877,A2J14ZVOJ,clust236
1878,CZMCKQRRA,clust236
1879,QVI2JVTIZ,clust236
1880,GIKMYKHK2,clust236
1881,HD4R8JW6I,clust236
1882,XPKS6C3IC,clust236
1883,46YVC9CGW,clust236
1884,MUU5J59VG,clust236
1885,F23GUO6GP,clust236
1886,S8H8EINF7,clust236
1887,5342KVQSX,clust236
1888,9U743AV4H,clust236
1889,5IIP3E541,clust236
1890,OPTLNW4QO,clust236
1891,Y3BDBEH2S,clust236
1892,7NS5MQXCJ,clust236
1893,ZBXZG863U,clust236
1894,GNPBVG4OO,clust236
1895,7WEZAH3RW,clust236
1896,H1J8S343Y,clust236
1897,N9JRSCMP2,clust236
1898,N6VWMI2O2,clust236
1899,1RU52FTNN,clust236
1900,2RIAACWP0,clust236
1901,OPTLNW4QO,clust238
1902,ZBXZG863U,clust238
1903,5LAVLJE4S,clust238
1904,EX8KW1L1Y,clust238
1905,SWWT411PJ,clust238
1906,C11DUJ7IG,clust238
1907,MVLSMVSFA,clust239
1908,Z8VG1NU80,clust239
1909,TJ6N3U4N0,clust239
1910,TXS76QH3J,clust239
1911,2NPQI14KI,clust239
1912,A3TVKTAS8,clust239
1913,2S1OV85V9,clust239
1914,4WEVGMEA5,clust239
1915,2RU82Z50Z,clust239
1916,09U5W8BJA,clust239
1917,8B0SL0FUW,clust239
1918,GQDOZNXLU,clust239
1919,F5G6YLO2A,clust239
1920,4MWJK1AXS,clust239
1921,PQO8SE627,clust239
1922,42XVUCNRB,clust239
1923,CNOP4LYYJ,clust239
1924,1IOCIV4L4,clust239
1925,JAAB9OSPI,clust239
1926,SRJ1SNY64,clust239
1927,Y50Y2ES4G,clust239
1928,0FGWMZ0DQ,clust241
1929,FRTKEEQNE,clust241
1930,XW0XGO1NZ,clust241
1931,QHF3VE00D,clust241
1932,LIDPBY15V,clust241
1933,84JDF9FRM,clust241
1934,2Z9CYUMZY,clust241
1935,2DTNIPZ6I,clust241
1936,2AWC747I9,clust241
1937,W1RMANWWI,clust241
1938,3L5UAW0O7,clust241
1939,G9UXAPBJX,clust241
1940,QK1UTTD5S,clust241
1941,MGN5EAUR8,clust241
1942,LE8RLZBYY,clust241
1943,6PJKRKHGV,clust241
1944,7JKWZV2CY,clust241
1945,89TG3RQ6M,clust241
1946,0NZYD45B7,clust241
1947,NZM21UIVZ,clust241
1948,K22V9RTRH,clust241
1949,WBQ1Q5VXJ,clust241
1950,5JXCWO4YQ,clust241
1951,0PMO2CUI3,clust241
1952,1ANF1L93Y,clust241
1953,6ZMOKP7SR,clust241
1954,BW1RAAMLK,clust241
1955,SVG7HGNJE,clust241
1956,LJ53WUJYJ,clust241
1957,P1A54FAWH,clust241
1958,SRHHYRKHO,clust241
1959,EEUJNDDXJ,clust241
1960,CRQWPE455,clust241
1961,39R3LAWJA,clust241
1962,DYJAD2X3W,clust241
1963,J6748PD9V,clust241
1964,35ZKAS2EN,clust241
1965,ZOQS2LA3U,clust242
1966,KUSQZ28BQ,clust242
1967,J5R14OJH1,clust242
1968,XSJWHBU2B,clust242
1969,8HCSUMC47,clust242
1970,G10JDPCAD,clust242
1971,CSVL024IC,clust243
1972,X59JAEVBB,clust243
1973,2NLQFZP5M,clust243
1974,I1F792M30,clust243
1975,PSUFKT25U,clust243
1976,G68Q95T1B,clust243
1977,K1IKDVTZ9,clust243
1978,PX7KPAAFG,clust243
1979,LGIOKKSTE,clust243
1980,XF1FUN7OO,clust243
1981,4BKRU4DPB,clust243
1982,K1TAC2ZVW,clust243
1983,CMIU3ZFZQ,clust243
1984,BKGGA9NZT,clust243
1985,QOMHGXNZA,clust243
1986,IMMFW5B0C,clust243
1987,NWZWEA5SQ,clust243
1988,OGEMCY2WW,clust243
1989,3BEOXC7K2,clust243
1990,1MR0GU72G,clust243
1991,1G6MF1KC0,clust243
1992,UROSGMXVD,clust243
1993,M2LEMIURS,clust244
1994,V7YSLB8H3,clust244
1995,4S3QU35SI,clust244
1996,A6FKH5EUU,clust244
1997,S01P392PN,clust244
1998,JLHCPZ0QV,clust245
1999,R703D2LV6,clust245
2000,LIJIQBRIR,clust245
2001,QJO2MCN3I,clust245
2002,1E9YXJ3CB,clust245
2003,FIQYIABRN,clust245
2004,EKGJLI9PW,clust245
2005,V3OO1X183,clust245
2006,SHTJ4VU11,clust245
2007,YDY6U6937,clust245
2008,VV0XY3OTJ,clust245
2009,XB13VEII7,clust245
2010,9SPC8J5B4,clust245
2011,XM8IRJTZ5,clust245
2012,HONE8CLTZ,clust245
2013,27OQ6JKLC,clust245
2014,OWV0N27XU,clust245
2015,7XYB8STQT,clust245
2016,94HINN2HC,clust245
2017,5SC6LGC06,clust245
2018,YJU9L97B3,clust245
2019,IRS0O2Z31,clust245
2020,Y6ZRI8NVG,clust245
2021,HL44DRB12,clust245
2022,66HXN8C4C,clust245
2023,R49EOALLZ,clust245
2024,XU7DTJIEX,clust245
2025,O6NVQZZ2H,clust245
2026,BFFHDPUOP,clust245
2027,K8GOD5VMO,clust245
2028,5X711PF5M,clust245
2029,T3Y3YQ9PK,clust245
2030,ZZBWF4AM0,clust245
2031,9JE4R0OV0,clust245
2032,LCT9D6YRL,clust245
2033,FQF7BNRG9,clust245
2034,1YASQNXL4,clust245
2035,42LKJNP7Y,clust246
2036,VVJTPHS2V,clust246
2037,BRFFMYP4R,clust246
2038,ASADTFYAU,clust246
2039,0U308SCBJ,clust246
2040,IURI8LUWO,clust246
2041,WCPPIAC6V,clust246
2042,GJN48OFYN,clust246
2043,DA53MUMAR,clust246
2044,U98UII67V,clust246
2045,F5XYK4UNZ,clust246
2046,HHUAXT9R1,clust246
2047,KRE666J3A,clust246
2048,PKMXP8ABX,clust246
2049,YJU9L97B3,clust247
2050,M2LEMIURS,clust247
2051,V7YSLB8H3,clust247
2052,A6FKH5EUU,clust247
2053,XU7DTJIEX,clust247
2054,J4V0TJVYZ,clust248
2055,HONE8CLTZ,clust248
2056,RP6W63240,clust248
2057,27OQ6JKLC,clust248
2058,OWV0N27XU,clust248
2059,1E9YXJ3CB,clust248
2060,FSM8KIA1C,clust248
2061,R49EOALLZ,clust248
2062,206FNRM48,clust248
2063,V959MK3FL,clust248
2064,5X711PF5M,clust249
2065,XB13VEII7,clust249
2066,9GYAMGVLS,clust249
2067,RGVU3I9FG,clust249
2068,0U308SCBJ,clust250
2069,M2LEMIURS,clust250
2070,GJN48OFYN,clust250
2071,V7YSLB8H3,clust250
2072,A6FKH5EUU,clust250
2073,U98UII67V,clust250
2074,HHUAXT9R1,clust250
2075,PKMXP8ABX,clust250
2076,8PBHVWA0A,clust251
2077,DBILY9MM5,clust251
2078,GXG3V1DBW,clust251
2079,I65Y1ZI7V,clust251
2080,9RQ8K3S97,clust251
2081,ZWPNO151P,clust251
2082,9NBYFFROR,clust251
2083,AC7A9GS1G,clust251
2084,YMLVSHM3M,clust251
2085,WFBA75RNJ,clust251
2086,22TFCYISH,clust251
2087,OJJ264OQZ,clust251
2088,UUH0ZMGWA,clust251
2089,WTIV0H6XB,clust251
2090,YKAH3GN96,clust251
2091,QFJIAKE5H,clust251
2092,S5470W9IA,clust251
2093,YTMOQH9O4,clust251
2094,X9E6HVN36,clust251
2095,747XR2C9F,clust251
2096,D7NLYO4EN,clust251
2097,CCQ5QYKME,clust252
2098,9NBYFFROR,clust252
2099,DYJAD2X3W,clust252
2100,X9E6HVN36,clust252
2101,KL0TB9S2A,clust253
2102,RC7GF436Z,clust253
2103,SW1SVZ3U8,clust253
2104,NQEYGOSSV,clust253
2105,TP1LLDFSB,clust253
2106,TJTNJJX61,clust253
2107,8N9N8IW59,clust253
2108,S34TZ5A0H,clust253
2109,G3OHYF601,clust253
2110,8B77X84IY,clust253
2111,2TTG8SDRB,clust253
2112,OVGJG5ESC,clust253
2113,KR6QCAIFB,clust253
2114,WT1L2L1CC,clust253
2115,7S7NXCJK4,clust253
2116,QBSUZV9HM,clust253
2117,86K5Y88HU,clust253
2118,22TFCYISH,clust253
2119,F1G8ZJZO4,clust253
2120,3LIEAXBXP,clust253
2121,ZSITI4QCG,clust253
2122,7ZA0QD1VS,clust253
2123,MLJZE14IK,clust253
2124,PLXSU35AP,clust253
2125,B40SPX38N,clust253
2126,YDYQUA3E0,clust253
2127,VQHYOIJXB,clust253
2128,9FFDKDL9Z,clust253
2129,2KOX4HGF9,clust253
2130,NS3V7ZAXM,clust253
2131,HU071EWQ8,clust253
2132,63PQY7JP4,clust253
2133,GKJHAWJJO,clust253
2134,D97U0Y178,clust253
2135,CCQ5QYKME,clust253
2136,W5AGD8V0W,clust254
2137,XJ2O5OCBM,clust254
2138,DNCAT6BDH,clust254
2139,8LDQ6B1IP,clust254
2140,8FAA0TENF,clust254
2141,SW1SVZ3U8,clust254
2142,A0H22DOQK,clust254
2143,9XKYZ6TZE,clust254
2144,FVLAISWKQ,clust254
2145,CQY0EQK61,clust254
2146,V9FNJGWGM,clust255
2147,WHKC4MXTH,clust255
2148,Q97MZS363,clust255
2149,79JPLOAPN,clust255
2150,1WLZYTRI4,clust255
2151,R5LUIROMO,clust255
2152,U35AW46HW,clust255
2153,IGGCJNNTP,clust255
2154,9BEUOOGOD,clust255
2155,SM9OAFDAR,clust255
2156,3FEZQBXER,clust255
2157,SNGQG1H1J,clust255
2158,VWE2N62IA,clust255
2159,L9NC6QY6R,clust255
2160,A5ULF7RM4,clust255
2161,6QR0I0G4D,clust255
2162,OZVOXWUDD,clust255
2163,YT3RCNIF5,clust255
2164,1C32XQJ7F,clust255
2165,B37J3YXJR,clust255
2166,I6TT4QVM3,clust255
2167,429BT0RQL,clust255
2168,KE9JM66JA,clust255
2169,8S5CHENYR,clust255
2170,H7S5FZKO1,clust255
2171,H8GRWIWZ0,clust255
2172,TU1M27I2Q,clust255
2173,1LUY8XZ02,clust255
2174,9VX0DIX0J,clust255
2175,VQHYOIJXB,clust255
2176,YDYQUA3E0,clust255
2177,65JKZ3HK3,clust255
2178,FFJD5INBR,clust255
2179,6XVPXR76R,clust255
2180,VWB1EE0NL,clust255
2181,2V7Q7MRY3,clust255
2182,M2BWGOMBE,clust255
2183,BR8QTI1IE,clust256
2184,T0F8NBXSH,clust256
2185,VWE2N62IA,clust256
2186,FFJD5INBR,clust256
2187,KPJOKW3TQ,clust257
2188,TJIKOOWC6,clust257
2189,K0S4W56ME,clust257
2190,M3ODO2D3V,clust257
2191,K55X3O4QP,clust257
2192,KCDQ4CXYJ,clust257
2193,PEEH3WXNL,clust257
2194,OBW7PL9NV,clust257
2195,FT3J8346U,clust257
2196,29SZOBW9X,clust257
2197,86MEEJ3KX,clust257
2198,ZT3Y1SXPK,clust257
2199,O0LHP13U0,clust257
2200,3IRF1AEK5,clust257
2201,5IBF84QQU,clust257
2202,HY9OWM9TQ,clust257
2203,VVGWBFV08,clust257
2204,1AWVNOYZ3,clust257
2205,ZTXCZKC3M,clust257
2206,ZLUPEPUTC,clust257
2207,CO5135WY7,clust257
2208,WCOXU3XX4,clust257
2209,T0F8NBXSH,clust257
2210,KWHTENHLL,clust258
2211,RXCNP6O3Z,clust258
2212,HBPDSQ55L,clust258
2213,9C39F1HK0,clust258
2214,RFQ86DJ84,clust258
2215,RZKG4GPR9,clust258
2216,KG193H1L0,clust258
2217,YFU7XZYCL,clust259
2218,65OQ66LPB,clust259
2219,VZQAFUMUS,clust259
2220,PDUO215VN,clust259
2221,MAJDFJ5NC,clust259
2222,O2TC398EM,clust259
2223,4L7132476,clust259
2224,6Z5XKWYWB,clust259
2225,U9H9EUNZC,clust259
2226,9OIVOP9AE,clust259
2227,5KFX4YO5G,clust259
2228,3GKKXUA0E,clust259
2229,D8GNTE2SG,clust259
2230,TM2ZFMD0H,clust259
2231,9KHTLQ9R9,clust259
2232,YMUJSODEC,clust259
2233,AQ7L493BT,clust259
2234,UBDZ9E34T,clust259
2235,UCMI3QKO2,clust261
2236,4GQTHGQSG,clust261
2237,EC5I72EWF,clust261
2238,JJP297Q8K,clust261
2239,2PJT9NJ3I,clust261
2240,RVF0ROIO4,clust261
2241,S87EK23BW,clust261
2242,UR8YQF1BG,clust262
2243,MDDPTWR2N,clust262
2244,7L2E0IB4Q,clust262
2245,5KBFQQQ7P,clust262
2246,QW1DHEEYW,clust262
2247,M0C5U013G,clust262
2248,MFWS3SIRD,clust262
2249,FEM3G8YZJ,clust262
2250,PI1U8MWUY,clust262
2251,TON3IC500,clust262
2252,DDKURNANE,clust262
2253,BTUOPX8E8,clust262
2254,ZB12NFPE6,clust263
2255,21ITCQ4GC,clust263
2256,NJRJP1N4O,clust263
2257,0RKI092YF,clust263
2258,6F4XDSLVC,clust264
2259,MTCH1EW7A,clust264
2260,UR8YQF1BG,clust264
2261,MFWS3SIRD,clust264
2262,TON3IC500,clust264
2263,9COQ8P5W4,clust264
2264,4EP2FUHXN,clust264
2265,1BSY8FP4B,clust264
2266,XCOTZKYEF,clust264
2267,NJRJP1N4O,clust264
2268,WHZWRL8I7,clust264
2269,P8LTJA72M,clust264
2270,PI1U8MWUY,clust264
2271,CIU70FT54,clust264
2272,1072SI687,clust264
2273,QKDZWI0BE,clust264
2274,M0C5U013G,clust264
2275,3M2CW3SJ0,clust264
2276,JOE2BVJWK,clust264
2277,DDKURNANE,clust264
2278,KPCV50SU3,clust264
2279,TFFHCT9B4,clust264
2280,XX8MKYP67,clust264
2281,39JU8JKBR,clust264
2282,MDDPTWR2N,clust264
2283,O16TC48BQ,clust264
2284,5KBFQQQ7P,clust264
2285,ZB12NFPE6,clust264
2286,6E00JGMH4,clust264
2287,ANZ4VNQNS,clust264
2288,0RKI092YF,clust264
2289,55FLPQZ4U,clust264
2290,INUSC4KEH,clust265
2291,9OM4KY5C8,clust265
2292,FI6CSSQJ9,clust265
2293,M51ZY1V3X,clust265
2294,7ZEMTWVAO,clust265
2295,4BCAQ7XGK,clust265
2296,K1FUEP02I,clust265
2297,BAZSVEKGR,clust265
2298,VOHHJBAIE,clust266
2299,NJWMMDIJ0,clust266
2300,MKKVVG956,clust266
2301,Z0FU0KF8R,clust266
2302,L6AJSWGDR,clust266
2303,CGYLHFHCF,clust266
2304,K0VSET37P,clust266
2305,PC2DOONQ4,clust266
2306,14IOE5HPD,clust266
2307,VW9IVMS44,clust266
2308,GQSDINOYB,clust266
2309,XLLDMZRYX,clust266
2310,OR76ACPNX,clust266
2311,78XN3409T,clust266
2312,R9PZ22IKE,clust266
2313,3SBTLILTT,clust266
2314,BSQHWK0E7,clust266
2315,QT5SJ0FID,clust266
2316,BTJXT4LPA,clust267
2317,8GXS4H7BX,clust267
2318,NFNRY7WNR,clust267
2319,SRP4OWV46,clust267
2320,YVGCDQ7Q6,clust267
2321,4ZMM0BC2H,clust267
2322,UM7KZXROA,clust267
2323,K1FUEP02I,clust267
2324,71JBIN9NI,clust267
2325,4BCAQ7XGK,clust267
2326,DIM4CIMWY,clust267
2327,GZXYY7VJZ,clust267
2328,G7GOGJ9LF,clust267
2329,HV5RUKUK0,clust267
2330,BYFBQ5FA9,clust267
2331,N7T7AH3VL,clust267
2332,KNN9Y8J44,clust267
2333,Z0FU0KF8R,clust268
2334,NO905HECV,clust268
2335,9UOXQOTUC,clust268
2336,REPWFSVVQ,clust268
2337,R9PZ22IKE,clust268
2338,XLLDMZRYX,clust268
2339,DAU7O8YU6,clust268
2340,EJ4RCKCZX,clust268
2341,NJWMMDIJ0,clust268
2342,5A1KN1SZX,clust268
2343,LE8H4U1BN,clust268
2344,GQSDINOYB,clust268
2345,S1ZJP7VXV,clust268
2346,76V074RJD,clust268
2347,MKKVVG956,clust268
2348,ATV2Y1M9T,clust268
2349,PC2DOONQ4,clust268
2350,YPCRQY16W,clust268
2351,14IOE5HPD,clust268
2352,8DA3Z5SJ5,clust268
2353,2KY8RSJ3P,clust268
2354,K0VSET37P,clust268
2355,3SBTLILTT,clust268
2356,U9877KFTP,clust268
2357,VOHHJBAIE,clust268
2358,FY8PDD0SJ,clust268
2359,G74J9WTRV,clust268
2360,OR76ACPNX,clust268
2361,XGDH44YJP,clust268
2362,3K9NV78OJ,clust268
2363,RSGJHXUZ9,clust269
2364,WVLQ26SKZ,clust269
2365,JMY7FGHHH,clust269
2366,4TG9EAS4I,clust269
2367,QO5LZRSNQ,clust270
2368,8WJFQ2A6U,clust270
2369,SVWM8YUXR,clust270
2370,KDVFUP4TD,clust270
2371,L6RYKGFU6,clust270
2372,T0YF1PJF4,clust270
2373,ZKL7LXND0,clust270
2374,NDUKLWK8B,clust270
2375,BCBF1JNES,clust270
2376,BE72NXV2M,clust270
2377,2RWA2YWVR,clust270
2378,6N0JJ15CT,clust270
2379,1YX0SEIAA,clust270
2380,47UTTMK1E,clust270
2381,NSRNGN9KQ,clust271
2382,D1GTUA1LG,clust271
2383,617Q9M568,clust271
2384,4AV6GXO42,clust271
2385,QUC6M2K54,clust271
2386,EJPHVT3RX,clust271
2387,GCMIWMD9H,clust271
2388,1D1SGSACI,clust271
2389,T7MBNXDYC,clust271
2390,Z1X80P206,clust271
2391,ZB3U6I3GO,clust271
2392,5QGV593YM,clust271
2393,UMXJ9796N,clust271
2394,1Y1SAL8SN,clust271
2395,R4XBC6L3J,clust271
2396,1I1FXEH3O,clust272
2397,GZ12W6R8J,clust272
2398,E9V7SIYM0,clust272
2399,2HI89HVM8,clust272
2400,HQVJ0TC6N,clust272
2401,TY6CBP1Z3,clust272
2402,5IJ9H5TQ7,clust272
2403,SQDFNOP68,clust272
2404,TDUMXWJCD,clust272
2405,OQPDBQXJJ,clust272
2406,TMMT1IMRK,clust272
2407,5DK4Z6V1L,clust272
2408,Z2V1ZBQFA,clust272
2409,2LHBXTIQ4,clust272
2410,ESE02EXHU,clust272
2411,C1XJOAUWH,clust272
2412,MMONN2TXY,clust272
2413,6XFF73D4Z,clust272
2414,A945C0GD4,clust272
2415,YVH8OE0SI,clust272
2416,ESOA9KSM5,clust272
2417,PK7EVMXFC,clust272
2418,CPFG4UMRT,clust272
2419,BFQPNYIFT,clust272
2420,FJ62VGKHM,clust273
2421,JGPLDHGNM,clust273
2422,ZE6V7U0RH,clust273
2423,D8XYVWW8V,clust273
2424,WOBW3RZ7I,clust273
2425,OXH07RPZU,clust274
2426,O1K97THQY,clust274
2427,TXJ3U4O3U,clust274
2428,825EZ1G0Z,clust274
2429,8QQ3LDLKE,clust274
2430,CRMHR3LXH,clust274
2431,XFR43CDFC,clust274
2432,SLAW54U8G,clust274
2433,IKLI517P7,clust274
2434,B61U3WSRU,clust274
2435,G9UXAPBJX,clust274
2436,837S18LD6,clust274
2437,RB4WONTNX,clust274
2438,JA1K0KLCA,clust274
2439,VCL71VWCL,clust274
2440,TRA8JWMLZ,clust274
2441,W5MR6EMWK,clust274
2442,MBYC9PHBN,clust274
2443,GIMT4HFIA,clust274
2444,LUZTLQD93,clust274
2445,ADU1X2OPE,clust274
2446,CF961IZA3,clust274
2447,13YVJTMOH,clust274
2448,KNWGNVYXA,clust274
2449,56KGP0ZZH,clust274
2450,DFI1Y7GAY,clust274
2451,H5ALTLP7L,clust274
2452,94GJ0QODA,clust274
2453,QVPSBD4TK,clust274
2454,5INAJHDOK,clust274
2455,157F6S0I0,clust274
2456,VDEGOZHS6,clust274
2457,ZKKXNQSBC,clust274
2458,BFK101JZW,clust275
2459,L0W8R2KVL,clust275
2460,J3TP6W3XZ,clust275
2461,A2VUU52I6,clust275
2462,J1YCNRJUC,clust275
2463,4TK04NHWL,clust275
2464,B2K1AYXH5,clust275
2465,4QJTBRHHS,clust275
2466,EFA2HXSDR,clust275
2467,R4VPD3WS9,clust275
2468,JF1C5RXRP,clust275
2469,YUMLT3UEQ,clust275
2470,QVPTVBMUF,clust275
2471,QLLOF1Z4A,clust275
2472,7FJ1PZQUF,clust275
2473,S7LQ8ZD5Z,clust275
2474,T6OHWUT7A,clust275
2475,Q3L4XYKCD,clust275
2476,OXV8X3CFI,clust275
2477,Z4BLIF8V7,clust275
2478,LX2F1GAWC,clust275
2479,8PA2ABTRE,clust275
2480,QWTSO7FGE,clust275
2481,Z5ZYCJOPG,clust275
2482,OQAS31LPL,clust275
2483,AZQ3R8O7X,clust275
2484,ZKKXNQSBC,clust276
2485,J3TP6W3XZ,clust276
2486,EC5I72EWF,clust276
2487,CRMHR3LXH,clust276
2488,8BJU62ZEH,clust277
2489,JZQ40BWMD,clust277
2490,7BCIPPIXX,clust277
2491,QKSVR8C8S,clust277
2492,6D0HQY5W9,clust277
2493,VNL7IAO20,clust277
2494,21ITCQ4GC,clust277
2495,38450SBZQ,clust277
2496,XF5U6K60O,clust277
2497,F6GTQGU32,clust277
2498,LDZJ3SLN1,clust277
2499,D51M44XIN,clust277
2500,1RITQ45NO,clust277
2501,OZMKYDFCF,clust278
2502,JNJR95FP4,clust278
2503,FNMC0MVYG,clust278
2504,M7DY12FNZ,clust278
2505,97LH2HAD9,clust279
2506,9OCO57GE4,clust279
2507,HVF4S25OV,clust279
2508,4N86SMHRT,clust279
2509,CHUN1VK0I,clust279
2510,0KV8RCJG2,clust279
2511,I3R622QIM,clust280
2512,VNL7IAO20,clust280
2513,EOSIPXO9S,clust280
2514,IWKIVRUE8,clust280
2515,D51M44XIN,clust280
2516,WMXT96JLX,clust281
2517,TVVNYUVWY,clust281
2518,OLK7U7ME7,clust281
2519,IOV3TDX3Q,clust281
2520,3AXHCMSQX,clust282
2521,N4JSC8413,clust282
2522,S4MFNOBTQ,clust282
2523,BV471Y67F,clust282
2524,YFL08V41N,clust283
2525,UBFOBMBJS,clust283
2526,D666VI638,clust283
2527,DF5FRNIM6,clust283
2528,FYYY5SPUC,clust283
2529,1INVTWVUA,clust285
2530,FDVS5BO9J,clust285
2531,V3E5EHTRR,clust285
2532,JJ95V5QXC,clust285
2533,WTLJRBMQ1,clust286
2534,PLNEC9K1M,clust286
2535,FK50QYNZJ,clust286
2536,2MXRZDNH6,clust286
2537,UL0J36ZSN,clust286
2538,SBCXTXU0Q,clust286
2539,7LF0NWQ6F,clust286
2540,B075OB6VI,clust286
2541,LI853NUXR,clust286
2542,2YR4NWRH4,clust286
2543,9YQHPUS9V,clust286
2544,1U2DWQH7H,clust286
2545,T80Q15MUC,clust288
2546,M03BHQCXD,clust288
2547,AQ8UN8END,clust288
2548,QO6HEXWNF,clust288
2549,MIPA1H06D,clust288
2550,RSBN4OISE,clust288
2551,E2SIBNV4L,clust288
2552,0PFE6SUBW,clust288
2553,PFPOQ956A,clust288
2554,W3XOPI21F,clust288
2555,2CGID2M1W,clust288
2556,8ZSI327BQ,clust288
2557,KPCV50SU3,clust288
2558,ANZ4VNQNS,clust288
2559,XJGVA0R24,clust288
2560,W4AJ0YX1Y,clust288
2561,XQ4VYF04Y,clust289
2562,QO6HEXWNF,clust289
2563,VR6TSYA6J,clust289
2564,8D3697EZA,clust289
2565,2CGID2M1W,clust289
2566,NAGFJ94RU,clust289
2567,XJGVA0R24,clust289
2568,N2ZGTRPMK,clust290
2569,QANEF7G2Q,clust290
2570,3WP26LF7B,clust290
2571,CGXAVDUG0,clust290
2572,5CYKX8MVG,clust290
2573,LY9HQ4DZ1,clust290
2574,SO7FUF7VJ,clust290
2575,GK0ZH399Z,clust290
2576,W15ICJYFE,clust290
2577,4TY57C8G2,clust290
2578,47VHVCOTO,clust290
2579,NTOOQM0YN,clust290
2580,9A1Y38ANC,clust290
2581,WOVBTAKK1,clust290
2582,BRWZL3844,clust290
2583,UODN912PG,clust290
2584,IAL6B518C,clust290
2585,8P8NFG69D,clust290
2586,ONI4WPGD8,clust290
2587,SMP6BHOTH,clust290
2588,PSGME9Y4Z,clust290
2589,PBHPT13IE,clust290
2590,GHA53H4OP,clust290
2591,CXDCBWJCO,clust290
2592,0G4JY1OF0,clust290
2593,HRXSWLXFO,clust290
2594,URLMBSBT0,clust291
2595,RS17ACKEV,clust291
2596,KZ3VTBV7R,clust291
2597,TVW6BAPRO,clust291
2598,0DZR4DSBD,clust291
2599,AIZX0GXKS,clust291
2600,AK2F1JHN4,clust291
2601,9XT8YKOZI,clust291
2602,7Y8LN36EV,clust291
2603,TLJGHTHBN,clust291
2604,CMH8D8MYC,clust291
2605,B7V2BHIAE,clust291
2606,KCXBC2KGV,clust291
2607,L6P3YL8YE,clust291
2608,PY9OIQCM0,clust291
2609,7U7V93XHX,clust291
2610,6VUM1N9BI,clust291
2611,POOO18VUS,clust291
2612,WF8MF40S4,clust291
2613,VP9OT5VYR,clust291
2614,06172T8B9,clust291
2615,CDTEGHIGC,clust291
2616,XJP74V4GG,clust291
2617,ZWG2K4WR7,clust291
2618,0SGKQZIU9,clust292
2619,IWNTY1IKL,clust292
2620,INP2IY568,clust292
2621,8UZFFD39C,clust292
2622,D3NA2OO5S,clust292
2623,TMLQZ8LN4,clust292
2624,ZYB2XIVKR,clust292
2625,605TLE53J,clust293
2626,NI37PZ35B,clust293
2627,AGZNHEVIA,clust293
2628,UUIF1Y4NK,clust293
2629,HGKJSFNIF,clust293
2630,O8HCFFV7B,clust293
2631,08A783IV2,clust293
2632,48SJC3VVB,clust293
2633,SH8PXGGRQ,clust293
2634,ONVT20A9K,clust293
2635,BNMCV44VR,clust293
2636,MG2VGAV2B,clust293
2637,UT5V0W6VK,clust294
2638,WIM76TY78,clust294
2639,L87U9DF7A,clust294
2640,ERW6M2BS6,clust294
2641,8UZFFD39C,clust294
2642,F9UY0W8GS,clust294
2643,BAEYLKBNT,clust294
2644,J7UX5X875,clust294
2645,J7DZ0WRF5,clust294
2646,NFZ0X5BYO,clust294
2647,IWNTY1IKL,clust294
2648,F807XHRXR,clust294
2649,IYRTYO3HT,clust294
2650,9PBYDVU9D,clust294
2651,I8763H5KI,clust294
2652,MSTKXDOI1,clust294
2653,NG7K8O645,clust294
2654,D3NA2OO5S,clust294
2655,775QKZ8FA,clust294
2656,7GSZGZCXD,clust294
2657,1G8WIR9XP,clust294
2658,A8WW1U548,clust294
2659,32J8Q8CED,clust294
2660,00BXY8FC6,clust294
2661,C2229A2WS,clust294
2662,O8JR10XTX,clust294
2663,8GFRE5PEG,clust294
2664,ZYB2XIVKR,clust294
2665,TQRN9DZMW,clust294
2666,3Z6UJGEWE,clust294
2667,XCF2N6FF4,clust294
2668,F1H53IVYG,clust294
2669,ENVHKFT0V,clust294
2670,BSDNDF39Q,clust295
2671,1SATQZB3E,clust295
2672,J88UV83SR,clust295
2673,47YIEAMBD,clust295
2674,XBBS267UH,clust295
2675,F45AVKQVY,clust295
2676,T0BC1V0F0,clust295
2677,5M4J2FDL6,clust295
2678,TYY8OKWY6,clust295
2679,1MGD343KO,clust295
2680,2ITFS2CSX,clust295
2681,MEUIYHZ9H,clust295
2682,JDI6MG31T,clust295
2683,ZE4OUPADO,clust295
2684,UF3F01080,clust295
2685,OWU1MOU7R,clust295
2686,CETXWP21X,clust295
2687,RPKB6JL02,clust295
2688,Z44SLOHZK,clust295
2689,MIJNMCWRE,clust295
2690,7SC7AB8RH,clust295
2691,7SMMAYPES,clust295
2692,FCELK5K1A,clust295
2693,I3A5OKP6O,clust295
2694,HOBHNLH04,clust295
2695,CEA5DFKHU,clust295
2696,X5UCST7OI,clust295
2697,WMPC89ZSW,clust295
2698,4P8FTSZQF,clust295
2699,TOAMK8ISC,clust295
2700,V81MBFK7R,clust296
2701,RPKB6JL02,clust296
2702,KMMLIM2UT,clust296
2703,47YIEAMBD,clust296
2704,UF3F01080,clust296
2705,OWU1MOU7R,clust296
2706,TOAMK8ISC,clust296
2707,9A8KN7SEQ,clust297
2708,5DSM7ZTLH,clust297
2709,S82H7NWKP,clust297
2710,KDV7UYVTO,clust297
2711,XEHEF3HSK,clust297
2712,OW6SJ1817,clust297
2713,FQGS24Q5W,clust297
2714,5G2NVO4DN,clust297
2715,NRNVK1UJ6,clust297
2716,AQ3ATU5GF,clust297
2717,VUWGSQXDC,clust297
2718,AC2I0PR1Y,clust297
2719,YBA1K36SI,clust297
2720,16C9R4DID,clust298
2721,O004H192Q,clust298
2722,SWAQ53U5S,clust298
2723,LPLVLSP04,clust298
2724,PCEKPLDDL,clust298
2725,KW0LXFPB9,clust298
2726,1RK5S4K68,clust298
2727,MCON2KDBG,clust298
2728,74AEEELFL,clust298
2729,E2XSLRT9W,clust298
2730,EFH6Z64ER,clust298
2731,KZCKYUOYC,clust298
2732,EWSRFK9SN,clust298
2733,CV5YX9Y1M,clust298
2734,FB0B4PRQ0,clust298
2735,CHYCYIMPN,clust298
2736,2XGJZ0N0N,clust298
2737,42YA0YGAY,clust298
2738,JSGWW9UMH,clust298
2739,MD7WNVU1J,clust298
2740,N8C1KI40W,clust298
2741,W5ZVS39O0,clust298
2742,F9MFM4AZQ,clust298
2743,15KHVNMCV,clust298
2744,UXDB2KGR3,clust298
2745,HXD1UDLKC,clust298
2746,NW8EOGFA7,clust298
2747,5KIP2E3AR,clust298
2748,C1WCLE139,clust298
2749,CB4SYJ8JE,clust298
2750,0V34BUT46,clust298
2751,ETXKEUSI0,clust298
2752,YD504A2RI,clust298
2753,BIFNQEWTS,clust299
2754,3BEOXC7K2,clust299
2755,YD504A2RI,clust299
2756,42NA63K9A,clust299
2757,IZVL1SW04,clust300
2758,8WDWOSQKX,clust300
2759,YHOAO1G0Q,clust300
2760,297171954,clust300
2761,I19UUM724,clust300
2762,J6NP8CAEN,clust300
2763,C4AA32J2I,clust300
2764,XWHT572FU,clust300
2765,GNHU3VLS2,clust300
2766,PLL0LEWKE,clust300
2767,OM6ZIT2N4,clust301
2768,3BK4DH4T3,clust301
2769,MSHWEYU41,clust301
2770,G9KWZASO0,clust301
2771,5VPGK5TF1,clust301
2772,E1Z1YWIRP,clust301
2773,6395TKO95,clust301
2774,7LDAV488D,clust301
2775,8KDG6RWDA,clust301
2776,SOX3UVQOO,clust301
2777,EZVLSUVO9,clust301
2778,6E7SLMTSD,clust301
2779,JTF4YU05C,clust301
2780,DKZ9PC0DI,clust301
2781,IKN7LBBJM,clust302
2782,A38OEKJ46,clust302
2783,XTPPLP4TB,clust302
2784,O13Y541S7,clust302
2785,OI27TI0OT,clust302
2786,JF7I2ZJ55,clust302
2787,XBHTHCXPS,clust302
2788,6B5EBF864,clust302
2789,UWZIRERL2,clust302
2790,RRWFTGU3Q,clust302
2791,94O1TR4LU,clust303
2792,3BK4DH4T3,clust303
2793,6I0MCPWDZ,clust303
2794,NS6ER6KMJ,clust303
2795,9VNFBV7HJ,clust303
2796,MWRLT8ORC,clust303
2797,J0XWHEFJF,clust303
2798,UFGUF82AE,clust303
2799,JZMNP9I6J,clust303
2800,H426WU2BU,clust303
2801,JUP9SNB3W,clust303
2802,VTZKSIMXA,clust303
2803,IP54OFKM8,clust303
2804,LU5WFLVYM,clust303
2805,R5TW2CA1Q,clust303
2806,80K1QEXAE,clust303
2807,I5JFQLHYL,clust303
2808,S5FNQ53PB,clust303
2809,GYI1GYESF,clust303
2810,0RWU18VLB,clust303
2811,M2GO8XNQI,clust303
2812,9U9CZQ2HL,clust303
2813,KWZC87SE0,clust303
2814,UX0QW3QH7,clust303
2815,TQ65D6N5P,clust304
2816,F02UMU1T2,clust304
2817,PRCEK44O2,clust304
2818,93RTLHJT6,clust304
2819,MVQDZ2P4K,clust305
2820,ZC8G8AS18,clust305
2821,8ZK0QWDAS,clust305
2822,UTY79EZL5,clust305
2823,8MHBEOWL3,clust305
2824,PRJ8V9YO0,clust306
2825,DNCAT6BDH,clust306
2826,S0RKJYLRF,clust306
2827,HUR9UFIDD,clust306
2828,FX7XQDFNU,clust306
2829,KZKIQJNY3,clust306
2830,KRU6XMNKC,clust306
2831,556NPTCLB,clust306
2832,LS7XUN0NE,clust306
2833,DERH1V692,clust306
2834,U5UIGPYXT,clust307
2835,UEHHPV8YX,clust307
2836,IF2YTIIEF,clust307
2837,O8OJMZP8G,clust307
2838,HYLPGPG8P,clust307
2839,I40QICXJG,clust307
2840,9M67XHFEL,clust307
2841,9WHHJ70AI,clust307
2842,YYKZU83UC,clust307
2843,7K2423OUL,clust307
2844,0C6XRXYM9,clust307
2845,QIG4U0UKF,clust307
2846,XGSZV6WLJ,clust307
2847,ZIGAX4QE0,clust307
2848,L42U6SUEE,clust307
2849,0OCQRFAIG,clust307
2850,Y1RJRQTXI,clust307
2851,FIW93C6V4,clust307
2852,ESJ1FAJ40,clust307
2853,21683Q2HO,clust307
2854,QRJWCDD2Z,clust307
2855,VC02YNH4U,clust307
2856,F7PJ27IGQ,clust307
2857,UBNNDP008,clust307
2858,OWIQPVY6L,clust307
2859,FRNUGB90Y,clust307
2860,OYLL2E9S0,clust308
2861,R2GSVW2FY,clust308
2862,VM4BEW6L9,clust308
2863,O089M88NL,clust308
2864,H7CYHY36X,clust308
2865,03Q63121B,clust308
2866,N40DCCTA0,clust308
2867,IBKL10KIK,clust308
2868,LE7VK62IV,clust308
2869,NRTOCR84E,clust308
2870,QSRNUIAU9,clust308
2871,L2FOJ3SB9,clust308
2872,ZROWPK1H9,clust308
2873,EJYILYBP0,clust308
2874,BR8QTI1IE,clust308
2875,DCFZDDNJG,clust309
2876,0CY1U5TND,clust309
2877,ZY03X5QEH,clust309
2878,P5UF3N9FF,clust309
2879,9N8JIZFPI,clust309
2880,0PZCHONHY,clust309
2881,S5FREKGMY,clust309
2882,0X9GYAE6N,clust309
2883,A0TP5J62X,clust309
2884,B2N27MFSA,clust309
2885,NJWMMDIJ0,clust309
2886,K1M24RDUD,clust309
2887,D8V1DX3Q8,clust309
2888,PYTD3XKLQ,clust309
2889,SKYXR5E1A,clust309
2890,WUGEQQW2K,clust309
2891,ZM2H41FWB,clust309
2892,ZV7WL3YBY,clust309
2893,9EE80ILP8,clust309
2894,R173W8G1D,clust309
2895,69SDL7260,clust309
2896,IYFXTULSQ,clust309
2897,TFNGQCYAR,clust309
2898,E40RAMTQ3,clust309
2899,69V64YYKO,clust309
2900,GY2NA0ZLP,clust309
2901,0PQ77I411,clust309
2902,BYLP8NB8Y,clust309
2903,625ZY1LE1,clust309
2904,8H177NFRQ,clust309
2905,PDNEBT66B,clust310
2906,DPN9YAZ5Y,clust310
2907,EE30RVZ1C,clust310
2908,V2FTXE7PB,clust310
2909,FAI4E49II,clust311
2910,7EM2YAO2E,clust311
2911,RUORHXZCQ,clust311
2912,73ENOLP7D,clust311
2913,V2FTXE7PB,clust311
2914,PDNEBT66B,clust311
2915,VGZBBMK4V,clust311
2916,2JWOS3B75,clust311
2917,XREIQBIPN,clust311
2918,YP03MZ8IP,clust311
2919,X9MS0BT8P,clust311
2920,3YJP3HFUQ,clust311
2921,OFSF4LR2C,clust311
2922,8WSAG7J3K,clust311
2923,3Q3UDHV8Q,clust311
2924,PVP443TL3,clust311
2925,5Y0I70FEQ,clust311
2926,DKBA2S50O,clust311
2927,7VX549TF4,clust311
2928,SZMEKZ5KR,clust311
2929,2CS634BU3,clust311
2930,Q1NKTOTO8,clust311
2931,CDL6D0BNB,clust311
2932,ZVJG8MQ97,clust311
2933,Z7O6ZDJKJ,clust311
2934,21N0XSGVZ,clust311
2935,XKI22066V,clust311
2936,8C5UXGU17,clust311
2937,8SH9PTVEZ,clust312
2938,5OZ1EGLTA,clust312
2939,RNYAT9B1U,clust312
2940,A8J2I45XR,clust312
2941,JYWSNNH5K,clust312
2942,APCDZ9BOI,clust312
2943,6ASBWKX50,clust312
2944,GSTZA7V0N,clust312
2945,PJZEJESR2,clust312
2946,DPN9YAZ5Y,clust312
2947,73ENOLP7D,clust312
2948,PKFXXL9SC,clust312
2949,C1BWCEAKJ,clust312
2950,O49NROEFV,clust312
2951,XQK5OEJWI,clust312
2952,L2O6INDUG,clust312
2953,T0ADZ9JRC,clust312
2954,PWCRKTAZP,clust313
2955,PU8PJR1WG,clust313
2956,VY5I44WOW,clust313
2957,34YCOQ769,clust313
2958,QGLUB0EVB,clust313
2959,FTV4TMYSD,clust313
2960,B4MYXT578,clust313
2961,PCCR3A7X2,clust313
2962,7C61HW2MB,clust313
2963,YVY0EN4L8,clust313
2964,V3BI5MW8F,clust313
2965,3CY05IL9R,clust313
2966,0JDNZLZNK,clust313
2967,5QVTBH7VA,clust313
2968,HA3XZISNI,clust313
2969,WCIVOITSJ,clust313
2970,FWMD3VJEB,clust313
2971,DV7HSOAZE,clust313
2972,4WMJDMO6K,clust313
2973,JPJY9D7D7,clust313
2974,QOQ5HK2MN,clust313
2975,SFQXTRBAL,clust313
2976,5LZQFXUR7,clust313
2977,J61I0S61Q,clust313
2978,QD5Y1X3JK,clust313
2979,YDFMIODA3,clust313
2980,8HSN1D1EU,clust313
2981,EP41P2A9O,clust313
2982,TBR391NH6,clust314
2983,M9608DT6G,clust314
2984,KNQG8IGAV,clust314
2985,DQ73PY37J,clust314
2986,E19KGTF44,clust314
2987,8VVUFT65C,clust314
2988,HSPCFHPVF,clust314
2989,CA8PVSGXO,clust314
2990,XVVV41I9X,clust314
2991,7FK7GEGS4,clust314
2992,MKW0JR0XQ,clust314
2993,Q0WI35RIC,clust314
2994,W0PQ0TQ08,clust314
2995,1OH7IEK8B,clust314
2996,AMRZG59AL,clust315
2997,34ZD8I5WE,clust315
2998,J8XUSZ531,clust315
2999,JLHYFJ1IX,clust315
3000,QDTFGBQMQ,clust315
3001,YGBG66FR9,clust315
3002,8C64ENIOG,clust315
3003,EPJAZ9EHU,clust315
3004,KOVC0C9OP,clust315
3005,A301P3EJN,clust315
3006,DHAXA1VOX,clust315
3007,MZX1VPFF8,clust315
3008,GZZI5PUL7,clust315
3009,H3QL17OF6,clust315
3010,DP3TP4UZB,clust315
3011,BT3J29KZQ,clust315
3012,VIZCW0L2L,clust315
3013,NTMHYZYD9,clust315
3014,XA40VAYYD,clust315
3015,N78EX43CQ,clust315
3016,QSFL759PU,clust315
3017,2HVUCI8KU,clust315
3018,84R1O9X8L,clust315
3019,U93Y0O0ZN,clust315
3020,6XF62RKOH,clust315
3021,WRNLCLZPA,clust315
3022,JM41FBPKO,clust315
3023,ETXKEUSI0,clust315
3024,5M4J2FDL6,clust316
3025,1MGD343KO,clust316
3026,T0BC1V0F0,clust316
3027,TQPYASRU0,clust316
3028,BSDNDF39Q,clust316
3029,Q43T3CPKF,clust316
3030,MEUIYHZ9H,clust316
3031,ERQQFX3ZQ,clust316
3032,JRLWIAFGA,clust316
3033,XBBS267UH,clust316
3034,FCELK5K1A,clust316
3035,T0Q6N3O3T,clust317
3036,VWTOE68NO,clust317
3037,TQPYASRU0,clust317
3038,Q43T3CPKF,clust317
3039,UD2WEXWWG,clust317
3040,ERQQFX3ZQ,clust317
3041,LK00FZEWG,clust317
3042,36NFVAJH1,clust317
3043,DXS5E10M6,clust317
3044,T3NRMP13O,clust317
3045,JRLWIAFGA,clust317
3046,PH5JZIORL,clust317
3047,Y3RT4WON0,clust318
3048,1UOC987O9,clust318
3049,H9TYXW4X2,clust318
3050,S5PJVNMRZ,clust318
3051,Q7OS53749,clust318
3052,P93FBTIVV,clust318
3053,A8GFOKF8Q,clust318
3054,L45TKHBJY,clust318
3055,R6KWMIWXW,clust318
3056,1U2DWQH7H,clust318
3057,8GULA9L3B,clust319
3058,H3HKCDOAK,clust319
3059,RD5DM149V,clust319
3060,2I0KVI38J,clust319
3061,O5GE138XO,clust319
3062,8GULA9L3B,clust320
3063,MX0OOL2DK,clust320
3064,P93FBTIVV,clust320
3065,A8GFOKF8Q,clust320
3066,VOOPY8BP2,clust320
3067,9WX6KQ1H0,clust320
3068,R6KWMIWXW,clust320
3069,WNCB8I7MA,clust320
3070,WQG6ZTPJO,clust320
3071,O5GE138XO,clust320
3072,W0Y2AAS32,clust320
3073,Y3RT4WON0,clust320
3074,1UOC987O9,clust320
3075,WOIMZVWCQ,clust320
3076,8I6DUA6OZ,clust320
3077,TM2ZFMD0H,clust320
3078,CXQZFXXUU,clust320
3079,H3HKCDOAK,clust320
3080,FR1OGTDGZ,clust320
3081,4IIWXDCZG,clust320
3082,RQLI4K5WU,clust320
3083,C00EBSN2W,clust320
3084,1OT55PLIY,clust320
3085,4WKBP298H,clust320
3086,6Z5XKWYWB,clust320
3087,QTZG2M407,clust320
3088,L45TKHBJY,clust320
3089,DYFHEH3TU,clust320
3090,UKX4SL2VC,clust321
3091,10VQIJEJT,clust321
3092,T5TBB1U0Y,clust321
3093,CXQZFXXUU,clust321
3094,0O7EA3ZP8,clust322
3095,6TBWXK199,clust322
3096,F1IUKH4BB,clust322
3097,8W233X2TX,clust322
3098,D5ZAYGFG8,clust322
3099,RIMFPA2YZ,clust322
3100,49X1QLB56,clust322
3101,RX3BGS53J,clust322
3102,2V7Q7MRY3,clust322
3103,V6MUVXKL6,clust322
3104,WDUIAHOFE,clust322
3105,5K03YC3SK,clust322
3106,CPTHLR1OR,clust323
3107,X0AVGIOBK,clust323
3108,9VUD8FVK6,clust323
3109,09L7SK2RK,clust323
3110,UK7H0EHV5,clust323
3111,BM91N8S5H,clust323
3112,EYZHVFIH5,clust323
3113,2OR5BFLH8,clust323
3114,H3QZGWZFY,clust323
3115,B19C93WJN,clust323
3116,COJBWLSYI,clust323
3117,9Q3ONXDZ8,clust323
3118,HRRHT13J1,clust323
3119,HT9YG42G1,clust323
3120,0GWA2YJVZ,clust323
3121,7A8UJTRY1,clust323
3122,FLIIEZPWK,clust323
3123,RGVU3I9FG,clust323
3124,18WGJKNBZ,clust323
3125,9X7NED7PX,clust323
3126,64LVG5L0K,clust323
3127,SMP6BHOTH,clust323
3128,7B2PQKGFT,clust323
3129,AFTPALVRU,clust323
3130,X1JYLRH9U,clust323
3131,2KSMIA3H2,clust323
3132,B1DZD1VUR,clust323
3133,EIJCN0IDW,clust323
3134,T6T5HQS92,clust324
3135,3NX72VKD5,clust324
3136,YAZXQHQW8,clust324
3137,ZV6H082TO,clust324
3138,QC0TYLKBM,clust324
3139,5B7KSOKCA,clust324
3140,SZM5LRBI4,clust324
3141,2Z22X43X7,clust324
3142,R0WRVKY8Y,clust324
3143,FKGSNGYLM,clust324
3144,OTS5PIXU2,clust324
3145,5EU0NL2BT,clust324
3146,R80CHIQOB,clust324
3147,MY7WDECK1,clust324
3148,6TA4B3YPY,clust324
3149,4FR6XWR7I,clust324
3150,TX176AWVB,clust324
3151,XL18PMO40,clust324
3152,77WTE6HLY,clust324
3153,YAZXQHQW8,clust325
3154,6TA4B3YPY,clust325
3155,3GCPJH1AW,clust325
3156,P6KVVR5VJ,clust325
3157,FYX0M1V8Z,clust326
3158,HD9DJ3U5Y,clust326
3159,GHINA6K0W,clust326
3160,LEMXGRS23,clust326
3161,T82XV59ZI,clust326
3162,2EYF6P91U,clust326
3163,DXH4MQTUP,clust327
3164,79RJLD7CS,clust327
3165,F5RTA2TWE,clust327
3166,XSCX4VYIK,clust327
3167,PWXX89UPF,clust327
3168,YK9N55OQ7,clust327
3169,19IUIS73A,clust327
3170,M2CJZ48BY,clust327
3171,BSRU9DHK3,clust327
3172,AVRC5RZG9,clust327
3173,XSXWYJ8L7,clust327
3174,988MFNZJV,clust327
3175,D666VI638,clust327
3176,U90YIJ2BT,clust327
3177,3AXHCMSQX,clust328
3178,CTSJO68LW,clust328
3179,NQF8A7IEX,clust328
3180,8URHDTLBL,clust328
3181,A7QXC9LSZ,clust328
3182,J5SNDRFT4,clust328
3183,8H177NFRQ,clust328
3184,LU5V4XQOB,clust328
3185,IPND2BYXV,clust329
3186,OH42PR5VU,clust329
3187,NKJ9ZH3XY,clust329
3188,CIOAULMP9,clust329
3189,G360Z5RKT,clust330
3190,U9E5VLA0W,clust330
3191,POJXYTWIX,clust330
3192,0F1S5U5BR,clust330
3193,M9SUN1YMC,clust330
3194,161L3KP3Z,clust330
3195,06UKJIB8G,clust330
3196,GRROFO1QE,clust330
3197,ZJD1TST8W,clust330
3198,RI5Y8Y7TG,clust330
3199,MUVIVBYKM,clust330
3200,S25EW3X0Y,clust330
3201,4X6S5IVXW,clust331
3202,UO6OBSPTT,clust331
3203,G1H96ARJ1,clust331
3204,QJMNJ7UWO,clust331
3205,IQ7D8KBER,clust331
3206,FQ10STQD6,clust331
3207,HM0QO68W6,clust331
3208,ZIVMKXUXD,clust331
3209,A5HWMJIMM,clust331
3210,E9UFFEG4Q,clust331
3211,DGTBH1N7R,clust331
3212,BAU0JI1NA,clust331
3213,AYKG94B15,clust331
3214,JOSZ0HM23,clust332
3215,PMW2S6IIH,clust332
3216,T3N8IKZ1M,clust332
3217,QBA4AKRIL,clust332
3218,4X8T6IA3H,clust332
3219,ZSLUQIZWW,clust332
3220,UPOXOV23Y,clust332
3221,2CHDWLDIP,clust332
3222,STDN3MFOI,clust332
3223,FWMUT7MM9,clust332
3224,IV0Z6802E,clust332
3225,1S7X78ON4,clust332
3226,7YEB2KGQN,clust332
3227,VFYZX81AZ,clust332
3228,IPNG73LBT,clust332
3229,83HBU9LC1,clust332
3230,WXGCHX1KJ,clust332
3231,XOU8JCSTC,clust332
3232,JHK7A2OA1,clust332
3233,HHS5XMABH,clust332
3234,8B2CWRY2Y,clust332
3235,G5W7ZH33K,clust332
3236,SBFK58NO9,clust332
3237,773EFD99N,clust332
3238,X5UCST7OI,clust332
3239,9DDM4TOFP,clust332
3240,II3AU1I97,clust332
3241,TSSY6JDTK,clust332
3242,XJMVX555U,clust332
3243,PXWHJVFUA,clust332
3244,A5CODC0AU,clust332
3245,XLXPPLHOH,clust333
3246,HKDYN3EN3,clust333
3247,BJJD7AGU1,clust333
3248,OK4ZSTL0C,clust333
3249,P77C1TLK7,clust333
3250,W8A1IPBK8,clust333
3251,6TWMFGAF2,clust333
3252,CV0YCN0FS,clust333
3253,73520SK3K,clust333
3254,DMGHRVLKS,clust334
3255,HKDYN3EN3,clust334
3256,UPOXOV23Y,clust334
3257,JOSZ0HM23,clust334
3258,7YEB2KGQN,clust334
3259,ZQHW55Y5D,clust335
3260,Y10KBDEW5,clust335
3261,7ZUK7SKSY,clust335
3262,PZI4OXKP1,clust335
3263,EQU9EU5FH,clust335
3264,VRMBFPXU1,clust335
3265,YY22XWP42,clust335
3266,WNUZDD60G,clust335
3267,95AQEG0V2,clust335
3268,YP7HR4TEC,clust335
3269,LQBT2NEUT,clust335
3270,A28I10ZCE,clust335
3271,GVA788VP6,clust335
3272,4V03TEM5D,clust335
3273,OSKL1RW1W,clust335
3274,7ZUK7SKSY,clust336
3275,5YBZA4HRP,clust336
3276,5G2NVO4DN,clust336
3277,EO9HBFCNV,clust336
3278,H5250W0W2,clust336
3279,OSKL1RW1W,clust336
3280,YBA1K36SI,clust336
3281,MQJR5TSGQ,clust337
3282,5YBZA4HRP,clust337
3283,161ZPLI1O,clust337
3284,EO9HBFCNV,clust337
3285,5G2NVO4DN,clust337
3286,H5250W0W2,clust337
3287,YBA1K36SI,clust337
3288,MQJR5TSGQ,clust338
3289,V81MBFK7R,clust338
3290,7ZUK7SKSY,clust338
3291,5YBZA4HRP,clust338
3292,161ZPLI1O,clust338
3293,KMMLIM2UT,clust338
3294,EO9HBFCNV,clust338
3295,H5250W0W2,clust338
3296,OSKL1RW1W,clust338
3297,CXZRWAICX,clust339
3298,3QU1VDBDT,clust339
3299,9ADV154WL,clust339
3300,HF54TZY5Z,clust339
3301,6A2CGBJPS,clust339
3302,WLAQD49GU,clust339
3303,XKUAGG5I5,clust339
3304,TGEWVYO94,clust339
3305,AO47F0G7Y,clust339
3306,JK4M2MCEB,clust339
3307,HO4AT5E1O,clust339
3308,3NPI0L1EN,clust339
3309,CT41HP9HE,clust340
3310,8WU4KZS3E,clust340
3311,B9GO66UBQ,clust340
3312,ODJQHTT7Q,clust340
3313,W3KKUI9LE,clust340
3314,Z2LN74N5Y,clust340
3315,X130ZNSL2,clust340
3316,8W1503890,clust340
3317,SIRBU30ZC,clust340
3318,BILGYIBKT,clust340
3319,SLPCK2NU7,clust340
3320,A8UTMPSSW,clust340
3321,93KXR339K,clust340
3322,09QX9VZX2,clust340
3323,91D2WIINT,clust340
3324,4EXPEJZEZ,clust340
3325,50FNBORI9,clust341
3326,CT41HP9HE,clust341
3327,MEDDWBDHB,clust341
3328,X6QOE5G2Y,clust341
3329,KG1MU8S9Y,clust341
3330,X130ZNSL2,clust341
3331,SIRBU30ZC,clust341
3332,6YR8TEHRL,clust341
3333,YR9OEWWJT,clust341
3334,SLPCK2NU7,clust341
3335,2UT3EYXJB,clust341
3336,93KXR339K,clust341
3337,4EXPEJZEZ,clust341
3338,K3JN1GILI,clust341
3339,TMTXP0N97,clust342
3340,6SSSB2FNR,clust342
3341,FY8PDD0SJ,clust342
3342,18Y4QMI46,clust342
3343,4F2FNFAL6,clust342
3344,BZ7WA6VDQ,clust343
3345,NEOGPQ0E0,clust343
3346,LZMP85ODM,clust343
3347,KVG30GKNK,clust343
3348,0DQM40BFD,clust343
3349,ZWZ86JKHP,clust343
3350,NZ54NSB7M,clust343
3351,1DVE54U76,clust343
3352,7RO792SRG,clust343
3353,FZ2NCOUZF,clust343
3354,A9V3DS3ZQ,clust343
3355,G38JDX4G7,clust343
3356,OT062JKVF,clust343
3357,WK7RNKDE4,clust343
3358,QK7IAE1CS,clust343
3359,ULX0TRO3Y,clust343
3360,FGIN0BFQR,clust343
3361,VQ9WMG6F1,clust343
3362,IKFJYU21I,clust343
3363,VQ5YZ22KI,clust343
3364,YLLJYVP4I,clust343
3365,P7A0GP6L8,clust343
3366,6AVX7FD72,clust343
3367,0M4Z8VR87,clust344
3368,TMTXP0N97,clust344
3369,TJYSDRWTK,clust344
3370,3W0V9YZVM,clust344
3371,UGIYLS1MF,clust344
3372,A1NSFC8IV,clust344
3373,4ON3ZLWNJ,clust344
3374,ULG62YLVG,clust344
3375,E1M9KNIHD,clust344
3376,R7UNKZLPQ,clust344
3377,TI3TPOETI,clust344
3378,SIH5SSAZL,clust345
3379,9KP7SLUXF,clust345
3380,9H1YTBNX5,clust345
3381,7LFM80RA4,clust345
3382,FXKN86GG1,clust345
3383,2CW3CL4LU,clust345
3384,30QIQX1K2,clust345
3385,BBK54CBJJ,clust345
3386,FZT8COULN,clust345
3387,8OKR0BNTK,clust345
3388,IGC9ZGRGY,clust346
3389,4TCKKFPDC,clust346
3390,AK4YD1YX7,clust346
3391,AEIQHUXUW,clust346
3392,RBRU3O9ZY,clust346
3393,N1SWB3DOI,clust346
3394,10E1JGL3L,clust346
3395,QFY0GIQDE,clust346
3396,XXEP9MSBI,clust347
3397,AA8BUULLY,clust347
3398,NJ54Q30BC,clust347
3399,BUP89CDTM,clust347
3400,BKHMOXTLA,clust348
3401,Y9K13D720,clust348
3402,FM81F5D9V,clust348
3403,SGQ0130NI,clust348
3404,VR6TSYA6J,clust348
3405,IW803WNC4,clust348
3406,YX46UXGIB,clust348
3407,JR5HDDXUA,clust348
3408,8D3697EZA,clust348
3409,DPSIS0AM4,clust348
3410,LHWPF83RU,clust348
3411,NAGFJ94RU,clust348
3412,SIH5SSAZL,clust349
3413,2FEPVIAG2,clust349
3414,FXKN86GG1,clust349
3415,2CW3CL4LU,clust349
3416,30QIQX1K2,clust349
3417,BBK54CBJJ,clust349
3418,829048JU7,clust349
3419,SM9OAFDAR,clust350
3420,65JKZ3HK3,clust350
3421,TU1M27I2Q,clust350
3422,3FEZQBXER,clust350
3423,SNGQG1H1J,clust350
3424,1C32XQJ7F,clust350
3425,A5ULF7RM4,clust350
3426,U35AW46HW,clust350
3427,IGGCJNNTP,clust350
3428,9BEUOOGOD,clust350
3429,1LUY8XZ02,clust350
3430,9VX0DIX0J,clust350
3431,OZVOXWUDD,clust350
3432,V9FNJGWGM,clust351
3433,WHKC4MXTH,clust351
3434,Q97MZS363,clust351
3435,79JPLOAPN,clust351
3436,1WLZYTRI4,clust351
3437,R5LUIROMO,clust351
3438,VWE2N62IA,clust351
3439,L9NC6QY6R,clust351
3440,6QR0I0G4D,clust351
3441,YT3RCNIF5,clust351
3442,B37J3YXJR,clust351
3443,I6TT4QVM3,clust351
3444,429BT0RQL,clust351
3445,KE9JM66JA,clust351
3446,8S5CHENYR,clust351
3447,H7S5FZKO1,clust351
3448,H8GRWIWZ0,clust351
3449,FFJD5INBR,clust351
3450,6XVPXR76R,clust351
3451,VWB1EE0NL,clust351
3452,2V7Q7MRY3,clust351
3453,M2BWGOMBE,clust351
3454,9SPC8J5B4,clust352
3455,R703D2LV6,clust352
3456,FIQYIABRN,clust352
3457,FQF7BNRG9,clust352
3458,BFFHDPUOP,clust352
3459,ZZBWF4AM0,clust353
3460,9JE4R0OV0,clust353
3461,7XYB8STQT,clust353
3462,V3OO1X183,clust353
3463,EKGJLI9PW,clust353
3464,IRS0O2Z31,clust354
3465,1YASQNXL4,clust354
3466,LIJIQBRIR,clust354
3467,QJO2MCN3I,clust354
3468,5X711PF5M,clust355
3469,XB13VEII7,clust355
3470,9SPC8J5B4,clust355
3471,XM8IRJTZ5,clust355
3472,T3Y3YQ9PK,clust355
3473,R703D2LV6,clust355
3474,HONE8CLTZ,clust355
3475,27OQ6JKLC,clust355
3476,1E9YXJ3CB,clust355
3477,66HXN8C4C,clust355
3478,LCT9D6YRL,clust355
3479,R49EOALLZ,clust355
3480,FIQYIABRN,clust355
3481,94HINN2HC,clust355
3482,SHTJ4VU11,clust355
3483,O6NVQZZ2H,clust355
3484,K8GOD5VMO,clust355
3485,YDY6U6937,clust355
3486,0FGWMZ0DQ,clust356
3487,FRTKEEQNE,clust356
3488,XW0XGO1NZ,clust356
3489,LIDPBY15V,clust356
3490,2Z9CYUMZY,clust356
3491,2DTNIPZ6I,clust356
3492,2AWC747I9,clust356
3493,3L5UAW0O7,clust356
3494,G9UXAPBJX,clust356
3495,QK1UTTD5S,clust356
3496,MGN5EAUR8,clust356
3497,6PJKRKHGV,clust356
3498,7JKWZV2CY,clust356
3499,89TG3RQ6M,clust356
3500,K22V9RTRH,clust356
3501,WBQ1Q5VXJ,clust356
3502,1ANF1L93Y,clust356
3503,0PMO2CUI3,clust356
3504,6ZMOKP7SR,clust356
3505,BW1RAAMLK,clust356
3506,SVG7HGNJE,clust356
3507,SRHHYRKHO,clust356
3508,LJ53WUJYJ,clust356
3509,P1A54FAWH,clust356
3510,CRQWPE455,clust356
3511,35ZKAS2EN,clust356
3512,0NZYD45B7,clust357
3513,NZM21UIVZ,clust357
3514,QHF3VE00D,clust357
3515,84JDF9FRM,clust357
3516,EEUJNDDXJ,clust357
3517,LE8RLZBYY,clust357
3518,39R3LAWJA,clust357
3519,DYJAD2X3W,clust357
3520,UXUOVFG53,clust358
3521,7F75IZ2SP,clust358
3522,VZ2ZZYSJM,clust358
3523,TT7YL7Y6J,clust358
3524,CE809QOSA,clust358
3525,C67C63O2K,clust358
3526,CRTFPV4R3,clust358
3527,XKFN3BKS2,clust358
3528,0TGL7T8BH,clust358
3529,YRVIU84OA,clust358
3530,KL0TB9S2A,clust359
3531,NQEYGOSSV,clust359
3532,TP1LLDFSB,clust359
3533,TJTNJJX61,clust359
3534,S34TZ5A0H,clust359
3535,G3OHYF601,clust359
3536,8B77X84IY,clust359
3537,7S7NXCJK4,clust359
3538,WT1L2L1CC,clust359
3539,KR6QCAIFB,clust359
3540,QBSUZV9HM,clust359
3541,86K5Y88HU,clust359
3542,F1G8ZJZO4,clust359
3543,3LIEAXBXP,clust359
3544,ZSITI4QCG,clust359
3545,7ZA0QD1VS,clust359
3546,MLJZE14IK,clust359
3547,B40SPX38N,clust359
3548,PLXSU35AP,clust359
3549,NS3V7ZAXM,clust359
3550,63PQY7JP4,clust359
3551,GKJHAWJJO,clust359
3552,D97U0Y178,clust359
3553,CCQ5QYKME,clust359
3554,2TTG8SDRB,clust360
3555,PLXSU35AP,clust360
3556,2KOX4HGF9,clust360
3557,9FFDKDL9Z,clust360
3558,RC7GF436Z,clust360
3559,HU071EWQ8,clust360
3560,63PQY7JP4,clust360
3561,OVGJG5ESC,clust360
3562,KR6QCAIFB,clust360
3563,D97U0Y178,clust360
3564,YDYQUA3E0,clust360
3565,VQHYOIJXB,clust360
3566,1RK5S4K68,clust361
3567,FYDE7OC9X,clust361
3568,7LDUDA7IY,clust361
3569,POLD6KV9U,clust361
3570,TVW6BAPRO,clust361
3571,0DZR4DSBD,clust361
3572,880K5EH7D,clust361
3573,AIZX0GXKS,clust361
3574,AK2F1JHN4,clust361
3575,9XT8YKOZI,clust361
3576,CMH8D8MYC,clust361
3577,B7V2BHIAE,clust361
3578,L6P3YL8YE,clust361
3579,PY9OIQCM0,clust361
3580,OWHOG47C7,clust361
3581,7U7V93XHX,clust361
3582,6VUM1N9BI,clust361
3583,POOO18VUS,clust361
3584,YNI7XINUB,clust361
3585,CDPIPC8EI,clust361
3586,BBFHXGKIR,clust361
3587,S34QFBVOI,clust361
3588,QR8EYGTCJ,clust361
3589,ZWG2K4WR7,clust361
3590,UT5V0W6VK,clust362
3591,8GFRE5PEG,clust362
3592,WIM76TY78,clust362
3593,O8JR10XTX,clust362
3594,NG7K8O645,clust362
3595,TQRN9DZMW,clust362
3596,F9UY0W8GS,clust362
3597,F1H53IVYG,clust362
3598,1G8WIR9XP,clust362
3599,J7DZ0WRF5,clust362
3600,L87U9DF7A,clust363
3601,ERW6M2BS6,clust363
3602,BAEYLKBNT,clust363
3603,J7UX5X875,clust363
3604,NFZ0X5BYO,clust363
3605,IWNTY1IKL,clust363
3606,F807XHRXR,clust363
3607,IYRTYO3HT,clust363
3608,9PBYDVU9D,clust363
3609,I8763H5KI,clust363
3610,D3NA2OO5S,clust363
3611,775QKZ8FA,clust363
3612,7GSZGZCXD,clust363
3613,A8WW1U548,clust363
3614,32J8Q8CED,clust363
3615,00BXY8FC6,clust363
3616,C2229A2WS,clust363
3617,ZYB2XIVKR,clust363
3618,3Z6UJGEWE,clust363
3619,XCF2N6FF4,clust363
3620,ENVHKFT0V,clust363
3621,BK7KYYFJ8,clust364
3622,CSUNT44B0,clust364
3623,SWTLMUK90,clust364
3624,H2016608B,clust364
3625,XV6B6P0MI,clust364
3626,WJLNB07QV,clust364
3627,ALINIQXO1,clust364
3628,DV7OKTG07,clust364
3629,HIJFYQBV4,clust364
3630,FN2R9IZZH,clust364
3631,07I8WO1U7,clust364
3632,FMCXHACYM,clust364
3633,HFG4NW463,clust364
3634,P4AWJF9NQ,clust364
3635,437SU5MO9,clust364
3636,0AAMUVG2Z,clust364
3637,OPJWZ3ZDU,clust364
3638,8L16CF1PH,clust364
3639,AP4SA6247,clust364
3640,R9FUGD9TD,clust365
3641,3TZ705W3C,clust365
3642,EDQNINXHL,clust365
3643,WEF0LGVDF,clust365
3644,6ZFFRWE5S,clust365
3645,N74PSFM1T,clust365
3646,IPMHYT3UL,clust365
3647,3Y7Y7LZ8O,clust366
3648,947GGXJFC,clust366
3649,21AIQ4IKL,clust366
3650,IKWCQWBPH,clust366
3651,CF961IZA3,clust367
3652,56KGP0ZZH,clust367
3653,RB4WONTNX,clust367
3654,O1K97THQY,clust367
3655,VCL71VWCL,clust367
3656,TXJ3U4O3U,clust367
3657,W5MR6EMWK,clust367
3658,8QQ3LDLKE,clust367
3659,CRMHR3LXH,clust367
3660,94GJ0QODA,clust367
3661,ZKKXNQSBC,clust367
3662,ADU1X2OPE,clust367
3663,13YVJTMOH,clust368
3664,DFI1Y7GAY,clust368
3665,5INAJHDOK,clust368
3666,VDEGOZHS6,clust368
3667,H5ALTLP7L,clust368
3668,O004H192Q,clust369
3669,SWAQ53U5S,clust369
3670,LPLVLSP04,clust369
3671,KW0LXFPB9,clust369
3672,PCEKPLDDL,clust369
3673,1RK5S4K68,clust369
3674,74AEEELFL,clust369
3675,E2XSLRT9W,clust369
3676,EFH6Z64ER,clust369
3677,KZCKYUOYC,clust369
3678,EWSRFK9SN,clust369
3679,FB0B4PRQ0,clust369
3680,CHYCYIMPN,clust369
3681,JSGWW9UMH,clust369
3682,W5ZVS39O0,clust369
3683,F9MFM4AZQ,clust369
3684,15KHVNMCV,clust369
3685,UXDB2KGR3,clust369
3686,HXD1UDLKC,clust369
3687,NW8EOGFA7,clust369
3688,C1WCLE139,clust369
3689,CB4SYJ8JE,clust369
3690,0V34BUT46,clust369
3691,ETXKEUSI0,clust369
3692,N8C1KI40W,clust370
3693,CV5YX9Y1M,clust370
3694,5KIP2E3AR,clust370
3695,16C9R4DID,clust370
3696,2XGJZ0N0N,clust370
3697,42YA0YGAY,clust370
3698,MD7WNVU1J,clust370
3699,MCON2KDBG,clust370
3700,6F4XDSLVC,clust371
3701,39JU8JKBR,clust371
3702,4EP2FUHXN,clust371
3703,O16TC48BQ,clust371
3704,1BSY8FP4B,clust371
3705,NJRJP1N4O,clust371
3706,1072SI687,clust371
3707,QKDZWI0BE,clust371
3708,P8LTJA72M,clust371
3709,ZB12NFPE6,clust371
3710,CIU70FT54,clust371
3711,6E00JGMH4,clust371
3712,9COQ8P5W4,clust371
3713,KPCV50SU3,clust371
3714,ANZ4VNQNS,clust371
3715,TFFHCT9B4,clust371
3716,XX8MKYP67,clust371
3717,MTCH1EW7A,clust372
3718,UR8YQF1BG,clust372
3719,MDDPTWR2N,clust372
3720,XCOTZKYEF,clust372
3721,5KBFQQQ7P,clust372
3722,M0C5U013G,clust372
3723,3M2CW3SJ0,clust372
3724,PI1U8MWUY,clust372
3725,JOE2BVJWK,clust372
3726,TON3IC500,clust372
3727,MFWS3SIRD,clust372
3728,DDKURNANE,clust372
3729,WHZWRL8I7,clust372
3730,0RKI092YF,clust372
3731,55FLPQZ4U,clust372
3732,EAHIVMREP,clust373
3733,GSBEE4UJA,clust373
3734,ZE6V7U0RH,clust373
3735,GPE9DP0VI,clust373
3736,I41202ZYQ,clust373
3737,A38OEKJ46,clust373
3738,WB9DY58I2,clust373
3739,FIH56RRCW,clust373
3740,4TF384OE8,clust373
3741,EPI6DHJ20,clust373
3742,AS2MAXQUV,clust373
3743,2UXC0CDS0,clust374
3744,OUGL19NX0,clust374
3745,RTF3IIC8B,clust374
3746,8FFJFB180,clust374
3747,DKH4NFHLN,clust374
3748,8QOD7P357,clust374
3749,BG9ZQ5BDY,clust374
3750,10FELDR84,clust374
3751,HJDRNJZSU,clust374
3752,03EH72R04,clust374
3753,PHPYCF9IB,clust374
3754,CAI4IP357,clust374
3755,7EP6VF1PU,clust374
3756,CXU5W9OBI,clust375
3757,IOS4M81ZK,clust375
3758,DVDIOCHC2,clust375
3759,2BW68B67J,clust375
3760,TYKVXZSC9,clust375
3761,U2Y3LKXCO,clust375
3762,4BKV1TBG7,clust375
3763,NCWZNPUOP,clust375
3764,LEQ5T33YJ,clust375
3765,FXF3GBETD,clust375
3766,PENNCTY2M,clust375
3767,XIH5ARE9K,clust376
3768,NOC5HJJI6,clust376
3769,NDUKLWK8B,clust376
3770,6EGMUZA2A,clust376
3771,7C61HW2MB,clust377
3772,7ZEWNAVGV,clust377
3773,LFN85CO2G,clust377
3774,323I1FH3L,clust377
3775,2AWE4KB2K,clust377
3776,REKOM2M0O,clust377
3777,DKZ9PC0DI,clust377
3778,P5D76V14G,clust377
3779,SLGW3H8T0,clust377
3780,9WP9F94JN,clust377
3781,HXNHNKGZI,clust377
3782,WKRETM1XX,clust377
3783,59ZKUR3XD,clust377
3784,75C6THI8N,clust377
3785,JLZMGO51L,clust377
3786,4X8T6IA3H,clust378
3787,ZSLUQIZWW,clust378
3788,STDN3MFOI,clust378
3789,7YEB2KGQN,clust378
3790,IV0Z6802E,clust378
3791,773EFD99N,clust378
3792,II3AU1I97,clust378
3793,T3N8IKZ1M,clust378
3794,JOSZ0HM23,clust379
3795,PMW2S6IIH,clust379
3796,QBA4AKRIL,clust379
3797,UPOXOV23Y,clust379
3798,2CHDWLDIP,clust379
3799,FWMUT7MM9,clust379
3800,VFYZX81AZ,clust379
3801,IPNG73LBT,clust379
3802,83HBU9LC1,clust379
3803,WXGCHX1KJ,clust379
3804,JHK7A2OA1,clust379
3805,8B2CWRY2Y,clust379
3806,HHS5XMABH,clust379
3807,G5W7ZH33K,clust379
3808,SBFK58NO9,clust379
3809,X5UCST7OI,clust379
3810,TSSY6JDTK,clust379
3811,9DDM4TOFP,clust379
3812,PXWHJVFUA,clust379
3813,A5CODC0AU,clust379
3814,PZI4OXKP1,clust380
3815,187935NP6,clust380
3816,EQU9EU5FH,clust380
3817,95AQEG0V2,clust380
3818,YP7HR4TEC,clust380
3819,TJH7S4OXF,clust380
3820,GVA788VP6,clust380
3821,I3R622QIM,clust381
3822,187935NP6,clust381
3823,JADJYPNQB,clust381
3824,FEF058WN1,clust381
3825,4O08MSQRN,clust381
3826,JFLZIFIWC,clust381
3827,EOSIPXO9S,clust381
3828,OCCGHLVAR,clust381
3829,IWKIVRUE8,clust381
3830,WMKA01KZL,clust381
3831,TJH7S4OXF,clust381
3832,70WSZ9TE6,clust381
3833,9EE80ILP8,clust382
3834,69V64YYKO,clust382
3835,R173W8G1D,clust382
3836,69SDL7260,clust382
3837,K1M24RDUD,clust382
3838,0CY1U5TND,clust382
3839,GY2NA0ZLP,clust382
3840,0PQ77I411,clust382
3841,BYLP8NB8Y,clust382
3842,9N8JIZFPI,clust382
3843,0PZCHONHY,clust382
3844,S5FREKGMY,clust382
3845,WUGEQQW2K,clust383
3846,69V64YYKO,clust383
3847,R173W8G1D,clust383
3848,K1M24RDUD,clust383
3849,0CY1U5TND,clust383
3850,ZY03X5QEH,clust383
3851,9N8JIZFPI,clust383
3852,0PZCHONHY,clust383
3853,625ZY1LE1,clust383
3854,ZV7WL3YBY,clust384
3855,B2N27MFSA,clust384
3856,NJWMMDIJ0,clust384
3857,0X9GYAE6N,clust384
3858,DCFZDDNJG,clust384
3859,IYFXTULSQ,clust384
3860,TFNGQCYAR,clust384
3861,D8V1DX3Q8,clust384
3862,E40RAMTQ3,clust384
3863,P5UF3N9FF,clust384
3864,PYTD3XKLQ,clust384
3865,SKYXR5E1A,clust384
3866,A0TP5J62X,clust384
3867,FY8PDD0SJ,clust385
3868,ATV2Y1M9T,clust385
3869,LE8H4U1BN,clust385
3870,YPCRQY16W,clust385
3871,9UOXQOTUC,clust385
3872,5A1KN1SZX,clust385
3873,2KY8RSJ3P,clust385
3874,S1ZJP7VXV,clust385
3875,REPWFSVVQ,clust385
3876,8DA3Z5SJ5,clust385
3877,76V074RJD,clust385
3878,XGDH44YJP,clust385
3879,3K9NV78OJ,clust385
3880,DAU7O8YU6,clust385
3881,U9877KFTP,clust385
3882,NJWMMDIJ0,clust386
3883,MKKVVG956,clust386
3884,Z0FU0KF8R,clust386
3885,PC2DOONQ4,clust386
3886,14IOE5HPD,clust386
3887,OR76ACPNX,clust386
3888,K0VSET37P,clust386
3889,3SBTLILTT,clust386
3890,I3A5OKP6O,clust387
3891,RPKB6JL02,clust387
3892,1SATQZB3E,clust387
3893,CEA5DFKHU,clust387
3894,Z44SLOHZK,clust387
3895,J88UV83SR,clust387
3896,JDI6MG31T,clust387
3897,47YIEAMBD,clust387
3898,4P8FTSZQF,clust387
3899,TOAMK8ISC,clust387
3900,UF3F01080,clust387
3901,WMPC89ZSW,clust387
3902,7SMMAYPES,clust387
3903,X5UCST7OI,clust387
3904,MIJNMCWRE,clust387
3905,OWU1MOU7R,clust387
3906,F45AVKQVY,clust387
3907,CETXWP21X,clust388
3908,5M4J2FDL6,clust388
3909,TYY8OKWY6,clust388
3910,1MGD343KO,clust388
3911,T0BC1V0F0,clust388
3912,RPKB6JL02,clust388
3913,BSDNDF39Q,clust388
3914,HOBHNLH04,clust388
3915,2ITFS2CSX,clust388
3916,MEUIYHZ9H,clust388
3917,ZE4OUPADO,clust388
3918,7SC7AB8RH,clust388
3919,XBBS267UH,clust388
3920,FCELK5K1A,clust388
3921,LE8H4U1BN,clust389
3922,YPCRQY16W,clust389
3923,1DLC7OAWE,clust389
3924,50VTKZNZ6,clust389
3925,XGDH44YJP,clust389
3926,2KOI5ZQYR,clust390
3927,9AHIYKF8M,clust390
3928,IOLJQ8SBK,clust390
3929,OTFVG2OYM,clust390
3930,B1GC4YDZE,clust390
3931,PHNMBXOQ0,clust390
3932,SS4IP0HBS,clust390
3933,FPG4KMS0T,clust390
3934,FSDEWVOAK,clust390
3935,20OV1UHN9,clust391
3936,SFFJPF9JS,clust391
3937,B9543DD2B,clust391
3938,2JORMMYDZ,clust391
3939,Y4RJETU5X,clust391
3940,W6LFPX0PP,clust391
3941,NFE19G9TI,clust391
3942,RP3KLLZFZ,clust391
3943,MNR21JQTR,clust391
3944,DMYCLA6A8,clust391
3945,PHQ0AZGU3,clust391
3946,DUHY7LAJK,clust391
3947,71JZ32UYV,clust391
3948,JPJY9D7D7,clust392
3949,B4MYXT578,clust392
3950,PWCRKTAZP,clust392
3951,SFQXTRBAL,clust392
3952,V3BI5MW8F,clust392
3953,5LZQFXUR7,clust392
3954,FWMD3VJEB,clust392
3955,PU8PJR1WG,clust392
3956,J61I0S61Q,clust392
3957,DV7HSOAZE,clust392
3958,4WMJDMO6K,clust392
3959,FTV4TMYSD,clust392
3960,8HSN1D1EU,clust392
3961,EP41P2A9O,clust392
3962,7C61HW2MB,clust393
3963,5QVTBH7VA,clust393
3964,QGLUB0EVB,clust393
3965,QOQ5HK2MN,clust393
3966,YVY0EN4L8,clust394
3967,3CY05IL9R,clust394
3968,0JDNZLZNK,clust394
3969,VY5I44WOW,clust394
3970,34YCOQ769,clust394
3971,QGLUB0EVB,clust394
3972,QD5Y1X3JK,clust394
3973,HA3XZISNI,clust394
3974,0GWA2YJVZ,clust395
3975,CPTHLR1OR,clust395
3976,BM91N8S5H,clust395
3977,AFTPALVRU,clust395
3978,7B2PQKGFT,clust395
3979,X0AVGIOBK,clust395
3980,2OR5BFLH8,clust395
3981,X1JYLRH9U,clust395
3982,2KSMIA3H2,clust395
3983,9VUD8FVK6,clust395
3984,18WGJKNBZ,clust395
3985,9X7NED7PX,clust395
3986,RUORHXZCQ,clust396
3987,5Y0I70FEQ,clust396
3988,8WSAG7J3K,clust396
3989,3Q3UDHV8Q,clust396
3990,XREIQBIPN,clust396
3991,X9MS0BT8P,clust396
3992,8C5UXGU17,clust396
3993,FAI4E49II,clust397
3994,7EM2YAO2E,clust397
3995,73ENOLP7D,clust397
3996,PDNEBT66B,clust397
3997,VGZBBMK4V,clust397
3998,2JWOS3B75,clust397
3999,YP03MZ8IP,clust397
4000,3YJP3HFUQ,clust397
4001,OFSF4LR2C,clust397
4002,PVP443TL3,clust397
4003,DKBA2S50O,clust397
4004,7VX549TF4,clust397
4005,SZMEKZ5KR,clust397
4006,2CS634BU3,clust397
4007,Q1NKTOTO8,clust397
4008,CDL6D0BNB,clust397
4009,ZVJG8MQ97,clust397
4010,Z7O6ZDJKJ,clust397
4011,21N0XSGVZ,clust397
4012,XKI22066V,clust397
4013,Y3RT4WON0,clust398
4014,1UOC987O9,clust398
4015,R6KWMIWXW,clust398
4016,6Z5XKWYWB,clust398
4017,P93FBTIVV,clust398
4018,A8GFOKF8Q,clust398
4019,L45TKHBJY,clust398
4020,TM2ZFMD0H,clust398
4021,WQG6ZTPJO,clust398
4022,8GULA9L3B,clust399
4023,FR1OGTDGZ,clust399
4024,1OT55PLIY,clust399
4025,MX0OOL2DK,clust399
4026,4IIWXDCZG,clust399
4027,4WKBP298H,clust399
4028,QTZG2M407,clust399
4029,WOIMZVWCQ,clust399
4030,8I6DUA6OZ,clust399
4031,H3HKCDOAK,clust399
4032,CXQZFXXUU,clust399
4033,VOOPY8BP2,clust399
4034,DYFHEH3TU,clust399
4035,WNCB8I7MA,clust399
4036,C00EBSN2W,clust399
4037,9WX6KQ1H0,clust399
4038,O5GE138XO,clust399
4039,W0Y2AAS32,clust399
4040,DP3TP4UZB,clust400
4041,ETXKEUSI0,clust400
4042,2HVUCI8KU,clust400
4043,AMRZG59AL,clust400
4044,34ZD8I5WE,clust400
4045,6XF62RKOH,clust400
4046,VIZCW0L2L,clust400
4047,J8XUSZ531,clust400
4048,JLHYFJ1IX,clust400
4049,H3QL17OF6,clust400
4050,WRNLCLZPA,clust400
4051,XA40VAYYD,clust400
4052,N78EX43CQ,clust400
4053,8C64ENIOG,clust400
4054,A301P3EJN,clust400
4055,DHAXA1VOX,clust400
4056,84R1O9X8L,clust401
4057,GZZI5PUL7,clust401
4058,BT3J29KZQ,clust401
4059,U93Y0O0ZN,clust401
4060,JM41FBPKO,clust401
4061,NTMHYZYD9,clust401
4062,YGBG66FR9,clust401
4063,EPJAZ9EHU,clust401
4064,Y3BDBEH2S,clust402
4065,1RU52FTNN,clust402
4066,7WEZAH3RW,clust402
4067,2RIAACWP0,clust402
4068,TVUUPY76T,clust403
4069,GIKMYKHK2,clust403
4070,QL8KAAPZ3,clust403
4071,5342KVQSX,clust403
4072,5IIP3E541,clust404
4073,9U743AV4H,clust404
4074,E4YRAP7X3,clust404
4075,H1J8S343Y,clust404
4076,XPKS6C3IC,clust404
4077,7NS5MQXCJ,clust404
4078,46YVC9CGW,clust404
4079,N9JRSCMP2,clust404
4080,YW1ZTR3FS,clust404
4081,F23GUO6GP,clust404
4082,N6VWMI2O2,clust404
4083,S8H8EINF7,clust404
4084,A2J14ZVOJ,clust404
4085,CZMCKQRRA,clust404
4086,QVI2JVTIZ,clust404
4087,GNPBVG4OO,clust404
4088,HD4R8JW6I,clust404
4089,E26QI0FNU,clust405
4090,17R0NSWT2,clust405
4091,VI9Y7OPB7,clust405
4092,R17IPTC1I,clust405
4093,97N74P42M,clust405
4094,HOBDNHGZ2,clust405
4095,URUB3FLU6,clust405
4096,5F61PVIVO,clust405
4097,NJJBRM2T3,clust405
4098,S1DYHHF94,clust405
4099,XOXFKDP9U,clust405
4100,1I14ITNP5,clust406
4101,NY33XEI54,clust406
4102,DVBFAVOUB,clust406
4103,DUZW4XU0G,clust406
4104,X42A8BJ55,clust406
4105,0FUC8DGN1,clust406
4106,7NP531ILM,clust406
4107,M63BPTX3O,clust406
4108,505J6LWAT,clust407
4109,IHJO63F35,clust407
4110,JXXNFVPQ6,clust407
4111,OA2H5EO3K,clust407
4112,4XQV9LU7P,clust407
4113,J3SFOINBS,clust407
4114,REPR7RVUE,clust407
4115,XF3DBO5JX,clust407
4116,2WWSHU5ZH,clust407
4117,E33GB5L29,clust407
4118,FHYOPPYU5,clust407
4119,XGUW262YR,clust407
4120,9DLDYNXG4,clust407
4121,NHW50M9SR,clust407
4122,A20U90K8W,clust407
4123,BFK101JZW,clust408
4124,QVPTVBMUF,clust408
4125,QLLOF1Z4A,clust408
4126,7FJ1PZQUF,clust408
4127,OXV8X3CFI,clust408
4128,R4VPD3WS9,clust408
4129,JF1C5RXRP,clust408
4130,8PA2ABTRE,clust408
4131,A2VUU52I6,clust408
4132,LX2F1GAWC,clust408
4133,EFA2HXSDR,clust408
4134,J1YCNRJUC,clust408
4135,4QJTBRHHS,clust408
4136,YUMLT3UEQ,clust409
4137,B2K1AYXH5,clust409
4138,L0W8R2KVL,clust409
4139,S7LQ8ZD5Z,clust409
4140,T6OHWUT7A,clust409
4141,Q3L4XYKCD,clust409
4142,J3TP6W3XZ,clust409
4143,Z4BLIF8V7,clust409
4144,QWTSO7FGE,clust409
4145,Z5ZYCJOPG,clust409
4146,4TK04NHWL,clust409
4147,OQAS31LPL,clust409
4148,AZQ3R8O7X,clust409
4149,PSGME9Y4Z,clust410
4150,LY9HQ4DZ1,clust410
4151,N2ZGTRPMK,clust410
4152,8P8NFG69D,clust410
4153,ONI4WPGD8,clust411
4154,GK0ZH399Z,clust411
4155,4TY57C8G2,clust411
4156,5CYKX8MVG,clust411
4157,SMP6BHOTH,clust412
4158,N2ZGTRPMK,clust412
4159,4TY57C8G2,clust412
4160,47VHVCOTO,clust412
4161,NTOOQM0YN,clust412
4162,QANEF7G2Q,clust412
4163,PBHPT13IE,clust412
4164,BRWZL3844,clust412
4165,GHA53H4OP,clust412
4166,3WP26LF7B,clust412
4167,CXDCBWJCO,clust412
4168,UODN912PG,clust412
4169,CGXAVDUG0,clust412
4170,IAL6B518C,clust412
4171,0G4JY1OF0,clust412
4172,8M3AR8QWU,clust413
4173,X6JTY7YIY,clust413
4174,0XDQFVG2G,clust413
4175,MZ3FWRH2E,clust413
4176,T59CX9VVN,clust413
4177,O1EQMKY2C,clust413
4178,4HTEY1AXK,clust413
4179,C2K1OVJXP,clust413
4180,4HTEY1AXK,clust414
4181,YNAPPUKXL,clust414
4182,9SPC8J5B4,clust414
4183,7FVU7YYQN,clust414
4184,X8OXIOU9K,clust415
4185,SF26A35BT,clust415
4186,NO905HECV,clust415
4187,KR7XX4HRO,clust415
4188,2RFAD830U,clust415
4189,MAR4IPYNY,clust415
4190,KWLMJBGRC,clust416
4191,9O11IEXK0,clust416
4192,UFJBVVU2W,clust416
4193,39W5I4DM6,clust416
4194,TNEEVHHO6,clust417
4195,1C3TLD1F2,clust417
4196,0XAE7ASA9,clust417
4197,2R983EQI4,clust417
4198,CWUILC3E1,clust417
4199,KJ23LVHUJ,clust417
4200,KSGQ36M23,clust417
4201,76KFGS06W,clust418
4202,MJ25U5BXD,clust418
4203,HELXIONBY,clust418
4204,TCQT1DFPZ,clust418
4205,JXL247K4Q,clust418
4206,GF0Z5QS7D,clust418
4207,YGQUPCJNX,clust418
4208,0NH3MA0WU,clust418
4209,R06N9EWSF,clust418
4210,36QGIKGR2,clust418
4211,C3X15OF4R,clust418
4212,Q3IRNHTVJ,clust418
4213,TNEEVHHO6,clust419
4214,HELXIONBY,clust419
4215,1C3TLD1F2,clust419
4216,2R983EQI4,clust419
4217,CWUILC3E1,clust419
4218,R06N9EWSF,clust419
4219,KSGQ36M23,clust419
4220,NZM6LL9M0,clust420
4221,VP1KPNO6R,clust420
4222,2X2KJWP9W,clust420
4223,T4L1F8PJZ,clust420
4224,ZIGAX4QE0,clust421
4225,7K2423OUL,clust421
4226,FIW93C6V4,clust421
4227,VC02YNH4U,clust421
4228,U5UIGPYXT,clust421
4229,QRJWCDD2Z,clust421
4230,FRNUGB90Y,clust421
4231,9M67XHFEL,clust421
4232,OWIQPVY6L,clust422
4233,21683Q2HO,clust422
4234,O8OJMZP8G,clust422
4235,XGSZV6WLJ,clust422
4236,L42U6SUEE,clust423
4237,0OCQRFAIG,clust423
4238,Y1RJRQTXI,clust423
4239,0C6XRXYM9,clust423
4240,F7PJ27IGQ,clust423
4241,UEHHPV8YX,clust423
4242,ESJ1FAJ40,clust423
4243,QIG4U0UKF,clust423
4244,UBNNDP008,clust423
4245,IF2YTIIEF,clust423
4246,I40QICXJG,clust423
4247,9WHHJ70AI,clust423
4248,0FGWMZ0DQ,clust424
4249,FRTKEEQNE,clust424
4250,2Z9CYUMZY,clust424
4251,K22V9RTRH,clust424
4252,1ANF1L93Y,clust424
4253,CRQWPE455,clust424
4254,0PMO2CUI3,clust424
4255,SVG7HGNJE,clust425
4256,FRTKEEQNE,clust425
4257,2Z9CYUMZY,clust425
4258,K22V9RTRH,clust425
4259,1ANF1L93Y,clust425
4260,0PMO2CUI3,clust425
4261,35ZKAS2EN,clust425
4262,LJ53WUJYJ,clust426
4263,P1A54FAWH,clust426
4264,2DTNIPZ6I,clust426
4265,WBQ1Q5VXJ,clust426
4266,2AWC747I9,clust426
4267,89TG3RQ6M,clust426
4268,6ZMOKP7SR,clust426
4269,QK1UTTD5S,clust427
4270,XW0XGO1NZ,clust427
4271,SRHHYRKHO,clust427
4272,LIDPBY15V,clust427
4273,MGN5EAUR8,clust427
4274,6PJKRKHGV,clust427
4275,7JKWZV2CY,clust427
4276,BW1RAAMLK,clust427
4277,3L5UAW0O7,clust427
4278,G9UXAPBJX,clust427
4279,5XVP8PIYP,clust428
4280,BEJXT7JA8,clust428
4281,KEB2B4NEJ,clust428
4282,XKQVKXV0X,clust428
4283,T4397XV26,clust428
4284,URC7JEA6C,clust428
4285,5YET3H6LQ,clust428
4286,Y7C608NIY,clust428
4287,SMNWD6GXP,clust428
4288,DZKV13XBV,clust428
4289,ZFMDGU036,clust428
4290,AHXEDNCF7,clust429
4291,DANVQ39RN,clust429
4292,BEJXT7JA8,clust429
4293,DDNM4GY42,clust429
4294,OFWIB946V,clust429
4295,ERN02LVD1,clust429
4296,T4397XV26,clust429
4297,V8MBPM306,clust429
4298,83BWEV4E2,clust429
4299,LD2V8QGCG,clust429
4300,OCVQMLAWQ,clust429
4301,7TLFA8OEZ,clust429
4302,DTI57OFIA,clust429
4303,JWEG4BLQH,clust429
4304,4OQXKODF6,clust429
4305,8GNDRSF49,clust429
4306,0XEVBL9SB,clust430
4307,R8FOOJFVI,clust430
4308,EXYGBOOYF,clust430
4309,1OHSGPPVH,clust430
4310,CG2PTQ5EP,clust430
4311,Z1KN7CAOS,clust430
4312,DMGHRVLKS,clust431
4313,CJY907I6G,clust431
4314,HVB2XMWNV,clust431
4315,JXRZERL6Q,clust431
4316,OFWIB946V,clust431
4317,9ZDI7LO4D,clust431
4318,DQG83O5RF,clust431
4319,9459GPYFN,clust431
4320,W995K9PCP,clust431
4321,H4EPHQ5T7,clust431
4322,ALCUCDPJK,clust431
4323,CENY5I0J1,clust431
4324,TH7E4CF5C,clust431
4325,XR34F5MJJ,clust431
4326,WZWDJOYWP,clust431
4327,8GNDRSF49,clust431
4328,5J916WLPK,clust431
4329,Z9UC0HKAG,clust432
4330,DNSF5XXFE,clust432
4331,GVZYXB2CC,clust432
4332,Z77AQND6S,clust432
4333,5O36DGL80,clust432
4334,DWQI7W1F5,clust432
4335,CAZEEAPTJ,clust432
4336,FB352F4CF,clust432
4337,X8GEVAED4,clust433
4338,J306095SW,clust433
4339,MXAIO2HMH,clust433
4340,06YLV2BHR,clust433
4341,2E5G7DDVO,clust433
4342,IKYSU8ZEI,clust433
4343,YP6GTPRFP,clust433
4344,YIBI8L6D6,clust433
4345,9291Q3VOH,clust433
4346,0FZ1RSULB,clust433
4347,RI5IXP10B,clust433
4348,H0XUNP448,clust433
4349,UZZC6HJOS,clust433
4350,O01DIQXRO,clust433
4351,PEVN8E0PA,clust433
4352,OQPDBQXJJ,clust434
4353,2HI89HVM8,clust434
4354,ESOA9KSM5,clust434
4355,Z2V1ZBQFA,clust434
4356,2LHBXTIQ4,clust434
4357,SQDFNOP68,clust435
4358,1I1FXEH3O,clust435
4359,GZ12W6R8J,clust435
4360,OQPDBQXJJ,clust435
4361,YVH8OE0SI,clust435
4362,TMMT1IMRK,clust435
4363,5DK4Z6V1L,clust435
4364,Z2V1ZBQFA,clust435
4365,PK7EVMXFC,clust435
4366,CPFG4UMRT,clust435
4367,TY6CBP1Z3,clust435
4368,TDUMXWJCD,clust436
4369,E9V7SIYM0,clust436
4370,C1XJOAUWH,clust436
4371,HQVJ0TC6N,clust436
4372,6XFF73D4Z,clust436
4373,BFQPNYIFT,clust436
4374,5IJ9H5TQ7,clust436
4375,A945C0GD4,clust436
4376,B7V2BHIAE,clust437
4377,TVW6BAPRO,clust437
4378,0DZR4DSBD,clust437
4379,L6P3YL8YE,clust437
4380,PY9OIQCM0,clust437
4381,7U7V93XHX,clust437
4382,AIZX0GXKS,clust437
4383,6VUM1N9BI,clust437
4384,POOO18VUS,clust437
4385,9XT8YKOZI,clust437
4386,ZWG2K4WR7,clust437
4387,CMH8D8MYC,clust437
4388,KZ3VTBV7R,clust438
4389,KCXBC2KGV,clust438
4390,URLMBSBT0,clust438
4391,VP9OT5VYR,clust438
4392,06172T8B9,clust438
4393,CDTEGHIGC,clust438
4394,7Y8LN36EV,clust438
4395,TLJGHTHBN,clust438
4396,RS17ACKEV,clust438
4397,POLD6KV9U,clust439
4398,CDPIPC8EI,clust439
4399,880K5EH7D,clust439
4400,OWHOG47C7,clust439
4401,YNI7XINUB,clust439
4402,AK2F1JHN4,clust439
4403,BBFHXGKIR,clust439
4404,S34QFBVOI,clust439
4405,QR8EYGTCJ,clust439
4406,1RK5S4K68,clust439
4407,FYDE7OC9X,clust439
4408,7LDUDA7IY,clust439
4409,3BK4DH4T3,clust440
4410,KWZC87SE0,clust440
4411,LU5WFLVYM,clust440
4412,I5JFQLHYL,clust440
4413,JZMNP9I6J,clust440
4414,NS6ER6KMJ,clust440
4415,GYI1GYESF,clust440
4416,0RWU18VLB,clust440
4417,9U9CZQ2HL,clust441
4418,IP54OFKM8,clust441
4419,94O1TR4LU,clust441
4420,VTZKSIMXA,clust441
4421,9VNFBV7HJ,clust441
4422,R5TW2CA1Q,clust441
4423,MWRLT8ORC,clust441
4424,UX0QW3QH7,clust441
4425,J0XWHEFJF,clust441
4426,UFGUF82AE,clust441
4427,H426WU2BU,clust441
4428,6I0MCPWDZ,clust441
4429,S5FNQ53PB,clust441
4430,M2GO8XNQI,clust441
4431,JUP9SNB3W,clust441
4432,B40SPX38N,clust442
4433,NS3V7ZAXM,clust442
4434,7S7NXCJK4,clust442
4435,GKJHAWJJO,clust442
4436,TP1LLDFSB,clust442
4437,TJTNJJX61,clust442
4438,F1G8ZJZO4,clust442
4439,S34TZ5A0H,clust442
4440,G3OHYF601,clust442
4441,7ZA0QD1VS,clust442
4442,KL0TB9S2A,clust443
4443,WT1L2L1CC,clust443
4444,NQEYGOSSV,clust443
4445,86K5Y88HU,clust443
4446,3LIEAXBXP,clust443
4447,ZSITI4QCG,clust443
4448,MLJZE14IK,clust443
4449,8B77X84IY,clust443
4450,FB0B4PRQ0,clust444
4451,EFH6Z64ER,clust444
4452,CHYCYIMPN,clust444
4453,UXDB2KGR3,clust444
4454,KZCKYUOYC,clust444
4455,C1WCLE139,clust444
4456,O004H192Q,clust444
4457,SWAQ53U5S,clust444
4458,LPLVLSP04,clust444
4459,KW0LXFPB9,clust444
4460,CB4SYJ8JE,clust444
4461,0V34BUT46,clust444
4462,ETXKEUSI0,clust444
4463,EWSRFK9SN,clust445
4464,74AEEELFL,clust445
4465,E2XSLRT9W,clust445
4466,W5ZVS39O0,clust445
4467,F9MFM4AZQ,clust445
4468,15KHVNMCV,clust445
4469,NW8EOGFA7,clust445
4470,HXD1UDLKC,clust445
4471,JSGWW9UMH,clust445
4472,PCEKPLDDL,clust445
4473,1RK5S4K68,clust445
4474,NEOGPQ0E0,clust446
4475,LZMP85ODM,clust446
4476,KVG30GKNK,clust446
4477,0DQM40BFD,clust446
4478,VQ5YZ22KI,clust446
4479,QK7IAE1CS,clust446
4480,NZ54NSB7M,clust446
4481,1DVE54U76,clust446
4482,YLLJYVP4I,clust446
4483,P7A0GP6L8,clust446
4484,VQ9WMG6F1,clust446
4485,6AVX7FD72,clust446
4486,G38JDX4G7,clust446
4487,BZ7WA6VDQ,clust447
4488,IKFJYU21I,clust447
4489,OT062JKVF,clust447
4490,7RO792SRG,clust447
4491,ULX0TRO3Y,clust447
4492,FZ2NCOUZF,clust447
4493,A9V3DS3ZQ,clust447
4494,5IBF84QQU,clust448
4495,ZLUPEPUTC,clust448
4496,K0S4W56ME,clust448
4497,K55X3O4QP,clust448
4498,86MEEJ3KX,clust448
4499,PEEH3WXNL,clust448
4500,VVGWBFV08,clust448
4501,WCOXU3XX4,clust448
4502,1AWVNOYZ3,clust448
4503,ZT3Y1SXPK,clust448
4504,ZTXCZKC3M,clust448
4505,OBW7PL9NV,clust448
4506,3IRF1AEK5,clust449
4507,TJIKOOWC6,clust449
4508,M3ODO2D3V,clust449
4509,29SZOBW9X,clust449
4510,CO5135WY7,clust449
4511,KPJOKW3TQ,clust450
4512,FT3J8346U,clust450
4513,O0LHP13U0,clust450
4514,KCDQ4CXYJ,clust450
4515,HY9OWM9TQ,clust450
4516,Q97MZS363,clust451
4517,FFJD5INBR,clust451
4518,1WLZYTRI4,clust451
4519,VWE2N62IA,clust451
4520,6XVPXR76R,clust451
4521,R5LUIROMO,clust451
4522,6QR0I0G4D,clust451
4523,I6TT4QVM3,clust451
4524,8S5CHENYR,clust451
4525,KE9JM66JA,clust451
4526,2V7Q7MRY3,clust451
4527,H7S5FZKO1,clust451
4528,V9FNJGWGM,clust452
4529,WHKC4MXTH,clust452
4530,79JPLOAPN,clust452
4531,YT3RCNIF5,clust452
4532,L9NC6QY6R,clust452
4533,VWB1EE0NL,clust452
4534,H8GRWIWZ0,clust452
4535,M2BWGOMBE,clust452
4536,OFVZ206TS,clust453
4537,JK1V3YRMF,clust453
4538,2JUDLYZ2O,clust453
4539,ZBJVOD6T5,clust453
4540,U65VUKKFI,clust453
4541,879IAYYJE,clust453
4542,5CA22GO6L,clust453
4543,A7H7TNMOL,clust453
4544,OYD418CG7,clust453
4545,8NWEXPLYF,clust453
4546,FGEUUW54L,clust453
4547,XWSEZSLME,clust453
4548,D1CZXQXP1,clust454
4549,0XL3XJX1I,clust454
4550,ZW0Z0CKRR,clust454
4551,OVNOK9H71,clust454
4552,OQLXZKCQ4,clust454
4553,MVC3S3YJO,clust454
4554,A4IDRLWGV,clust454
4555,G68Q95T1B,clust455
4556,K1IKDVTZ9,clust455
4557,PX7KPAAFG,clust455
4558,XF1FUN7OO,clust455
4559,1G6MF1KC0,clust455
4560,CSVL024IC,clust456
4561,CMIU3ZFZQ,clust456
4562,X59JAEVBB,clust456
4563,OGEMCY2WW,clust456
4564,PSUFKT25U,clust456
4565,BKGGA9NZT,clust456
4566,2NLQFZP5M,clust456
4567,QOMHGXNZA,clust456
4568,UROSGMXVD,clust456
4569,LGIOKKSTE,clust456
4570,I1F792M30,clust456
4571,1MR0GU72G,clust456
4572,IMMFW5B0C,clust456
4573,NWZWEA5SQ,clust456
4574,K1TAC2ZVW,clust456
4575,S5470W9IA,clust457
4576,ZWPNO151P,clust457
4577,8PBHVWA0A,clust457
4578,YTMOQH9O4,clust457
4579,YMLVSHM3M,clust457
4580,WFBA75RNJ,clust457
4581,OJJ264OQZ,clust457
4582,DBILY9MM5,clust457
4583,GXG3V1DBW,clust457
4584,9RQ8K3S97,clust457
4585,QFJIAKE5H,clust457
4586,GM76MXT5M,clust458
4587,M6MVQBI0K,clust458
4588,BVBMED8A7,clust458
4589,FZ6FD47OB,clust458
4590,4MAL5N5UE,clust458
4591,L4LXZDO4P,clust458
4592,Z7NASINZP,clust458
4593,EX5PMUDX2,clust458
4594,L6I6GRLJG,clust458
4595,KXG4RL6RN,clust459
4596,7RE2HA4WC,clust459
4597,HTDUV1QM6,clust459
4598,UX4YOAIXC,clust459
4599,HG567ILEJ,clust460
4600,ZRBE8PT8O,clust460
4601,RO273X460,clust460
4602,PHCG2FXQG,clust460
4603,1Z5BJ6EJM,clust460
4604,NRGFGYQEG,clust460
4605,8B0SL0FUW,clust461
4606,F5G6YLO2A,clust461
4607,Z8VG1NU80,clust461
4608,TJ6N3U4N0,clust461
4609,TXS76QH3J,clust461
4610,Y50Y2ES4G,clust461
4611,2S1OV85V9,clust461
4612,42XVUCNRB,clust461
4613,CNOP4LYYJ,clust461
4614,4WEVGMEA5,clust462
4615,1IOCIV4L4,clust462
4616,2NPQI14KI,clust462
4617,MVLSMVSFA,clust462
4618,F5G6YLO2A,clust462
4619,GQDOZNXLU,clust462
4620,4MWJK1AXS,clust462
4621,2RU82Z50Z,clust462
4622,JAAB9OSPI,clust462
4623,SRJ1SNY64,clust462
4624,PQO8SE627,clust462
4625,TJ6N3U4N0,clust462
4626,09U5W8BJA,clust462
4627,A3TVKTAS8,clust462
4628,42XVUCNRB,clust462
4629,F807XHRXR,clust463
4630,00BXY8FC6,clust463
4631,ERW6M2BS6,clust463
4632,I8763H5KI,clust463
4633,C2229A2WS,clust464
4634,775QKZ8FA,clust464
4635,3Z6UJGEWE,clust464
4636,BAEYLKBNT,clust464
4637,J7UX5X875,clust464
4638,IYRTYO3HT,clust464
4639,32J8Q8CED,clust465
4640,9PBYDVU9D,clust465
4641,NFZ0X5BYO,clust465
4642,L87U9DF7A,clust465
4643,775QKZ8FA,clust465
4644,7GSZGZCXD,clust465
4645,3Z6UJGEWE,clust465
4646,XCF2N6FF4,clust465
4647,ENVHKFT0V,clust465
4648,J7UX5X875,clust465
4649,A8WW1U548,clust465
4650,IYRTYO3HT,clust465
4651,9NBYFFROR,clust466
4652,AC7A9GS1G,clust466
4653,747XR2C9F,clust466
4654,X9E6HVN36,clust466
4655,22TFCYISH,clust466
4656,UUH0ZMGWA,clust466
4657,WTIV0H6XB,clust466
4658,I65Y1ZI7V,clust466
4659,YKAH3GN96,clust466
4660,D7NLYO4EN,clust466
4661,83HBU9LC1,clust467
4662,HHS5XMABH,clust467
4663,FWMUT7MM9,clust467
4664,SBFK58NO9,clust467
4665,9DDM4TOFP,clust467
4666,IPNG73LBT,clust467
4667,WXGCHX1KJ,clust468
4668,UPOXOV23Y,clust468
4669,HHS5XMABH,clust468
4670,2CHDWLDIP,clust468
4671,JOSZ0HM23,clust468
4672,G5W7ZH33K,clust468
4673,9DDM4TOFP,clust468
4674,QBA4AKRIL,clust468
4675,FWMUT7MM9,clust469
4676,A5CODC0AU,clust469
4677,VFYZX81AZ,clust469
4678,SBFK58NO9,clust469
4679,PXWHJVFUA,clust470
4680,IPNG73LBT,clust470
4681,JHK7A2OA1,clust470
4682,83HBU9LC1,clust470
4683,DKBA2S50O,clust471
4684,7VX549TF4,clust471
4685,FAI4E49II,clust471
4686,SZMEKZ5KR,clust471
4687,3YJP3HFUQ,clust471
4688,YP03MZ8IP,clust471
4689,VGZBBMK4V,clust471
4690,OFSF4LR2C,clust471
4691,2CS634BU3,clust471
4692,73ENOLP7D,clust471
4693,PDNEBT66B,clust471
4694,Z7O6ZDJKJ,clust471
4695,21N0XSGVZ,clust471
4696,PVP443TL3,clust471
4697,2JWOS3B75,clust472
4698,ZVJG8MQ97,clust472
4699,CDL6D0BNB,clust472
4700,Q1NKTOTO8,clust472
4701,XKI22066V,clust472
4702,PW7RM0N63,clust473
4703,F9U0M4TC5,clust473
4704,2S623WU21,clust473
4705,TOFNRJKMV,clust473
4706,XBWEC6OGU,clust473
4707,4TY5PCM1K,clust473
4708,C88SL0WQV,clust473
4709,3Z706H3PE,clust474
4710,9O1SKE4QG,clust474
4711,04KORE5KO,clust474
4712,96VHQRFFT,clust474
4713,3D17B0ZJK,clust474
4714,XLLCDZEKX,clust474
4715,2HIKJF0TK,clust474
4716,HZ6W19C7P,clust474
4717,8J03DUWNR,clust474
4718,2KTI9HR2K,clust474
4719,5WI6268PU,clust474
4720,YAZXQHQW8,clust475
4721,4FR6XWR7I,clust475
4722,T6T5HQS92,clust475
4723,ZV6H082TO,clust475
4724,QC0TYLKBM,clust475
4725,5B7KSOKCA,clust475
4726,SZM5LRBI4,clust475
4727,OTS5PIXU2,clust475
4728,5EU0NL2BT,clust475
4729,R80CHIQOB,clust475
4730,6TA4B3YPY,clust475
4731,2Z22X43X7,clust475
4732,77WTE6HLY,clust475
4733,R0WRVKY8Y,clust476
4734,TX176AWVB,clust476
4735,3NX72VKD5,clust476
4736,FKGSNGYLM,clust476
4737,2Z22X43X7,clust476
4738,XL18PMO40,clust476
4739,77WTE6HLY,clust476
4740,0AAMUVG2Z,clust477
4741,437SU5MO9,clust477
4742,HFG4NW463,clust477
4743,P4AWJF9NQ,clust477
4744,AP4SA6247,clust477
4745,H2016608B,clust478
4746,CSUNT44B0,clust478
4747,HIJFYQBV4,clust478
4748,OPJWZ3ZDU,clust478
4749,07I8WO1U7,clust478
4750,XV6B6P0MI,clust478
4751,DV7OKTG07,clust479
4752,BK7KYYFJ8,clust479
4753,FN2R9IZZH,clust479
4754,FMCXHACYM,clust479
4755,SWTLMUK90,clust479
4756,WJLNB07QV,clust479
4757,8X5L4IV8O,clust480
4758,UCMI3QKO2,clust480
4759,MID2EIIHP,clust480
4760,4GQTHGQSG,clust480
4761,TM3WDHLYA,clust480
4762,JJP297Q8K,clust480
4763,2PJT9NJ3I,clust480
4764,EC5I72EWF,clust480
4765,RVF0ROIO4,clust480
4766,WNHV7V0UJ,clust480
4767,RU7XV1S6G,clust480
4768,S87EK23BW,clust480
4769,HD4R8JW6I,clust480
4770,Q1YJ3KJNU,clust481
4771,6GTXVW8P2,clust481
4772,GF6SLIQ0N,clust481
4773,J8PTVR9KH,clust481
4774,JOPC45QH0,clust481
4775,2XUP6WYO3,clust481
4776,9X9732B4B,clust481
4777,UK7WLBTWH,clust482
4778,BYFTF1TYZ,clust482
4779,N6VNDXVG9,clust482
4780,K4Z1QLL1L,clust482
4781,3SPV8VS1Y,clust483
4782,P2Y6PMRLT,clust483
4783,FRPLF6FT9,clust483
4784,Z5UKRU5C9,clust483
4785,2OJPS8LNE,clust483
4786,3Z0LFJPDX,clust483
4787,E98HWCREC,clust484
4788,A7AB0FL48,clust484
4789,ZNX3DYCOL,clust484
4790,0NDVS7L41,clust484
4791,FO6CNFYRA,clust484
4792,VCI2PFM3X,clust484
4793,AAQO4OJUP,clust484
4794,L0VOKAK36,clust485
4795,3AJ99UV8V,clust485
4796,98KBIYRLA,clust485
4797,DUJHKZ6K8,clust485
4798,B4ELP5UBN,clust485
4799,ADLE37X1C,clust485
4800,CC4P6QC68,clust485
4801,BH5409VXY,clust485
4802,FR1OGTDGZ,clust486
4803,MX0OOL2DK,clust486
4804,4IIWXDCZG,clust486
4805,4WKBP298H,clust486
4806,QTZG2M407,clust486
4807,8I6DUA6OZ,clust486
4808,VOOPY8BP2,clust486
4809,DYFHEH3TU,clust486
4810,W0Y2AAS32,clust486
4811,27OQ6JKLC,clust487
4812,R49EOALLZ,clust487
4813,1E9YXJ3CB,clust487
4814,HONE8CLTZ,clust487
4815,XM8IRJTZ5,clust488
4816,66HXN8C4C,clust488
4817,LCT9D6YRL,clust488
4818,O6NVQZZ2H,clust488
4819,YDY6U6937,clust488
4820,UVZCT72GC,clust489
4821,4IZ061OPU,clust489
4822,G1DNDA6E8,clust489
4823,U9UFJ8G3Q,clust489
4824,TPAK822AL,clust489
4825,2WC81S7B2,clust489
4826,R1IRG59KU,clust490
4827,HG567ILEJ,clust490
4828,SNY955P1L,clust490
4829,7XQJKVS9U,clust490
4830,WTX5G2963,clust490
4831,XLBPXM58W,clust490
4832,65OQ66LPB,clust491
4833,MAJDFJ5NC,clust491
4834,4L7132476,clust491
4835,U9H9EUNZC,clust491
4836,9OIVOP9AE,clust491
4837,5KFX4YO5G,clust491
4838,3GKKXUA0E,clust491
4839,D8GNTE2SG,clust491
4840,9KHTLQ9R9,clust491
4841,YMUJSODEC,clust491
4842,AQ7L493BT,clust491
4843,UBDZ9E34T,clust491
4844,YFU7XZYCL,clust492
4845,VZQAFUMUS,clust492
4846,PDUO215VN,clust492
4847,TM2ZFMD0H,clust492
4848,6Z5XKWYWB,clust492
4849,3GKKXUA0E,clust492
4850,O2TC398EM,clust492
4851,VOHHJBAIE,clust493
4852,L6AJSWGDR,clust493
4853,CGYLHFHCF,clust493
4854,VW9IVMS44,clust493
4855,GQSDINOYB,clust493
4856,78XN3409T,clust493
4857,R9PZ22IKE,clust493
4858,BSQHWK0E7,clust493
4859,QT5SJ0FID,clust493
4860,4ZMM0BC2H,clust494
4861,71JBIN9NI,clust494
4862,N7T7AH3VL,clust494
4863,G7GOGJ9LF,clust494
4864,DIM4CIMWY,clust494
4865,HV5RUKUK0,clust494
4866,BYFBQ5FA9,clust494
4867,BTJXT4LPA,clust494
4868,NFNRY7WNR,clust495
4869,SRP4OWV46,clust495
4870,YVGCDQ7Q6,clust495
4871,UM7KZXROA,clust495
4872,K1FUEP02I,clust495
4873,CJY907I6G,clust496
4874,JXRZERL6Q,clust496
4875,9ZDI7LO4D,clust496
4876,DQG83O5RF,clust496
4877,W995K9PCP,clust496
4878,WZWDJOYWP,clust496
4879,ALCUCDPJK,clust496
4880,5OZ1EGLTA,clust497
4881,RNYAT9B1U,clust497
4882,A8J2I45XR,clust497
4883,APCDZ9BOI,clust497
4884,GSTZA7V0N,clust497
4885,DPN9YAZ5Y,clust497
4886,PJZEJESR2,clust497
4887,O49NROEFV,clust497
4888,L2O6INDUG,clust497
4889,JYWSNNH5K,clust498
4890,6ASBWKX50,clust498
4891,PKFXXL9SC,clust498
4892,C1BWCEAKJ,clust498
4893,XQK5OEJWI,clust498
4894,T0ADZ9JRC,clust498
4895,5IIP3E541,clust499
4896,H1J8S343Y,clust499
4897,HD4R8JW6I,clust499
4898,QVI2JVTIZ,clust499
4899,9U743AV4H,clust500
4900,XPKS6C3IC,clust500
4901,N9JRSCMP2,clust500
4902,N6VWMI2O2,clust500
4903,F23GUO6GP,clust500
4904,S8H8EINF7,clust500
4905,CZMCKQRRA,clust500
4906,GNPBVG4OO,clust500
4907,V1UQTCO6P,clust501
4908,I70IUYF88,clust501
4909,0RCZJAI50,clust501
4910,DB3PTVNIC,clust501
4911,04AO5B0HC,clust501
4912,E4G0B4M9T,clust501
4913,TMLQZ8LN4,clust501
4914,INP2IY568,clust501
4915,77P6HT05W,clust501
4916,FYB7SN9YL,clust501
4917,9H5IYUYQM,clust501
4918,A2MGMQ7ME,clust501
4919,V1UQTCO6P,clust502
4920,I70IUYF88,clust502
4921,4ZOB7NL5D,clust502
4922,DB3PTVNIC,clust502
4923,880K5EH7D,clust502
4924,04AO5B0HC,clust502
4925,E4G0B4M9T,clust502
4926,77P6HT05W,clust502
4927,FYB7SN9YL,clust502
4928,A2MGMQ7ME,clust502
4929,OEH6HK4DF,clust502
4930,1PUA61GED,clust502
4931,RPKB6JL02,clust503
4932,1SATQZB3E,clust503
4933,CEA5DFKHU,clust503
4934,Z44SLOHZK,clust503
4935,JDI6MG31T,clust503
4936,WMPC89ZSW,clust503
4937,47YIEAMBD,clust503
4938,X5UCST7OI,clust503
4939,UF3F01080,clust503
4940,7SMMAYPES,clust503
4941,TOAMK8ISC,clust503
4942,F45AVKQVY,clust503
4943,I3A5OKP6O,clust504
4944,1SATQZB3E,clust504
4945,CEA5DFKHU,clust504
4946,Z44SLOHZK,clust504
4947,J88UV83SR,clust504
4948,JDI6MG31T,clust504
4949,WMPC89ZSW,clust504
4950,4P8FTSZQF,clust504
4951,X5UCST7OI,clust504
4952,MIJNMCWRE,clust504
4953,7SMMAYPES,clust504
4954,F45AVKQVY,clust504
4955,NJRJP1N4O,clust505
4956,ZB12NFPE6,clust505
4957,XX8MKYP67,clust505
4958,4EP2FUHXN,clust505
4959,6F4XDSLVC,clust506
4960,1BSY8FP4B,clust506
4961,O16TC48BQ,clust506
4962,1072SI687,clust506
4963,P8LTJA72M,clust506
4964,CIU70FT54,clust506
4965,NJRJP1N4O,clust506
4966,TFFHCT9B4,clust506
4967,T80Q15MUC,clust507
4968,M03BHQCXD,clust507
4969,AQ8UN8END,clust507
4970,MIPA1H06D,clust507
4971,RSBN4OISE,clust507
4972,E2SIBNV4L,clust507
4973,0PFE6SUBW,clust507
4974,PFPOQ956A,clust507
4975,W3XOPI21F,clust507
4976,8ZSI327BQ,clust507
4977,W4AJ0YX1Y,clust507
4978,M613JCWQF,clust508
4979,SRTMCY49U,clust508
4980,XKQVKXV0X,clust508
4981,Q4KIBT8N7,clust508
4982,NJQHGVUCB,clust508
4983,FK7EF33KC,clust508
4984,KVVOXLVKX,clust508
4985,KVKW5TMDD,clust509
4986,1NYRR1DOC,clust509
4987,5AWR2YF75,clust509
4988,FUNXCYU8C,clust509
4989,0002Y95AH,clust509
4990,MPWKF96EQ,clust509
4991,8WU4KZS3E,clust510
4992,B9GO66UBQ,clust510
4993,ODJQHTT7Q,clust510
4994,W3KKUI9LE,clust510
4995,Z2LN74N5Y,clust510
4996,8W1503890,clust510
4997,BILGYIBKT,clust510
4998,A8UTMPSSW,clust510
4999,09QX9VZX2,clust510
5000,91D2WIINT,clust510
5001,CT41HP9HE,clust511
5002,X130ZNSL2,clust511
5003,SIRBU30ZC,clust511
5004,SLPCK2NU7,clust511
5005,93KXR339K,clust511
5006,4EXPEJZEZ,clust511
5007,L5UY42A9A,clust512
5008,51W63VVLS,clust512
5009,CVG6JJEK3,clust512
5010,EE6OIIMPA,clust512
5011,U3WQE4IXI,clust512
5012,BFFHDPUOP,clust512
5013,GQKBUFMIJ,clust513
5014,Q6MSO29BD,clust513
5015,9QR0YHSJH,clust513
5016,AAAWX170V,clust513
5017,3407CLUL1,clust514
5018,YH3GT08Q9,clust514
5019,ZTYAXFDA9,clust514
5020,PIEIPKPR2,clust514
5021,TI97QMEIJ,clust514
5022,KLSYAQNTZ,clust514
5023,WBBOVD74L,clust514
5024,7Z4AJXOBS,clust514
5025,4OSVC88WV,clust514
5026,FSPHO1T4Z,clust514
5027,YH3GT08Q9,clust515
5028,HDYD3PFXY,clust515
5029,QDHKW267S,clust515
5030,YRPK3294F,clust515
5031,ZTYAXFDA9,clust515
5032,M2A3RVFB0,clust515
5033,PIEIPKPR2,clust515
5034,TI97QMEIJ,clust515
5035,S4HDGYTMQ,clust515
5036,DANVQ39RN,clust516
5037,DDNM4GY42,clust516
5038,V8MBPM306,clust516
5039,JWEG4BLQH,clust516
5040,83BWEV4E2,clust516
5041,AHXEDNCF7,clust516
5042,OFWIB946V,clust517
5043,LD2V8QGCG,clust517
5044,OCVQMLAWQ,clust517
5045,DTI57OFIA,clust517
5046,4OQXKODF6,clust517
5047,8GNDRSF49,clust517
5048,SFJDAPQLI,clust518
5049,7QV541RGM,clust518
5050,6CV27NZD6,clust518
5051,3O61J1NLQ,clust518
5052,GKIXNE8W0,clust518
5053,6S7D4KRZZ,clust518
5054,K1GU34774,clust518
5055,KWMQFX2OY,clust519
5056,RLE3V2VHT,clust519
5057,URC7JEA6C,clust519
5058,FCR4X146P,clust519
5059,6SUYBSQ3O,clust519
5060,VUVUP92DP,clust519
5061,UZK48RUO5,clust520
5062,LBTQOKF4P,clust520
5063,ZEEPJNL8M,clust520
5064,EW01SD6QV,clust520
5065,YJ3OW71VA,clust520
5066,N1S132RVA,clust521
5067,AWR8HDVBX,clust521
5068,1UD652CDD,clust521
5069,YVDZQOJOM,clust521
5070,LHK3G4AVM,clust521
5071,FGXFTJPCB,clust521
5072,1H67GBKGS,clust521
5073,ZT7ZMXADO,clust521
5074,AMRZG59AL,clust522
5075,VIZCW0L2L,clust522
5076,JLHYFJ1IX,clust522
5077,A301P3EJN,clust522
5078,DHAXA1VOX,clust522
5079,DP3TP4UZB,clust523
5080,2HVUCI8KU,clust523
5081,34ZD8I5WE,clust523
5082,6XF62RKOH,clust523
5083,J8XUSZ531,clust523
5084,H3QL17OF6,clust523
5085,WRNLCLZPA,clust523
5086,XA40VAYYD,clust523
5087,8C64ENIOG,clust523
5088,N78EX43CQ,clust523
5089,ETXKEUSI0,clust523
5090,D1GTUA1LG,clust524
5091,4AV6GXO42,clust524
5092,EJPHVT3RX,clust524
5093,GCMIWMD9H,clust524
5094,1D1SGSACI,clust524
5095,ZB3U6I3GO,clust524
5096,5QGV593YM,clust524
5097,UMXJ9796N,clust524
5098,9DLDYNXG4,clust525
5099,J3SFOINBS,clust525
5100,FHYOPPYU5,clust525
5101,A20U90K8W,clust525
5102,JXXNFVPQ6,clust526
5103,OA2H5EO3K,clust526
5104,4XQV9LU7P,clust526
5105,REPR7RVUE,clust526
5106,XF3DBO5JX,clust526
5107,E33GB5L29,clust526
5108,NHW50M9SR,clust526
5109,XGUW262YR,clust526
5110,IHJO63F35,clust526
5111,2WWSHU5ZH,clust526
5112,7ZEWNAVGV,clust527
5113,7C61HW2MB,clust527
5114,2AWE4KB2K,clust527
5115,REKOM2M0O,clust527
5116,SLGW3H8T0,clust527
5117,HXNHNKGZI,clust527
5118,75C6THI8N,clust527
5119,P5D76V14G,clust527
5120,7ZEWNAVGV,clust528
5121,LFN85CO2G,clust528
5122,323I1FH3L,clust528
5123,WKRETM1XX,clust528
5124,9WP9F94JN,clust528
5125,59ZKUR3XD,clust528
5126,JLZMGO51L,clust528
5127,O089M88NL,clust529
5128,03Q63121B,clust529
5129,L2FOJ3SB9,clust529
5130,ZROWPK1H9,clust529
5131,EJYILYBP0,clust529
5132,OYLL2E9S0,clust530
5133,R2GSVW2FY,clust530
5134,VM4BEW6L9,clust530
5135,H7CYHY36X,clust530
5136,N40DCCTA0,clust530
5137,IBKL10KIK,clust530
5138,LE7VK62IV,clust530
5139,QSRNUIAU9,clust530
5140,NRTOCR84E,clust530
5141,BR8QTI1IE,clust530
5142,ZQHW55Y5D,clust531
5143,Y10KBDEW5,clust531
5144,VRMBFPXU1,clust531
5145,YY22XWP42,clust531
5146,WNUZDD60G,clust531
5147,LQBT2NEUT,clust531
5148,A28I10ZCE,clust531
5149,4V03TEM5D,clust531
5150,4WEVGMEA5,clust532
5151,1IOCIV4L4,clust532
5152,2NPQI14KI,clust532
5153,MVLSMVSFA,clust532
5154,4MWJK1AXS,clust532
5155,2RU82Z50Z,clust532
5156,JAAB9OSPI,clust532
5157,SRJ1SNY64,clust532
5158,PQO8SE627,clust532
5159,09U5W8BJA,clust532
5160,A3TVKTAS8,clust532
5161,MVLSMVSFA,clust533
5162,F5G6YLO2A,clust533
5163,2RU82Z50Z,clust533
5164,TJ6N3U4N0,clust533
5165,42XVUCNRB,clust533
5166,R086L2ZB4,clust534
5167,IOVFNXNFW,clust534
5168,JRKM02B0K,clust534
5169,9L83H9449,clust534
5170,W4SIJEY6O,clust535
5171,4QMKXZGJ4,clust535
5172,4F19GUJA0,clust535
5173,HWDDJLFSU,clust535
5174,WKF6VNLCU,clust535
5175,DYOWLG3Z7,clust535
5176,T862KSUVV,clust536
5177,CWCLJC1SS,clust536
5178,R0B3JMB06,clust536
5179,FHA1UA2D1,clust536
5180,06YLV2BHR,clust537
5181,RI5IXP10B,clust537
5182,H0XUNP448,clust537
5183,O01DIQXRO,clust537
5184,PEVN8E0PA,clust537
5185,X8GEVAED4,clust538
5186,2E5G7DDVO,clust538
5187,UZZC6HJOS,clust538
5188,9291Q3VOH,clust538
5189,IKYSU8ZEI,clust538
5190,UX0QW3QH7,clust539
5191,IP54OFKM8,clust539
5192,H426WU2BU,clust539
5193,JUP9SNB3W,clust539
5194,94O1TR4LU,clust540
5195,9VNFBV7HJ,clust540
5196,R5TW2CA1Q,clust540
5197,J0XWHEFJF,clust540
5198,VTZKSIMXA,clust540
5199,SMP6BHOTH,clust541
5200,B19C93WJN,clust541
5201,B1DZD1VUR,clust541
5202,COJBWLSYI,clust541
5203,9Q3ONXDZ8,clust541
5204,09L7SK2RK,clust541
5205,HT9YG42G1,clust541
5206,EIJCN0IDW,clust541
5207,7A8UJTRY1,clust542
5208,EYZHVFIH5,clust542
5209,H3QZGWZFY,clust542
5210,COJBWLSYI,clust542
5211,9Q3ONXDZ8,clust542
5212,UK7H0EHV5,clust542
5213,ATV2Y1M9T,clust543
5214,76V074RJD,clust543
5215,8DA3Z5SJ5,clust543
5216,DAU7O8YU6,clust543
5217,U9877KFTP,clust543
5218,9UOXQOTUC,clust544
5219,2KY8RSJ3P,clust544
5220,S1ZJP7VXV,clust544
5221,REPWFSVVQ,clust544
5222,3K9NV78OJ,clust544
5223,N9TEPET3J,clust545
5224,DA1NADQ5J,clust545
5225,S28N1NBSC,clust545
5226,AUQX6IQ2W,clust545
5227,EPU85E2UE,clust545
5228,AE9N8LHDI,clust545
5229,UB8L6962U,clust545
5230,MTCH1EW7A,clust546
5231,XCOTZKYEF,clust546
5232,WHZWRL8I7,clust546
5233,3M2CW3SJ0,clust546
5234,JOE2BVJWK,clust546
5235,55FLPQZ4U,clust546
5236,5KBFQQQ7P,clust547
5237,M0C5U013G,clust547
5238,MFWS3SIRD,clust547
5239,TON3IC500,clust547
5240,DDKURNANE,clust547
5241,CSVL024IC,clust548
5242,X59JAEVBB,clust548
5243,OGEMCY2WW,clust548
5244,2NLQFZP5M,clust548
5245,K1TAC2ZVW,clust548
5246,QOMHGXNZA,clust548
5247,I1F792M30,clust548
5248,PSUFKT25U,clust548
5249,CMIU3ZFZQ,clust549
5250,BKGGA9NZT,clust549
5251,LGIOKKSTE,clust549
5252,1MR0GU72G,clust549
5253,IMMFW5B0C,clust549
5254,NWZWEA5SQ,clust549
5255,O13Y541S7,clust550
5256,OI27TI0OT,clust550
5257,RRWFTGU3Q,clust550
5258,XTPPLP4TB,clust550
5259,N2ZGTRPMK,clust551
5260,PBHPT13IE,clust551
5261,QANEF7G2Q,clust551
5262,BRWZL3844,clust551
5263,3WP26LF7B,clust551
5264,UODN912PG,clust551
5265,IAL6B518C,clust551
5266,CGXAVDUG0,clust551
5267,4TY57C8G2,clust552
5268,NTOOQM0YN,clust552
5269,PBHPT13IE,clust552
5270,QANEF7G2Q,clust552
5271,BRWZL3844,clust552
5272,CXDCBWJCO,clust552
5273,UODN912PG,clust552
5274,CGXAVDUG0,clust552
5275,42LKJNP7Y,clust553
5276,BRFFMYP4R,clust553
5277,VVJTPHS2V,clust553
5278,ASADTFYAU,clust553
5279,WCPPIAC6V,clust553
5280,DA53MUMAR,clust553
5281,F5XYK4UNZ,clust553
5282,KRE666J3A,clust553
5283,0U308SCBJ,clust554
5284,HHUAXT9R1,clust554
5285,GJN48OFYN,clust554
5286,PKMXP8ABX,clust554
5287,7LDGLIMA7,clust555
5288,4EP2FUHXN,clust555
5289,VI7OLTO7I,clust555
5290,NO6I619QS,clust555
5291,W2H6H50YH,clust555
5292,9C71WP0FX,clust556
5293,UX4YOAIXC,clust556
5294,W2H6H50YH,clust556
5295,3NWL33WY4,clust556
5296,WUSZKIGD9,clust556
5297,9SLPB6HQ6,clust556
5298,PWCRKTAZP,clust557
5299,FWMD3VJEB,clust557
5300,V3BI5MW8F,clust557
5301,4WMJDMO6K,clust557
5302,FTV4TMYSD,clust557
5303,8HSN1D1EU,clust557
5304,JPJY9D7D7,clust558
5305,SFQXTRBAL,clust558
5306,5LZQFXUR7,clust558
5307,PU8PJR1WG,clust558
5308,J61I0S61Q,clust558
5309,DV7HSOAZE,clust558
5310,B4MYXT578,clust558
5311,EP41P2A9O,clust558
5312,QO5LZRSNQ,clust559
5313,SVWM8YUXR,clust559
5314,ZKL7LXND0,clust559
5315,L6RYKGFU6,clust559
5316,BE72NXV2M,clust559
5317,6N0JJ15CT,clust559
5318,8WJFQ2A6U,clust560
5319,KDVFUP4TD,clust560
5320,T0YF1PJF4,clust560
5321,BCBF1JNES,clust560
5322,NDUKLWK8B,clust560
5323,2RWA2YWVR,clust560
5324,47UTTMK1E,clust560
5325,5RJGXQMAQ,clust561
5326,YH87HNPU3,clust561
5327,1492JGBAL,clust561
5328,W2J6EHXC9,clust561
5329,HCIVSRO6X,clust561
5330,HX44HA4SD,clust561
5331,F5RTA2TWE,clust562
5332,PWXX89UPF,clust562
5333,YK9N55OQ7,clust562
5334,M2CJZ48BY,clust562
5335,AVRC5RZG9,clust562
5336,XSXWYJ8L7,clust562
5337,988MFNZJV,clust562
5338,U90YIJ2BT,clust562
5339,DXH4MQTUP,clust563
5340,79RJLD7CS,clust563
5341,D666VI638,clust563
5342,19IUIS73A,clust563
5343,50FNBORI9,clust564
5344,CT41HP9HE,clust564
5345,X130ZNSL2,clust564
5346,SIRBU30ZC,clust564
5347,SLPCK2NU7,clust564
5348,93KXR339K,clust564
5349,4EXPEJZEZ,clust564
5350,K3JN1GILI,clust564
5351,50FNBORI9,clust565
5352,MEDDWBDHB,clust565
5353,X6QOE5G2Y,clust565
5354,KG1MU8S9Y,clust565
5355,6YR8TEHRL,clust565
5356,YR9OEWWJT,clust565
5357,8VVUFT65C,clust566
5358,TBR391NH6,clust566
5359,M9608DT6G,clust566
5360,7FK7GEGS4,clust566
5361,1OH7IEK8B,clust567
5362,CA8PVSGXO,clust567
5363,MKW0JR0XQ,clust567
5364,Q0WI35RIC,clust567
5365,W0PQ0TQ08,clust567
5366,XVVV41I9X,clust567
5367,5M4J2FDL6,clust568
5368,1MGD343KO,clust568
5369,BSDNDF39Q,clust568
5370,XBBS267UH,clust568
5371,FCELK5K1A,clust568
5372,7SC7AB8RH,clust569
5373,ZE4OUPADO,clust569
5374,RPKB6JL02,clust569
5375,CETXWP21X,clust569
5376,G9KWZASO0,clust570
5377,DKZ9PC0DI,clust570
5378,E1Z1YWIRP,clust570
5379,6395TKO95,clust570
5380,JTF4YU05C,clust570
5381,6E7SLMTSD,clust570
5382,OM6ZIT2N4,clust570
5383,MSHWEYU41,clust571
5384,5VPGK5TF1,clust571
5385,7LDAV488D,clust571
5386,8KDG6RWDA,clust571
5387,SOX3UVQOO,clust571
5388,EZVLSUVO9,clust571
5389,3BK4DH4T3,clust572
5390,E1Z1YWIRP,clust572
5391,7LDAV488D,clust572
5392,8KDG6RWDA,clust572
5393,SOX3UVQOO,clust572
5394,9EE80ILP8,clust573
5395,69SDL7260,clust573
5396,GY2NA0ZLP,clust573
5397,0PQ77I411,clust573
5398,BYLP8NB8Y,clust573
5399,S5FREKGMY,clust573
5400,Z7O6ZDJKJ,clust574
5401,73ENOLP7D,clust574
5402,21N0XSGVZ,clust574
5403,OFSF4LR2C,clust574
5404,DKBA2S50O,clust575
5405,7VX549TF4,clust575
5406,FAI4E49II,clust575
5407,3YJP3HFUQ,clust575
5408,OFSF4LR2C,clust575
5409,2CS634BU3,clust575
5410,PVP443TL3,clust575
5411,65JKZ3HK3,clust576
5412,SM9OAFDAR,clust576
5413,TU1M27I2Q,clust576
5414,A5ULF7RM4,clust576
5415,U35AW46HW,clust576
5416,IGGCJNNTP,clust576
5417,1LUY8XZ02,clust576
5418,9VX0DIX0J,clust576
5419,OZVOXWUDD,clust576
5420,3FEZQBXER,clust577
5421,SNGQG1H1J,clust577
5422,1C32XQJ7F,clust577
5423,9BEUOOGOD,clust577
5424,TU1M27I2Q,clust577
5425,9VX0DIX0J,clust577
5426,L0W8R2KVL,clust578
5427,4TK04NHWL,clust578
5428,OQAS31LPL,clust578
5429,AZQ3R8O7X,clust578
5430,YUMLT3UEQ,clust579
5431,S7LQ8ZD5Z,clust579
5432,T6OHWUT7A,clust579
5433,Q3L4XYKCD,clust579
5434,Z4BLIF8V7,clust579
5435,QWTSO7FGE,clust579
5436,Z5ZYCJOPG,clust579
5437,B2K1AYXH5,clust579
5438,5DSM7ZTLH,clust580
5439,S82H7NWKP,clust580
5440,KDV7UYVTO,clust580
5441,XEHEF3HSK,clust580
5442,OW6SJ1817,clust580
5443,FQGS24Q5W,clust580
5444,NRNVK1UJ6,clust580
5445,AQ3ATU5GF,clust580
5446,VUWGSQXDC,clust580
5447,4X6S5IVXW,clust581
5448,G1H96ARJ1,clust581
5449,QJMNJ7UWO,clust581
5450,IQ7D8KBER,clust581
5451,FQ10STQD6,clust581
5452,E9UFFEG4Q,clust581
5453,A5HWMJIMM,clust581
5454,BAU0JI1NA,clust581
5455,AYKG94B15,clust581
5456,2JORMMYDZ,clust582
5457,20OV1UHN9,clust582
5458,W6LFPX0PP,clust582
5459,RP3KLLZFZ,clust582
5460,DMYCLA6A8,clust582
5461,SFFJPF9JS,clust583
5462,B9543DD2B,clust583
5463,Y4RJETU5X,clust583
5464,MNR21JQTR,clust583
5465,PHQ0AZGU3,clust583
5466,DUHY7LAJK,clust583
5467,71JZ32UYV,clust583
5468,QVPTVBMUF,clust584
5469,QLLOF1Z4A,clust584
5470,OXV8X3CFI,clust584
5471,JF1C5RXRP,clust584
5472,8PA2ABTRE,clust584
5473,A2VUU52I6,clust584
5474,LX2F1GAWC,clust584
5475,EFA2HXSDR,clust584
5476,J1YCNRJUC,clust584
5477,4QJTBRHHS,clust584
5478,8BJU62ZEH,clust585
5479,JZQ40BWMD,clust585
5480,7BCIPPIXX,clust585
5481,QKSVR8C8S,clust585
5482,6D0HQY5W9,clust585
5483,21ITCQ4GC,clust585
5484,38450SBZQ,clust585
5485,F6GTQGU32,clust585
5486,1RITQ45NO,clust585
5487,8X5L4IV8O,clust586
5488,WNHV7V0UJ,clust586
5489,TM3WDHLYA,clust586
5490,RU7XV1S6G,clust586
5491,0DQM40BFD,clust587
5492,NZ54NSB7M,clust587
5493,1DVE54U76,clust587
5494,YLLJYVP4I,clust587
5495,P7A0GP6L8,clust587
5496,VQ9WMG6F1,clust587
5497,6AVX7FD72,clust587
5498,KVG30GKNK,clust588
5499,NEOGPQ0E0,clust588
5500,VQ5YZ22KI,clust588
5501,LZMP85ODM,clust588
5502,0V34BUT46,clust589
5503,UXDB2KGR3,clust589
5504,KZCKYUOYC,clust589
5505,EFH6Z64ER,clust589
5506,FB0B4PRQ0,clust590
5507,CHYCYIMPN,clust590
5508,C1WCLE139,clust590
5509,KW0LXFPB9,clust590
5510,O004H192Q,clust590
5511,CB4SYJ8JE,clust590
5512,SWAQ53U5S,clust590
5513,LPLVLSP04,clust590
5514,RTF3IIC8B,clust591
5515,BG9ZQ5BDY,clust591
5516,HJDRNJZSU,clust591
5517,03EH72R04,clust591
5518,8FFJFB180,clust591
5519,CAI4IP357,clust591
5520,DKH4NFHLN,clust592
5521,8QOD7P357,clust592
5522,10FELDR84,clust592
5523,7EP6VF1PU,clust592
5524,PYTD3XKLQ,clust593
5525,ZV7WL3YBY,clust593
5526,IYFXTULSQ,clust593
5527,B2N27MFSA,clust593
5528,DCFZDDNJG,clust594
5529,D8V1DX3Q8,clust594
5530,E40RAMTQ3,clust594
5531,SKYXR5E1A,clust594
5532,0X9GYAE6N,clust594
5533,YAZXQHQW8,clust595
5534,T6T5HQS92,clust595
5535,ZV6H082TO,clust595
5536,QC0TYLKBM,clust595
5537,OTS5PIXU2,clust595
5538,5EU0NL2BT,clust595
5539,R80CHIQOB,clust595
5540,2Z22X43X7,clust595
5541,77WTE6HLY,clust595
5542,PLNEC9K1M,clust596
5543,7LF0NWQ6F,clust596
5544,B075OB6VI,clust596
5545,2YR4NWRH4,clust596
5546,9YQHPUS9V,clust596
5547,WTLJRBMQ1,clust597
5548,2MXRZDNH6,clust597
5549,UL0J36ZSN,clust597
5550,LI853NUXR,clust597
5551,SBCXTXU0Q,clust597
5552,1U2DWQH7H,clust597
5553,B7V2BHIAE,clust598
5554,TVW6BAPRO,clust598
5555,0DZR4DSBD,clust598
5556,PY9OIQCM0,clust598
5557,6VUM1N9BI,clust598
5558,POOO18VUS,clust598
5559,9XT8YKOZI,clust598
5560,L6P3YL8YE,clust599
5561,AIZX0GXKS,clust599
5562,ZWG2K4WR7,clust599
5563,CMH8D8MYC,clust599
5564,VWTOE68NO,clust600
5565,UD2WEXWWG,clust600
5566,LK00FZEWG,clust600
5567,36NFVAJH1,clust600
5568,DXS5E10M6,clust600
5569,T3NRMP13O,clust600
5570,T0Q6N3O3T,clust600
5571,PH5JZIORL,clust600
5572,Q43T3CPKF,clust601
5573,JRLWIAFGA,clust601
5574,TQPYASRU0,clust601
5575,ERQQFX3ZQ,clust601
5576,605TLE53J,clust602
5577,AGZNHEVIA,clust602
5578,NI37PZ35B,clust602
5579,O8HCFFV7B,clust602
5580,48SJC3VVB,clust602
5581,SH8PXGGRQ,clust602
5582,ONVT20A9K,clust602
5583,MG2VGAV2B,clust602
5584,0C6XRXYM9,clust603
5585,9WHHJ70AI,clust603
5586,F7PJ27IGQ,clust603
5587,IF2YTIIEF,clust603
5588,L42U6SUEE,clust604
5589,UEHHPV8YX,clust604
5590,QIG4U0UKF,clust604
5591,UBNNDP008,clust604
5592,I40QICXJG,clust604
5593,Y1RJRQTXI,clust605
5594,ESJ1FAJ40,clust605
5595,QIG4U0UKF,clust605
5596,I40QICXJG,clust605
5597,9WHHJ70AI,clust605
5598,BKHMOXTLA,clust606
5599,Y9K13D720,clust606
5600,FM81F5D9V,clust606
5601,SGQ0130NI,clust606
5602,YX46UXGIB,clust606
5603,JR5HDDXUA,clust606
5604,DPSIS0AM4,clust606
5605,LHWPF83RU,clust606
5606,HO4AT5E1O,clust607
5607,AO47F0G7Y,clust607
5608,CXZRWAICX,clust607
5609,HF54TZY5Z,clust607
5610,ZLUPEPUTC,clust608
5611,K0S4W56ME,clust608
5612,PEEH3WXNL,clust608
5613,WCOXU3XX4,clust608
5614,1AWVNOYZ3,clust608
5615,ZT3Y1SXPK,clust608
5616,OBW7PL9NV,clust608
5617,5IBF84QQU,clust609
5618,K55X3O4QP,clust609
5619,86MEEJ3KX,clust609
5620,VVGWBFV08,clust609
5621,ZTXCZKC3M,clust609
5622,2TTG8SDRB,clust610
5623,9FFDKDL9Z,clust610
5624,2KOX4HGF9,clust610
5625,RC7GF436Z,clust610
5626,HU071EWQ8,clust610
5627,OVGJG5ESC,clust610
5628,PLXSU35AP,clust611
5629,63PQY7JP4,clust611
5630,KR6QCAIFB,clust611
5631,D97U0Y178,clust611
5632,YDYQUA3E0,clust611
5633,VQHYOIJXB,clust611
5634,65OQ66LPB,clust612
5635,MAJDFJ5NC,clust612
5636,4L7132476,clust612
5637,9OIVOP9AE,clust612
5638,UBDZ9E34T,clust612
5639,AQ7L493BT,clust612
5640,YMUJSODEC,clust612
5641,4L7132476,clust613
5642,U9H9EUNZC,clust613
5643,UBDZ9E34T,clust613
5644,9KHTLQ9R9,clust613
5645,AQ7L493BT,clust613
5646,YMUJSODEC,clust613
5647,V1UQTCO6P,clust614
5648,I70IUYF88,clust614
5649,DB3PTVNIC,clust614
5650,04AO5B0HC,clust614
5651,77P6HT05W,clust614
5652,FYB7SN9YL,clust614
5653,A2MGMQ7ME,clust614
5654,JADJYPNQB,clust615
5655,FEF058WN1,clust615
5656,4O08MSQRN,clust615
5657,JFLZIFIWC,clust615
5658,OCCGHLVAR,clust615
5659,WMKA01KZL,clust615
5660,70WSZ9TE6,clust615
5661,BM91N8S5H,clust616
5662,7B2PQKGFT,clust616
5663,CPTHLR1OR,clust616
5664,X0AVGIOBK,clust616
5665,2OR5BFLH8,clust616
5666,2KSMIA3H2,clust616
5667,9VUD8FVK6,clust616
5668,18WGJKNBZ,clust616
5669,9X7NED7PX,clust616
5670,POLD6KV9U,clust617
5671,CDPIPC8EI,clust617
5672,880K5EH7D,clust617
5673,OWHOG47C7,clust617
5674,AK2F1JHN4,clust617
5675,BBFHXGKIR,clust617
5676,S34QFBVOI,clust617
5677,QR8EYGTCJ,clust617
5678,FYDE7OC9X,clust617
5679,Q97MZS363,clust618
5680,1WLZYTRI4,clust618
5681,6XVPXR76R,clust618
5682,R5LUIROMO,clust618
5683,6QR0I0G4D,clust618
5684,I6TT4QVM3,clust618
5685,8S5CHENYR,clust618
5686,H7S5FZKO1,clust618
5687,6XVPXR76R,clust619
5688,R5LUIROMO,clust619
5689,8S5CHENYR,clust619
5690,2V7Q7MRY3,clust619
5691,KE9JM66JA,clust619
5692,H7S5FZKO1,clust619
5693,CF961IZA3,clust620
5694,O1K97THQY,clust620
5695,TXJ3U4O3U,clust620
5696,W5MR6EMWK,clust620
5697,8QQ3LDLKE,clust620
5698,94GJ0QODA,clust620
5699,ADU1X2OPE,clust620
5700,CF961IZA3,clust621
5701,56KGP0ZZH,clust621
5702,RB4WONTNX,clust621
5703,VCL71VWCL,clust621
5704,8QQ3LDLKE,clust621
5705,CRMHR3LXH,clust621
5706,ZKKXNQSBC,clust621
5707,ZBJVOD6T5,clust622
5708,U65VUKKFI,clust622
5709,879IAYYJE,clust622
5710,5CA22GO6L,clust622
5711,A7H7TNMOL,clust622
5712,OYD418CG7,clust622
5713,FGEUUW54L,clust622
5714,JK1V3YRMF,clust623
5715,2JUDLYZ2O,clust623
5716,8NWEXPLYF,clust623
5717,XWSEZSLME,clust623
5718,U9E5VLA0W,clust624
5719,0F1S5U5BR,clust624
5720,ZJD1TST8W,clust624
5721,RI5Y8Y7TG,clust624
5722,MUVIVBYKM,clust624
5723,S25EW3X0Y,clust624
5724,G360Z5RKT,clust625
5725,POJXYTWIX,clust625
5726,M9SUN1YMC,clust625
5727,161L3KP3Z,clust625
5728,06UKJIB8G,clust625
5729,GRROFO1QE,clust625
5730,32J8Q8CED,clust626
5731,9PBYDVU9D,clust626
5732,NFZ0X5BYO,clust626
5733,L87U9DF7A,clust626
5734,7GSZGZCXD,clust626
5735,A8WW1U548,clust626
5736,ENVHKFT0V,clust626
5737,J7UX5X875,clust627
5738,3Z6UJGEWE,clust627
5739,IYRTYO3HT,clust627
5740,775QKZ8FA,clust627
5741,1SATQZB3E,clust628
5742,CEA5DFKHU,clust628
5743,X5UCST7OI,clust628
5744,WMPC89ZSW,clust628
5745,F45AVKQVY,clust628
5746,I3A5OKP6O,clust629
5747,Z44SLOHZK,clust629
5748,J88UV83SR,clust629
5749,JDI6MG31T,clust629
5750,4P8FTSZQF,clust629
5751,MIJNMCWRE,clust629
5752,7SMMAYPES,clust629
5753,69V64YYKO,clust630
5754,R173W8G1D,clust630
5755,K1M24RDUD,clust630
5756,0CY1U5TND,clust630
5757,0PZCHONHY,clust630
5758,9N8JIZFPI,clust630
5759,0O7EA3ZP8,clust631
5760,8W233X2TX,clust631
5761,49X1QLB56,clust631
5762,RX3BGS53J,clust631
5763,V6MUVXKL6,clust631
5764,WDUIAHOFE,clust631
5765,5K03YC3SK,clust631
5766,6TBWXK199,clust632
5767,F1IUKH4BB,clust632
5768,RIMFPA2YZ,clust632
5769,2V7Q7MRY3,clust632
5770,HELXIONBY,clust633
5771,TCQT1DFPZ,clust633
5772,JXL247K4Q,clust633
5773,R06N9EWSF,clust633
5774,36QGIKGR2,clust633
5775,C3X15OF4R,clust633
5776,Q3IRNHTVJ,clust633
5777,76KFGS06W,clust634
5778,MJ25U5BXD,clust634
5779,GF0Z5QS7D,clust634
5780,YGQUPCJNX,clust634
5781,0NH3MA0WU,clust634
5782,UR8YQF1BG,clust635
5783,MDDPTWR2N,clust635
5784,7L2E0IB4Q,clust635
5785,QW1DHEEYW,clust635
5786,PI1U8MWUY,clust635
5787,BTUOPX8E8,clust635
5788,47YIEAMBD,clust636
5789,RPKB6JL02,clust636
5790,TOAMK8ISC,clust636
5791,UF3F01080,clust636
5792,TJYSDRWTK,clust637
5793,3W0V9YZVM,clust637
5794,UGIYLS1MF,clust637
5795,A1NSFC8IV,clust637
5796,E1M9KNIHD,clust637
5797,0M4Z8VR87,clust638
5798,4ON3ZLWNJ,clust638
5799,ULG62YLVG,clust638
5800,R7UNKZLPQ,clust638
5801,TI3TPOETI,clust638
5802,SQDFNOP68,clust639
5803,1I1FXEH3O,clust639
5804,GZ12W6R8J,clust639
5805,OQPDBQXJJ,clust639
5806,TMMT1IMRK,clust639
5807,5DK4Z6V1L,clust639
5808,CPFG4UMRT,clust639
5809,TY6CBP1Z3,clust639
5810,1I1FXEH3O,clust640
5811,GZ12W6R8J,clust640
5812,YVH8OE0SI,clust640
5813,TMMT1IMRK,clust640
5814,PK7EVMXFC,clust640
5815,CPFG4UMRT,clust640
5816,TY6CBP1Z3,clust640
5817,5M4J2FDL6,clust641
5818,1MGD343KO,clust641
5819,TQPYASRU0,clust641
5820,Q43T3CPKF,clust641
5821,BSDNDF39Q,clust641
5822,ERQQFX3ZQ,clust641
5823,JRLWIAFGA,clust641
5824,XBBS267UH,clust641
5825,FCELK5K1A,clust641
5826,IS2TPM28J,clust642
5827,AZH08THAH,clust642
5828,5BDBUB09X,clust642
5829,W9FWHSLWO,clust642
5830,2NSFBVICU,clust642
5831,NJQJGLXJ7,clust642
5832,6CA9I6HQH,clust642
5833,4VTNKTRGT,clust642
5834,5XVP8PIYP,clust643
5835,KEB2B4NEJ,clust643
5836,5YET3H6LQ,clust643
5837,Y7C608NIY,clust643
5838,SMNWD6GXP,clust643
5839,DZKV13XBV,clust643
5840,ZFMDGU036,clust643
5841,P1A54FAWH,clust644
5842,MJ4O9TVVR,clust644
5843,N7N8PYT1E,clust644
5844,Z1ZWB5YCZ,clust644
5845,CP6CT506I,clust644
5846,HJT1A3D5P,clust644
5847,CXU5W9OBI,clust645
5848,TYKVXZSC9,clust645
5849,NCWZNPUOP,clust645
5850,LEQ5T33YJ,clust645
5851,PENNCTY2M,clust645
5852,IOS4M81ZK,clust646
5853,DVDIOCHC2,clust646
5854,2BW68B67J,clust646
5855,U2Y3LKXCO,clust646
5856,FXF3GBETD,clust646
5857,GXG3V1DBW,clust647
5858,8PBHVWA0A,clust647
5859,9RQ8K3S97,clust647
5860,YMLVSHM3M,clust647
5861,4I0C7OJ7M,clust648
5862,NFE19G9TI,clust648
5863,3TDPNMDC8,clust648
5864,8MUQLXT4K,clust648
5865,G04KDKYWP,clust649
5866,QPB26QUAY,clust649
5867,0XG0Q8770,clust649
5868,WIXW71UDQ,clust649
5869,5U19XUQ3U,clust649
5870,FYWPKD4VC,clust649
5871,GPE9DP0VI,clust650
5872,I41202ZYQ,clust650
5873,EAHIVMREP,clust650
5874,AS2MAXQUV,clust650
5875,4TF384OE8,clust651
5876,ZE6V7U0RH,clust651
5877,A38OEKJ46,clust651
5878,FIH56RRCW,clust651
5879,EWSRFK9SN,clust652
5880,74AEEELFL,clust652
5881,W5ZVS39O0,clust652
5882,F9MFM4AZQ,clust652
5883,15KHVNMCV,clust652
5884,NW8EOGFA7,clust652
5885,JSGWW9UMH,clust652
5886,1RK5S4K68,clust652
5887,DP3TP4UZB,clust653
5888,2HVUCI8KU,clust653
5889,J8XUSZ531,clust653
5890,XA40VAYYD,clust653
5891,N78EX43CQ,clust653
5892,8C64ENIOG,clust653
5893,34ZD8I5WE,clust654
5894,6XF62RKOH,clust654
5895,ETXKEUSI0,clust654
5896,WRNLCLZPA,clust654
5897,I19UUM724,clust655
5898,J6NP8CAEN,clust655
5899,297171954,clust655
5900,PLL0LEWKE,clust655
5901,XWHT572FU,clust656
5902,IZVL1SW04,clust656
5903,8WDWOSQKX,clust656
5904,C4AA32J2I,clust656
5905,YHOAO1G0Q,clust656
5906,ZBKVJNUVB,clust657
5907,382HLYK8G,clust657
5908,BMU5LCSH4,clust657
5909,8CUQSBBFI,clust657
5910,YTLW1EMSN,clust657
5911,XW0XGO1NZ,clust658
5912,SRHHYRKHO,clust658
5913,LIDPBY15V,clust658
5914,7JKWZV2CY,clust658
5915,G9UXAPBJX,clust658
5916,QK1UTTD5S,clust659
5917,MGN5EAUR8,clust659
5918,6PJKRKHGV,clust659
5919,BW1RAAMLK,clust659
5920,3L5UAW0O7,clust659
5921,9NBYFFROR,clust660
5922,747XR2C9F,clust660
5923,X9E6HVN36,clust660
5924,WTIV0H6XB,clust660
5925,I65Y1ZI7V,clust660
5926,YKAH3GN96,clust660
5927,NS3V7ZAXM,clust661
5928,GKJHAWJJO,clust661
5929,TP1LLDFSB,clust661
5930,S34TZ5A0H,clust661
5931,G3OHYF601,clust661
5932,7ZA0QD1VS,clust661
5933,F1G8ZJZO4,clust662
5934,B40SPX38N,clust662
5935,TJTNJJX61,clust662
5936,7S7NXCJK4,clust662
5937,W5AGD8V0W,clust663
5938,XJ2O5OCBM,clust663
5939,A0H22DOQK,clust663
5940,FVLAISWKQ,clust663
5941,CQY0EQK61,clust663
5942,IKN7LBBJM,clust664
5943,A38OEKJ46,clust664
5944,JF7I2ZJ55,clust664
5945,6B5EBF864,clust664
5946,XBHTHCXPS,clust664
5947,UWZIRERL2,clust664
5948,TQ65D6N5P,clust665
5949,93RTLHJT6,clust665
5950,T1PWRZ6TK,clust665
5951,PRCEK44O2,clust665
5952,J63O9JY6Q,clust665
5953,F02UMU1T2,clust665
5954,GGKHDGB6L,clust666
5955,IUN6CLWLT,clust666
5956,4PJ1WDE3C,clust666
5957,0W9EUMCV5,clust666
5958,CBEY6MF0Z,clust666
5959,R5MP9PD1L,clust667
5960,BQY776TBI,clust667
5961,U5UAJHR1J,clust667
5962,GFVW8U02R,clust667
5963,BAOLJ0RF4,clust667
5964,PRJ8V9YO0,clust668
5965,LS7XUN0NE,clust668
5966,KZKIQJNY3,clust668
5967,DERH1V692,clust668
5968,DNCAT6BDH,clust669
5969,S0RKJYLRF,clust669
5970,HUR9UFIDD,clust669
5971,FX7XQDFNU,clust669
5972,KRU6XMNKC,clust669
5973,556NPTCLB,clust669
5974,JF1C5RXRP,clust670
5975,J1YCNRJUC,clust670
5976,EFA2HXSDR,clust670
5977,8PA2ABTRE,clust670
5978,QVPTVBMUF,clust671
5979,QLLOF1Z4A,clust671
5980,OXV8X3CFI,clust671
5981,A2VUU52I6,clust671
5982,LX2F1GAWC,clust671
5983,4QJTBRHHS,clust671
5984,KM234U46E,clust672
5985,ND74YRHZU,clust672
5986,XLWKHSYUX,clust672
5987,2AWC747I9,clust672
5988,IGMH08CR0,clust673
5989,H19ZRGSFP,clust673
5990,CL87JFL6H,clust673
5991,GQRQFGDPZ,clust673
5992,1K0CGTVMK,clust673
5993,Y4SSDPLEO,clust673
5994,7F75IZ2SP,clust674
5995,VZ2ZZYSJM,clust674
5996,C67C63O2K,clust674
5997,CRTFPV4R3,clust674
5998,UXUOVFG53,clust675
5999,VZ2ZZYSJM,clust675
6000,TT7YL7Y6J,clust675
6001,CE809QOSA,clust675
6002,XKFN3BKS2,clust675
6003,0TGL7T8BH,clust675
6004,YRVIU84OA,clust675
6005,9KP7SLUXF,clust676
6006,9H1YTBNX5,clust676
6007,7LFM80RA4,clust676
6008,FZT8COULN,clust676
6009,8OKR0BNTK,clust676
6010,SIH5SSAZL,clust677
6011,FXKN86GG1,clust677
6012,2CW3CL4LU,clust677
6013,30QIQX1K2,clust677
6014,BBK54CBJJ,clust677
6015,Y3RT4WON0,clust678
6016,1UOC987O9,clust678
6017,P93FBTIVV,clust678
6018,A8GFOKF8Q,clust678
6019,L45TKHBJY,clust678
6020,R6KWMIWXW,clust678
6021,Q7OS53749,clust679
6022,L45TKHBJY,clust679
6023,S5PJVNMRZ,clust679
6024,1U2DWQH7H,clust679
6025,INUSC4KEH,clust680
6026,9OM4KY5C8,clust680
6027,M51ZY1V3X,clust680
6028,7ZEMTWVAO,clust680
6029,BAZSVEKGR,clust680
6030,R0WRVKY8Y,clust681
6031,TX176AWVB,clust681
6032,3NX72VKD5,clust681
6033,FKGSNGYLM,clust681
6034,XL18PMO40,clust681
6035,OYLL2E9S0,clust682
6036,H7CYHY36X,clust682
6037,LE7VK62IV,clust682
6038,QSRNUIAU9,clust682
6039,N40DCCTA0,clust682
6040,BR8QTI1IE,clust682
6041,V959MK3FL,clust683
6042,RP6W63240,clust683
6043,OWV0N27XU,clust683
6044,FSM8KIA1C,clust683
6045,206FNRM48,clust683
6046,J4V0TJVYZ,clust683
6047,3407CLUL1,clust684
6048,KLSYAQNTZ,clust684
6049,WBBOVD74L,clust684
6050,7Z4AJXOBS,clust684
6051,4OSVC88WV,clust684
6052,FSPHO1T4Z,clust684
6053,PIEIPKPR2,clust685
6054,YH3GT08Q9,clust685
6055,ZTYAXFDA9,clust685
6056,TI97QMEIJ,clust685
6057,OK4ZSTL0C,clust686
6058,73520SK3K,clust686
6059,HKDYN3EN3,clust686
6060,W8A1IPBK8,clust686
6061,XLXPPLHOH,clust687
6062,BJJD7AGU1,clust687
6063,P77C1TLK7,clust687
6064,6TWMFGAF2,clust687
6065,CV0YCN0FS,clust687
6066,JZQ40BWMD,clust688
6067,QKSVR8C8S,clust688
6068,6D0HQY5W9,clust688
6069,F6GTQGU32,clust688
6070,1RITQ45NO,clust688
6071,8B0SL0FUW,clust689
6072,Z8VG1NU80,clust689
6073,TXS76QH3J,clust689
6074,Y50Y2ES4G,clust689
6075,2S1OV85V9,clust689
6076,CNOP4LYYJ,clust689
6077,5DSM7ZTLH,clust690
6078,S82H7NWKP,clust690
6079,OW6SJ1817,clust690
6080,FQGS24Q5W,clust690
6081,NRNVK1UJ6,clust690
6082,VUWGSQXDC,clust690
6083,5OZ1EGLTA,clust691
6084,RNYAT9B1U,clust691
6085,GSTZA7V0N,clust691
6086,DPN9YAZ5Y,clust691
6087,PJZEJESR2,clust691
6088,L2O6INDUG,clust691
6089,78XN3409T,clust692
6090,VW9IVMS44,clust692
6091,BSQHWK0E7,clust692
6092,QT5SJ0FID,clust692
6093,VOHHJBAIE,clust693
6094,L6AJSWGDR,clust693
6095,CGYLHFHCF,clust693
6096,GQSDINOYB,clust693
6097,R9PZ22IKE,clust693
6098,HDYD3PFXY,clust694
6099,YRPK3294F,clust694
6100,QDHKW267S,clust694
6101,M2A3RVFB0,clust694
6102,S4HDGYTMQ,clust694
6103,G1H96ARJ1,clust695
6104,QJMNJ7UWO,clust695
6105,FQ10STQD6,clust695
6106,E9UFFEG4Q,clust695
6107,AYKG94B15,clust695
6108,POLD6KV9U,clust696
6109,880K5EH7D,clust696
6110,BBFHXGKIR,clust696
6111,S34QFBVOI,clust696
6112,QR8EYGTCJ,clust696
6113,FYDE7OC9X,clust696
6114,SM9OAFDAR,clust697
6115,A5ULF7RM4,clust697
6116,U35AW46HW,clust697
6117,IGGCJNNTP,clust697
6118,1LUY8XZ02,clust697
6119,OZVOXWUDD,clust697
6120,FWBHJ2LWA,clust698
6121,F6RW4QESD,clust698
6122,GOJATA2NP,clust698
6123,K6F70VROO,clust698
6124,6TA4B3YPY,clust698
6125,UUIF1Y4NK,clust698
6126,CSVL024IC,clust699
6127,OGEMCY2WW,clust699
6128,2NLQFZP5M,clust699
6129,I1F792M30,clust699
6130,PSUFKT25U,clust699
6131,DNSF5XXFE,clust700
6132,5O36DGL80,clust700
6133,Z77AQND6S,clust700
6134,CAZEEAPTJ,clust700
6135,FB352F4CF,clust700
6136,9U743AV4H,clust701
6137,N6VWMI2O2,clust701
6138,GNPBVG4OO,clust701
6139,S8H8EINF7,clust701
6140,N9JRSCMP2,clust702
6141,F23GUO6GP,clust702
6142,CZMCKQRRA,clust702
6143,XPKS6C3IC,clust702
6144,5BDBUB09X,clust703
6145,IS2TPM28J,clust703
6146,2NSFBVICU,clust703
6147,W9FWHSLWO,clust703
6148,71JBIN9NI,clust704
6149,N7T7AH3VL,clust704
6150,DIM4CIMWY,clust704
6151,HV5RUKUK0,clust704
6152,BTJXT4LPA,clust704
6153,ZQHW55Y5D,clust705
6154,WNUZDD60G,clust705
6155,LQBT2NEUT,clust705
6156,YY22XWP42,clust705
6157,F5RTA2TWE,clust706
6158,YK9N55OQ7,clust706
6159,M2CJZ48BY,clust706
6160,AVRC5RZG9,clust706
6161,988MFNZJV,clust706
6162,PBHPT13IE,clust707
6163,BRWZL3844,clust707
6164,QANEF7G2Q,clust707
6165,UODN912PG,clust707
6166,CGXAVDUG0,clust707
6167,SMP6BHOTH,clust708
6168,B19C93WJN,clust708
6169,COJBWLSYI,clust708
6170,9Q3ONXDZ8,clust708
6171,EIJCN0IDW,clust708
6172,2CHDWLDIP,clust709
6173,WXGCHX1KJ,clust709
6174,G5W7ZH33K,clust709
6175,QBA4AKRIL,clust709
6176,8WQE6ONT2,clust710
6177,4AQ77D09R,clust710
6178,IGQHV0J9V,clust710
6179,EA6CJHSXT,clust710
6180,SXL9I1X91,clust711
6181,KA006BT2C,clust711
6182,FFOWAGINY,clust711
6183,AP48L54HW,clust711
6184,Z7O6ZDJKJ,clust711
6185,OKDVYOXSG,clust711
6186,SOEVQ19M7,clust712
6187,OKDVYOXSG,clust712
6188,AP48L54HW,clust712
6189,G0LD9F60V,clust712
6190,FB0B4PRQ0,clust713
6191,CHYCYIMPN,clust713
6192,C1WCLE139,clust713
6193,CB4SYJ8JE,clust713
6194,LPLVLSP04,clust713
6195,ZNJP4U625,clust714
6196,RD5DM149V,clust714
6197,JRNI6AH8O,clust714
6198,F1RVCKHBW,clust714
6199,2I0KVI38J,clust714
6200,W5ZVS39O0,clust715
6201,F9MFM4AZQ,clust715
6202,1RK5S4K68,clust715
6203,NW8EOGFA7,clust715
6204,JSGWW9UMH,clust716
6205,EWSRFK9SN,clust716
6206,15KHVNMCV,clust716
6207,74AEEELFL,clust716
6208,N1S132RVA,clust717
6209,YVDZQOJOM,clust717
6210,1UD652CDD,clust717
6211,FGXFTJPCB,clust717
6212,1H67GBKGS,clust717
6213,ZT7ZMXADO,clust717
6214,9M67XHFEL,clust718
6215,VC02YNH4U,clust718
6216,U5UIGPYXT,clust718
6217,FRNUGB90Y,clust718
6218,ZIGAX4QE0,clust719
6219,7K2423OUL,clust719
6220,FIW93C6V4,clust719
6221,VC02YNH4U,clust719
6222,FRNUGB90Y,clust719
6223,QRJWCDD2Z,clust719
6224,8LDQ6B1IP,clust720
6225,F9MFM4AZQ,clust720
6226,9XKYZ6TZE,clust720
6227,SXLAJ6F4M,clust720
6228,CL6BEOUJV,clust721
6229,BPYCTPRPJ,clust721
6230,VB8Q4JS9W,clust721
6231,DL6ZB92QE,clust721
6232,3FB8BM3W7,clust721
6233,PYA0XI5BI,clust722
6234,XVUFXC5IJ,clust722
6235,Y95Q8KLQW,clust722
6236,27MXBHIEJ,clust722
6237,BFK101JZW,clust723
6238,QEHE9GQJ9,clust723
6239,DAT5W4GU5,clust723
6240,K4T2MN7V4,clust723
6241,KVAZZ08CM,clust724
6242,WELDL4JTZ,clust724
6243,5FA28D2OS,clust724
6244,E88NFG5DY,clust724
6245,MZX1VPFF8,clust724
6246,UXUOVFG53,clust725
6247,TT7YL7Y6J,clust725
6248,CE809QOSA,clust725
6249,0TGL7T8BH,clust725
6250,YRVIU84OA,clust725
6251,C3X15OF4R,clust726
6252,36QGIKGR2,clust726
6253,TCQT1DFPZ,clust726
6254,Q3IRNHTVJ,clust726
6255,2DTNIPZ6I,clust727
6256,89TG3RQ6M,clust727
6257,WBQ1Q5VXJ,clust727
6258,6ZMOKP7SR,clust727
6259,CFE9TK82E,clust728
6260,HZOEK05N4,clust728
6261,EG5MOJTNK,clust728
6262,D49HZ2TFV,clust728
6263,VN7LYG1WZ,clust729
6264,2YMTTAMKZ,clust729
6265,9EREVD2KU,clust729
6266,N9DL827T2,clust729
6267,934L5E2PS,clust730
6268,AC7A9GS1G,clust730
6269,UUH0ZMGWA,clust730
6270,GNHU3VLS2,clust730
6271,D7NLYO4EN,clust730
6272,FRTKEEQNE,clust731
6273,2Z9CYUMZY,clust731
6274,K22V9RTRH,clust731
6275,1ANF1L93Y,clust731
6276,0PMO2CUI3,clust731
6277,ZBJVOD6T5,clust732
6278,U65VUKKFI,clust732
6279,879IAYYJE,clust732
6280,A7H7TNMOL,clust732
6281,OYD418CG7,clust732
6282,39JU8JKBR,clust733
6283,QKDZWI0BE,clust733
6284,6E00JGMH4,clust733
6285,9COQ8P5W4,clust733
6286,ANZ4VNQNS,clust733
6287,A52NB24Q6,clust734
6288,KE858AAOF,clust734
6289,RSP3K3BEH,clust734
6290,3BUDCNTIF,clust734
6291,MTCH1EW7A,clust735
6292,JOE2BVJWK,clust735
6293,55FLPQZ4U,clust735
6294,XCOTZKYEF,clust735
6295,WKF6VNLCU,clust736
6296,4QMKXZGJ4,clust736
6297,DYOWLG3Z7,clust736
6298,4F19GUJA0,clust736
6299,WTIV0H6XB,clust737
6300,I65Y1ZI7V,clust737
6301,YKAH3GN96,clust737
6302,747XR2C9F,clust737
6303,IKN7LBBJM,clust738
6304,JF7I2ZJ55,clust738
6305,6B5EBF864,clust738
6306,XBHTHCXPS,clust738
6307,7WP7OZ85G,clust739
6308,06Z0VO4C6,clust739
6309,RA7X6H1ZA,clust739
6310,KNN9Y8J44,clust739
6311,05JUOSEAW,clust740
6312,S5PJVNMRZ,clust740
6313,3Z1RV3ZJK,clust740
6314,Q7OS53749,clust740
6315,RO273X460,clust741
6316,ZRBE8PT8O,clust741
6317,1Z5BJ6EJM,clust741
6318,PHCG2FXQG,clust741
6319,M0C5U013G,clust742
6320,XCF2N6FF4,clust742
6321,MEUIYHZ9H,clust742
6322,T0BC1V0F0,clust742
6323,P1A54FAWH,clust743
6324,MJ4O9TVVR,clust743
6325,N7N8PYT1E,clust743
6326,Z1ZWB5YCZ,clust743
6327,ZIGAX4QE0,clust744
6328,7K2423OUL,clust744
6329,FIW93C6V4,clust744
6330,QRJWCDD2Z,clust744
6331,3407CLUL1,clust745
6332,7Z4AJXOBS,clust745
6333,KLSYAQNTZ,clust745
6334,FSPHO1T4Z,clust745
6335,Z7O6ZDJKJ,clust746
6336,FFOWAGINY,clust746
6337,KA006BT2C,clust746
6338,SXL9I1X91,clust746
6339,Y2W3M5C12,clust747
6340,EM0ZLUN5B,clust747
6341,5VPH4QM2C,clust747
6342,429BT0RQL,clust747
6343,H7CYHY36X,clust748
6344,LE7VK62IV,clust748
6345,QSRNUIAU9,clust748
6346,N40DCCTA0,clust748
6347,7A8UJTRY1,clust749
6348,EYZHVFIH5,clust749
6349,UK7H0EHV5,clust749
6350,H3QZGWZFY,clust749
