,id,xxx,prediction
1,0.0,A7TW4V5CD,level_0_413
2,1.0,B6FEXDXUO,level_0_413
3,2.0,QDXK2JS22,level_0_413
4,3.0,IXX3IKOLV,level_0_413
5,4.0,SN8IXBGNC,level_0_413
6,5.0,U95UK89JI,level_0_729
7,6.0,YWRQWOGXY,level_0_729
8,7.0,C7D87FBF8,level_0_729
9,8.0,HX89G50GS,level_0_729
10,9.0,N2YG5HP59,level_0_509
11,10.0,M79RIKP8D,level_0_509
12,11.0,PMYWGHUJG,level_0_413
13,12.0,WCCA61EH1,level_0_509
14,13.0,CMUEVJW0P,level_0_509
15,14.0,3AOMVJBWC,level_0_509
16,15.0,U20T1HOBI,level_0_730
17,16.0,0E8P6F42T,level_0_730
18,17.0,X13HPGM1A,level_0_586
19,18.0,J9W1YQQVX,level_0_586
20,19.0,OQNZ7MT3K,level_0_374
21,20.0,XISFL3YUG,level_0_374
22,21.0,HXEDAYCK4,level_0_725
23,22.0,GCP8I5V5Z,level_0_725
24,23.0,0TS3YTURI,level_0_509
25,24.0,KFFYJ83IG,level_0_586
26,25.0,5SXEP0WKI,level_0_586
27,26.0,B1YGO6HY5,level_0_586
28,27.0,WQD8F0OC3,level_0_413
29,28.0,NL6GPHWMS,level_0_413
30,29.0,8YROK63YG,level_0_429
31,30.0,455ENEIP0,level_0_429
32,31.0,1SIOSK3RQ,level_0_413
33,32.0,4G7VWTPRJ,level_0_413
34,33.0,QLXZEGRSL,level_0_695
35,34.0,JGE2HRFPU,level_0_695
36,35.0,W4EFPUG6F,level_0_429
37,36.0,HCCKRGJ5X,level_0_429
38,37.0,2MCBRC1DJ,level_0_374
39,38.0,50RTA78XQ,level_0_509
40,39.0,QCG6FU21M,level_0_509
41,40.0,ZNE8CX26J,level_0_255
42,41.0,75K6EWA63,level_0_255
43,42.0,BGUFELJ2L,level_0_429
44,43.0,UCSE57GD7,level_0_429
45,44.0,TXINM8RH6,level_0_586
46,45.0,7EOSTUJE2,level_0_586
47,46.0,2RA8MCQPG,level_0_413
48,47.0,EMFURT241,level_0_586
49,48.0,SXY37C8KJ,level_0_413
50,49.0,3GJPR4QJK,level_0_586
51,50.0,MN78V0SH2,level_0_255
52,51.0,2CWQPKMAH,level_0_255
53,52.0,D9RBDIOL0,level_0_509
54,53.0,8M0098QBY,level_0_509
55,54.0,9WYECR5DV,level_0_413
56,55.0,7259I6NCQ,level_0_509
57,56.0,P89UNXKHE,level_0_509
58,57.0,AKZF7OC2N,level_0_509
59,58.0,RVNP6KNO4,level_0_690
60,59.0,T500BIM8W,level_0_690
61,60.0,S112UXT5G,level_0_374
62,61.0,9AR0R3FV9,level_0_695
63,62.0,K5PYKHSK7,level_0_695
64,63.0,22SF7NNU2,level_0_315
65,64.0,1USVWBEQM,level_0_315
66,65.0,3BHYBK3PE,level_0_151
67,66.0,G67UHNIAU,level_0_151
68,67.0,ZE04CY3OG,level_0_586
69,68.0,9T5KNHU4E,level_0_586
70,69.0,0X5BKRSLA,level_0_509
71,70.0,LJ3POS60G,level_0_380
72,71.0,DHMYPMCDU,level_0_380
73,72.0,MUF93AH55,level_0_380
74,73.0,GKRC20GJD,level_0_585
75,74.0,55ZO4CT0N,level_0_255
76,75.0,LH6DFB5F6,level_0_509
77,76.0,J20JO79EW,level_0_585
78,77.0,2IUMVXWR8,level_0_585
79,78.0,O4UQAQWKH,level_0_730
80,79.0,MEKD7VKBL,level_0_730
81,80.0,487Q5O8JW,level_0_374
82,81.0,KCHOBK8DZ,level_0_255
83,82.0,CBL5VF3IL,level_0_255
84,83.0,E87HE5EWW,level_0_585
85,84.0,R2XGPA6X9,level_0_585
86,85.0,T4H5XJDSA,level_0_729
87,86.0,OCVZ3I5SI,level_0_729
88,87.0,4E4S5QF2T,level_0_586
89,88.0,P9T3GAF6P,level_0_586
90,89.0,TH749UJX1,level_0_729
91,90.0,85GKX35QF,level_0_255
92,91.0,J3B9JRMCQ,level_0_255
93,92.0,8FLYHFAX2,level_0_334
94,93.0,TDEV4PXK7,level_0_334
95,94.0,QKQCHAJWK,level_0_380
96,95.0,E0UZQH1FW,level_0_380
97,96.0,6M16PPENP,level_0_586
98,97.0,PVAK1RD6J,level_0_586
99,98.0,LXYEB8KVT,level_0_780
100,99.0,BHGZ9GJ6M,level_0_780
101,100.0,QV99CFKKN,level_0_255
102,101.0,YAGWP5YJB,level_0_380
103,102.0,SZT4TDQDU,level_0_380
104,103.0,5IHJMBG5D,level_0_315
105,104.0,V11DSNP45,level_0_315
106,105.0,3FX5CP8G6,level_0_586
107,106.0,JUHO9C7TO,level_0_315
108,107.0,VSJ3PM8SE,level_0_315
109,108.0,J6T3XR6FN,level_0_315
110,109.0,3H6LG8I9R,level_0_780
111,110.0,AWGC5SU5W,level_0_780
112,111.0,T2MKQ79FV,level_0_695
113,112.0,VK0D7KPVG,level_0_695
114,113.0,KIEBJRDDM,level_0_586
115,114.0,ADMQFHZK2,level_0_586
116,115.0,ZJ3Z5EF6F,level_0_413
117,116.0,2NSKJRKBR,level_0_586
118,117.0,WDJZYI0Y6,level_0_586
119,118.0,1G7S047H0,level_0_315
120,119.0,LFZF5Q57M,level_0_315
121,120.0,M7TRE6B9L,level_0_374
122,121.0,5RGGF4TYL,level_0_374
123,122.0,93QRG8MC3,level_0_586
124,123.0,ITHGU8SBT,level_0_429
125,124.0,8G5ES3JED,level_0_586
126,125.0,EA6BCEMKX,level_0_151
127,126.0,5CCZ5W2PG,level_0_380
128,127.0,4QOGQBU7G,level_0_380
129,128.0,8TPQ9WRR1,level_0_429
130,129.0,MSTMHYBD5,level_0_509
131,130.0,TRFTF4BO0,level_0_729
132,131.0,HB5OY2IT3,level_0_729
133,132.0,EA87RASFM,level_0_380
134,133.0,YPJSQB1NK,level_0_380
135,134.0,YGWF8BZ0Q,level_0_429
136,135.0,2NSKWGEB8,level_0_429
137,136.0,FZB0LZY0C,level_0_334
138,137.0,BIAFRGAMC,level_0_690
139,138.0,DF65JRUMD,level_0_334
140,139.0,R2T87O3FO,level_0_586
141,140.0,ZRMCEEM8Q,level_0_380
142,141.0,M4DXAGNGQ,level_0_380
143,142.0,MRP5VAJJ0,level_0_695
144,143.0,TRN942L56,level_0_780
145,144.0,K4XQI78Z2,level_0_585
146,145.0,BKS6SKZYM,level_0_585
147,146.0,HEXIYT3HQ,level_0_585
148,147.0,L8TOW6TNA,level_0_509
149,148.0,OL4DZ8JZR,level_0_509
150,149.0,ZR7S7G4XE,level_0_509
151,150.0,DNHJI3YC7,level_0_255
152,151.0,QY8VOMWGS,level_0_255
153,152.0,MWXMABNZK,level_0_374
154,153.0,GA45I7N1S,level_0_374
155,154.0,32XQH8YEQ,level_0_695
156,155.0,FJUNS4X8V,level_0_695
157,156.0,2PDBI37G1,level_0_380
158,157.0,LDPU5ODDE,level_0_380
159,158.0,J4GN0JLOP,level_0_315
160,159.0,0RETU2IQZ,level_0_380
161,160.0,T273G1Q6I,level_0_374
162,161.0,8DPCQY3O3,level_0_374
163,162.0,PYTKK0WJJ,level_0_585
164,163.0,4JXE6A4NR,level_0_367
165,164.0,KVI9WUCXC,level_0_367
166,165.0,VA4SXLLR5,level_0_729
167,166.0,6PNOSRLW5,level_0_729
168,167.0,S79GK1YW1,level_0_585
169,168.0,9HC7101P7,level_0_585
170,169.0,1TIT6QD69,level_0_585
171,170.0,ZU6DIC1W4,level_0_151
172,171.0,184Q1P3KK,level_0_729
173,172.0,I4FY2TL2Y,level_0_151
174,173.0,2I9I6MHND,level_0_780
175,174.0,7MK1U2IF6,level_0_0
176,175.0,8VXQLFMEW,level_0_105
177,176.0,QPW71MW7T,level_0_374
178,177.0,NRZO6E5PR,level_0_509
179,178.0,UQB9OT0OP,level_0_334
180,179.0,ORGS022F3,level_0_730
181,180.0,IIO55NSRS,level_0_730
182,181.0,8OOZT94SC,level_0_780
183,182.0,8NAX0KMZL,level_0_586
184,183.0,J5XGQ0VWB,level_0_586
185,184.0,B5I8ZG5HT,level_0_255
186,185.0,TIEIGUGDF,level_0_315
187,186.0,MET0LO2VH,level_0_690
188,187.0,7PL28AX8V,level_0_690
189,188.0,09144M14F,level_0_780
190,189.0,3S2B35GDS,level_0_690
191,190.0,81Z5QZ9HC,level_0_690
192,191.0,GXDRJ4TRK,level_0_255
193,192.0,1W6LJ9DT2,level_0_690
194,193.0,EX3RN5RW3,level_0_690
195,194.0,LBMB0NC3A,level_0_151
196,195.0,40SNWBK5A,level_0_695
197,196.0,ICVX6ORN3,level_0_730
198,197.0,1O7GLLIT8,level_0_729
199,198.0,5NJUNEM55,level_0_729
200,199.0,1UHQXTIZH,level_0_151
201,200.0,ZMG62TFTN,level_0_725
202,201.0,C6KG77TQ4,level_0_725
203,202.0,YV94FB1QZ,level_0_255
204,203.0,L6MHDE4QK,level_0_729
205,204.0,68VVPRF5O,level_0_315
206,205.0,CFSFIH899,level_0_315
207,206.0,7HPYSOOLT,level_0_729
208,207.0,4Z3W2RMJG,level_0_729
209,208.0,ATAY2N4IY,level_0_374
210,209.0,N7XPCVVBV,level_0_255
211,210.0,NZGS8524L,level_0_255
212,211.0,35N5502MV,level_0_729
213,212.0,563I60QTS,level_0_729
214,213.0,EPKWQTJCD,level_0_509
215,214.0,7J5OVVBUS,level_0_725
216,215.0,CSVH2PL9J,level_0_729
217,216.0,O5YRQSNWR,level_0_780
218,217.0,6MXSGOUV1,level_0_729
219,218.0,8M658OJUY,level_0_374
220,219.0,B216RPXJ7,level_0_730
221,220.0,52TXJZGR3,level_0_315
222,221.0,75RAEPRC3,level_0_315
223,222.0,H8C8V4AOO,level_0_255
224,223.0,2AV2BWNYL,level_0_380
225,224.0,GBE0U6T83,level_0_380
226,225.0,IEOR1SXLA,level_0_729
227,226.0,W3B739UFB,level_0_730
228,227.0,HT6R8TZVN,level_0_729
229,228.0,SUO1FNYVL,level_0_690
230,229.0,SXSKUMS84,level_0_374
231,230.0,LUYUP9ZCK,level_0_367
232,231.0,MYI6H8VUT,level_0_380
233,232.0,VVFAM0N2S,level_0_730
234,233.0,S8JIH40OC,level_0_586
235,234.0,DXLP0Y284,level_0_429
236,235.0,XYLU5VLWW,level_0_429
237,236.0,0P09TUI04,level_0_429
238,237.0,VAHRUDUJ6,level_0_586
239,238.0,1BZG1KE0Y,level_0_586
240,239.0,INY4B5OPF,level_0_429
241,240.0,D8QAFWQOD,level_0_730
242,241.0,P2TZRS49C,level_0_730
243,242.0,EJGLSR732,level_0_0
244,243.0,USZWE3AUZ,level_0_0
245,244.0,DTKH8QTCA,level_0_690
246,245.0,LMGZ9KFB9,level_0_690
247,246.0,ZB4E0WLFM,level_0_509
248,247.0,45AMGIS8L,level_0_585
249,248.0,LD5XLTHUG,level_0_0
250,249.0,5JXUMYW6W,level_0_367
251,250.0,XWK2BVVNJ,level_0_380
252,251.0,W4NLROMOW,level_0_151
253,252.0,G4DG2KL3W,level_0_255
254,253.0,JRA8NQELS,level_0_374
255,254.0,PZ7V9JAXA,level_0_374
256,255.0,C5TY8KO0M,level_0_586
257,256.0,2Q87KTVG0,level_0_429
258,257.0,CEQXULY5U,level_0_380
259,258.0,GRBZP9AMN,level_0_730
260,259.0,V9GHUVRBU,level_0_730
261,260.0,NGRC0OTK8,level_0_105
262,261.0,Q5K7GGHPN,level_0_105
263,262.0,2OOGRPW7I,level_0_105
264,263.0,0WBE8JFIW,level_0_105
265,264.0,DQGR15TYR,level_0_730
266,265.0,K1MBWILKR,level_0_730
267,266.0,9JISZW2D3,level_0_730
268,267.0,91EKDHH8W,level_0_729
269,268.0,1J2M5GPOX,level_0_729
270,269.0,LDN37CDIQ,level_0_380
271,270.0,M69GV4PBZ,level_0_334
272,271.0,9JZRKJWQF,level_0_729
273,272.0,URKNTTCHQ,level_0_729
274,273.0,BABD9B734,level_0_585
275,274.0,RX3AOHSHS,level_0_729
276,275.0,S8P71RGIF,level_0_729
277,276.0,YRBTIVKDS,level_0_334
278,277.0,BXUZHRY8G,level_0_695
279,278.0,ILCPGBT05,level_0_374
280,279.0,XHXF5YXJE,level_0_374
281,280.0,WOSNKWG1Y,level_0_151
282,281.0,JRQANLB7T,level_0_695
283,282.0,IO819H46B,level_0_105
284,283.0,8WYV44HVQ,level_0_729
285,284.0,AZAQ6AU88,level_0_725
286,285.0,2FSSRVL3Y,level_0_725
287,286.0,0PS3UG706,level_0_730
288,287.0,WPCIJLU3N,level_0_730
289,288.0,8R9PYNMQ2,level_0_429
290,289.0,FBUQXJ4SJ,level_0_429
291,290.0,4GZKRJA02,level_0_730
292,291.0,R0OENM5B3,level_0_105
293,292.0,FCEBA6IMH,level_0_105
294,293.0,40V3VXC61,level_0_729
295,294.0,QW3NRQD61,level_0_380
296,295.0,45JAJQR0T,level_0_585
297,296.0,W1LDR5U99,level_0_255
298,297.0,JVE1OMBAJ,level_0_585
299,298.0,Z6Q11HCQY,level_0_780
300,299.0,MLDCFFL0X,level_0_780
301,300.0,DN6XW72NA,level_0_695
302,301.0,H9Y1CT6IB,level_0_586
303,302.0,AU6WSDEUP,level_0_586
304,303.0,20CKF3ZWL,level_0_730
305,304.0,FD34W9WKY,level_0_690
306,305.0,914Y0S91B,level_0_315
307,306.0,2CXRAOMMR,level_0_255
308,307.0,SHBB7UABV,level_0_374
309,308.0,4NFGG35RI,level_0_374
310,309.0,21QW58OKO,level_0_729
311,310.0,4KYDN84EO,level_0_315
312,311.0,TIYJAIXHO,level_0_0
313,312.0,1GCK8TU9H,level_0_0
314,313.0,37NA61AAI,level_0_429
315,314.0,0AI9JIZ2W,level_0_585
316,315.0,RW9XKYP0A,level_0_429
317,316.0,IYMKO9LF4,level_0_725
318,317.0,BNOOK6QGT,level_0_725
319,318.0,860H86ITI,level_0_255
320,319.0,HYDRDQX13,level_0_429
321,320.0,SH5MDSJ4N,level_0_315
322,321.0,G1E1VI9PT,level_0_429
323,322.0,QUTX8OZW3,level_0_367
324,323.0,437HR0O4H,level_0_725
325,324.0,53TVZQWLY,level_0_729
326,325.0,E2XXBG9SD,level_0_690
327,326.0,PIKAQ0438,level_0_367
328,327.0,X6YXGOANF,level_0_380
329,328.0,JQBGKP6W8,level_0_585
330,329.0,0TQ8LVL6A,level_0_334
331,330.0,ORTU9035E,level_0_0
332,331.0,ZRE65F504,level_0_586
333,332.0,3ABA286V3,level_0_374
334,333.0,ISJRFYV8V,level_0_374
335,334.0,LCAR4C2AC,level_0_151
336,335.0,DWSBVSYS1,level_0_509
337,336.0,RTAM4EG9S,level_0_429
338,337.0,B5LA7P290,level_0_780
339,338.0,Q5USF5XSD,level_0_374
340,339.0,FVYHRK21K,level_0_690
341,340.0,7B3SHSNF3,level_0_374
342,341.0,1XY85SCY9,level_0_380
343,342.0,MKA8MAKIE,level_0_780
344,343.0,53AYU9YKY,level_0_780
345,344.0,E3D8DMUQ8,level_0_585
346,345.0,3ALH6OGW7,level_0_585
347,346.0,H9F0NUHZL,level_0_695
348,347.0,5M75UPLYH,level_0_695
349,348.0,01L6VT7DN,level_0_374
350,349.0,A4NUZ22PL,level_0_730
351,350.0,MN97P3QRD,level_0_729
352,351.0,RDCY4GQ21,level_0_729
353,352.0,J2QRFW5I1,level_0_730
354,353.0,HOGJPGIZZ,level_0_509
355,354.0,HF6FBYY47,level_0_509
356,355.0,0GX24IEE5,level_0_690
357,356.0,VNB5K3HKO,level_0_374
358,357.0,M9FLOWVQ1,level_0_367
359,358.0,71K8MDKF5,level_0_780
360,359.0,0FZ4NDK1V,level_0_334
361,360.0,PSVL9IGP4,level_0_255
362,361.0,8BIJBG28L,level_0_374
363,362.0,BVGVZAPY8,level_0_374
364,363.0,GD5JEBNLG,level_0_374
365,364.0,VXGFRB5WD,level_0_0
366,365.0,AQDRAUC0Y,level_0_315
367,366.0,HYHKBYFA8,level_0_315
368,367.0,9N7FV77E0,level_0_374
369,368.0,93QYQUHI9,level_0_315
370,369.0,J8PANKDB0,level_0_380
371,370.0,KE0CSLK6N,level_0_255
372,371.0,2TS5RQWDI,level_0_255
373,372.0,YH74W3DOQ,level_0_585
374,373.0,Y1ALZ9RCA,level_0_105
375,374.0,JUX1BZ6HY,level_0_380
376,375.0,RN0P2YXM8,level_0_380
377,376.0,P6OD3RGKS,level_0_585
378,377.0,EO4PZE0AL,level_0_730
379,378.0,MT2RHGD80,level_0_730
380,379.0,FKOJPWUQE,level_0_509
381,380.0,4AMC75PTB,level_0_730
382,381.0,JWTKF61NC,level_0_334
383,382.0,BIPK5ZAR1,level_0_380
384,383.0,J0RX9SBDE,level_0_730
385,384.0,EY3KP5F01,level_0_315
386,385.0,3JU9FAUU3,level_0_509
387,386.0,Q4JG9LJV1,level_0_730
388,387.0,C7SAB7SNT,level_0_429
389,388.0,29VY3IBY8,level_0_509
390,389.0,J5MY1UZCZ,level_0_374
391,390.0,6A808LLJM,level_0_334
392,391.0,ND16QJ4X3,level_0_334
393,392.0,233S4VIJO,level_0_585
394,393.0,M3K3G0HHX,level_0_367
395,394.0,YAGZ4YXFN,level_0_374
396,395.0,ZEQ0VL9LO,level_0_374
397,396.0,3U3JRVHSM,level_0_255
398,397.0,W1VNSW6KX,level_0_374
399,398.0,0PMUNN0JV,level_0_374
400,399.0,KYTIFAIAQ,level_0_380
401,400.0,CH1K8ER54,level_0_695
402,401.0,2Z2IKU9RE,level_0_730
403,402.0,MWX6VP7YQ,level_0_380
404,403.0,ILPPF2Q5O,level_0_729
405,404.0,1VULI5G25,level_0_730
406,405.0,0NX5HBGSX,level_0_315
407,406.0,W962SS9B7,level_0_730
408,407.0,XX4GJRQPR,level_0_0
409,408.0,MO4PZXJ8Y,level_0_367
410,409.0,VY1IQK701,level_0_367
411,410.0,LKA554BEI,level_0_780
412,411.0,79IK65LHE,level_0_380
413,412.0,CY6V88Q8U,level_0_367
414,413.0,B3O94VEPH,level_0_374
415,414.0,OBT4O2J17,level_0_730
416,415.0,2DU54AUSC,level_0_730
417,416.0,63POERV3P,level_0_780
418,417.0,DZR84R00R,level_0_255
419,418.0,9ICALHNP4,level_0_380
420,419.0,CG3WLRJAX,level_0_695
421,420.0,U7H3YXT6R,level_0_151
422,421.0,MS0470NPU,level_0_729
423,422.0,0QNEJ6921,level_0_729
424,423.0,RW533BDLF,level_0_429
425,424.0,5SW2OYSDM,level_0_429
426,425.0,TSD65RCZ5,level_0_695
427,426.0,Y5KXCTNCC,level_0_151
428,427.0,Q494N6FBH,level_0_151
429,428.0,4WK5AWN01,level_0_729
430,429.0,YF41U5FY6,level_0_729
431,430.0,BPS1XI2OD,level_0_730
432,431.0,O893081J5,level_0_729
433,432.0,53SUYI9JV,level_0_380
434,433.0,ADMGIKK1Z,level_0_367
435,434.0,AGONNB8P1,level_0_315
436,435.0,ZFAS23QLR,level_0_509
437,436.0,EC8NO2K6T,level_0_380
438,437.0,9IIOSGCMD,level_0_729
439,438.0,K0SFSG83G,level_0_429
440,439.0,XMG240E95,level_0_334
441,440.0,B5SVURC6I,level_0_367
442,441.0,L9A2UBMV1,level_0_367
443,442.0,PQSETLS5J,level_0_315
444,443.0,BX48GOZDP,level_0_105
445,444.0,FWVCCCNHW,level_0_105
446,445.0,LBXY2XIQG,level_0_374
447,446.0,UA9ALMGUE,level_0_315
448,447.0,8H70N2069,level_0_315
449,448.0,JXYPTWNMF,level_0_151
450,449.0,5TAREL6KW,level_0_729
451,450.0,66BZIVHMQ,level_0_255
452,451.0,OSE9JC7KL,level_0_374
453,452.0,0W3X17NT9,level_0_374
454,453.0,GLRGWFBWL,level_0_690
455,454.0,TEADIOMZH,level_0_334
456,455.0,XF2SW6SXA,level_0_780
457,456.0,VITI6YYG5,level_0_105
458,457.0,Q4KUCIVNO,level_0_729
459,458.0,1522ZTYU2,level_0_585
460,459.0,FGJMKVP9H,level_0_151
461,460.0,VELHKTP64,level_0_105
462,461.0,TTBELUESF,level_0_374
463,462.0,V26ELUPRX,level_0_585
464,463.0,TINFYIC7L,level_0_151
465,464.0,HFCIK3UXG,level_0_725
466,465.0,WRXGWXBSN,level_0_725
467,466.0,BY6CET79Y,level_0_729
468,467.0,REM2E9E3X,level_0_334
469,468.0,S5PMWAB4V,level_0_586
470,469.0,JCOEU04X6,level_0_380
471,470.0,J8R1TIFOU,level_0_380
472,471.0,PCMZEMW5O,level_0_105
473,472.0,28QNVWHGS,level_0_105
474,473.0,A9D8K3P9O,level_0_367
475,474.0,MZV7A5KTQ,level_0_695
476,475.0,VHSHC61I8,level_0_725
477,476.0,ASB70JT03,level_0_380
478,477.0,4R2EL15QS,level_0_380
479,478.0,2C6KNA6EJ,level_0_151
480,479.0,UY8PKVPO0,level_0_585
481,480.0,KMSV9L2XW,level_0_374
482,481.0,0WVP8I17C,level_0_380
483,482.0,GAWBPSFFD,level_0_334
484,483.0,M22UJGYIL,level_0_367
485,484.0,BE7XGNEPB,level_0_725
486,485.0,60I7H2B6D,level_0_729
487,486.0,Z5LWLCLGQ,level_0_729
488,487.0,EUDIR1RMW,level_0_255
489,488.0,YZ8KWNRK5,level_0_690
490,489.0,LHLYUFCTU,level_0_374
491,490.0,AB50GU0I7,level_0_374
492,491.0,YQSX2SZ4A,level_0_429
493,492.0,9J8PQZ17Q,level_0_315
494,493.0,S1MK0KQ5O,level_0_729
495,494.0,AMZMVXFW8,level_0_334
496,495.0,QG3JVQ9GU,level_0_730
497,496.0,94Y435G2Q,level_0_374
498,497.0,5Y8J20547,level_0_334
499,498.0,TU1SLMR17,level_0_315
500,499.0,O6R9BU1AE,level_0_509
501,500.0,L08ZG932H,level_0_729
502,501.0,1S6ZLSGJS,level_0_729
503,502.0,OE8J8D5YU,level_0_429
504,503.0,OV9SDQUZX,level_0_334
505,504.0,8LQBCSJW0,level_0_729
506,505.0,RPSQ8IK5A,level_0_315
507,506.0,PJGEJG64N,level_0_367
508,507.0,6L185X52Y,level_0_729
509,508.0,7BHS5LCJG,level_0_725
510,509.0,RX2001QL6,level_0_725
511,510.0,BZY2PLVEA,level_0_729
512,511.0,C1A6VHMXI,level_0_695
513,512.0,L2D8CUCVK,level_0_729
514,513.0,HIX8J8CW5,level_0_429
515,514.0,VEKCFL5VR,level_0_780
516,515.0,3674XT7SS,level_0_334
517,516.0,COVZ4R0CO,level_0_690
518,517.0,SQXMNVXC6,level_0_334
519,518.0,ER2TROSSO,level_0_334
520,519.0,1FV2F2834,level_0_315
521,520.0,9GORYNJUQ,level_0_0
522,521.0,LUQFI5EOG,level_0_380
523,522.0,P8P954GXN,level_0_380
524,523.0,8WS3MV0OU,level_0_780
525,524.0,GTI2GZ6XF,level_0_780
526,525.0,HU5LTUPUB,level_0_105
527,526.0,UU5Q37C1D,level_0_725
528,527.0,ZS91Y46I3,level_0_725
529,528.0,PT3P8SXJY,level_0_374
530,529.0,XO2IP210Q,level_0_725
531,530.0,BI906IJ6Y,level_0_725
532,531.0,55DNOTPPG,level_0_334
533,532.0,4N9A32TWT,level_0_255
534,533.0,SCE3X6T4Z,level_0_255
535,534.0,LSWIEUH5F,level_0_780
536,535.0,H6LGVLQGV,level_0_380
537,536.0,3FTBUMIFB,level_0_729
538,537.0,BEFAMCMBL,level_0_334
539,538.0,PAIE2YCZJ,level_0_334
540,539.0,N5UOS56KQ,level_0_780
541,540.0,N53884DUO,level_0_725
542,541.0,0EHOVL3F8,level_0_105
543,542.0,MPI6QYLRO,level_0_730
544,543.0,EPWNLZUIU,level_0_315
545,544.0,UZFZPNAGD,level_0_725
546,545.0,E2QJKN6TN,level_0_725
547,546.0,E486I4H0T,level_0_334
548,547.0,T6NO95PQV,level_0_690
549,548.0,RNFE2L77J,level_0_725
550,549.0,VPGEFD68Q,level_0_255
551,550.0,7Y4OK6WUE,level_0_729
552,551.0,JNZ6OMRZO,level_0_729
553,552.0,IJZWVEFQV,level_0_0
554,553.0,PFBYZQV4E,level_0_367
555,554.0,NGBS4GB0H,level_0_780
556,555.0,I8IUF9O21,level_0_725
557,556.0,R4OO5FKFT,level_0_105
558,557.0,C4YJ2FZWX,level_0_255
559,558.0,HR2U9KPW6,level_0_105
560,559.0,P2X3RW4FP,level_0_105
561,560.0,438YCL6BW,level_0_780
562,561.0,NUGX79UF8,level_0_729
563,562.0,IXK1CISFX,level_0_374
564,563.0,LVMT8UTVW,level_0_0
565,564.0,R6G3W05BD,level_0_509
566,565.0,O3Q8VAY4F,level_0_380
567,566.0,58QFP6IBB,level_0_367
568,567.0,YQHW5JB3S,level_0_367
569,568.0,57V1M5M89,level_0_105
570,569.0,7F5W3F1OX,level_0_105
571,570.0,62J7MXC2B,level_0_695
572,571.0,WQ4RMKEH8,level_0_334
573,572.0,DWW5SV8NM,level_0_729
574,573.0,B6QVWTDA9,level_0_725
575,574.0,JG27BNM5H,level_0_725
576,575.0,QLKMDFD8J,level_0_725
577,576.0,PRM8V76R3,level_0_725
578,577.0,AE97CRRAR,level_0_585
579,578.0,SF5Z8M52N,level_0_380
580,579.0,W7RKGQI1V,level_0_380
581,580.0,RYXCO0OU2,level_0_380
582,581.0,DS78QQXGW,level_0_255
583,582.0,0B82D7G57,level_0_315
584,583.0,8ZNO8BIHL,level_0_725
585,584.0,7WEV0ZEB8,level_0_334
586,585.0,CXMGWAJYV,level_0_509
587,586.0,5L4613R0F,level_0_255
588,587.0,F7O7JP657,level_0_429
589,588.0,KRGP4PXL9,level_0_729
590,589.0,94J6OKYJ2,level_0_380
591,590.0,2AS1JDWNN,level_0_690
592,591.0,2JIU81QBO,level_0_374
593,592.0,CRPUQ97OJ,level_0_374
594,593.0,IA09AYWK1,level_0_374
595,594.0,DPYSN7JLN,level_0_315
596,595.0,AZXLPGDE6,level_0_255
597,596.0,14DU9AMYQ,level_0_780
598,597.0,ANV3SXQ4P,level_0_0
599,598.0,D78KKG0TF,level_0_690
600,599.0,L3NG1JIPA,level_0_380
601,600.0,Y95FQN0II,level_0_374
602,601.0,GPFHLUZOQ,level_0_0
603,602.0,AY5XSBYCA,level_0_374
604,603.0,014RTH812,level_0_255
605,604.0,ZBLZIXJDM,level_0_255
606,605.0,8SSABDSF2,level_0_725
607,606.0,960H3ORVN,level_0_780
608,607.0,P8FGL0H6D,level_0_729
609,608.0,H63E8IF3T,level_0_255
610,609.0,C0GNKM5PH,level_0_730
611,610.0,GZ8IPL53J,level_0_374
612,611.0,XKAJ06NMX,level_0_105
613,612.0,SRDPEWS6T,level_0_367
614,613.0,PNN04VV8I,level_0_380
615,614.0,48G629OPD,level_0_0
616,615.0,8WWQYBOF3,level_0_780
617,616.0,Z0OFIRP1B,level_0_315
618,617.0,IGYQ0TFFJ,level_0_255
619,618.0,RDCR8K03W,level_0_105
620,619.0,XF21U000I,level_0_509
621,620.0,F0AKTDLH4,level_0_105
622,621.0,QFH3715U1,level_0_315
623,622.0,IDCSB0YRL,level_0_105
624,623.0,TER22Y23C,level_0_429
625,624.0,EWT67SH1S,level_0_725
626,625.0,P72N65WXO,level_0_585
627,626.0,C9USI74UA,level_0_105
628,627.0,2K2C2KVHE,level_0_105
629,628.0,2U1M5T5WK,level_0_151
630,629.0,K4P9SRW3A,level_0_374
631,630.0,OSVG1CERG,level_0_695
632,631.0,TMV0ASWC5,level_0_730
633,632.0,AGQEHUNRX,level_0_509
634,633.0,U8EMJ67QR,level_0_509
635,634.0,6SGKV8V8U,level_0_374
636,635.0,BTUIX6VOW,level_0_105
637,636.0,FOEYL5VB8,level_0_105
638,637.0,JHU69XW38,level_0_315
639,638.0,U6QXRAPBY,level_0_725
640,639.0,6QFBAOK7W,level_0_315
641,640.0,92HJ1N39X,level_0_725
642,641.0,282HYXY0Z,level_0_725
643,642.0,5KJWNAY41,level_0_730
644,643.0,VCUF1DQ0X,level_0_334
645,644.0,B971G4H6S,level_0_367
646,645.0,0SN4HYKQJ,level_0_780
647,646.0,SU3FHIVRL,level_0_729
648,647.0,INXWQHS6V,level_0_729
649,648.0,ZB51RNYDZ,level_0_334
650,649.0,5MROBRYMU,level_0_151
651,650.0,LWJ5KRSFO,level_0_729
652,651.0,A8ZDJ5PDE,level_0_695
653,652.0,1GOFXT1OV,level_0_730
654,653.0,VF0A5M8KL,level_0_725
655,654.0,SR0LO6B6O,level_0_725
656,655.0,WA7J07X2J,level_0_725
657,656.0,YN8A37CFR,level_0_729
658,657.0,80XZVQD55,level_0_374
659,658.0,F6P8CZ5UF,level_0_367
660,659.0,LRV44BD5W,level_0_725
661,660.0,02OAXUDJX,level_0_730
662,661.0,BCFIYP6KF,level_0_509
663,662.0,5BXYP93AX,level_0_367
664,663.0,0LOFBXUAD,level_0_730
665,664.0,ZWOG1G0E4,level_0_690
666,665.0,RQH6LZ1DN,level_0_255
667,666.0,B5N64H8ZF,level_0_725
668,667.0,X9T27A6KS,level_0_730
669,668.0,C169GYLI7,level_0_374
670,669.0,LF4ZASO36,level_0_729
671,670.0,BV2HR57AJ,level_0_367
672,671.0,GPBMDFOBB,level_0_509
673,672.0,6FY7WQAZ0,level_0_725
674,673.0,97TTMR49G,level_0_725
675,674.0,1WUGH0AHU,level_0_367
676,675.0,FMNC45UG6,level_0_380
677,676.0,V3Y242ECC,level_0_725
678,677.0,8A69AAWEV,level_0_429
679,678.0,62E6KTMYD,level_0_255
680,679.0,EOZ9R1YE2,level_0_255
681,680.0,EUG4PK2AG,level_0_725
682,681.0,V3CIRS933,level_0_315
683,682.0,H3BSKLPG3,level_0_725
684,683.0,LFNL8U9MD,level_0_725
685,684.0,RKCT07C4Y,level_0_374
686,685.0,7TR6A1MX5,level_0_429
687,686.0,OSMTKUZHP,level_0_725
688,687.0,4V329RJJQ,level_0_695
689,688.0,HJL9II3CK,level_0_725
690,689.0,Q5EHPLYEH,level_0_729
691,690.0,YXSWVY18V,level_0_380
692,691.0,OR8882JPW,level_0_730
693,692.0,2X8WUM7WU,level_0_367
694,693.0,VY1DWBJ4I,level_0_780
695,694.0,NCSKL2DYQ,level_0_105
696,695.0,OKKNXFVU3,level_0_367
697,696.0,YA54L81JN,level_0_255
698,697.0,ZJNR277W0,level_0_690
699,698.0,AQ69R055Z,level_0_367
700,699.0,0RTFSIQT0,level_0_367
701,700.0,PAA49EBGO,level_0_367
702,701.0,OY6QMFL84,level_0_729
703,702.0,90XHISVT2,level_0_255
704,703.0,L2TT1DM9J,level_0_0
705,704.0,PXE0DNS9F,level_0_255
706,705.0,VFUIAWE31,level_0_780
707,706.0,B8RBE7THP,level_0_367
708,707.0,M5YB4H9ZB,level_0_780
709,708.0,356B3X6AX,level_0_509
710,709.0,Y1THA71IK,level_0_0
711,710.0,MJW2G0JDF,level_0_729
712,711.0,HZQZC0B4V,level_0_367
713,712.0,PEBQG1VOE,level_0_105
714,713.0,5NWE9939I,level_0_730
715,714.0,HQX7RUCJH,level_0_367
716,715.0,6NISA79S0,level_0_780
717,716.0,7L2CBZMMZ,level_0_725
718,717.0,XBZYWRJI0,level_0_255
719,718.0,88LHNKT82,level_0_725
720,719.0,3GRGFIRRE,level_0_0
721,720.0,X7PXMKK58,level_0_730
722,721.0,ILFD302RC,level_0_729
723,722.0,KU8W4234J,level_0_725
724,723.0,BUOA5O63N,level_0_725
725,724.0,EJVIWVZ5R,level_0_334
726,725.0,Q3YYEHNL1,level_0_725
727,726.0,FPH47KAPA,level_0_380
728,727.0,Q6J70EUF3,level_0_367
729,728.0,H1P772POB,level_0_729
730,729.0,ZIT8LJPOQ,level_0_105
731,730.0,8U6UQDQIY,level_0_105
732,731.0,2FJH5GHUO,level_0_255
733,732.0,52EEXN2DV,level_0_334
734,733.0,86RUBRW9F,level_0_367
735,734.0,VTAK1OW52,level_0_725
736,735.0,CPDDFKY5G,level_0_367
737,736.0,4Y9506OEQ,level_0_725
738,737.0,Q7AE33JY2,level_0_725
739,738.0,P0AY216J3,level_0_367
740,739.0,URMJB1TG3,level_0_105
741,740.0,WPP9ZOG5E,level_0_255
742,741.0,H66AUDKPD,level_0_729
743,742.0,H02007F2P,level_0_367
744,743.0,R4G98WU41,level_0_695
745,744.0,K1VC9HHNU,level_0_380
746,745.0,S4GLOFWWO,level_0_729
747,746.0,GFS6AK0LS,level_0_374
748,747.0,IZ2NNPL1R,level_0_367
749,748.0,AMM053W06,level_0_367
750,749.0,G32DNATLX,level_0_374
751,750.0,55YYXPY68,level_0_334
752,751.0,GXETTZVTV,level_0_725
753,752.0,1Q3Q90SV2,level_0_690
754,753.0,J1W8M52IQ,level_0_380
755,754.0,LN842KM7D,level_0_255
756,755.0,RQCAYNN76,level_0_690
757,756.0,N1WEK9H71,level_0_725
758,757.0,2AD7RUBNV,level_0_0
759,758.0,8P4EDJX9M,level_0_367
760,759.0,O94KZFED0,level_0_0
761,760.0,CMVG1CP88,level_0_374
762,761.0,W0IY378IE,level_0_780
763,762.0,CQ5MRTVRC,level_0_334
764,763.0,DTWBKR22K,level_0_725
765,764.0,JK4AAAKB3,level_0_151
766,765.0,NZBH2GA0C,level_0_780
767,766.0,37O1U32LI,level_0_780
768,767.0,LCWGFSO4L,level_0_367
769,768.0,SHF4EBY5K,level_0_0
770,769.0,MGVWP8JXP,level_0_780
771,770.0,KOBD1ACGV,level_0_0
772,771.0,QRJX9T4KM,level_0_380
773,772.0,OWNVFSGEN,level_0_367
774,773.0,XATC2NQYV,level_0_725
775,774.0,52UMYZ0AQ,level_0_255
776,775.0,GJFNQHU5H,level_0_105
777,776.0,H10VP2ZJO,level_0_105
778,777.0,CDBZE0LTM,level_0_730
779,778.0,9WM21XO5C,level_0_725
780,779.0,5T8X4AEHT,level_0_0
781,780.0,YGURXOOAR,level_0_695
782,781.0,E4PALJWI4,level_0_374
783,782.0,6XP6OZKZ8,level_0_0
784,783.0,LEQ02URM2,level_0_780
785,784.0,7CPMP6BDN,level_0_380
786,785.0,KTQQXTMCE,level_0_255
787,786.0,V7NKL671S,level_0_255
788,787.0,PJ1PMZKCG,level_0_374
789,788.0,QZ6XT2PKV,level_0_725
790,789.0,TD5GSWE30,level_0_695
791,790.0,2KHI20P5A,level_0_255
792,791.0,4B6RV5N8W,level_0_374
793,792.0,M9KTG9BP0,level_0_374
794,793.0,HK5RA8VN2,level_0_690
795,794.0,GHC4Y3U9D,level_0_255
796,795.0,7Q1COC0ZE,level_0_255
797,796.0,O0P2DXO1D,level_0_0
798,797.0,SERJEBNAH,level_0_780
799,798.0,FTQS4WZEI,level_0_105
800,799.0,J8ZVMAM1F,level_0_725
801,800.0,L4G6AVLHK,level_0_729
802,801.0,Q5MSSH44F,level_0_0
803,802.0,FUM1OK9W6,level_0_105
804,803.0,7HHTPPF4Y,level_0_255
805,804.0,VVVGYCKIM,level_0_690
806,805.0,NPD8NBR6O,level_0_367
807,806.0,VQLA6L4E6,level_0_725
808,807.0,9DQ2WADQP,level_0_255
809,808.0,BQ1BYKOC5,level_0_367
810,809.0,NRKTLCX24,level_0_367
811,810.0,7LLKQZUAR,level_0_380
812,811.0,Y3GJF5Y41,level_0_255
813,812.0,U5O7QSXSB,level_0_367
814,813.0,HW00BSNH2,level_0_374
815,814.0,WQN2R7MUX,level_0_780
816,815.0,R0JDVT05C,level_0_105
817,816.0,WAN2SS5YD,level_0_105
818,817.0,CR4DLZ6DM,level_0_255
819,818.0,N07YB249X,level_0_105
820,819.0,EV8EY8E26,level_0_729
821,820.0,QRRN7CSHX,level_0_690
822,821.0,854ZOA1HA,level_0_105
823,822.0,P92KHSCR9,level_0_105
824,823.0,IORN88PWY,level_0_374
825,824.0,XX3HP5XZH,level_0_0
826,825.0,E0JF2BQ8X,level_0_725
827,826.0,4BJMEMKZK,level_0_151
828,827.0,2N3JT554R,level_0_367
829,828.0,100UDECF2,level_0_0
830,829.0,5TWG6M09W,level_0_255
831,830.0,AZB66ZE59,level_0_730
832,831.0,CYPL6AY9G,level_0_0
833,832.0,QFRSR06RO,level_0_105
834,833.0,FBWRVYJTV,level_0_255
835,834.0,25SR1WIMW,level_0_367
836,835.0,DBP7NP5YE,level_0_255
837,836.0,XE32R4ZCI,level_0_690
838,837.0,JE80YJ1IN,level_0_255
839,838.0,4KNM7U86A,level_0_367
840,839.0,N6ITNW4PA,level_0_780
841,840.0,TG1JUIHIT,level_0_367
842,841.0,A7TW4V5CD,level_1_13
843,842.0,B6FEXDXUO,level_1_13
844,843.0,QDXK2JS22,level_1_4
845,844.0,IXX3IKOLV,level_1_1
846,845.0,SN8IXBGNC,level_1_4
847,846.0,U95UK89JI,level_1_0
848,847.0,YWRQWOGXY,level_1_5
849,848.0,C7D87FBF8,level_1_4
850,849.0,HX89G50GS,level_1_2
851,850.0,N2YG5HP59,level_1_2
852,851.0,M79RIKP8D,level_1_4
853,852.0,PMYWGHUJG,level_1_4
854,853.0,WCCA61EH1,level_1_4
855,854.0,CMUEVJW0P,level_1_1
856,855.0,3AOMVJBWC,level_1_9
857,856.0,U20T1HOBI,level_1_4
858,857.0,0E8P6F42T,level_1_0
859,858.0,X13HPGM1A,level_1_16
860,859.0,J9W1YQQVX,level_1_2
861,860.0,OQNZ7MT3K,level_1_4
862,861.0,XISFL3YUG,level_1_1
863,862.0,HXEDAYCK4,level_1_4
864,863.0,GCP8I5V5Z,level_1_1
865,864.0,0TS3YTURI,level_1_4
866,865.0,KFFYJ83IG,level_1_4
867,866.0,5SXEP0WKI,level_1_0
868,867.0,B1YGO6HY5,level_1_13
869,868.0,WQD8F0OC3,level_1_4
870,869.0,NL6GPHWMS,level_1_2
871,870.0,8YROK63YG,level_1_0
872,871.0,455ENEIP0,level_1_4
873,872.0,1SIOSK3RQ,level_1_2
874,873.0,4G7VWTPRJ,level_1_2
875,874.0,QLXZEGRSL,level_1_4
876,875.0,JGE2HRFPU,level_1_2
877,876.0,W4EFPUG6F,level_1_4
878,877.0,HCCKRGJ5X,level_1_13
879,878.0,2MCBRC1DJ,level_1_4
880,879.0,50RTA78XQ,level_1_0
881,880.0,QCG6FU21M,level_1_4
882,881.0,ZNE8CX26J,level_1_1
883,882.0,75K6EWA63,level_1_4
884,883.0,BGUFELJ2L,level_1_13
885,884.0,UCSE57GD7,level_1_1
886,885.0,TXINM8RH6,level_1_2
887,886.0,7EOSTUJE2,level_1_4
888,887.0,2RA8MCQPG,level_1_0
889,888.0,EMFURT241,level_1_4
890,889.0,SXY37C8KJ,level_1_4
891,890.0,3GJPR4QJK,level_1_4
892,891.0,MN78V0SH2,level_1_13
893,892.0,2CWQPKMAH,level_1_2
894,893.0,D9RBDIOL0,level_1_0
895,894.0,8M0098QBY,level_1_4
896,895.0,9WYECR5DV,level_1_4
897,896.0,7259I6NCQ,level_1_4
898,897.0,P89UNXKHE,level_1_0
899,898.0,AKZF7OC2N,level_1_4
900,899.0,RVNP6KNO4,level_1_13
901,900.0,T500BIM8W,level_1_1
902,901.0,S112UXT5G,level_1_0
903,902.0,9AR0R3FV9,level_1_0
904,903.0,K5PYKHSK7,level_1_4
905,904.0,22SF7NNU2,level_1_4
906,905.0,1USVWBEQM,level_1_4
907,906.0,3BHYBK3PE,level_1_4
908,907.0,G67UHNIAU,level_1_4
909,908.0,ZE04CY3OG,level_1_2
910,909.0,9T5KNHU4E,level_1_4
911,910.0,0X5BKRSLA,level_1_4
912,911.0,LJ3POS60G,level_1_1
913,912.0,DHMYPMCDU,level_1_2
914,913.0,MUF93AH55,level_1_4
915,914.0,GKRC20GJD,level_1_11
916,915.0,55ZO4CT0N,level_1_2
917,916.0,LH6DFB5F6,level_1_13
918,917.0,J20JO79EW,level_1_2
919,918.0,2IUMVXWR8,level_1_4
920,919.0,O4UQAQWKH,level_1_4
921,920.0,MEKD7VKBL,level_1_1
922,921.0,487Q5O8JW,level_1_4
923,922.0,KCHOBK8DZ,level_1_13
924,923.0,CBL5VF3IL,level_1_13
925,924.0,E87HE5EWW,level_1_2
926,925.0,R2XGPA6X9,level_1_4
927,926.0,T4H5XJDSA,level_1_4
928,927.0,OCVZ3I5SI,level_1_2
929,928.0,4E4S5QF2T,level_1_4
930,929.0,P9T3GAF6P,level_1_4
931,930.0,TH749UJX1,level_1_13
932,931.0,85GKX35QF,level_1_4
933,932.0,J3B9JRMCQ,level_1_4
934,933.0,8FLYHFAX2,level_1_2
935,934.0,TDEV4PXK7,level_1_4
936,935.0,QKQCHAJWK,level_1_1
937,936.0,E0UZQH1FW,level_1_4
938,937.0,6M16PPENP,level_1_0
939,938.0,PVAK1RD6J,level_1_0
940,939.0,LXYEB8KVT,level_1_4
941,940.0,BHGZ9GJ6M,level_1_1
942,941.0,QV99CFKKN,level_1_1
943,942.0,YAGWP5YJB,level_1_4
944,943.0,SZT4TDQDU,level_1_13
945,944.0,5IHJMBG5D,level_1_4
946,945.0,V11DSNP45,level_1_2
947,946.0,3FX5CP8G6,level_1_2
948,947.0,JUHO9C7TO,level_1_0
949,948.0,VSJ3PM8SE,level_1_4
950,949.0,J6T3XR6FN,level_1_2
951,950.0,3H6LG8I9R,level_1_1
952,951.0,AWGC5SU5W,level_1_4
953,952.0,T2MKQ79FV,level_1_1
954,953.0,VK0D7KPVG,level_1_4
955,954.0,KIEBJRDDM,level_1_4
956,955.0,ADMQFHZK2,level_1_0
957,956.0,ZJ3Z5EF6F,level_1_4
958,957.0,2NSKJRKBR,level_1_13
959,958.0,WDJZYI0Y6,level_1_4
960,959.0,1G7S047H0,level_1_13
961,960.0,LFZF5Q57M,level_1_1
962,961.0,M7TRE6B9L,level_1_1
963,962.0,5RGGF4TYL,level_1_4
964,963.0,93QRG8MC3,level_1_13
965,964.0,ITHGU8SBT,level_1_2
966,965.0,8G5ES3JED,level_1_2
967,966.0,EA6BCEMKX,level_1_4
968,967.0,5CCZ5W2PG,level_1_2
969,968.0,4QOGQBU7G,level_1_1
970,969.0,8TPQ9WRR1,level_1_1
971,970.0,MSTMHYBD5,level_1_4
972,971.0,TRFTF4BO0,level_1_4
973,972.0,HB5OY2IT3,level_1_15
974,973.0,EA87RASFM,level_1_2
975,974.0,YPJSQB1NK,level_1_0
976,975.0,YGWF8BZ0Q,level_1_0
977,976.0,2NSKWGEB8,level_1_1
978,977.0,FZB0LZY0C,level_1_13
979,978.0,BIAFRGAMC,level_1_13
980,979.0,DF65JRUMD,level_1_1
981,980.0,R2T87O3FO,level_1_4
982,981.0,ZRMCEEM8Q,level_1_2
983,982.0,M4DXAGNGQ,level_1_1
984,983.0,MRP5VAJJ0,level_1_4
985,984.0,TRN942L56,level_1_4
986,985.0,K4XQI78Z2,level_1_2
987,986.0,BKS6SKZYM,level_1_4
988,987.0,HEXIYT3HQ,level_1_0
989,988.0,L8TOW6TNA,level_1_4
990,989.0,OL4DZ8JZR,level_1_1
991,990.0,ZR7S7G4XE,level_1_0
992,991.0,DNHJI3YC7,level_1_1
993,992.0,QY8VOMWGS,level_1_1
994,993.0,MWXMABNZK,level_1_13
995,994.0,GA45I7N1S,level_1_0
996,995.0,32XQH8YEQ,level_1_4
997,996.0,FJUNS4X8V,level_1_4
998,997.0,2PDBI37G1,level_1_13
999,998.0,LDPU5ODDE,level_1_4
1000,999.0,J4GN0JLOP,level_1_4
1001,1000.0,0RETU2IQZ,level_1_2
1002,1001.0,T273G1Q6I,level_1_4
1003,1002.0,8DPCQY3O3,level_1_0
1004,1003.0,PYTKK0WJJ,level_1_4
1005,1004.0,4JXE6A4NR,level_1_13
1006,1005.0,KVI9WUCXC,level_1_4
1007,1006.0,VA4SXLLR5,level_1_2
1008,1007.0,6PNOSRLW5,level_1_1
1009,1008.0,S79GK1YW1,level_1_4
1010,1009.0,9HC7101P7,level_1_13
1011,1010.0,1TIT6QD69,level_1_1
1012,1011.0,ZU6DIC1W4,level_1_4
1013,1012.0,184Q1P3KK,level_1_4
1014,1013.0,I4FY2TL2Y,level_1_4
1015,1014.0,2I9I6MHND,level_1_4
1016,1015.0,7MK1U2IF6,level_1_4
1017,1016.0,8VXQLFMEW,level_1_4
1018,1017.0,QPW71MW7T,level_1_0
1019,1018.0,NRZO6E5PR,level_1_4
1020,1019.0,UQB9OT0OP,level_1_2
1021,1020.0,ORGS022F3,level_1_4
1022,1021.0,IIO55NSRS,level_1_4
1023,1022.0,8OOZT94SC,level_1_4
1024,1023.0,8NAX0KMZL,level_1_1
1025,1024.0,J5XGQ0VWB,level_1_4
1026,1025.0,B5I8ZG5HT,level_1_1
1027,1026.0,TIEIGUGDF,level_1_4
1028,1027.0,MET0LO2VH,level_1_4
1029,1028.0,7PL28AX8V,level_1_1
1030,1029.0,09144M14F,level_1_4
1031,1030.0,3S2B35GDS,level_1_4
1032,1031.0,81Z5QZ9HC,level_1_4
1033,1032.0,GXDRJ4TRK,level_1_4
1034,1033.0,1W6LJ9DT2,level_1_4
1035,1034.0,EX3RN5RW3,level_1_0
1036,1035.0,LBMB0NC3A,level_1_4
1037,1036.0,40SNWBK5A,level_1_0
1038,1037.0,ICVX6ORN3,level_1_13
1039,1038.0,1O7GLLIT8,level_1_2
1040,1039.0,5NJUNEM55,level_1_2
1041,1040.0,1UHQXTIZH,level_1_0
1042,1041.0,ZMG62TFTN,level_1_4
1043,1042.0,C6KG77TQ4,level_1_1
1044,1043.0,YV94FB1QZ,level_1_1
1045,1044.0,L6MHDE4QK,level_1_4
1046,1045.0,68VVPRF5O,level_1_13
1047,1046.0,CFSFIH899,level_1_1
1048,1047.0,7HPYSOOLT,level_1_1
1049,1048.0,4Z3W2RMJG,level_1_4
1050,1049.0,ATAY2N4IY,level_1_4
1051,1050.0,N7XPCVVBV,level_1_10
1052,1051.0,NZGS8524L,level_1_4
1053,1052.0,35N5502MV,level_1_0
1054,1053.0,563I60QTS,level_1_2
1055,1054.0,EPKWQTJCD,level_1_4
1056,1055.0,7J5OVVBUS,level_1_4
1057,1056.0,CSVH2PL9J,level_1_1
1058,1057.0,O5YRQSNWR,level_1_4
1059,1058.0,6MXSGOUV1,level_1_2
1060,1059.0,8M658OJUY,level_1_10
1061,1060.0,B216RPXJ7,level_1_2
1062,1061.0,52TXJZGR3,level_1_1
1063,1062.0,75RAEPRC3,level_1_13
1064,1063.0,H8C8V4AOO,level_1_4
1065,1064.0,2AV2BWNYL,level_1_13
1066,1065.0,GBE0U6T83,level_1_1
1067,1066.0,IEOR1SXLA,level_1_13
1068,1067.0,W3B739UFB,level_1_13
1069,1068.0,HT6R8TZVN,level_1_13
1070,1069.0,SUO1FNYVL,level_1_2
1071,1070.0,SXSKUMS84,level_1_2
1072,1071.0,LUYUP9ZCK,level_1_4
1073,1072.0,MYI6H8VUT,level_1_0
1074,1073.0,VVFAM0N2S,level_1_4
1075,1074.0,S8JIH40OC,level_1_4
1076,1075.0,DXLP0Y284,level_1_4
1077,1076.0,XYLU5VLWW,level_1_4
1078,1077.0,0P09TUI04,level_1_4
1079,1078.0,VAHRUDUJ6,level_1_0
1080,1079.0,1BZG1KE0Y,level_1_0
1081,1080.0,INY4B5OPF,level_1_2
1082,1081.0,D8QAFWQOD,level_1_4
1083,1082.0,P2TZRS49C,level_1_0
1084,1083.0,EJGLSR732,level_1_4
1085,1084.0,USZWE3AUZ,level_1_2
1086,1085.0,DTKH8QTCA,level_1_1
1087,1086.0,LMGZ9KFB9,level_1_0
1088,1087.0,ZB4E0WLFM,level_1_2
1089,1088.0,45AMGIS8L,level_1_4
1090,1089.0,LD5XLTHUG,level_1_0
1091,1090.0,5JXUMYW6W,level_1_4
1092,1091.0,XWK2BVVNJ,level_1_4
1093,1092.0,W4NLROMOW,level_1_13
1094,1093.0,G4DG2KL3W,level_1_4
1095,1094.0,JRA8NQELS,level_1_4
1096,1095.0,PZ7V9JAXA,level_1_4
1097,1096.0,C5TY8KO0M,level_1_1
1098,1097.0,2Q87KTVG0,level_1_0
1099,1098.0,CEQXULY5U,level_1_1
1100,1099.0,GRBZP9AMN,level_1_1
1101,1100.0,V9GHUVRBU,level_1_0
1102,1101.0,NGRC0OTK8,level_1_2
1103,1102.0,Q5K7GGHPN,level_1_1
1104,1103.0,2OOGRPW7I,level_1_13
1105,1104.0,0WBE8JFIW,level_1_4
1106,1105.0,DQGR15TYR,level_1_0
1107,1106.0,K1MBWILKR,level_1_0
1108,1107.0,9JISZW2D3,level_1_0
1109,1108.0,91EKDHH8W,level_1_4
1110,1109.0,1J2M5GPOX,level_1_4
1111,1110.0,LDN37CDIQ,level_1_2
1112,1111.0,M69GV4PBZ,level_1_0
1113,1112.0,9JZRKJWQF,level_1_13
1114,1113.0,URKNTTCHQ,level_1_13
1115,1114.0,BABD9B734,level_1_4
1116,1115.0,RX3AOHSHS,level_1_4
1117,1116.0,S8P71RGIF,level_1_0
1118,1117.0,YRBTIVKDS,level_1_4
1119,1118.0,BXUZHRY8G,level_1_4
1120,1119.0,ILCPGBT05,level_1_4
1121,1120.0,XHXF5YXJE,level_1_0
1122,1121.0,WOSNKWG1Y,level_1_0
1123,1122.0,JRQANLB7T,level_1_4
1124,1123.0,IO819H46B,level_1_4
1125,1124.0,8WYV44HVQ,level_1_13
1126,1125.0,AZAQ6AU88,level_1_13
1127,1126.0,2FSSRVL3Y,level_1_0
1128,1127.0,0PS3UG706,level_1_4
1129,1128.0,WPCIJLU3N,level_1_1
1130,1129.0,8R9PYNMQ2,level_1_4
1131,1130.0,FBUQXJ4SJ,level_1_4
1132,1131.0,4GZKRJA02,level_1_0
1133,1132.0,R0OENM5B3,level_1_4
1134,1133.0,FCEBA6IMH,level_1_4
1135,1134.0,40V3VXC61,level_1_13
1136,1135.0,QW3NRQD61,level_1_4
1137,1136.0,45JAJQR0T,level_1_4
1138,1137.0,W1LDR5U99,level_1_1
1139,1138.0,JVE1OMBAJ,level_1_13
1140,1139.0,Z6Q11HCQY,level_1_2
1141,1140.0,MLDCFFL0X,level_1_1
1142,1141.0,DN6XW72NA,level_1_1
1143,1142.0,H9Y1CT6IB,level_1_0
1144,1143.0,AU6WSDEUP,level_1_13
1145,1144.0,20CKF3ZWL,level_1_2
1146,1145.0,FD34W9WKY,level_1_4
1147,1146.0,914Y0S91B,level_1_13
1148,1147.0,2CXRAOMMR,level_1_2
1149,1148.0,SHBB7UABV,level_1_4
1150,1149.0,4NFGG35RI,level_1_1
1151,1150.0,21QW58OKO,level_1_13
1152,1151.0,4KYDN84EO,level_1_1
1153,1152.0,TIYJAIXHO,level_1_2
1154,1153.0,1GCK8TU9H,level_1_13
1155,1154.0,37NA61AAI,level_1_6
1156,1155.0,0AI9JIZ2W,level_1_4
1157,1156.0,RW9XKYP0A,level_1_0
1158,1157.0,IYMKO9LF4,level_1_4
1159,1158.0,BNOOK6QGT,level_1_0
1160,1159.0,860H86ITI,level_1_4
1161,1160.0,HYDRDQX13,level_1_1
1162,1161.0,SH5MDSJ4N,level_1_1
1163,1162.0,G1E1VI9PT,level_1_4
1164,1163.0,QUTX8OZW3,level_1_4
1165,1164.0,437HR0O4H,level_1_13
1166,1165.0,53TVZQWLY,level_1_13
1167,1166.0,E2XXBG9SD,level_1_4
1168,1167.0,PIKAQ0438,level_1_4
1169,1168.0,X6YXGOANF,level_1_0
1170,1169.0,JQBGKP6W8,level_1_2
1171,1170.0,0TQ8LVL6A,level_1_1
1172,1171.0,ORTU9035E,level_1_13
1173,1172.0,ZRE65F504,level_1_4
1174,1173.0,3ABA286V3,level_1_4
1175,1174.0,ISJRFYV8V,level_1_4
1176,1175.0,LCAR4C2AC,level_1_13
1177,1176.0,DWSBVSYS1,level_1_0
1178,1177.0,RTAM4EG9S,level_1_4
1179,1178.0,B5LA7P290,level_1_4
1180,1179.0,Q5USF5XSD,level_1_2
1181,1180.0,FVYHRK21K,level_1_4
1182,1181.0,7B3SHSNF3,level_1_0
1183,1182.0,1XY85SCY9,level_1_4
1184,1183.0,MKA8MAKIE,level_1_4
1185,1184.0,53AYU9YKY,level_1_4
1186,1185.0,E3D8DMUQ8,level_1_0
1187,1186.0,3ALH6OGW7,level_1_13
1188,1187.0,H9F0NUHZL,level_1_2
1189,1188.0,5M75UPLYH,level_1_0
1190,1189.0,01L6VT7DN,level_1_4
1191,1190.0,A4NUZ22PL,level_1_4
1192,1191.0,MN97P3QRD,level_1_4
1193,1192.0,RDCY4GQ21,level_1_4
1194,1193.0,J2QRFW5I1,level_1_2
1195,1194.0,HOGJPGIZZ,level_1_0
1196,1195.0,HF6FBYY47,level_1_4
1197,1196.0,0GX24IEE5,level_1_13
1198,1197.0,VNB5K3HKO,level_1_5
1199,1198.0,M9FLOWVQ1,level_1_13
1200,1199.0,71K8MDKF5,level_1_2
1201,1200.0,0FZ4NDK1V,level_1_1
1202,1201.0,PSVL9IGP4,level_1_1
1203,1202.0,8BIJBG28L,level_1_4
1204,1203.0,BVGVZAPY8,level_1_4
1205,1204.0,GD5JEBNLG,level_1_4
1206,1205.0,VXGFRB5WD,level_1_0
1207,1206.0,AQDRAUC0Y,level_1_1
1208,1207.0,HYHKBYFA8,level_1_4
1209,1208.0,9N7FV77E0,level_1_1
1210,1209.0,93QYQUHI9,level_1_2
1211,1210.0,J8PANKDB0,level_1_4
1212,1211.0,KE0CSLK6N,level_1_4
1213,1212.0,2TS5RQWDI,level_1_4
1214,1213.0,YH74W3DOQ,level_1_4
1215,1214.0,Y1ALZ9RCA,level_1_1
1216,1215.0,JUX1BZ6HY,level_1_2
1217,1216.0,RN0P2YXM8,level_1_2
1218,1217.0,P6OD3RGKS,level_1_2
1219,1218.0,EO4PZE0AL,level_1_4
1220,1219.0,MT2RHGD80,level_1_13
1221,1220.0,FKOJPWUQE,level_1_1
1222,1221.0,4AMC75PTB,level_1_4
1223,1222.0,JWTKF61NC,level_1_2
1224,1223.0,BIPK5ZAR1,level_1_13
1225,1224.0,J0RX9SBDE,level_1_4
1226,1225.0,EY3KP5F01,level_1_4
1227,1226.0,3JU9FAUU3,level_1_4
1228,1227.0,Q4JG9LJV1,level_1_4
1229,1228.0,C7SAB7SNT,level_1_13
1230,1229.0,29VY3IBY8,level_1_4
1231,1230.0,J5MY1UZCZ,level_1_4
1232,1231.0,6A808LLJM,level_1_4
1233,1232.0,ND16QJ4X3,level_1_0
1234,1233.0,233S4VIJO,level_1_2
1235,1234.0,M3K3G0HHX,level_1_0
1236,1235.0,YAGZ4YXFN,level_1_4
1237,1236.0,ZEQ0VL9LO,level_1_0
1238,1237.0,3U3JRVHSM,level_1_4
1239,1238.0,W1VNSW6KX,level_1_1
1240,1239.0,0PMUNN0JV,level_1_0
1241,1240.0,KYTIFAIAQ,level_1_0
1242,1241.0,CH1K8ER54,level_1_0
1243,1242.0,2Z2IKU9RE,level_1_4
1244,1243.0,MWX6VP7YQ,level_1_4
1245,1244.0,ILPPF2Q5O,level_1_4
1246,1245.0,1VULI5G25,level_1_0
1247,1246.0,0NX5HBGSX,level_1_4
1248,1247.0,W962SS9B7,level_1_4
1249,1248.0,XX4GJRQPR,level_1_1
1250,1249.0,MO4PZXJ8Y,level_1_4
1251,1250.0,VY1IQK701,level_1_4
1252,1251.0,LKA554BEI,level_1_1
1253,1252.0,79IK65LHE,level_1_4
1254,1253.0,CY6V88Q8U,level_1_2
1255,1254.0,B3O94VEPH,level_1_13
1256,1255.0,OBT4O2J17,level_1_4
1257,1256.0,2DU54AUSC,level_1_4
1258,1257.0,63POERV3P,level_1_4
1259,1258.0,DZR84R00R,level_1_2
1260,1259.0,9ICALHNP4,level_1_1
1261,1260.0,CG3WLRJAX,level_1_4
1262,1261.0,U7H3YXT6R,level_1_0
1263,1262.0,MS0470NPU,level_1_4
1264,1263.0,0QNEJ6921,level_1_1
1265,1264.0,RW533BDLF,level_1_4
1266,1265.0,5SW2OYSDM,level_1_13
1267,1266.0,TSD65RCZ5,level_1_1
1268,1267.0,Y5KXCTNCC,level_1_1
1269,1268.0,Q494N6FBH,level_1_4
1270,1269.0,4WK5AWN01,level_1_4
1271,1270.0,YF41U5FY6,level_1_4
1272,1271.0,BPS1XI2OD,level_1_4
1273,1272.0,O893081J5,level_1_13
1274,1273.0,53SUYI9JV,level_1_0
1275,1274.0,ADMGIKK1Z,level_1_4
1276,1275.0,AGONNB8P1,level_1_14
1277,1276.0,ZFAS23QLR,level_1_2
1278,1277.0,EC8NO2K6T,level_1_4
1279,1278.0,9IIOSGCMD,level_1_0
1280,1279.0,K0SFSG83G,level_1_5
1281,1280.0,XMG240E95,level_1_4
1282,1281.0,B5SVURC6I,level_1_12
1283,1282.0,L9A2UBMV1,level_1_13
1284,1283.0,PQSETLS5J,level_1_4
1285,1284.0,BX48GOZDP,level_1_1
1286,1285.0,FWVCCCNHW,level_1_2
1287,1286.0,LBXY2XIQG,level_1_4
1288,1287.0,UA9ALMGUE,level_1_13
1289,1288.0,8H70N2069,level_1_4
1290,1289.0,JXYPTWNMF,level_1_0
1291,1290.0,5TAREL6KW,level_1_4
1292,1291.0,66BZIVHMQ,level_1_1
1293,1292.0,OSE9JC7KL,level_1_4
1294,1293.0,0W3X17NT9,level_1_2
1295,1294.0,GLRGWFBWL,level_1_13
1296,1295.0,TEADIOMZH,level_1_4
1297,1296.0,XF2SW6SXA,level_1_4
1298,1297.0,VITI6YYG5,level_1_4
1299,1298.0,Q4KUCIVNO,level_1_0
1300,1299.0,1522ZTYU2,level_1_4
1301,1300.0,FGJMKVP9H,level_1_2
1302,1301.0,VELHKTP64,level_1_13
1303,1302.0,TTBELUESF,level_1_0
1304,1303.0,V26ELUPRX,level_1_4
1305,1304.0,TINFYIC7L,level_1_13
1306,1305.0,HFCIK3UXG,level_1_13
1307,1306.0,WRXGWXBSN,level_1_13
1308,1307.0,BY6CET79Y,level_1_0
1309,1308.0,REM2E9E3X,level_1_4
1310,1309.0,S5PMWAB4V,level_1_4
1311,1310.0,JCOEU04X6,level_1_4
1312,1311.0,J8R1TIFOU,level_1_13
1313,1312.0,PCMZEMW5O,level_1_2
1314,1313.0,28QNVWHGS,level_1_0
1315,1314.0,A9D8K3P9O,level_1_4
1316,1315.0,MZV7A5KTQ,level_1_0
1317,1316.0,VHSHC61I8,level_1_0
1318,1317.0,ASB70JT03,level_1_4
1319,1318.0,4R2EL15QS,level_1_4
1320,1319.0,2C6KNA6EJ,level_1_0
1321,1320.0,UY8PKVPO0,level_1_10
1322,1321.0,KMSV9L2XW,level_1_2
1323,1322.0,0WVP8I17C,level_1_0
1324,1323.0,GAWBPSFFD,level_1_0
1325,1324.0,M22UJGYIL,level_1_4
1326,1325.0,BE7XGNEPB,level_1_4
1327,1326.0,60I7H2B6D,level_1_2
1328,1327.0,Z5LWLCLGQ,level_1_2
1329,1328.0,EUDIR1RMW,level_1_0
1330,1329.0,YZ8KWNRK5,level_1_1
1331,1330.0,LHLYUFCTU,level_1_0
1332,1331.0,AB50GU0I7,level_1_4
1333,1332.0,YQSX2SZ4A,level_1_1
1334,1333.0,9J8PQZ17Q,level_1_13
1335,1334.0,S1MK0KQ5O,level_1_4
1336,1335.0,AMZMVXFW8,level_1_13
1337,1336.0,QG3JVQ9GU,level_1_4
1338,1337.0,94Y435G2Q,level_1_4
1339,1338.0,5Y8J20547,level_1_4
1340,1339.0,TU1SLMR17,level_1_4
1341,1340.0,O6R9BU1AE,level_1_4
1342,1341.0,L08ZG932H,level_1_4
1343,1342.0,1S6ZLSGJS,level_1_13
1344,1343.0,OE8J8D5YU,level_1_15
1345,1344.0,OV9SDQUZX,level_1_0
1346,1345.0,8LQBCSJW0,level_1_1
1347,1346.0,RPSQ8IK5A,level_1_4
1348,1347.0,PJGEJG64N,level_1_1
1349,1348.0,6L185X52Y,level_1_4
1350,1349.0,7BHS5LCJG,level_1_4
1351,1350.0,RX2001QL6,level_1_4
1352,1351.0,BZY2PLVEA,level_1_4
1353,1352.0,C1A6VHMXI,level_1_2
1354,1353.0,L2D8CUCVK,level_1_0
1355,1354.0,HIX8J8CW5,level_1_1
1356,1355.0,VEKCFL5VR,level_1_4
1357,1356.0,3674XT7SS,level_1_4
1358,1357.0,COVZ4R0CO,level_1_1
1359,1358.0,SQXMNVXC6,level_1_0
1360,1359.0,ER2TROSSO,level_1_4
1361,1360.0,1FV2F2834,level_1_13
1362,1361.0,9GORYNJUQ,level_1_4
1363,1362.0,LUQFI5EOG,level_1_4
1364,1363.0,P8P954GXN,level_1_1
1365,1364.0,8WS3MV0OU,level_1_4
1366,1365.0,GTI2GZ6XF,level_1_2
1367,1366.0,HU5LTUPUB,level_1_4
1368,1367.0,UU5Q37C1D,level_1_0
1369,1368.0,ZS91Y46I3,level_1_4
1370,1369.0,PT3P8SXJY,level_1_0
1371,1370.0,XO2IP210Q,level_1_4
1372,1371.0,BI906IJ6Y,level_1_0
1373,1372.0,55DNOTPPG,level_1_4
1374,1373.0,4N9A32TWT,level_1_13
1375,1374.0,SCE3X6T4Z,level_1_2
1376,1375.0,LSWIEUH5F,level_1_4
1377,1376.0,H6LGVLQGV,level_1_2
1378,1377.0,3FTBUMIFB,level_1_2
1379,1378.0,BEFAMCMBL,level_1_4
1380,1379.0,PAIE2YCZJ,level_1_4
1381,1380.0,N5UOS56KQ,level_1_13
1382,1381.0,N53884DUO,level_1_1
1383,1382.0,0EHOVL3F8,level_1_13
1384,1383.0,MPI6QYLRO,level_1_4
1385,1384.0,EPWNLZUIU,level_1_0
1386,1385.0,UZFZPNAGD,level_1_2
1387,1386.0,E2QJKN6TN,level_1_2
1388,1387.0,E486I4H0T,level_1_4
1389,1388.0,T6NO95PQV,level_1_4
1390,1389.0,RNFE2L77J,level_1_2
1391,1390.0,VPGEFD68Q,level_1_4
1392,1391.0,7Y4OK6WUE,level_1_2
1393,1392.0,JNZ6OMRZO,level_1_1
1394,1393.0,IJZWVEFQV,level_1_4
1395,1394.0,PFBYZQV4E,level_1_0
1396,1395.0,NGBS4GB0H,level_1_13
1397,1396.0,I8IUF9O21,level_1_0
1398,1397.0,R4OO5FKFT,level_1_4
1399,1398.0,C4YJ2FZWX,level_1_4
1400,1399.0,HR2U9KPW6,level_1_4
1401,1400.0,P2X3RW4FP,level_1_4
1402,1401.0,438YCL6BW,level_1_2
1403,1402.0,NUGX79UF8,level_1_4
1404,1403.0,IXK1CISFX,level_1_4
1405,1404.0,LVMT8UTVW,level_1_4
1406,1405.0,R6G3W05BD,level_1_4
1407,1406.0,O3Q8VAY4F,level_1_2
1408,1407.0,58QFP6IBB,level_1_4
1409,1408.0,YQHW5JB3S,level_1_4
1410,1409.0,57V1M5M89,level_1_4
1411,1410.0,7F5W3F1OX,level_1_4
1412,1411.0,62J7MXC2B,level_1_1
1413,1412.0,WQ4RMKEH8,level_1_0
1414,1413.0,DWW5SV8NM,level_1_13
1415,1414.0,B6QVWTDA9,level_1_4
1416,1415.0,JG27BNM5H,level_1_4
1417,1416.0,QLKMDFD8J,level_1_13
1418,1417.0,PRM8V76R3,level_1_1
1419,1418.0,AE97CRRAR,level_1_4
1420,1419.0,SF5Z8M52N,level_1_4
1421,1420.0,W7RKGQI1V,level_1_4
1422,1421.0,RYXCO0OU2,level_1_1
1423,1422.0,DS78QQXGW,level_1_0
1424,1423.0,0B82D7G57,level_1_4
1425,1424.0,8ZNO8BIHL,level_1_8
1426,1425.0,7WEV0ZEB8,level_1_0
1427,1426.0,CXMGWAJYV,level_1_13
1428,1427.0,5L4613R0F,level_1_4
1429,1428.0,F7O7JP657,level_1_0
1430,1429.0,KRGP4PXL9,level_1_1
1431,1430.0,94J6OKYJ2,level_1_4
1432,1431.0,2AS1JDWNN,level_1_4
1433,1432.0,2JIU81QBO,level_1_4
1434,1433.0,CRPUQ97OJ,level_1_4
1435,1434.0,IA09AYWK1,level_1_2
1436,1435.0,DPYSN7JLN,level_1_0
1437,1436.0,AZXLPGDE6,level_1_2
1438,1437.0,14DU9AMYQ,level_1_4
1439,1438.0,ANV3SXQ4P,level_1_4
1440,1439.0,D78KKG0TF,level_1_2
1441,1440.0,L3NG1JIPA,level_1_4
1442,1441.0,Y95FQN0II,level_1_2
1443,1442.0,GPFHLUZOQ,level_1_1
1444,1443.0,AY5XSBYCA,level_1_13
1445,1444.0,014RTH812,level_1_4
1446,1445.0,ZBLZIXJDM,level_1_0
1447,1446.0,8SSABDSF2,level_1_4
1448,1447.0,960H3ORVN,level_1_2
1449,1448.0,P8FGL0H6D,level_1_2
1450,1449.0,H63E8IF3T,level_1_2
1451,1450.0,C0GNKM5PH,level_1_13
1452,1451.0,GZ8IPL53J,level_1_2
1453,1452.0,XKAJ06NMX,level_1_2
1454,1453.0,SRDPEWS6T,level_1_13
1455,1454.0,PNN04VV8I,level_1_0
1456,1455.0,48G629OPD,level_1_2
1457,1456.0,8WWQYBOF3,level_1_4
1458,1457.0,Z0OFIRP1B,level_1_4
1459,1458.0,IGYQ0TFFJ,level_1_2
1460,1459.0,RDCR8K03W,level_1_0
1461,1460.0,XF21U000I,level_1_0
1462,1461.0,F0AKTDLH4,level_1_4
1463,1462.0,QFH3715U1,level_1_13
1464,1463.0,IDCSB0YRL,level_1_0
1465,1464.0,TER22Y23C,level_1_4
1466,1465.0,EWT67SH1S,level_1_2
1467,1466.0,P72N65WXO,level_1_13
1468,1467.0,C9USI74UA,level_1_4
1469,1468.0,2K2C2KVHE,level_1_4
1470,1469.0,2U1M5T5WK,level_1_1
1471,1470.0,K4P9SRW3A,level_1_4
1472,1471.0,OSVG1CERG,level_1_13
1473,1472.0,TMV0ASWC5,level_1_1
1474,1473.0,AGQEHUNRX,level_1_4
1475,1474.0,U8EMJ67QR,level_1_13
1476,1475.0,6SGKV8V8U,level_1_0
1477,1476.0,BTUIX6VOW,level_1_4
1478,1477.0,FOEYL5VB8,level_1_1
1479,1478.0,JHU69XW38,level_1_0
1480,1479.0,U6QXRAPBY,level_1_1
1481,1480.0,6QFBAOK7W,level_1_4
1482,1481.0,92HJ1N39X,level_1_4
1483,1482.0,282HYXY0Z,level_1_4
1484,1483.0,5KJWNAY41,level_1_0
1485,1484.0,VCUF1DQ0X,level_1_1
1486,1485.0,B971G4H6S,level_1_4
1487,1486.0,0SN4HYKQJ,level_1_4
1488,1487.0,SU3FHIVRL,level_1_1
1489,1488.0,INXWQHS6V,level_1_13
1490,1489.0,ZB51RNYDZ,level_1_4
1491,1490.0,5MROBRYMU,level_1_4
1492,1491.0,LWJ5KRSFO,level_1_4
1493,1492.0,A8ZDJ5PDE,level_1_4
1494,1493.0,1GOFXT1OV,level_1_0
1495,1494.0,VF0A5M8KL,level_1_13
1496,1495.0,SR0LO6B6O,level_1_4
1497,1496.0,WA7J07X2J,level_1_13
1498,1497.0,YN8A37CFR,level_1_4
1499,1498.0,80XZVQD55,level_1_4
1500,1499.0,F6P8CZ5UF,level_1_4
1501,1500.0,LRV44BD5W,level_1_0
1502,1501.0,02OAXUDJX,level_1_0
1503,1502.0,BCFIYP6KF,level_1_1
1504,1503.0,5BXYP93AX,level_1_1
1505,1504.0,0LOFBXUAD,level_1_1
1506,1505.0,ZWOG1G0E4,level_1_4
1507,1506.0,RQH6LZ1DN,level_1_4
1508,1507.0,B5N64H8ZF,level_1_2
1509,1508.0,X9T27A6KS,level_1_1
1510,1509.0,C169GYLI7,level_1_2
1511,1510.0,LF4ZASO36,level_1_4
1512,1511.0,BV2HR57AJ,level_1_4
1513,1512.0,GPBMDFOBB,level_1_4
1514,1513.0,6FY7WQAZ0,level_1_4
1515,1514.0,97TTMR49G,level_1_4
1516,1515.0,1WUGH0AHU,level_1_1
1517,1516.0,FMNC45UG6,level_1_0
1518,1517.0,V3Y242ECC,level_1_2
1519,1518.0,8A69AAWEV,level_1_1
1520,1519.0,62E6KTMYD,level_1_4
1521,1520.0,EOZ9R1YE2,level_1_4
1522,1521.0,EUG4PK2AG,level_1_0
1523,1522.0,V3CIRS933,level_1_4
1524,1523.0,H3BSKLPG3,level_1_13
1525,1524.0,LFNL8U9MD,level_1_4
1526,1525.0,RKCT07C4Y,level_1_0
1527,1526.0,7TR6A1MX5,level_1_4
1528,1527.0,OSMTKUZHP,level_1_13
1529,1528.0,4V329RJJQ,level_1_4
1530,1529.0,HJL9II3CK,level_1_4
1531,1530.0,Q5EHPLYEH,level_1_4
1532,1531.0,YXSWVY18V,level_1_0
1533,1532.0,OR8882JPW,level_1_4
1534,1533.0,2X8WUM7WU,level_1_4
1535,1534.0,VY1DWBJ4I,level_1_5
1536,1535.0,NCSKL2DYQ,level_1_13
1537,1536.0,OKKNXFVU3,level_1_0
1538,1537.0,YA54L81JN,level_1_0
1539,1538.0,ZJNR277W0,level_1_4
1540,1539.0,AQ69R055Z,level_1_4
1541,1540.0,0RTFSIQT0,level_1_4
1542,1541.0,PAA49EBGO,level_1_0
1543,1542.0,OY6QMFL84,level_1_4
1544,1543.0,90XHISVT2,level_1_4
1545,1544.0,L2TT1DM9J,level_1_4
1546,1545.0,PXE0DNS9F,level_1_4
1547,1546.0,VFUIAWE31,level_1_4
1548,1547.0,B8RBE7THP,level_1_0
1549,1548.0,M5YB4H9ZB,level_1_4
1550,1549.0,356B3X6AX,level_1_1
1551,1550.0,Y1THA71IK,level_1_1
1552,1551.0,MJW2G0JDF,level_1_13
1553,1552.0,HZQZC0B4V,level_1_0
1554,1553.0,PEBQG1VOE,level_1_0
1555,1554.0,5NWE9939I,level_1_4
1556,1555.0,HQX7RUCJH,level_1_4
1557,1556.0,6NISA79S0,level_1_4
1558,1557.0,7L2CBZMMZ,level_1_2
1559,1558.0,XBZYWRJI0,level_1_13
1560,1559.0,88LHNKT82,level_1_4
1561,1560.0,3GRGFIRRE,level_1_4
1562,1561.0,X7PXMKK58,level_1_4
1563,1562.0,ILFD302RC,level_1_13
1564,1563.0,KU8W4234J,level_1_4
1565,1564.0,BUOA5O63N,level_1_13
1566,1565.0,EJVIWVZ5R,level_1_4
1567,1566.0,Q3YYEHNL1,level_1_2
1568,1567.0,FPH47KAPA,level_1_4
1569,1568.0,Q6J70EUF3,level_1_2
1570,1569.0,H1P772POB,level_1_2
1571,1570.0,ZIT8LJPOQ,level_1_4
1572,1571.0,8U6UQDQIY,level_1_4
1573,1572.0,2FJH5GHUO,level_1_4
1574,1573.0,52EEXN2DV,level_1_2
1575,1574.0,86RUBRW9F,level_1_2
1576,1575.0,VTAK1OW52,level_1_0
1577,1576.0,CPDDFKY5G,level_1_0
1578,1577.0,4Y9506OEQ,level_1_4
1579,1578.0,Q7AE33JY2,level_1_2
1580,1579.0,P0AY216J3,level_1_2
1581,1580.0,URMJB1TG3,level_1_2
1582,1581.0,WPP9ZOG5E,level_1_13
1583,1582.0,H66AUDKPD,level_1_4
1584,1583.0,H02007F2P,level_1_4
1585,1584.0,R4G98WU41,level_1_4
1586,1585.0,K1VC9HHNU,level_1_4
1587,1586.0,S4GLOFWWO,level_1_13
1588,1587.0,GFS6AK0LS,level_1_4
1589,1588.0,IZ2NNPL1R,level_1_4
1590,1589.0,AMM053W06,level_1_4
1591,1590.0,G32DNATLX,level_1_13
1592,1591.0,55YYXPY68,level_1_2
1593,1592.0,GXETTZVTV,level_1_13
1594,1593.0,1Q3Q90SV2,level_1_2
1595,1594.0,J1W8M52IQ,level_1_1
1596,1595.0,LN842KM7D,level_1_2
1597,1596.0,RQCAYNN76,level_1_15
1598,1597.0,N1WEK9H71,level_1_2
1599,1598.0,2AD7RUBNV,level_1_4
1600,1599.0,8P4EDJX9M,level_1_4
1601,1600.0,O94KZFED0,level_1_4
1602,1601.0,CMVG1CP88,level_1_4
1603,1602.0,W0IY378IE,level_1_13
1604,1603.0,CQ5MRTVRC,level_1_2
1605,1604.0,DTWBKR22K,level_1_4
1606,1605.0,JK4AAAKB3,level_1_4
1607,1606.0,NZBH2GA0C,level_1_4
1608,1607.0,37O1U32LI,level_1_2
1609,1608.0,LCWGFSO4L,level_1_2
1610,1609.0,SHF4EBY5K,level_1_13
1611,1610.0,MGVWP8JXP,level_1_4
1612,1611.0,KOBD1ACGV,level_1_2
1613,1612.0,QRJX9T4KM,level_1_4
1614,1613.0,OWNVFSGEN,level_1_0
1615,1614.0,XATC2NQYV,level_1_1
1616,1615.0,52UMYZ0AQ,level_1_4
1617,1616.0,GJFNQHU5H,level_1_4
1618,1617.0,H10VP2ZJO,level_1_4
1619,1618.0,CDBZE0LTM,level_1_0
1620,1619.0,9WM21XO5C,level_1_4
1621,1620.0,5T8X4AEHT,level_1_4
1622,1621.0,YGURXOOAR,level_1_1
1623,1622.0,E4PALJWI4,level_1_13
1624,1623.0,6XP6OZKZ8,level_1_2
1625,1624.0,LEQ02URM2,level_1_0
1626,1625.0,7CPMP6BDN,level_1_4
1627,1626.0,KTQQXTMCE,level_1_4
1628,1627.0,V7NKL671S,level_1_13
1629,1628.0,PJ1PMZKCG,level_1_0
1630,1629.0,QZ6XT2PKV,level_1_4
1631,1630.0,TD5GSWE30,level_1_2
1632,1631.0,2KHI20P5A,level_1_13
1633,1632.0,4B6RV5N8W,level_1_4
1634,1633.0,M9KTG9BP0,level_1_2
1635,1634.0,HK5RA8VN2,level_1_0
1636,1635.0,GHC4Y3U9D,level_1_13
1637,1636.0,7Q1COC0ZE,level_1_13
1638,1637.0,O0P2DXO1D,level_1_4
1639,1638.0,SERJEBNAH,level_1_13
1640,1639.0,FTQS4WZEI,level_1_4
1641,1640.0,J8ZVMAM1F,level_1_4
1642,1641.0,L4G6AVLHK,level_1_13
1643,1642.0,Q5MSSH44F,level_1_0
1644,1643.0,FUM1OK9W6,level_1_4
1645,1644.0,7HHTPPF4Y,level_1_4
1646,1645.0,VVVGYCKIM,level_1_4
1647,1646.0,NPD8NBR6O,level_1_2
1648,1647.0,VQLA6L4E6,level_1_13
1649,1648.0,9DQ2WADQP,level_1_13
1650,1649.0,BQ1BYKOC5,level_1_4
1651,1650.0,NRKTLCX24,level_1_0
1652,1651.0,7LLKQZUAR,level_1_13
1653,1652.0,Y3GJF5Y41,level_1_4
1654,1653.0,U5O7QSXSB,level_1_4
1655,1654.0,HW00BSNH2,level_1_4
1656,1655.0,WQN2R7MUX,level_1_1
1657,1656.0,R0JDVT05C,level_1_13
1658,1657.0,WAN2SS5YD,level_1_4
1659,1658.0,CR4DLZ6DM,level_1_4
1660,1659.0,N07YB249X,level_1_4
1661,1660.0,EV8EY8E26,level_1_0
1662,1661.0,QRRN7CSHX,level_1_0
1663,1662.0,854ZOA1HA,level_1_1
1664,1663.0,P92KHSCR9,level_1_4
1665,1664.0,IORN88PWY,level_1_13
1666,1665.0,XX3HP5XZH,level_1_0
1667,1666.0,E0JF2BQ8X,level_1_1
1668,1667.0,4BJMEMKZK,level_1_4
1669,1668.0,2N3JT554R,level_1_2
1670,1669.0,100UDECF2,level_1_4
1671,1670.0,5TWG6M09W,level_1_4
1672,1671.0,AZB66ZE59,level_1_2
1673,1672.0,CYPL6AY9G,level_1_4
1674,1673.0,QFRSR06RO,level_1_13
1675,1674.0,FBWRVYJTV,level_1_2
1676,1675.0,25SR1WIMW,level_1_0
1677,1676.0,DBP7NP5YE,level_1_1
1678,1677.0,XE32R4ZCI,level_1_2
1679,1678.0,JE80YJ1IN,level_1_4
1680,1679.0,4KNM7U86A,level_1_13
1681,1680.0,N6ITNW4PA,level_1_4
1682,1681.0,TG1JUIHIT,level_1_13
1683,1682.0,A7TW4V5CD,level_2_2
1684,1683.0,B6FEXDXUO,level_2_2
1685,1684.0,QDXK2JS22,level_2_2
1686,1685.0,IXX3IKOLV,level_2_3
1687,1686.0,SN8IXBGNC,level_2_3
1688,1687.0,U95UK89JI,level_2_3
1689,1688.0,YWRQWOGXY,level_2_2
1690,1689.0,C7D87FBF8,level_2_3
1691,1690.0,HX89G50GS,level_2_2
1692,1691.0,N2YG5HP59,level_2_3
1693,1692.0,M79RIKP8D,level_2_3
1694,1693.0,PMYWGHUJG,level_2_2
1695,1694.0,WCCA61EH1,level_2_3
1696,1695.0,CMUEVJW0P,level_2_2
1697,1696.0,3AOMVJBWC,level_2_2
1698,1697.0,U20T1HOBI,level_2_1
1699,1698.0,0E8P6F42T,level_2_4
1700,1699.0,X13HPGM1A,level_2_0
1701,1700.0,J9W1YQQVX,level_2_0
1702,1701.0,OQNZ7MT3K,level_2_0
1703,1702.0,XISFL3YUG,level_2_0
1704,1703.0,HXEDAYCK4,level_2_0
1705,1704.0,GCP8I5V5Z,level_2_0
1706,1705.0,0TS3YTURI,level_2_0
1707,1706.0,KFFYJ83IG,level_2_0
1708,1707.0,5SXEP0WKI,level_2_0
1709,1708.0,B1YGO6HY5,level_2_0
1710,1709.0,WQD8F0OC3,level_2_0
1711,1710.0,NL6GPHWMS,level_2_0
1712,1711.0,8YROK63YG,level_2_0
1713,1712.0,455ENEIP0,level_2_0
1714,1713.0,1SIOSK3RQ,level_2_0
1715,1714.0,4G7VWTPRJ,level_2_0
1716,1715.0,QLXZEGRSL,level_2_0
1717,1716.0,JGE2HRFPU,level_2_0
1718,1717.0,W4EFPUG6F,level_2_0
1719,1718.0,HCCKRGJ5X,level_2_0
1720,1719.0,2MCBRC1DJ,level_2_0
1721,1720.0,50RTA78XQ,level_2_0
1722,1721.0,QCG6FU21M,level_2_0
1723,1722.0,ZNE8CX26J,level_2_0
1724,1723.0,75K6EWA63,level_2_0
1725,1724.0,BGUFELJ2L,level_2_0
1726,1725.0,UCSE57GD7,level_2_0
1727,1726.0,TXINM8RH6,level_2_0
1728,1727.0,7EOSTUJE2,level_2_0
1729,1728.0,2RA8MCQPG,level_2_0
1730,1729.0,EMFURT241,level_2_0
1731,1730.0,SXY37C8KJ,level_2_0
1732,1731.0,3GJPR4QJK,level_2_0
1733,1732.0,MN78V0SH2,level_2_0
1734,1733.0,2CWQPKMAH,level_2_0
1735,1734.0,D9RBDIOL0,level_2_0
1736,1735.0,8M0098QBY,level_2_0
1737,1736.0,9WYECR5DV,level_2_0
1738,1737.0,7259I6NCQ,level_2_0
1739,1738.0,P89UNXKHE,level_2_0
1740,1739.0,AKZF7OC2N,level_2_0
1741,1740.0,RVNP6KNO4,level_2_0
1742,1741.0,T500BIM8W,level_2_0
1743,1742.0,S112UXT5G,level_2_0
1744,1743.0,9AR0R3FV9,level_2_0
1745,1744.0,K5PYKHSK7,level_2_0
1746,1745.0,22SF7NNU2,level_2_0
1747,1746.0,1USVWBEQM,level_2_0
1748,1747.0,3BHYBK3PE,level_2_0
1749,1748.0,G67UHNIAU,level_2_0
1750,1749.0,ZE04CY3OG,level_2_0
1751,1750.0,9T5KNHU4E,level_2_0
1752,1751.0,0X5BKRSLA,level_2_0
1753,1752.0,LJ3POS60G,level_2_0
1754,1753.0,DHMYPMCDU,level_2_0
1755,1754.0,MUF93AH55,level_2_0
1756,1755.0,GKRC20GJD,level_2_0
1757,1756.0,55ZO4CT0N,level_2_0
1758,1757.0,LH6DFB5F6,level_2_0
1759,1758.0,J20JO79EW,level_2_0
1760,1759.0,2IUMVXWR8,level_2_0
1761,1760.0,O4UQAQWKH,level_2_0
1762,1761.0,MEKD7VKBL,level_2_0
1763,1762.0,487Q5O8JW,level_2_0
1764,1763.0,KCHOBK8DZ,level_2_0
1765,1764.0,CBL5VF3IL,level_2_0
1766,1765.0,E87HE5EWW,level_2_0
1767,1766.0,R2XGPA6X9,level_2_0
1768,1767.0,T4H5XJDSA,level_2_0
1769,1768.0,OCVZ3I5SI,level_2_0
1770,1769.0,4E4S5QF2T,level_2_0
1771,1770.0,P9T3GAF6P,level_2_0
1772,1771.0,TH749UJX1,level_2_0
1773,1772.0,85GKX35QF,level_2_0
1774,1773.0,J3B9JRMCQ,level_2_0
1775,1774.0,8FLYHFAX2,level_2_0
1776,1775.0,TDEV4PXK7,level_2_0
1777,1776.0,QKQCHAJWK,level_2_0
1778,1777.0,E0UZQH1FW,level_2_0
1779,1778.0,6M16PPENP,level_2_0
1780,1779.0,PVAK1RD6J,level_2_0
1781,1780.0,LXYEB8KVT,level_2_0
1782,1781.0,BHGZ9GJ6M,level_2_0
1783,1782.0,QV99CFKKN,level_2_0
1784,1783.0,YAGWP5YJB,level_2_0
1785,1784.0,SZT4TDQDU,level_2_0
1786,1785.0,5IHJMBG5D,level_2_0
1787,1786.0,V11DSNP45,level_2_0
1788,1787.0,3FX5CP8G6,level_2_0
1789,1788.0,JUHO9C7TO,level_2_0
1790,1789.0,VSJ3PM8SE,level_2_0
1791,1790.0,J6T3XR6FN,level_2_0
1792,1791.0,3H6LG8I9R,level_2_0
1793,1792.0,AWGC5SU5W,level_2_0
1794,1793.0,T2MKQ79FV,level_2_0
1795,1794.0,VK0D7KPVG,level_2_0
1796,1795.0,KIEBJRDDM,level_2_0
1797,1796.0,ADMQFHZK2,level_2_0
1798,1797.0,ZJ3Z5EF6F,level_2_0
1799,1798.0,2NSKJRKBR,level_2_0
1800,1799.0,WDJZYI0Y6,level_2_0
1801,1800.0,1G7S047H0,level_2_0
1802,1801.0,LFZF5Q57M,level_2_0
1803,1802.0,M7TRE6B9L,level_2_0
1804,1803.0,5RGGF4TYL,level_2_0
1805,1804.0,93QRG8MC3,level_2_0
1806,1805.0,ITHGU8SBT,level_2_0
1807,1806.0,8G5ES3JED,level_2_0
1808,1807.0,EA6BCEMKX,level_2_0
1809,1808.0,5CCZ5W2PG,level_2_0
1810,1809.0,4QOGQBU7G,level_2_0
1811,1810.0,8TPQ9WRR1,level_2_0
1812,1811.0,MSTMHYBD5,level_2_0
1813,1812.0,TRFTF4BO0,level_2_0
1814,1813.0,HB5OY2IT3,level_2_0
1815,1814.0,EA87RASFM,level_2_0
1816,1815.0,YPJSQB1NK,level_2_0
1817,1816.0,YGWF8BZ0Q,level_2_0
1818,1817.0,2NSKWGEB8,level_2_0
1819,1818.0,FZB0LZY0C,level_2_0
1820,1819.0,BIAFRGAMC,level_2_0
1821,1820.0,DF65JRUMD,level_2_0
1822,1821.0,R2T87O3FO,level_2_0
1823,1822.0,ZRMCEEM8Q,level_2_0
1824,1823.0,M4DXAGNGQ,level_2_0
1825,1824.0,MRP5VAJJ0,level_2_0
1826,1825.0,TRN942L56,level_2_0
1827,1826.0,K4XQI78Z2,level_2_0
1828,1827.0,BKS6SKZYM,level_2_0
1829,1828.0,HEXIYT3HQ,level_2_0
1830,1829.0,L8TOW6TNA,level_2_0
1831,1830.0,OL4DZ8JZR,level_2_0
1832,1831.0,ZR7S7G4XE,level_2_0
1833,1832.0,DNHJI3YC7,level_2_0
1834,1833.0,QY8VOMWGS,level_2_0
1835,1834.0,MWXMABNZK,level_2_0
1836,1835.0,GA45I7N1S,level_2_0
1837,1836.0,32XQH8YEQ,level_2_0
1838,1837.0,FJUNS4X8V,level_2_0
1839,1838.0,2PDBI37G1,level_2_0
1840,1839.0,LDPU5ODDE,level_2_0
1841,1840.0,J4GN0JLOP,level_2_0
1842,1841.0,0RETU2IQZ,level_2_0
1843,1842.0,T273G1Q6I,level_2_0
1844,1843.0,8DPCQY3O3,level_2_0
1845,1844.0,PYTKK0WJJ,level_2_0
1846,1845.0,4JXE6A4NR,level_2_0
1847,1846.0,KVI9WUCXC,level_2_0
1848,1847.0,VA4SXLLR5,level_2_0
1849,1848.0,6PNOSRLW5,level_2_0
1850,1849.0,S79GK1YW1,level_2_0
1851,1850.0,9HC7101P7,level_2_0
1852,1851.0,1TIT6QD69,level_2_0
1853,1852.0,ZU6DIC1W4,level_2_0
1854,1853.0,184Q1P3KK,level_2_0
1855,1854.0,I4FY2TL2Y,level_2_0
1856,1855.0,2I9I6MHND,level_2_0
1857,1856.0,7MK1U2IF6,level_2_0
1858,1857.0,8VXQLFMEW,level_2_0
1859,1858.0,QPW71MW7T,level_2_0
1860,1859.0,NRZO6E5PR,level_2_0
1861,1860.0,UQB9OT0OP,level_2_0
1862,1861.0,ORGS022F3,level_2_0
1863,1862.0,IIO55NSRS,level_2_0
1864,1863.0,8OOZT94SC,level_2_0
1865,1864.0,8NAX0KMZL,level_2_0
1866,1865.0,J5XGQ0VWB,level_2_0
1867,1866.0,B5I8ZG5HT,level_2_0
1868,1867.0,TIEIGUGDF,level_2_0
1869,1868.0,MET0LO2VH,level_2_0
1870,1869.0,7PL28AX8V,level_2_0
1871,1870.0,09144M14F,level_2_0
1872,1871.0,3S2B35GDS,level_2_0
1873,1872.0,81Z5QZ9HC,level_2_0
1874,1873.0,GXDRJ4TRK,level_2_0
1875,1874.0,1W6LJ9DT2,level_2_0
1876,1875.0,EX3RN5RW3,level_2_0
1877,1876.0,LBMB0NC3A,level_2_0
1878,1877.0,40SNWBK5A,level_2_0
1879,1878.0,ICVX6ORN3,level_2_0
1880,1879.0,1O7GLLIT8,level_2_0
1881,1880.0,5NJUNEM55,level_2_0
1882,1881.0,1UHQXTIZH,level_2_0
1883,1882.0,ZMG62TFTN,level_2_0
1884,1883.0,C6KG77TQ4,level_2_0
1885,1884.0,YV94FB1QZ,level_2_0
1886,1885.0,L6MHDE4QK,level_2_0
1887,1886.0,68VVPRF5O,level_2_0
1888,1887.0,CFSFIH899,level_2_0
1889,1888.0,7HPYSOOLT,level_2_0
1890,1889.0,4Z3W2RMJG,level_2_0
1891,1890.0,ATAY2N4IY,level_2_0
1892,1891.0,N7XPCVVBV,level_2_0
1893,1892.0,NZGS8524L,level_2_0
1894,1893.0,35N5502MV,level_2_0
1895,1894.0,563I60QTS,level_2_0
1896,1895.0,EPKWQTJCD,level_2_0
1897,1896.0,7J5OVVBUS,level_2_0
1898,1897.0,CSVH2PL9J,level_2_0
1899,1898.0,O5YRQSNWR,level_2_0
1900,1899.0,6MXSGOUV1,level_2_0
1901,1900.0,8M658OJUY,level_2_0
1902,1901.0,B216RPXJ7,level_2_0
1903,1902.0,52TXJZGR3,level_2_0
1904,1903.0,75RAEPRC3,level_2_0
1905,1904.0,H8C8V4AOO,level_2_0
1906,1905.0,2AV2BWNYL,level_2_0
1907,1906.0,GBE0U6T83,level_2_0
1908,1907.0,IEOR1SXLA,level_2_0
1909,1908.0,W3B739UFB,level_2_0
1910,1909.0,HT6R8TZVN,level_2_0
1911,1910.0,SUO1FNYVL,level_2_0
1912,1911.0,SXSKUMS84,level_2_0
1913,1912.0,LUYUP9ZCK,level_2_0
1914,1913.0,MYI6H8VUT,level_2_0
1915,1914.0,VVFAM0N2S,level_2_0
1916,1915.0,S8JIH40OC,level_2_0
1917,1916.0,DXLP0Y284,level_2_0
1918,1917.0,XYLU5VLWW,level_2_0
1919,1918.0,0P09TUI04,level_2_0
1920,1919.0,VAHRUDUJ6,level_2_0
1921,1920.0,1BZG1KE0Y,level_2_0
1922,1921.0,INY4B5OPF,level_2_0
1923,1922.0,D8QAFWQOD,level_2_0
1924,1923.0,P2TZRS49C,level_2_0
1925,1924.0,EJGLSR732,level_2_0
1926,1925.0,USZWE3AUZ,level_2_0
1927,1926.0,DTKH8QTCA,level_2_0
1928,1927.0,LMGZ9KFB9,level_2_0
1929,1928.0,ZB4E0WLFM,level_2_0
1930,1929.0,45AMGIS8L,level_2_0
1931,1930.0,LD5XLTHUG,level_2_0
1932,1931.0,5JXUMYW6W,level_2_0
1933,1932.0,XWK2BVVNJ,level_2_0
1934,1933.0,W4NLROMOW,level_2_0
1935,1934.0,G4DG2KL3W,level_2_0
1936,1935.0,JRA8NQELS,level_2_0
1937,1936.0,PZ7V9JAXA,level_2_0
1938,1937.0,C5TY8KO0M,level_2_0
1939,1938.0,2Q87KTVG0,level_2_0
1940,1939.0,CEQXULY5U,level_2_0
1941,1940.0,GRBZP9AMN,level_2_0
1942,1941.0,V9GHUVRBU,level_2_0
1943,1942.0,NGRC0OTK8,level_2_0
1944,1943.0,Q5K7GGHPN,level_2_0
1945,1944.0,2OOGRPW7I,level_2_0
1946,1945.0,0WBE8JFIW,level_2_0
1947,1946.0,DQGR15TYR,level_2_0
1948,1947.0,K1MBWILKR,level_2_0
1949,1948.0,9JISZW2D3,level_2_0
1950,1949.0,91EKDHH8W,level_2_0
1951,1950.0,1J2M5GPOX,level_2_0
1952,1951.0,LDN37CDIQ,level_2_0
1953,1952.0,M69GV4PBZ,level_2_0
1954,1953.0,9JZRKJWQF,level_2_0
1955,1954.0,URKNTTCHQ,level_2_0
1956,1955.0,BABD9B734,level_2_0
1957,1956.0,RX3AOHSHS,level_2_0
1958,1957.0,S8P71RGIF,level_2_0
1959,1958.0,YRBTIVKDS,level_2_0
1960,1959.0,BXUZHRY8G,level_2_0
1961,1960.0,ILCPGBT05,level_2_0
1962,1961.0,XHXF5YXJE,level_2_0
1963,1962.0,WOSNKWG1Y,level_2_0
1964,1963.0,JRQANLB7T,level_2_0
1965,1964.0,IO819H46B,level_2_0
1966,1965.0,8WYV44HVQ,level_2_0
1967,1966.0,AZAQ6AU88,level_2_0
1968,1967.0,2FSSRVL3Y,level_2_0
1969,1968.0,0PS3UG706,level_2_0
1970,1969.0,WPCIJLU3N,level_2_0
1971,1970.0,8R9PYNMQ2,level_2_0
1972,1971.0,FBUQXJ4SJ,level_2_0
1973,1972.0,4GZKRJA02,level_2_0
1974,1973.0,R0OENM5B3,level_2_0
1975,1974.0,FCEBA6IMH,level_2_0
1976,1975.0,40V3VXC61,level_2_0
1977,1976.0,QW3NRQD61,level_2_0
1978,1977.0,45JAJQR0T,level_2_0
1979,1978.0,W1LDR5U99,level_2_0
1980,1979.0,JVE1OMBAJ,level_2_0
1981,1980.0,Z6Q11HCQY,level_2_0
1982,1981.0,MLDCFFL0X,level_2_0
1983,1982.0,DN6XW72NA,level_2_0
1984,1983.0,H9Y1CT6IB,level_2_0
1985,1984.0,AU6WSDEUP,level_2_0
1986,1985.0,20CKF3ZWL,level_2_0
1987,1986.0,FD34W9WKY,level_2_0
1988,1987.0,914Y0S91B,level_2_0
1989,1988.0,2CXRAOMMR,level_2_0
1990,1989.0,SHBB7UABV,level_2_0
1991,1990.0,4NFGG35RI,level_2_0
1992,1991.0,21QW58OKO,level_2_0
1993,1992.0,4KYDN84EO,level_2_0
1994,1993.0,TIYJAIXHO,level_2_0
1995,1994.0,1GCK8TU9H,level_2_0
1996,1995.0,37NA61AAI,level_2_0
1997,1996.0,0AI9JIZ2W,level_2_0
1998,1997.0,RW9XKYP0A,level_2_0
1999,1998.0,IYMKO9LF4,level_2_0
2000,1999.0,BNOOK6QGT,level_2_0
2001,2000.0,860H86ITI,level_2_0
2002,2001.0,HYDRDQX13,level_2_0
2003,2002.0,SH5MDSJ4N,level_2_0
2004,2003.0,G1E1VI9PT,level_2_0
2005,2004.0,QUTX8OZW3,level_2_0
2006,2005.0,437HR0O4H,level_2_0
2007,2006.0,53TVZQWLY,level_2_0
2008,2007.0,E2XXBG9SD,level_2_0
2009,2008.0,PIKAQ0438,level_2_0
2010,2009.0,X6YXGOANF,level_2_0
2011,2010.0,JQBGKP6W8,level_2_0
2012,2011.0,0TQ8LVL6A,level_2_0
2013,2012.0,ORTU9035E,level_2_0
2014,2013.0,ZRE65F504,level_2_0
2015,2014.0,3ABA286V3,level_2_0
2016,2015.0,ISJRFYV8V,level_2_0
2017,2016.0,LCAR4C2AC,level_2_0
2018,2017.0,DWSBVSYS1,level_2_0
2019,2018.0,RTAM4EG9S,level_2_0
2020,2019.0,B5LA7P290,level_2_0
2021,2020.0,Q5USF5XSD,level_2_0
2022,2021.0,FVYHRK21K,level_2_0
2023,2022.0,7B3SHSNF3,level_2_0
2024,2023.0,1XY85SCY9,level_2_0
2025,2024.0,MKA8MAKIE,level_2_0
2026,2025.0,53AYU9YKY,level_2_0
2027,2026.0,E3D8DMUQ8,level_2_0
2028,2027.0,3ALH6OGW7,level_2_0
2029,2028.0,H9F0NUHZL,level_2_0
2030,2029.0,5M75UPLYH,level_2_0
2031,2030.0,01L6VT7DN,level_2_0
2032,2031.0,A4NUZ22PL,level_2_0
2033,2032.0,MN97P3QRD,level_2_0
2034,2033.0,RDCY4GQ21,level_2_0
2035,2034.0,J2QRFW5I1,level_2_0
2036,2035.0,HOGJPGIZZ,level_2_0
2037,2036.0,HF6FBYY47,level_2_0
2038,2037.0,0GX24IEE5,level_2_0
2039,2038.0,VNB5K3HKO,level_2_0
2040,2039.0,M9FLOWVQ1,level_2_0
2041,2040.0,71K8MDKF5,level_2_0
2042,2041.0,0FZ4NDK1V,level_2_0
2043,2042.0,PSVL9IGP4,level_2_0
2044,2043.0,8BIJBG28L,level_2_0
2045,2044.0,BVGVZAPY8,level_2_0
2046,2045.0,GD5JEBNLG,level_2_0
2047,2046.0,VXGFRB5WD,level_2_0
2048,2047.0,AQDRAUC0Y,level_2_0
2049,2048.0,HYHKBYFA8,level_2_0
2050,2049.0,9N7FV77E0,level_2_0
2051,2050.0,93QYQUHI9,level_2_0
2052,2051.0,J8PANKDB0,level_2_0
2053,2052.0,KE0CSLK6N,level_2_0
2054,2053.0,2TS5RQWDI,level_2_0
2055,2054.0,YH74W3DOQ,level_2_0
2056,2055.0,Y1ALZ9RCA,level_2_0
2057,2056.0,JUX1BZ6HY,level_2_0
2058,2057.0,RN0P2YXM8,level_2_0
2059,2058.0,P6OD3RGKS,level_2_0
2060,2059.0,EO4PZE0AL,level_2_0
2061,2060.0,MT2RHGD80,level_2_0
2062,2061.0,FKOJPWUQE,level_2_0
2063,2062.0,4AMC75PTB,level_2_0
2064,2063.0,JWTKF61NC,level_2_0
2065,2064.0,BIPK5ZAR1,level_2_0
2066,2065.0,J0RX9SBDE,level_2_0
2067,2066.0,EY3KP5F01,level_2_0
2068,2067.0,3JU9FAUU3,level_2_0
2069,2068.0,Q4JG9LJV1,level_2_0
2070,2069.0,C7SAB7SNT,level_2_0
2071,2070.0,29VY3IBY8,level_2_0
2072,2071.0,J5MY1UZCZ,level_2_0
2073,2072.0,6A808LLJM,level_2_0
2074,2073.0,ND16QJ4X3,level_2_0
2075,2074.0,233S4VIJO,level_2_0
2076,2075.0,M3K3G0HHX,level_2_0
2077,2076.0,YAGZ4YXFN,level_2_0
2078,2077.0,ZEQ0VL9LO,level_2_0
2079,2078.0,3U3JRVHSM,level_2_0
2080,2079.0,W1VNSW6KX,level_2_0
2081,2080.0,0PMUNN0JV,level_2_0
2082,2081.0,KYTIFAIAQ,level_2_0
2083,2082.0,CH1K8ER54,level_2_0
2084,2083.0,2Z2IKU9RE,level_2_0
2085,2084.0,MWX6VP7YQ,level_2_0
2086,2085.0,ILPPF2Q5O,level_2_0
2087,2086.0,1VULI5G25,level_2_0
2088,2087.0,0NX5HBGSX,level_2_0
2089,2088.0,W962SS9B7,level_2_0
2090,2089.0,XX4GJRQPR,level_2_0
2091,2090.0,MO4PZXJ8Y,level_2_0
2092,2091.0,VY1IQK701,level_2_0
2093,2092.0,LKA554BEI,level_2_0
2094,2093.0,79IK65LHE,level_2_0
2095,2094.0,CY6V88Q8U,level_2_0
2096,2095.0,B3O94VEPH,level_2_0
2097,2096.0,OBT4O2J17,level_2_0
2098,2097.0,2DU54AUSC,level_2_0
2099,2098.0,63POERV3P,level_2_0
2100,2099.0,DZR84R00R,level_2_0
2101,2100.0,9ICALHNP4,level_2_0
2102,2101.0,CG3WLRJAX,level_2_0
2103,2102.0,U7H3YXT6R,level_2_0
2104,2103.0,MS0470NPU,level_2_0
2105,2104.0,0QNEJ6921,level_2_0
2106,2105.0,RW533BDLF,level_2_0
2107,2106.0,5SW2OYSDM,level_2_0
2108,2107.0,TSD65RCZ5,level_2_0
2109,2108.0,Y5KXCTNCC,level_2_0
2110,2109.0,Q494N6FBH,level_2_0
2111,2110.0,4WK5AWN01,level_2_0
2112,2111.0,YF41U5FY6,level_2_0
2113,2112.0,BPS1XI2OD,level_2_0
2114,2113.0,O893081J5,level_2_0
2115,2114.0,53SUYI9JV,level_2_0
2116,2115.0,ADMGIKK1Z,level_2_0
2117,2116.0,AGONNB8P1,level_2_0
2118,2117.0,ZFAS23QLR,level_2_0
2119,2118.0,EC8NO2K6T,level_2_0
2120,2119.0,9IIOSGCMD,level_2_0
2121,2120.0,K0SFSG83G,level_2_0
2122,2121.0,XMG240E95,level_2_0
2123,2122.0,B5SVURC6I,level_2_0
2124,2123.0,L9A2UBMV1,level_2_0
2125,2124.0,PQSETLS5J,level_2_0
2126,2125.0,BX48GOZDP,level_2_0
2127,2126.0,FWVCCCNHW,level_2_0
2128,2127.0,LBXY2XIQG,level_2_0
2129,2128.0,UA9ALMGUE,level_2_0
2130,2129.0,8H70N2069,level_2_0
2131,2130.0,JXYPTWNMF,level_2_0
2132,2131.0,5TAREL6KW,level_2_0
2133,2132.0,66BZIVHMQ,level_2_0
2134,2133.0,OSE9JC7KL,level_2_0
2135,2134.0,0W3X17NT9,level_2_0
2136,2135.0,GLRGWFBWL,level_2_0
2137,2136.0,TEADIOMZH,level_2_0
2138,2137.0,XF2SW6SXA,level_2_0
2139,2138.0,VITI6YYG5,level_2_0
2140,2139.0,Q4KUCIVNO,level_2_0
2141,2140.0,1522ZTYU2,level_2_0
2142,2141.0,FGJMKVP9H,level_2_0
2143,2142.0,VELHKTP64,level_2_0
2144,2143.0,TTBELUESF,level_2_0
2145,2144.0,V26ELUPRX,level_2_0
2146,2145.0,TINFYIC7L,level_2_0
2147,2146.0,HFCIK3UXG,level_2_0
2148,2147.0,WRXGWXBSN,level_2_0
2149,2148.0,BY6CET79Y,level_2_0
2150,2149.0,REM2E9E3X,level_2_0
2151,2150.0,S5PMWAB4V,level_2_0
2152,2151.0,JCOEU04X6,level_2_0
2153,2152.0,J8R1TIFOU,level_2_0
2154,2153.0,PCMZEMW5O,level_2_0
2155,2154.0,28QNVWHGS,level_2_0
2156,2155.0,A9D8K3P9O,level_2_0
2157,2156.0,MZV7A5KTQ,level_2_0
2158,2157.0,VHSHC61I8,level_2_0
2159,2158.0,ASB70JT03,level_2_0
2160,2159.0,4R2EL15QS,level_2_0
2161,2160.0,2C6KNA6EJ,level_2_0
2162,2161.0,UY8PKVPO0,level_2_0
2163,2162.0,KMSV9L2XW,level_2_0
2164,2163.0,0WVP8I17C,level_2_0
2165,2164.0,GAWBPSFFD,level_2_0
2166,2165.0,M22UJGYIL,level_2_0
2167,2166.0,BE7XGNEPB,level_2_0
2168,2167.0,60I7H2B6D,level_2_0
2169,2168.0,Z5LWLCLGQ,level_2_0
2170,2169.0,EUDIR1RMW,level_2_0
2171,2170.0,YZ8KWNRK5,level_2_0
2172,2171.0,LHLYUFCTU,level_2_0
2173,2172.0,AB50GU0I7,level_2_0
2174,2173.0,YQSX2SZ4A,level_2_0
2175,2174.0,9J8PQZ17Q,level_2_0
2176,2175.0,S1MK0KQ5O,level_2_0
2177,2176.0,AMZMVXFW8,level_2_0
2178,2177.0,QG3JVQ9GU,level_2_0
2179,2178.0,94Y435G2Q,level_2_0
2180,2179.0,5Y8J20547,level_2_0
2181,2180.0,TU1SLMR17,level_2_0
2182,2181.0,O6R9BU1AE,level_2_0
2183,2182.0,L08ZG932H,level_2_0
2184,2183.0,1S6ZLSGJS,level_2_0
2185,2184.0,OE8J8D5YU,level_2_0
2186,2185.0,OV9SDQUZX,level_2_0
2187,2186.0,8LQBCSJW0,level_2_0
2188,2187.0,RPSQ8IK5A,level_2_0
2189,2188.0,PJGEJG64N,level_2_0
2190,2189.0,6L185X52Y,level_2_0
2191,2190.0,7BHS5LCJG,level_2_0
2192,2191.0,RX2001QL6,level_2_0
2193,2192.0,BZY2PLVEA,level_2_0
2194,2193.0,C1A6VHMXI,level_2_0
2195,2194.0,L2D8CUCVK,level_2_0
2196,2195.0,HIX8J8CW5,level_2_0
2197,2196.0,VEKCFL5VR,level_2_0
2198,2197.0,3674XT7SS,level_2_0
2199,2198.0,COVZ4R0CO,level_2_0
2200,2199.0,SQXMNVXC6,level_2_0
2201,2200.0,ER2TROSSO,level_2_0
2202,2201.0,1FV2F2834,level_2_0
2203,2202.0,9GORYNJUQ,level_2_0
2204,2203.0,LUQFI5EOG,level_2_0
2205,2204.0,P8P954GXN,level_2_0
2206,2205.0,8WS3MV0OU,level_2_0
2207,2206.0,GTI2GZ6XF,level_2_0
2208,2207.0,HU5LTUPUB,level_2_0
2209,2208.0,UU5Q37C1D,level_2_0
2210,2209.0,ZS91Y46I3,level_2_0
2211,2210.0,PT3P8SXJY,level_2_0
2212,2211.0,XO2IP210Q,level_2_0
2213,2212.0,BI906IJ6Y,level_2_0
2214,2213.0,55DNOTPPG,level_2_0
2215,2214.0,4N9A32TWT,level_2_0
2216,2215.0,SCE3X6T4Z,level_2_0
2217,2216.0,LSWIEUH5F,level_2_0
2218,2217.0,H6LGVLQGV,level_2_0
2219,2218.0,3FTBUMIFB,level_2_0
2220,2219.0,BEFAMCMBL,level_2_0
2221,2220.0,PAIE2YCZJ,level_2_0
2222,2221.0,N5UOS56KQ,level_2_0
2223,2222.0,N53884DUO,level_2_0
2224,2223.0,0EHOVL3F8,level_2_0
2225,2224.0,MPI6QYLRO,level_2_0
2226,2225.0,EPWNLZUIU,level_2_0
2227,2226.0,UZFZPNAGD,level_2_0
2228,2227.0,E2QJKN6TN,level_2_0
2229,2228.0,E486I4H0T,level_2_0
2230,2229.0,T6NO95PQV,level_2_0
2231,2230.0,RNFE2L77J,level_2_0
2232,2231.0,VPGEFD68Q,level_2_0
2233,2232.0,7Y4OK6WUE,level_2_0
2234,2233.0,JNZ6OMRZO,level_2_0
2235,2234.0,IJZWVEFQV,level_2_0
2236,2235.0,PFBYZQV4E,level_2_0
2237,2236.0,NGBS4GB0H,level_2_0
2238,2237.0,I8IUF9O21,level_2_0
2239,2238.0,R4OO5FKFT,level_2_0
2240,2239.0,C4YJ2FZWX,level_2_0
2241,2240.0,HR2U9KPW6,level_2_0
2242,2241.0,P2X3RW4FP,level_2_0
2243,2242.0,438YCL6BW,level_2_0
2244,2243.0,NUGX79UF8,level_2_0
2245,2244.0,IXK1CISFX,level_2_0
2246,2245.0,LVMT8UTVW,level_2_0
2247,2246.0,R6G3W05BD,level_2_0
2248,2247.0,O3Q8VAY4F,level_2_0
2249,2248.0,58QFP6IBB,level_2_0
2250,2249.0,YQHW5JB3S,level_2_0
2251,2250.0,57V1M5M89,level_2_0
2252,2251.0,7F5W3F1OX,level_2_0
2253,2252.0,62J7MXC2B,level_2_0
2254,2253.0,WQ4RMKEH8,level_2_0
2255,2254.0,DWW5SV8NM,level_2_0
2256,2255.0,B6QVWTDA9,level_2_0
2257,2256.0,JG27BNM5H,level_2_0
2258,2257.0,QLKMDFD8J,level_2_0
2259,2258.0,PRM8V76R3,level_2_0
2260,2259.0,AE97CRRAR,level_2_0
2261,2260.0,SF5Z8M52N,level_2_0
2262,2261.0,W7RKGQI1V,level_2_0
2263,2262.0,RYXCO0OU2,level_2_0
2264,2263.0,DS78QQXGW,level_2_0
2265,2264.0,0B82D7G57,level_2_0
2266,2265.0,8ZNO8BIHL,level_2_0
2267,2266.0,7WEV0ZEB8,level_2_0
2268,2267.0,CXMGWAJYV,level_2_0
2269,2268.0,5L4613R0F,level_2_0
2270,2269.0,F7O7JP657,level_2_0
2271,2270.0,KRGP4PXL9,level_2_0
2272,2271.0,94J6OKYJ2,level_2_0
2273,2272.0,2AS1JDWNN,level_2_0
2274,2273.0,2JIU81QBO,level_2_0
2275,2274.0,CRPUQ97OJ,level_2_0
2276,2275.0,IA09AYWK1,level_2_0
2277,2276.0,DPYSN7JLN,level_2_0
2278,2277.0,AZXLPGDE6,level_2_0
2279,2278.0,14DU9AMYQ,level_2_0
2280,2279.0,ANV3SXQ4P,level_2_0
2281,2280.0,D78KKG0TF,level_2_0
2282,2281.0,L3NG1JIPA,level_2_0
2283,2282.0,Y95FQN0II,level_2_0
2284,2283.0,GPFHLUZOQ,level_2_0
2285,2284.0,AY5XSBYCA,level_2_0
2286,2285.0,014RTH812,level_2_0
2287,2286.0,ZBLZIXJDM,level_2_0
2288,2287.0,8SSABDSF2,level_2_0
2289,2288.0,960H3ORVN,level_2_0
2290,2289.0,P8FGL0H6D,level_2_0
2291,2290.0,H63E8IF3T,level_2_0
2292,2291.0,C0GNKM5PH,level_2_0
2293,2292.0,GZ8IPL53J,level_2_0
2294,2293.0,XKAJ06NMX,level_2_0
2295,2294.0,SRDPEWS6T,level_2_0
2296,2295.0,PNN04VV8I,level_2_0
2297,2296.0,48G629OPD,level_2_0
2298,2297.0,8WWQYBOF3,level_2_0
2299,2298.0,Z0OFIRP1B,level_2_0
2300,2299.0,IGYQ0TFFJ,level_2_0
2301,2300.0,RDCR8K03W,level_2_0
2302,2301.0,XF21U000I,level_2_0
2303,2302.0,F0AKTDLH4,level_2_0
2304,2303.0,QFH3715U1,level_2_0
2305,2304.0,IDCSB0YRL,level_2_0
2306,2305.0,TER22Y23C,level_2_0
2307,2306.0,EWT67SH1S,level_2_0
2308,2307.0,P72N65WXO,level_2_0
2309,2308.0,C9USI74UA,level_2_0
2310,2309.0,2K2C2KVHE,level_2_0
2311,2310.0,2U1M5T5WK,level_2_0
2312,2311.0,K4P9SRW3A,level_2_0
2313,2312.0,OSVG1CERG,level_2_0
2314,2313.0,TMV0ASWC5,level_2_0
2315,2314.0,AGQEHUNRX,level_2_0
2316,2315.0,U8EMJ67QR,level_2_0
2317,2316.0,6SGKV8V8U,level_2_0
2318,2317.0,BTUIX6VOW,level_2_0
2319,2318.0,FOEYL5VB8,level_2_0
2320,2319.0,JHU69XW38,level_2_0
2321,2320.0,U6QXRAPBY,level_2_0
2322,2321.0,6QFBAOK7W,level_2_0
2323,2322.0,92HJ1N39X,level_2_0
2324,2323.0,282HYXY0Z,level_2_0
2325,2324.0,5KJWNAY41,level_2_0
2326,2325.0,VCUF1DQ0X,level_2_0
2327,2326.0,B971G4H6S,level_2_0
2328,2327.0,0SN4HYKQJ,level_2_0
2329,2328.0,SU3FHIVRL,level_2_0
2330,2329.0,INXWQHS6V,level_2_0
2331,2330.0,ZB51RNYDZ,level_2_0
2332,2331.0,5MROBRYMU,level_2_0
2333,2332.0,LWJ5KRSFO,level_2_0
2334,2333.0,A8ZDJ5PDE,level_2_0
2335,2334.0,1GOFXT1OV,level_2_0
2336,2335.0,VF0A5M8KL,level_2_0
2337,2336.0,SR0LO6B6O,level_2_0
2338,2337.0,WA7J07X2J,level_2_0
2339,2338.0,YN8A37CFR,level_2_0
2340,2339.0,80XZVQD55,level_2_0
2341,2340.0,F6P8CZ5UF,level_2_0
2342,2341.0,LRV44BD5W,level_2_0
2343,2342.0,02OAXUDJX,level_2_0
2344,2343.0,BCFIYP6KF,level_2_0
2345,2344.0,5BXYP93AX,level_2_0
2346,2345.0,0LOFBXUAD,level_2_0
2347,2346.0,ZWOG1G0E4,level_2_0
2348,2347.0,RQH6LZ1DN,level_2_0
2349,2348.0,B5N64H8ZF,level_2_0
2350,2349.0,X9T27A6KS,level_2_0
2351,2350.0,C169GYLI7,level_2_0
2352,2351.0,LF4ZASO36,level_2_0
2353,2352.0,BV2HR57AJ,level_2_0
2354,2353.0,GPBMDFOBB,level_2_0
2355,2354.0,6FY7WQAZ0,level_2_0
2356,2355.0,97TTMR49G,level_2_0
2357,2356.0,1WUGH0AHU,level_2_0
2358,2357.0,FMNC45UG6,level_2_0
2359,2358.0,V3Y242ECC,level_2_0
2360,2359.0,8A69AAWEV,level_2_0
2361,2360.0,62E6KTMYD,level_2_0
2362,2361.0,EOZ9R1YE2,level_2_0
2363,2362.0,EUG4PK2AG,level_2_0
2364,2363.0,V3CIRS933,level_2_0
2365,2364.0,H3BSKLPG3,level_2_0
2366,2365.0,LFNL8U9MD,level_2_0
2367,2366.0,RKCT07C4Y,level_2_0
2368,2367.0,7TR6A1MX5,level_2_0
2369,2368.0,OSMTKUZHP,level_2_0
2370,2369.0,4V329RJJQ,level_2_0
2371,2370.0,HJL9II3CK,level_2_0
2372,2371.0,Q5EHPLYEH,level_2_0
2373,2372.0,YXSWVY18V,level_2_0
2374,2373.0,OR8882JPW,level_2_0
2375,2374.0,2X8WUM7WU,level_2_0
2376,2375.0,VY1DWBJ4I,level_2_0
2377,2376.0,NCSKL2DYQ,level_2_0
2378,2377.0,OKKNXFVU3,level_2_0
2379,2378.0,YA54L81JN,level_2_0
2380,2379.0,ZJNR277W0,level_2_0
2381,2380.0,AQ69R055Z,level_2_0
2382,2381.0,0RTFSIQT0,level_2_0
2383,2382.0,PAA49EBGO,level_2_0
2384,2383.0,OY6QMFL84,level_2_0
2385,2384.0,90XHISVT2,level_2_0
2386,2385.0,L2TT1DM9J,level_2_0
2387,2386.0,PXE0DNS9F,level_2_0
2388,2387.0,VFUIAWE31,level_2_0
2389,2388.0,B8RBE7THP,level_2_0
2390,2389.0,M5YB4H9ZB,level_2_0
2391,2390.0,356B3X6AX,level_2_0
2392,2391.0,Y1THA71IK,level_2_0
2393,2392.0,MJW2G0JDF,level_2_0
2394,2393.0,HZQZC0B4V,level_2_0
2395,2394.0,PEBQG1VOE,level_2_0
2396,2395.0,5NWE9939I,level_2_0
2397,2396.0,HQX7RUCJH,level_2_0
2398,2397.0,6NISA79S0,level_2_0
2399,2398.0,7L2CBZMMZ,level_2_0
2400,2399.0,XBZYWRJI0,level_2_0
2401,2400.0,88LHNKT82,level_2_0
2402,2401.0,3GRGFIRRE,level_2_0
2403,2402.0,X7PXMKK58,level_2_0
2404,2403.0,ILFD302RC,level_2_0
2405,2404.0,KU8W4234J,level_2_0
2406,2405.0,BUOA5O63N,level_2_0
2407,2406.0,EJVIWVZ5R,level_2_0
2408,2407.0,Q3YYEHNL1,level_2_0
2409,2408.0,FPH47KAPA,level_2_0
2410,2409.0,Q6J70EUF3,level_2_0
2411,2410.0,H1P772POB,level_2_0
2412,2411.0,ZIT8LJPOQ,level_2_0
2413,2412.0,8U6UQDQIY,level_2_0
2414,2413.0,2FJH5GHUO,level_2_0
2415,2414.0,52EEXN2DV,level_2_0
2416,2415.0,86RUBRW9F,level_2_0
2417,2416.0,VTAK1OW52,level_2_0
2418,2417.0,CPDDFKY5G,level_2_0
2419,2418.0,4Y9506OEQ,level_2_0
2420,2419.0,Q7AE33JY2,level_2_0
2421,2420.0,P0AY216J3,level_2_0
2422,2421.0,URMJB1TG3,level_2_0
2423,2422.0,WPP9ZOG5E,level_2_0
2424,2423.0,H66AUDKPD,level_2_0
2425,2424.0,H02007F2P,level_2_0
2426,2425.0,R4G98WU41,level_2_0
2427,2426.0,K1VC9HHNU,level_2_0
2428,2427.0,S4GLOFWWO,level_2_0
2429,2428.0,GFS6AK0LS,level_2_0
2430,2429.0,IZ2NNPL1R,level_2_0
2431,2430.0,AMM053W06,level_2_0
2432,2431.0,G32DNATLX,level_2_0
2433,2432.0,55YYXPY68,level_2_0
2434,2433.0,GXETTZVTV,level_2_0
2435,2434.0,1Q3Q90SV2,level_2_0
2436,2435.0,J1W8M52IQ,level_2_0
2437,2436.0,LN842KM7D,level_2_0
2438,2437.0,RQCAYNN76,level_2_0
2439,2438.0,N1WEK9H71,level_2_0
2440,2439.0,2AD7RUBNV,level_2_0
2441,2440.0,8P4EDJX9M,level_2_0
2442,2441.0,O94KZFED0,level_2_0
2443,2442.0,CMVG1CP88,level_2_0
2444,2443.0,W0IY378IE,level_2_0
2445,2444.0,CQ5MRTVRC,level_2_0
2446,2445.0,DTWBKR22K,level_2_0
2447,2446.0,JK4AAAKB3,level_2_0
2448,2447.0,NZBH2GA0C,level_2_0
2449,2448.0,37O1U32LI,level_2_0
2450,2449.0,LCWGFSO4L,level_2_0
2451,2450.0,SHF4EBY5K,level_2_0
2452,2451.0,MGVWP8JXP,level_2_0
2453,2452.0,KOBD1ACGV,level_2_0
2454,2453.0,QRJX9T4KM,level_2_0
2455,2454.0,OWNVFSGEN,level_2_0
2456,2455.0,XATC2NQYV,level_2_0
2457,2456.0,52UMYZ0AQ,level_2_0
2458,2457.0,GJFNQHU5H,level_2_0
2459,2458.0,H10VP2ZJO,level_2_0
2460,2459.0,CDBZE0LTM,level_2_0
2461,2460.0,9WM21XO5C,level_2_0
2462,2461.0,5T8X4AEHT,level_2_0
2463,2462.0,YGURXOOAR,level_2_0
2464,2463.0,E4PALJWI4,level_2_0
2465,2464.0,6XP6OZKZ8,level_2_0
2466,2465.0,LEQ02URM2,level_2_0
2467,2466.0,7CPMP6BDN,level_2_0
2468,2467.0,KTQQXTMCE,level_2_0
2469,2468.0,V7NKL671S,level_2_0
2470,2469.0,PJ1PMZKCG,level_2_0
2471,2470.0,QZ6XT2PKV,level_2_0
2472,2471.0,TD5GSWE30,level_2_0
2473,2472.0,2KHI20P5A,level_2_0
2474,2473.0,4B6RV5N8W,level_2_0
2475,2474.0,M9KTG9BP0,level_2_0
2476,2475.0,HK5RA8VN2,level_2_0
2477,2476.0,GHC4Y3U9D,level_2_0
2478,2477.0,7Q1COC0ZE,level_2_0
2479,2478.0,O0P2DXO1D,level_2_0
2480,2479.0,SERJEBNAH,level_2_0
2481,2480.0,FTQS4WZEI,level_2_0
2482,2481.0,J8ZVMAM1F,level_2_0
2483,2482.0,L4G6AVLHK,level_2_0
2484,2483.0,Q5MSSH44F,level_2_0
2485,2484.0,FUM1OK9W6,level_2_0
2486,2485.0,7HHTPPF4Y,level_2_0
2487,2486.0,VVVGYCKIM,level_2_0
2488,2487.0,NPD8NBR6O,level_2_0
2489,2488.0,VQLA6L4E6,level_2_0
2490,2489.0,9DQ2WADQP,level_2_0
2491,2490.0,BQ1BYKOC5,level_2_0
2492,2491.0,NRKTLCX24,level_2_0
2493,2492.0,7LLKQZUAR,level_2_0
2494,2493.0,Y3GJF5Y41,level_2_0
2495,2494.0,U5O7QSXSB,level_2_0
2496,2495.0,HW00BSNH2,level_2_0
2497,2496.0,WQN2R7MUX,level_2_0
2498,2497.0,R0JDVT05C,level_2_0
2499,2498.0,WAN2SS5YD,level_2_0
2500,2499.0,CR4DLZ6DM,level_2_0
2501,2500.0,N07YB249X,level_2_0
2502,2501.0,EV8EY8E26,level_2_0
2503,2502.0,QRRN7CSHX,level_2_0
2504,2503.0,854ZOA1HA,level_2_0
2505,2504.0,P92KHSCR9,level_2_0
2506,2505.0,IORN88PWY,level_2_0
2507,2506.0,XX3HP5XZH,level_2_0
2508,2507.0,E0JF2BQ8X,level_2_0
2509,2508.0,4BJMEMKZK,level_2_0
2510,2509.0,2N3JT554R,level_2_0
2511,2510.0,100UDECF2,level_2_0
2512,2511.0,5TWG6M09W,level_2_0
2513,2512.0,AZB66ZE59,level_2_0
2514,2513.0,CYPL6AY9G,level_2_0
2515,2514.0,QFRSR06RO,level_2_0
2516,2515.0,FBWRVYJTV,level_2_0
2517,2516.0,25SR1WIMW,level_2_0
2518,2517.0,DBP7NP5YE,level_2_0
2519,2518.0,XE32R4ZCI,level_2_0
2520,2519.0,JE80YJ1IN,level_2_0
2521,2520.0,4KNM7U86A,level_2_0
2522,2521.0,N6ITNW4PA,level_2_0
2523,2522.0,TG1JUIHIT,level_2_0
2524,2523.0,5CCZ5W2PG,clust0
2525,2524.0,OKKNXFVU3,clust0
2526,2525.0,URMJB1TG3,clust0
2527,2526.0,R4G98WU41,clust0
2528,2527.0,9J8PQZ17Q,clust0
2529,2528.0,6PNOSRLW5,clust0
2530,2529.0,58QFP6IBB,clust0
2531,2530.0,SQXMNVXC6,clust0
2532,2531.0,VVVGYCKIM,clust0
2533,2532.0,2PDBI37G1,clust0
2534,2533.0,5SW2OYSDM,clust0
2535,2534.0,2DU54AUSC,clust0
2536,2535.0,E4PALJWI4,clust0
2537,2536.0,0AI9JIZ2W,clust0
2538,2537.0,5BXYP93AX,clust0
2539,2538.0,37O1U32LI,clust0
2540,2539.0,P8P954GXN,clust0
2541,2540.0,8OOZT94SC,clust0
2542,2541.0,XHXF5YXJE,clust0
2543,2542.0,Q3YYEHNL1,clust0
2544,2543.0,HJL9II3CK,clust0
2545,2544.0,FOEYL5VB8,clust0
2546,2545.0,L3NG1JIPA,clust0
2547,2546.0,UU5Q37C1D,clust0
2548,2547.0,6NISA79S0,clust0
2549,2548.0,HZQZC0B4V,clust0
2550,2549.0,DS78QQXGW,clust0
2551,2550.0,YZ8KWNRK5,clust0
2552,2551.0,OSE9JC7KL,clust0
2553,2552.0,BABD9B734,clust0
2554,2553.0,VA4SXLLR5,clust0
2555,2554.0,OCVZ3I5SI,clust0
2556,2555.0,Z0OFIRP1B,clust0
2557,2556.0,0E8P6F42T,clust0
2558,2557.0,VQLA6L4E6,clust0
2559,2558.0,LVMT8UTVW,clust0
2560,2559.0,DF65JRUMD,clust0
2561,2560.0,OBT4O2J17,clust0
2562,2561.0,V3CIRS933,clust0
2563,2562.0,L2TT1DM9J,clust0
2564,2563.0,MRP5VAJJ0,clust0
2565,2564.0,7259I6NCQ,clust0
2566,2565.0,HX89G50GS,clust0
2567,2566.0,T6NO95PQV,clust0
2568,2567.0,B5N64H8ZF,clust0
2569,2568.0,TIEIGUGDF,clust0
2570,2569.0,CRPUQ97OJ,clust0
2571,2570.0,Q5K7GGHPN,clust0
2572,2571.0,97TTMR49G,clust0
2573,2572.0,MS0470NPU,clust0
2574,2573.0,50RTA78XQ,clust0
2575,2574.0,3U3JRVHSM,clust0
2576,2575.0,B8RBE7THP,clust0
2577,2576.0,FBWRVYJTV,clust0
2578,2577.0,4B6RV5N8W,clust0
2579,2578.0,ILPPF2Q5O,clust0
2580,2579.0,MT2RHGD80,clust0
2581,2580.0,EX3RN5RW3,clust0
2582,2581.0,1G7S047H0,clust0
2583,2582.0,2AD7RUBNV,clust0
2584,2583.0,ICVX6ORN3,clust0
2585,2584.0,Q5EHPLYEH,clust0
2586,2585.0,XX4GJRQPR,clust0
2587,2586.0,40SNWBK5A,clust0
2588,2587.0,29VY3IBY8,clust0
2589,2588.0,SRDPEWS6T,clust0
2590,2589.0,AQ69R055Z,clust0
2591,2590.0,YF41U5FY6,clust0
2592,2591.0,VY1DWBJ4I,clust0
2593,2592.0,XATC2NQYV,clust0
2594,2593.0,Q494N6FBH,clust0
2595,2594.0,O893081J5,clust0
2596,2595.0,B216RPXJ7,clust0
2597,2596.0,BKS6SKZYM,clust0
2598,2597.0,AMM053W06,clust0
2599,2598.0,T2MKQ79FV,clust0
2600,2599.0,F0AKTDLH4,clust0
2601,2600.0,R2T87O3FO,clust0
2602,2601.0,Q5USF5XSD,clust0
2603,2602.0,5JXUMYW6W,clust0
2604,2603.0,6L185X52Y,clust0
2605,2604.0,0NX5HBGSX,clust0
2606,2605.0,CH1K8ER54,clust0
2607,2606.0,JHU69XW38,clust0
2608,2607.0,YPJSQB1NK,clust0
2609,2608.0,MN78V0SH2,clust0
2610,2609.0,86RUBRW9F,clust0
2611,2610.0,TRN942L56,clust0
2612,2611.0,XYLU5VLWW,clust0
2613,2612.0,9N7FV77E0,clust0
2614,2613.0,GCP8I5V5Z,clust0
2615,2614.0,HT6R8TZVN,clust0
2616,2615.0,7TR6A1MX5,clust0
2617,2616.0,NRZO6E5PR,clust0
2618,2617.0,MKA8MAKIE,clust0
2619,2618.0,0SN4HYKQJ,clust0
2620,2619.0,PVAK1RD6J,clust0
2621,2620.0,4WK5AWN01,clust0
2622,2621.0,WQ4RMKEH8,clust0
2623,2622.0,3GJPR4QJK,clust0
2624,2623.0,RQH6LZ1DN,clust0
2625,2624.0,9JZRKJWQF,clust0
2626,2625.0,L9A2UBMV1,clust0
2627,2626.0,URKNTTCHQ,clust0
2628,2627.0,4R2EL15QS,clust0
2629,2628.0,3H6LG8I9R,clust0
2630,2629.0,AE97CRRAR,clust0
2631,2630.0,PNN04VV8I,clust0
2632,2631.0,ZBLZIXJDM,clust0
2633,2632.0,356B3X6AX,clust0
2634,2633.0,UCSE57GD7,clust0
2635,2634.0,ZRE65F504,clust0
2636,2635.0,6MXSGOUV1,clust0
2637,2636.0,RPSQ8IK5A,clust0
2638,2637.0,Z5LWLCLGQ,clust0
2639,2638.0,3FX5CP8G6,clust0
2640,2639.0,7HPYSOOLT,clust0
2641,2640.0,COVZ4R0CO,clust0
2642,2641.0,VVFAM0N2S,clust0
2643,2642.0,32XQH8YEQ,clust0
2644,2643.0,EJGLSR732,clust0
2645,2644.0,J2QRFW5I1,clust0
2646,2645.0,TU1SLMR17,clust0
2647,2646.0,TXINM8RH6,clust0
2648,2647.0,DBP7NP5YE,clust0
2649,2648.0,HCCKRGJ5X,clust0
2650,2649.0,B971G4H6S,clust0
2651,2650.0,ADMQFHZK2,clust0
2652,2651.0,SERJEBNAH,clust0
2653,2652.0,NZGS8524L,clust0
2654,2653.0,8M658OJUY,clust0
2655,2654.0,EO4PZE0AL,clust0
2656,2655.0,QW3NRQD61,clust0
2657,2656.0,JE80YJ1IN,clust0
2658,2657.0,ITHGU8SBT,clust0
2659,2658.0,FD34W9WKY,clust0
2660,2659.0,4Z3W2RMJG,clust0
2661,2660.0,KMSV9L2XW,clust0
2662,2661.0,JXYPTWNMF,clust0
2663,2662.0,7PL28AX8V,clust0
2664,2663.0,IXK1CISFX,clust0
2665,2664.0,QRJX9T4KM,clust0
2666,2665.0,1Q3Q90SV2,clust0
2667,2666.0,8ZNO8BIHL,clust0
2668,2667.0,HXEDAYCK4,clust0
2669,2668.0,N6ITNW4PA,clust0
2670,2669.0,1O7GLLIT8,clust0
2671,2670.0,UA9ALMGUE,clust0
2672,2671.0,LD5XLTHUG,clust0
2673,2672.0,EUG4PK2AG,clust0
2674,2673.0,XX3HP5XZH,clust0
2675,2674.0,JNZ6OMRZO,clust0
2676,2675.0,0QNEJ6921,clust0
2677,2676.0,QRRN7CSHX,clust0
2678,2677.0,438YCL6BW,clust0
2679,2678.0,4GZKRJA02,clust0
2680,2679.0,4Y9506OEQ,clust0
2681,2680.0,ZNE8CX26J,clust0
2682,2681.0,XBZYWRJI0,clust0
2683,2682.0,2NSKJRKBR,clust0
2684,2683.0,PAA49EBGO,clust0
2685,2684.0,DZR84R00R,clust0
2686,2685.0,VXGFRB5WD,clust0
2687,2686.0,JRQANLB7T,clust0
2688,2687.0,09144M14F,clust0
2689,2688.0,ORGS022F3,clust0
2690,2689.0,OL4DZ8JZR,clust0
2691,2690.0,ZRMCEEM8Q,clust0
2692,2691.0,O94KZFED0,clust0
2693,2692.0,AMZMVXFW8,clust0
2694,2693.0,0W3X17NT9,clust0
2695,2694.0,O3Q8VAY4F,clust0
2696,2695.0,LCWGFSO4L,clust0
2697,2696.0,JWTKF61NC,clust0
2698,2697.0,1J2M5GPOX,clust0
2699,2698.0,0TQ8LVL6A,clust0
2700,2699.0,XE32R4ZCI,clust0
2701,2700.0,5T8X4AEHT,clust0
2702,2701.0,2I9I6MHND,clust0
2703,2702.0,L2D8CUCVK,clust0
2704,2703.0,PJGEJG64N,clust0
2705,2704.0,81Z5QZ9HC,clust0
2706,2705.0,PT3P8SXJY,clust0
2707,2706.0,BV2HR57AJ,clust0
2708,2707.0,60I7H2B6D,clust0
2709,2708.0,AQDRAUC0Y,clust0
2710,2709.0,CBL5VF3IL,clust0
2711,2710.0,MYI6H8VUT,clust0
2712,2711.0,2N3JT554R,clust0
2713,2712.0,6A808LLJM,clust0
2714,2713.0,N53884DUO,clust0
2715,2714.0,ZE04CY3OG,clust0
2716,2715.0,8A69AAWEV,clust0
2717,2716.0,E2XXBG9SD,clust0
2718,2717.0,G1E1VI9PT,clust0
2719,2718.0,DWSBVSYS1,clust0
2720,2719.0,J8PANKDB0,clust0
2721,2720.0,M7TRE6B9L,clust0
2722,2721.0,KFFYJ83IG,clust0
2723,2722.0,8G5ES3JED,clust0
2724,2723.0,VHSHC61I8,clust0
2725,2724.0,EPKWQTJCD,clust0
2726,2725.0,SXY37C8KJ,clust0
2727,2726.0,QUTX8OZW3,clust0
2728,2727.0,PRM8V76R3,clust0
2729,2728.0,E0JF2BQ8X,clust0
2730,2729.0,REM2E9E3X,clust0
2731,2730.0,LHLYUFCTU,clust0
2732,2731.0,JCOEU04X6,clust0
2733,2732.0,EOZ9R1YE2,clust0
2734,2733.0,HB5OY2IT3,clust0
2735,2734.0,8H70N2069,clust0
2736,2735.0,01L6VT7DN,clust0
2737,2736.0,XKAJ06NMX,clust0
2738,2737.0,ILCPGBT05,clust0
2739,2738.0,QLKMDFD8J,clust0
2740,2739.0,DTWBKR22K,clust0
2741,2740.0,JG27BNM5H,clust0
2742,2741.0,C5TY8KO0M,clust0
2743,2742.0,4KYDN84EO,clust0
2744,2743.0,BQ1BYKOC5,clust0
2745,2744.0,92HJ1N39X,clust0
2746,2745.0,W7RKGQI1V,clust0
2747,2746.0,D9RBDIOL0,clust0
2748,2747.0,ZS91Y46I3,clust0
2749,2748.0,2MCBRC1DJ,clust0
2750,2749.0,PXE0DNS9F,clust0
2751,2750.0,INY4B5OPF,clust0
2752,2751.0,EUDIR1RMW,clust0
2753,2752.0,IYMKO9LF4,clust0
2754,2753.0,94Y435G2Q,clust0
2755,2754.0,3ABA286V3,clust0
2756,2755.0,RDCY4GQ21,clust0
2757,2756.0,GBE0U6T83,clust0
2758,2757.0,IA09AYWK1,clust0
2759,2758.0,VTAK1OW52,clust0
2760,2759.0,ZEQ0VL9LO,clust0
2761,2760.0,YXSWVY18V,clust0
2762,2761.0,I8IUF9O21,clust0
2763,2762.0,8NAX0KMZL,clust0
2764,2763.0,53AYU9YKY,clust0
2765,2764.0,E486I4H0T,clust0
2766,2765.0,WPCIJLU3N,clust0
2767,2766.0,S8P71RGIF,clust0
2768,2767.0,2NSKWGEB8,clust0
2769,2768.0,F6P8CZ5UF,clust0
2770,2769.0,SH5MDSJ4N,clust0
2771,2770.0,BUOA5O63N,clust0
2772,2771.0,1XY85SCY9,clust0
2773,2772.0,S5PMWAB4V,clust0
2774,2773.0,HOGJPGIZZ,clust0
2775,2774.0,M69GV4PBZ,clust0
2776,2775.0,KU8W4234J,clust0
2777,2776.0,GHC4Y3U9D,clust0
2778,2777.0,V9GHUVRBU,clust0
2779,2778.0,MO4PZXJ8Y,clust0
2780,2779.0,B5LA7P290,clust0
2781,2780.0,1W6LJ9DT2,clust0
2782,2781.0,DPYSN7JLN,clust0
2783,2782.0,LWJ5KRSFO,clust0
2784,2783.0,Z6Q11HCQY,clust0
2785,2784.0,TMV0ASWC5,clust0
2786,2785.0,IORN88PWY,clust0
2787,2786.0,90XHISVT2,clust0
2788,2787.0,NGRC0OTK8,clust0
2789,2788.0,O0P2DXO1D,clust0
2790,2789.0,GZ8IPL53J,clust0
2791,2790.0,IZ2NNPL1R,clust0
2792,2791.0,H02007F2P,clust0
2793,2792.0,MWX6VP7YQ,clust0
2794,2793.0,88LHNKT82,clust0
2795,2794.0,TEADIOMZH,clust0
2796,2795.0,H9Y1CT6IB,clust0
2797,2796.0,M79RIKP8D,clust0
2798,2797.0,MGVWP8JXP,clust0
2799,2798.0,DHMYPMCDU,clust0
2800,2799.0,KIEBJRDDM,clust0
2801,2800.0,HEXIYT3HQ,clust0
2802,2801.0,V3Y242ECC,clust0
2803,2802.0,563I60QTS,clust0
2804,2803.0,VNB5K3HKO,clust0
2805,2804.0,8SSABDSF2,clust0
2806,2805.0,5RGGF4TYL,clust0
2807,2806.0,P8FGL0H6D,clust0
2808,2807.0,C6KG77TQ4,clust0
2809,2808.0,JVE1OMBAJ,clust0
2810,2809.0,57V1M5M89,clust0
2811,2810.0,BPS1XI2OD,clust0
2812,2811.0,0PS3UG706,clust0
2813,2812.0,MUF93AH55,clust0
2814,2813.0,E87HE5EWW,clust0
2815,2814.0,0X5BKRSLA,clust0
2816,2815.0,FJUNS4X8V,clust0
2817,2816.0,VELHKTP64,clust0
2818,2817.0,PCMZEMW5O,clust0
2819,2818.0,X6YXGOANF,clust0
2820,2819.0,OV9SDQUZX,clust0
2821,2820.0,TIYJAIXHO,clust0
2822,2821.0,0B82D7G57,clust0
2823,2822.0,YN8A37CFR,clust0
2824,2823.0,5SXEP0WKI,clust0
2825,2824.0,I4FY2TL2Y,clust0
2826,2825.0,V11DSNP45,clust0
2827,2826.0,GRBZP9AMN,clust0
2828,2827.0,LH6DFB5F6,clust0
2829,2828.0,OSMTKUZHP,clust0
2830,2829.0,LMGZ9KFB9,clust0
2831,2830.0,G32DNATLX,clust0
2832,2831.0,5KJWNAY41,clust0
2833,2832.0,9DQ2WADQP,clust0
2834,2833.0,ASB70JT03,clust0
2835,2834.0,1TIT6QD69,clust0
2836,2835.0,CG3WLRJAX,clust0
2837,2836.0,SN8IXBGNC,clust0
2838,2837.0,J8R1TIFOU,clust0
2839,2838.0,5TAREL6KW,clust0
2840,2839.0,VITI6YYG5,clust0
2841,2840.0,LCAR4C2AC,clust0
2842,2841.0,L08ZG932H,clust0
2843,2842.0,4N9A32TWT,clust0
2844,2843.0,G4DG2KL3W,clust0
2845,2844.0,RKCT07C4Y,clust0
2846,2845.0,RX3AOHSHS,clust0
2847,2846.0,HF6FBYY47,clust0
2848,2847.0,ZJNR277W0,clust0
2849,2848.0,8DPCQY3O3,clust0
2850,2849.0,U20T1HOBI,clust0
2851,2850.0,8FLYHFAX2,clust0
2852,2851.0,J0RX9SBDE,clust0
2853,2852.0,FCEBA6IMH,clust0
2854,2853.0,0FZ4NDK1V,clust0
2855,2854.0,8R9PYNMQ2,clust0
2856,2855.0,0RTFSIQT0,clust0
2857,2856.0,WCCA61EH1,clust0
2858,2857.0,282HYXY0Z,clust0
2859,2858.0,HYHKBYFA8,clust0
2860,2859.0,8YROK63YG,clust0
2861,2860.0,T500BIM8W,clust0
2862,2861.0,6XP6OZKZ8,clust0
2863,2862.0,C0GNKM5PH,clust0
2864,2863.0,75K6EWA63,clust0
2865,2864.0,P72N65WXO,clust0
2866,2865.0,HQX7RUCJH,clust0
2867,2866.0,14DU9AMYQ,clust0
2868,2867.0,H63E8IF3T,clust0
2869,2868.0,8P4EDJX9M,clust0
2870,2869.0,N5UOS56KQ,clust0
2871,2870.0,91EKDHH8W,clust0
2872,2871.0,S4GLOFWWO,clust0
2873,2872.0,H9F0NUHZL,clust0
2874,2873.0,2OOGRPW7I,clust0
2875,2874.0,X7PXMKK58,clust0
2876,2875.0,4KNM7U86A,clust0
2877,2876.0,J8ZVMAM1F,clust0
2878,2877.0,KE0CSLK6N,clust0
2879,2878.0,8WWQYBOF3,clust0
2880,2879.0,T4H5XJDSA,clust0
2881,2880.0,TTBELUESF,clust0
2882,2881.0,DQGR15TYR,clust0
2883,2882.0,2X8WUM7WU,clust0
2884,2883.0,XMG240E95,clust0
2885,2884.0,SUO1FNYVL,clust0
2886,2885.0,BEFAMCMBL,clust0
2887,2886.0,Q4JG9LJV1,clust0
2888,2887.0,AU6WSDEUP,clust0
2889,2888.0,22SF7NNU2,clust0
2890,2889.0,B6FEXDXUO,clust0
2891,2890.0,H10VP2ZJO,clust0
2892,2891.0,BIAFRGAMC,clust0
2893,2892.0,U6QXRAPBY,clust0
2894,2893.0,014RTH812,clust0
2895,2894.0,FKOJPWUQE,clust0
2896,2895.0,INXWQHS6V,clust0
2897,2896.0,0PMUNN0JV,clust0
2898,2897.0,C169GYLI7,clust0
2899,2898.0,7LLKQZUAR,clust0
2900,2899.0,ZU6DIC1W4,clust0
2901,2900.0,2FSSRVL3Y,clust0
2902,2901.0,8LQBCSJW0,clust0
2903,2902.0,25SR1WIMW,clust0
2904,2903.0,X9T27A6KS,clust0
2905,2904.0,BHGZ9GJ6M,clust0
2906,2905.0,7J5OVVBUS,clust0
2907,2906.0,LDPU5ODDE,clust0
2908,2907.0,9IIOSGCMD,clust0
2909,2908.0,KVI9WUCXC,clust0
2910,2909.0,80XZVQD55,clust0
2911,2910.0,KCHOBK8DZ,clust0
2912,2911.0,J1W8M52IQ,clust0
2913,2912.0,F7O7JP657,clust0
2914,2913.0,SCE3X6T4Z,clust0
2915,2914.0,7MK1U2IF6,clust0
2916,2915.0,K0SFSG83G,clust0
2917,2916.0,7F5W3F1OX,clust0
2918,2917.0,A4NUZ22PL,clust0
2919,2918.0,VF0A5M8KL,clust0
2920,2919.0,GPFHLUZOQ,clust0
2921,2920.0,PYTKK0WJJ,clust0
2922,2921.0,P6OD3RGKS,clust0
2923,2922.0,QZ6XT2PKV,clust0
2924,2923.0,FGJMKVP9H,clust0
2925,2924.0,LUYUP9ZCK,clust0
2926,2925.0,BGUFELJ2L,clust0
2927,2926.0,2IUMVXWR8,clust0
2928,2927.0,GA45I7N1S,clust0
2929,2928.0,C7D87FBF8,clust0
2930,2929.0,9ICALHNP4,clust0
2931,2930.0,JGE2HRFPU,clust0
2932,2931.0,8M0098QBY,clust0
2933,2932.0,52TXJZGR3,clust0
2934,2933.0,Y1THA71IK,clust0
2935,2934.0,EY3KP5F01,clust0
2936,2935.0,PAIE2YCZJ,clust0
2937,2936.0,53SUYI9JV,clust0
2938,2937.0,JUHO9C7TO,clust0
2939,2938.0,HR2U9KPW6,clust0
2940,2939.0,GXETTZVTV,clust0
2941,2940.0,QCG6FU21M,clust0
2942,2941.0,FVYHRK21K,clust0
2943,2942.0,FMNC45UG6,clust0
2944,2943.0,9WM21XO5C,clust0
2945,2944.0,K4XQI78Z2,clust0
2946,2945.0,G67UHNIAU,clust0
2947,2946.0,DWW5SV8NM,clust0
2948,2947.0,U7H3YXT6R,clust0
2949,2948.0,RVNP6KNO4,clust0
2950,2949.0,B1YGO6HY5,clust0
2951,2950.0,3JU9FAUU3,clust0
2952,2951.0,WRXGWXBSN,clust0
2953,2952.0,W4NLROMOW,clust0
2954,2953.0,7Y4OK6WUE,clust0
2955,2954.0,NZBH2GA0C,clust0
2956,2955.0,M9KTG9BP0,clust0
2957,2956.0,1SIOSK3RQ,clust0
2958,2957.0,9HC7101P7,clust0
2959,2958.0,1FV2F2834,clust0
2960,2959.0,NPD8NBR6O,clust0
2961,2960.0,KYTIFAIAQ,clust0
2962,2961.0,184Q1P3KK,clust0
2963,2962.0,R4OO5FKFT,clust0
2964,2963.0,1VULI5G25,clust0
2965,2964.0,2Z2IKU9RE,clust0
2966,2965.0,A8ZDJ5PDE,clust0
2967,2966.0,K4P9SRW3A,clust0
2968,2967.0,WAN2SS5YD,clust0
2969,2968.0,FWVCCCNHW,clust0
2970,2969.0,H66AUDKPD,clust0
2971,2970.0,EA6BCEMKX,clust0
2972,2971.0,V26ELUPRX,clust0
2973,2972.0,YA54L81JN,clust0
2974,2973.0,QG3JVQ9GU,clust0
2975,2974.0,ZWOG1G0E4,clust0
2976,2975.0,B5I8ZG5HT,clust0
2977,2976.0,J9W1YQQVX,clust0
2978,2977.0,X13HPGM1A,clust0
2979,2978.0,7CPMP6BDN,clust0
2980,2979.0,55ZO4CT0N,clust0
2981,2980.0,CYPL6AY9G,clust0
2982,2981.0,L8TOW6TNA,clust0
2983,2982.0,MET0LO2VH,clust0
2984,2983.0,DNHJI3YC7,clust0
2985,2984.0,MPI6QYLRO,clust0
2986,2985.0,85GKX35QF,clust0
2987,2986.0,TD5GSWE30,clust0
2988,2987.0,9JISZW2D3,clust0
2989,2988.0,ZR7S7G4XE,clust0
2990,2989.0,71K8MDKF5,clust0
2991,2990.0,BI906IJ6Y,clust0
2992,2991.0,P0AY216J3,clust0
2993,2992.0,55YYXPY68,clust0
2994,2993.0,GPBMDFOBB,clust0
2995,2994.0,N2YG5HP59,clust0
2996,2995.0,LBMB0NC3A,clust0
2997,2996.0,QV99CFKKN,clust0
2998,2997.0,NUGX79UF8,clust0
2999,2998.0,UZFZPNAGD,clust0
3000,2999.0,GFS6AK0LS,clust0
3001,3000.0,C9USI74UA,clust0
3002,3001.0,455ENEIP0,clust0
3003,3002.0,LKA554BEI,clust0
3004,3003.0,CEQXULY5U,clust0
3005,3004.0,AZAQ6AU88,clust0
3006,3005.0,AGONNB8P1,clust0
3007,3006.0,MN97P3QRD,clust0
3008,3007.0,TINFYIC7L,clust0
3009,3008.0,IGYQ0TFFJ,clust0
3010,3009.0,5Y8J20547,clust0
3011,3010.0,T273G1Q6I,clust0
3012,3011.0,QY8VOMWGS,clust0
3013,3012.0,53TVZQWLY,clust0
3014,3013.0,8VXQLFMEW,clust0
3015,3014.0,J6T3XR6FN,clust0
3016,3015.0,9AR0R3FV9,clust0
3017,3016.0,TSD65RCZ5,clust0
3018,3017.0,8TPQ9WRR1,clust0
3019,3018.0,YGWF8BZ0Q,clust0
3020,3019.0,OY6QMFL84,clust0
3021,3020.0,LUQFI5EOG,clust0
3022,3021.0,62E6KTMYD,clust0
3023,3022.0,BIPK5ZAR1,clust0
3024,3023.0,CSVH2PL9J,clust0
3025,3024.0,2AS1JDWNN,clust0
3026,3025.0,QFRSR06RO,clust0
3027,3026.0,C1A6VHMXI,clust0
3028,3027.0,U95UK89JI,clust0
3029,3028.0,0WVP8I17C,clust0
3030,3029.0,5L4613R0F,clust0
3031,3030.0,HK5RA8VN2,clust0
3032,3031.0,VPGEFD68Q,clust0
3033,3032.0,TDEV4PXK7,clust0
3034,3033.0,R0JDVT05C,clust0
3035,3034.0,4QOGQBU7G,clust0
3036,3035.0,MLDCFFL0X,clust0
3037,3036.0,ZB51RNYDZ,clust0
3038,3037.0,IJZWVEFQV,clust0
3039,3038.0,6FY7WQAZ0,clust0
3040,3039.0,YH74W3DOQ,clust0
3041,3040.0,RQCAYNN76,clust0
3042,3041.0,N07YB249X,clust0
3043,3042.0,BZY2PLVEA,clust0
3044,3043.0,A7TW4V5CD,clust0
3045,3044.0,U5O7QSXSB,clust0
3046,3045.0,J4GN0JLOP,clust0
3047,3046.0,45AMGIS8L,clust0
3048,3047.0,2Q87KTVG0,clust0
3049,3048.0,EA87RASFM,clust0
3050,3049.0,5M75UPLYH,clust0
3051,3050.0,B5SVURC6I,clust0
3052,3051.0,3S2B35GDS,clust0
3053,3052.0,IDCSB0YRL,clust0
3054,3053.0,BX48GOZDP,clust0
3055,3054.0,SR0LO6B6O,clust0
3056,3055.0,HYDRDQX13,clust0
3057,3056.0,O6R9BU1AE,clust0
3058,3057.0,37NA61AAI,clust0
3059,3058.0,CPDDFKY5G,clust0
3060,3059.0,CMUEVJW0P,clust0
3061,3060.0,437HR0O4H,clust0
3062,3061.0,52EEXN2DV,clust0
3063,3062.0,DTKH8QTCA,clust0
3064,3063.0,5NWE9939I,clust0
3065,3064.0,R0OENM5B3,clust0
3066,3065.0,D78KKG0TF,clust0
3067,3066.0,EMFURT241,clust0
3068,3067.0,H1P772POB,clust0
3069,3068.0,Q4KUCIVNO,clust0
3070,3069.0,93QYQUHI9,clust0
3071,3070.0,QDXK2JS22,clust0
3072,3071.0,L6MHDE4QK,clust0
3073,3072.0,DN6XW72NA,clust0
3074,3073.0,2CWQPKMAH,clust0
3075,3074.0,ZMG62TFTN,clust0
3076,3075.0,VCUF1DQ0X,clust0
3077,3076.0,KRGP4PXL9,clust0
3078,3077.0,IXX3IKOLV,clust0
3079,3078.0,C7SAB7SNT,clust0
3080,3079.0,100UDECF2,clust0
3081,3080.0,1USVWBEQM,clust0
3082,3081.0,860H86ITI,clust0
3083,3082.0,5TWG6M09W,clust0
3084,3083.0,OWNVFSGEN,clust0
3085,3084.0,NRKTLCX24,clust0
3086,3085.0,0TS3YTURI,clust0
3087,3086.0,4G7VWTPRJ,clust0
3088,3087.0,NL6GPHWMS,clust0
3089,3088.0,79IK65LHE,clust0
3090,3089.0,LRV44BD5W,clust0
3091,3090.0,VFUIAWE31,clust0
3092,3091.0,ZJ3Z5EF6F,clust0
3093,3092.0,8WS3MV0OU,clust0
3094,3093.0,GD5JEBNLG,clust0
3095,3094.0,PQSETLS5J,clust0
3096,3095.0,C4YJ2FZWX,clust0
3097,3096.0,7BHS5LCJG,clust0
3098,3097.0,ZIT8LJPOQ,clust0
3099,3098.0,S79GK1YW1,clust0
3100,3099.0,RX2001QL6,clust0
3101,3100.0,IIO55NSRS,clust0
3102,3101.0,JQBGKP6W8,clust0
3103,3102.0,PIKAQ0438,clust0
3104,3103.0,3BHYBK3PE,clust0
3105,3104.0,Y5KXCTNCC,clust0
3106,3105.0,ORTU9035E,clust0
3107,3106.0,2U1M5T5WK,clust0
3108,3107.0,MSTMHYBD5,clust0
3109,3108.0,SF5Z8M52N,clust0
3110,3109.0,IO819H46B,clust0
3111,3110.0,AB50GU0I7,clust0
3112,3111.0,MEKD7VKBL,clust0
3113,3112.0,0GX24IEE5,clust0
3114,3113.0,45JAJQR0T,clust0
3115,3114.0,FTQS4WZEI,clust0
3116,3115.0,FPH47KAPA,clust0
3117,3116.0,FBUQXJ4SJ,clust0
3118,3117.0,ZFAS23QLR,clust0
3119,3118.0,SHBB7UABV,clust0
3120,3119.0,7HHTPPF4Y,clust0
3121,3120.0,EJVIWVZ5R,clust0
3122,3121.0,L4G6AVLHK,clust0
3123,3122.0,MJW2G0JDF,clust0
3124,3123.0,YQHW5JB3S,clust0
3125,3124.0,J3B9JRMCQ,clust0
3126,3125.0,J5XGQ0VWB,clust0
3127,3126.0,75RAEPRC3,clust0
3128,3127.0,2TS5RQWDI,clust0
3129,3128.0,H6LGVLQGV,clust0
3130,3129.0,233S4VIJO,clust0
3131,3130.0,BCFIYP6KF,clust0
3132,3131.0,ANV3SXQ4P,clust0
3133,3132.0,LXYEB8KVT,clust0
3134,3133.0,2FJH5GHUO,clust0
3135,3134.0,EV8EY8E26,clust0
3136,3135.0,MWXMABNZK,clust0
3137,3136.0,BVGVZAPY8,clust0
3138,3137.0,DXLP0Y284,clust0
3139,3138.0,CFSFIH899,clust0
3140,3139.0,3AOMVJBWC,clust0
3141,3140.0,QLXZEGRSL,clust0
3142,3141.0,Y3GJF5Y41,clust0
3143,3142.0,HW00BSNH2,clust0
3144,3143.0,62J7MXC2B,clust0
3145,3144.0,9GORYNJUQ,clust0
3146,3145.0,5IHJMBG5D,clust0
3147,3146.0,487Q5O8JW,clust0
3148,3147.0,PEBQG1VOE,clust0
3149,3148.0,6M16PPENP,clust0
3150,3149.0,Q7AE33JY2,clust0
3151,3150.0,55DNOTPPG,clust0
3152,3151.0,48G629OPD,clust0
3153,3152.0,FUM1OK9W6,clust0
3154,3153.0,ATAY2N4IY,clust0
3155,3154.0,E0UZQH1FW,clust0
3156,3155.0,TRFTF4BO0,clust0
3157,3156.0,Y1ALZ9RCA,clust0
3158,3157.0,P92KHSCR9,clust0
3159,3158.0,RW9XKYP0A,clust0
3160,3159.0,SXSKUMS84,clust0
3161,3160.0,QFH3715U1,clust0
3162,3161.0,PFBYZQV4E,clust0
3163,3162.0,E3D8DMUQ8,clust0
3164,3163.0,0WBE8JFIW,clust0
3165,3164.0,EPWNLZUIU,clust0
3166,3165.0,GJFNQHU5H,clust0
3167,3166.0,BY6CET79Y,clust0
3168,3167.0,1GOFXT1OV,clust0
3169,3168.0,7EOSTUJE2,clust0
3170,3169.0,21QW58OKO,clust0
3171,3170.0,LFNL8U9MD,clust0
3172,3171.0,7Q1COC0ZE,clust0
3173,3172.0,5NJUNEM55,clust0
3174,3173.0,E2QJKN6TN,clust0
3175,3174.0,0RETU2IQZ,clust0
3176,3175.0,YGURXOOAR,clust0
3177,3176.0,XF21U000I,clust0
3178,3177.0,7L2CBZMMZ,clust0
3179,3178.0,VY1IQK701,clust0
3180,3179.0,AKZF7OC2N,clust0
3181,3180.0,M4DXAGNGQ,clust0
3182,3181.0,LSWIEUH5F,clust0
3183,3182.0,KTQQXTMCE,clust0
3184,3183.0,02OAXUDJX,clust0
3185,3184.0,BXUZHRY8G,clust0
3186,3185.0,9WYECR5DV,clust0
3187,3186.0,SU3FHIVRL,clust0
3188,3187.0,S8JIH40OC,clust0
3189,3188.0,XWK2BVVNJ,clust0
3190,3189.0,WQD8F0OC3,clust0
3191,3190.0,VSJ3PM8SE,clust0
3192,3191.0,ER2TROSSO,clust0
3193,3192.0,0EHOVL3F8,clust0
3194,3193.0,2KHI20P5A,clust0
3195,3194.0,2K2C2KVHE,clust0
3196,3195.0,WQN2R7MUX,clust0
3197,3196.0,MZV7A5KTQ,clust0
3198,3197.0,0LOFBXUAD,clust0
3199,3198.0,35N5502MV,clust0
3200,3199.0,YWRQWOGXY,clust0
3201,3200.0,UQB9OT0OP,clust0
3202,3201.0,FZB0LZY0C,clust0
3203,3202.0,4E4S5QF2T,clust0
3204,3203.0,WDJZYI0Y6,clust0
3205,3204.0,LF4ZASO36,clust0
3206,3205.0,28QNVWHGS,clust0
3207,3206.0,KOBD1ACGV,clust0
3208,3207.0,QKQCHAJWK,clust0
3209,3208.0,IEOR1SXLA,clust0
3210,3209.0,AWGC5SU5W,clust0
3211,3210.0,CDBZE0LTM,clust0
3212,3211.0,USZWE3AUZ,clust0
3213,3212.0,XF2SW6SXA,clust0
3214,3213.0,W1LDR5U99,clust0
3215,3214.0,W3B739UFB,clust0
3216,3215.0,JRA8NQELS,clust0
3217,3216.0,854ZOA1HA,clust0
3218,3217.0,8BIJBG28L,clust0
3219,3218.0,LN842KM7D,clust0
3220,3219.0,1522ZTYU2,clust0
3221,3220.0,AY5XSBYCA,clust0
3222,3221.0,BE7XGNEPB,clust0
3223,3222.0,CR4DLZ6DM,clust0
3224,3223.0,GKRC20GJD,clust0
3225,3224.0,3ALH6OGW7,clust0
3226,3225.0,J20JO79EW,clust0
3227,3226.0,PZ7V9JAXA,clust0
3228,3227.0,H8C8V4AOO,clust0
3229,3228.0,WA7J07X2J,clust0
3230,3229.0,7B3SHSNF3,clust0
3231,3230.0,6SGKV8V8U,clust0
3232,3231.0,M5YB4H9ZB,clust0
3233,3232.0,94J6OKYJ2,clust0
3234,3233.0,AZB66ZE59,clust0
3235,3234.0,TG1JUIHIT,clust0
3236,3235.0,52UMYZ0AQ,clust0
3237,3236.0,40V3VXC61,clust0
3238,3237.0,ISJRFYV8V,clust0
3239,3238.0,TER22Y23C,clust0
3240,3239.0,1BZG1KE0Y,clust0
3241,3240.0,3674XT7SS,clust0
3242,3241.0,P89UNXKHE,clust0
3243,3242.0,O5YRQSNWR,clust0
3244,3243.0,VEKCFL5VR,clust0
3245,3244.0,2C6KNA6EJ,clust0
3246,3245.0,ZB4E0WLFM,clust0
3247,3246.0,RN0P2YXM8,clust0
3248,3247.0,P9T3GAF6P,clust0
3249,3248.0,EWT67SH1S,clust0
3250,3249.0,UY8PKVPO0,clust0
3251,3250.0,1S6ZLSGJS,clust0
3252,3251.0,WOSNKWG1Y,clust0
3253,3252.0,YAGZ4YXFN,clust0
3254,3253.0,K1VC9HHNU,clust0
3255,3254.0,RNFE2L77J,clust0
3256,3255.0,PMYWGHUJG,clust0
3257,3256.0,BTUIX6VOW,clust0
3258,3257.0,RYXCO0OU2,clust0
3259,3258.0,6QFBAOK7W,clust0
3260,3259.0,U8EMJ67QR,clust0
3261,3260.0,Q5MSSH44F,clust0
3262,3261.0,P2TZRS49C,clust0
3263,3262.0,7WEV0ZEB8,clust0
3264,3263.0,4AMC75PTB,clust0
3265,3264.0,GTI2GZ6XF,clust0
3266,3265.0,BNOOK6QGT,clust0
3267,3266.0,K5PYKHSK7,clust0
3268,3267.0,R6G3W05BD,clust0
3269,3268.0,PJ1PMZKCG,clust0
3270,3269.0,5MROBRYMU,clust0
3271,3270.0,A9D8K3P9O,clust0
3272,3271.0,8WYV44HVQ,clust0
3273,3272.0,RTAM4EG9S,clust0
3274,3273.0,N1WEK9H71,clust0
3275,3274.0,K1MBWILKR,clust0
3276,3275.0,2CXRAOMMR,clust0
3277,3276.0,D8QAFWQOD,clust0
3278,3277.0,2JIU81QBO,clust0
3279,3278.0,W0IY378IE,clust0
3280,3279.0,PSVL9IGP4,clust0
3281,3280.0,LBXY2XIQG,clust0
3282,3281.0,68VVPRF5O,clust0
3283,3282.0,LJ3POS60G,clust0
3284,3283.0,914Y0S91B,clust0
3285,3284.0,GLRGWFBWL,clust0
3286,3285.0,4JXE6A4NR,clust0
3287,3286.0,GXDRJ4TRK,clust0
3288,3287.0,EC8NO2K6T,clust0
3289,3288.0,LEQ02URM2,clust0
3290,3289.0,GAWBPSFFD,clust0
3291,3290.0,93QRG8MC3,clust0
3292,3291.0,YRBTIVKDS,clust0
3293,3292.0,SHF4EBY5K,clust0
3294,3293.0,YQSX2SZ4A,clust0
3295,3294.0,WPP9ZOG5E,clust0
3296,3295.0,CQ5MRTVRC,clust0
3297,3296.0,4NFGG35RI,clust0
3298,3297.0,2RA8MCQPG,clust0
3299,3298.0,H3BSKLPG3,clust0
3300,3299.0,W962SS9B7,clust0
3301,3300.0,SZT4TDQDU,clust0
3302,3301.0,3FTBUMIFB,clust0
3303,3302.0,20CKF3ZWL,clust0
3304,3303.0,S1MK0KQ5O,clust0
3305,3304.0,JK4AAAKB3,clust0
3306,3305.0,B6QVWTDA9,clust0
3307,3306.0,1UHQXTIZH,clust0
3308,3307.0,3GRGFIRRE,clust0
3309,3308.0,NCSKL2DYQ,clust0
3310,3309.0,V7NKL671S,clust0
3311,3310.0,Y95FQN0II,clust0
3312,3311.0,R2XGPA6X9,clust0
3313,3312.0,HIX8J8CW5,clust0
3314,3313.0,N7XPCVVBV,clust0
3315,3314.0,OQNZ7MT3K,clust0
3316,3315.0,HU5LTUPUB,clust0
3317,3316.0,J5MY1UZCZ,clust0
3318,3317.0,TH749UJX1,clust0
3319,3318.0,1GCK8TU9H,clust0
3320,3319.0,XO2IP210Q,clust0
3321,3320.0,1WUGH0AHU,clust0
3322,3321.0,VK0D7KPVG,clust0
3323,3322.0,9T5KNHU4E,clust0
3324,3323.0,XISFL3YUG,clust0
3325,3324.0,ND16QJ4X3,clust0
3326,3325.0,RW533BDLF,clust0
3327,3326.0,63POERV3P,clust0
3328,3327.0,P2X3RW4FP,clust0
3329,3328.0,CXMGWAJYV,clust0
3330,3329.0,CMVG1CP88,clust0
3331,3330.0,0P09TUI04,clust0
3332,3331.0,4BJMEMKZK,clust0
3333,3332.0,M22UJGYIL,clust0
3334,3333.0,YV94FB1QZ,clust0
3335,3334.0,AGQEHUNRX,clust0
3336,3335.0,ADMGIKK1Z,clust0
3337,3336.0,O4UQAQWKH,clust0
3338,3337.0,66BZIVHMQ,clust0
3339,3338.0,W1VNSW6KX,clust0
3340,3339.0,LFZF5Q57M,clust0
3341,3340.0,8U6UQDQIY,clust0
3342,3341.0,CY6V88Q8U,clust0
3343,3342.0,ILFD302RC,clust0
3344,3343.0,AZXLPGDE6,clust0
3345,3344.0,B3O94VEPH,clust0
3346,3345.0,QPW71MW7T,clust0
3347,3346.0,S112UXT5G,clust0
3348,3347.0,M3K3G0HHX,clust0
3349,3348.0,OR8882JPW,clust0
3350,3349.0,LDN37CDIQ,clust0
3351,3350.0,OSVG1CERG,clust0
3352,3351.0,2AV2BWNYL,clust0
3353,3352.0,RDCR8K03W,clust0
3354,3353.0,M9FLOWVQ1,clust0
3355,3354.0,Q6J70EUF3,clust0
3356,3355.0,W4EFPUG6F,clust0
3357,3356.0,960H3ORVN,clust0
3358,3357.0,VAHRUDUJ6,clust0
3359,3358.0,YAGWP5YJB,clust0
3360,3359.0,NGBS4GB0H,clust0
3361,3360.0,OE8J8D5YU,clust0
3362,3361.0,4V329RJJQ,clust0
3363,3362.0,HFCIK3UXG,clust0
3364,3363.0,JUX1BZ6HY,clust0
