id,xxx,prediction
0,0002Y95AH,clust2
1,00BDGD39O,clust0
2,00BXY8FC6,clust7
3,00GQL2IWT,clust19
4,00W2KCFX9,clust5
5,013OZL4P3,clust12
6,01E274Y0C,clust0
7,01FAGPAVL,clust19
8,01FTWI84P,clust2
9,01KIIEDQ4,clust5
10,0212RYAIQ,clust14
11,025YVX9E3,clust3
12,02FQNTE3S,clust4
13,02OX8CTN4,clust3
14,02VMSMWWO,clust11
15,02WR4P2HP,clust5
16,033YI3EMM,clust17
17,035U113G4,clust11
18,03EH72R04,clust14
19,03G16D644,clust4
20,03MV7X1A1,clust3
21,03Q63121B,clust5
22,03QSLVBGH,clust5
23,03Y5F68G5,clust9
24,047Y7M1EV,clust1
25,049V7UIY2,clust1
26,04AO5B0HC,clust7
27,04KORE5KO,clust18
28,04LVQB4SB,clust19
29,04RKDX7KB,clust19
30,04TU8Y9B4,clust1
31,052GR2FXM,clust5
32,05D56B3VI,clust16
33,05H1CXWXY,clust4
34,05I5R7P0W,clust11
35,05JUOSEAW,clust18
36,06172T8B9,clust19
37,067DQOPQJ,clust4
38,06UKJIB8G,clust5
39,06YLV2BHR,clust14
40,06Z0VO4C6,clust4
41,070XGGSQP,clust19
42,071V1TRQI,clust9
43,077VF9NZW,clust7
44,07I8WO1U7,clust18
45,07LPY66PG,clust7
46,07RMNYRLE,clust17
47,07UF0TAS2,clust11
48,0839WXTGC,clust12
49,086T4T767,clust9
50,08A783IV2,clust8
51,08IMUE053,clust15
52,08J9GGNRN,clust5
53,08QDT69TM,clust15
54,08YCOXAZC,clust5
55,090C5L33C,clust1
56,09D3KAAT7,clust10
57,09L7SK2RK,clust19
58,09QX9VZX2,clust11
59,09R74BR8Q,clust16
60,09U5W8BJA,clust18
61,0A5GU73ZB,clust11
62,0A6A0GGT8,clust0
63,0AAMUVG2Z,clust4
64,0ADGGSSM7,clust5
65,0AFJEF3L8,clust0
66,0AXF2EU2H,clust3
67,0AXIE6P24,clust5
68,0BE9SB4KQ,clust19
69,0BIH1M3SK,clust7
70,0BU5981M9,clust10
71,0C6XRXYM9,clust0
72,0CBJL4WSW,clust14
73,0CMYC3KAA,clust4
74,0CY1U5TND,clust19
75,0CYTAJCZE,clust5
76,0CZR70GWO,clust5
77,0D45XFKYZ,clust19
78,0D7NR2MXX,clust17
79,0D8FHDU1X,clust11
80,0DAJ0ZPEQ,clust19
81,0DOU35HBV,clust5
82,0DQM40BFD,clust4
83,0DZR4DSBD,clust19
84,0E1U9Y4U8,clust17
85,0EI4YQA59,clust10
86,0EL7ZABGG,clust12
87,0EMUZ2LLC,clust4
88,0ER1U41VH,clust13
89,0EU0UKJHB,clust0
90,0F163X2HB,clust19
91,0F1S5U5BR,clust5
92,0FAZE2ZBU,clust10
93,0FEP2LMS7,clust5
94,0FGWMZ0DQ,clust4
95,0FLFGE0IE,clust4
96,0FN2E66QZ,clust1
97,0FUC8DGN1,clust0
98,0FZ1RSULB,clust14
99,0G4JY1OF0,clust19
100,0GJLYGSTK,clust11
101,0GWA2YJVZ,clust5
102,0H101HQSG,clust11
103,0H5QSEHX7,clust1
104,0HRZX1AT6,clust15
105,0HZTR2M5X,clust1
106,0I0RVPC2P,clust19
107,0ID9P70XJ,clust9
108,0IT9P5CMJ,clust4
109,0ITZRZH6P,clust6
110,0IVA3H6IO,clust7
111,0J93GXNN8,clust17
112,0J9EINGR5,clust11
113,0JBHHO9MW,clust5
114,0JBO8VL80,clust0
115,0JDNZLZNK,clust17
116,0JJDDS05M,clust9
117,0JO4LRY0G,clust5
118,0JPFGP3BK,clust7
119,0K0KSSYUF,clust1
120,0K83581KZ,clust16
121,0KLXPTX6J,clust14
122,0KV8RCJG2,clust14
123,0L5RL97WA,clust9
124,0LHQQVVNL,clust12
125,0LIW8B8J4,clust0
126,0LLAFWHVW,clust14
127,0LNZ2LPIF,clust11
128,0LS88LLHC,clust5
129,0LT0QHH1I,clust14
130,0M303EIJ5,clust5
131,0M4Z8VR87,clust0
132,0M6USF3O1,clust5
133,0MFJV35Y0,clust11
134,0MGE57V11,clust4
135,0MPB576D5,clust5
136,0MV628JET,clust5
137,0N6ZA8Z4S,clust0
138,0N7YH30IP,clust2
139,0NDVS7L41,clust7
140,0NH3MA0WU,clust2
141,0NVVTYVNE,clust3
142,0NXV6C8IP,clust1
143,0NZYD45B7,clust4
144,0O5O6GGAJ,clust4
145,0O7EA3ZP8,clust19
146,0O7MV2VTR,clust10
147,0OCQRFAIG,clust0
148,0OS3PZ12B,clust0
149,0OSM1HDL8,clust0
150,0OZVXPTNR,clust7
151,0P189DM4U,clust4
152,0P90ES792,clust11
153,0PFE6SUBW,clust14
154,0PMO2CUI3,clust4
155,0PQ77I411,clust19
156,0PZCHONHY,clust19
157,0Q9XS7LWS,clust2
158,0QF2QNEFA,clust3
159,0QI7Z0EH6,clust4
160,0QNG3589Y,clust19
161,0QNQZTXYC,clust12
162,0QOOWF8HJ,clust5
163,0QVD9XLDY,clust7
164,0R1888T3A,clust4
165,0R1A9WU4R,clust19
166,0R682XGUB,clust16
167,0R71YWQ50,clust9
168,0R7UHCEN2,clust4
169,0RCZJAI50,clust7
170,0RKI092YF,clust11
171,0RLZAAYGS,clust14
172,0RM8O0Y8I,clust5
173,0RNYAJQNN,clust5
174,0ROFT5TRV,clust2
175,0RTKL6QS7,clust6
176,0RTUUL12N,clust14
177,0RWU18VLB,clust8
178,0RWW6SXY1,clust0
179,0SCOK59VN,clust3
180,0SFOAI3M6,clust0
181,0SGKQZIU9,clust10
182,0SHFUSQMM,clust18
183,0SM2MIWDQ,clust16
184,0T0N0URVG,clust10
185,0TDEODEIA,clust14
186,0TGL7T8BH,clust5
187,0TW4STFH5,clust4
188,0U308SCBJ,clust5
189,0U39H23AW,clust5
190,0UFMLPW3H,clust1
191,0UKJ9EGBE,clust4
192,0UQP9NC96,clust4
193,0V34BUT46,clust18
194,0VA2V430D,clust1
195,0VFJX9A34,clust15
196,0VK2ABF4W,clust2
197,0VMH3LW5V,clust6
198,0VUV9TSMU,clust19
199,0W6A1KPA7,clust4
200,0W9EUMCV5,clust14
201,0WI8PW2E4,clust9
202,0WN2L3R7L,clust8
203,0WW0NJC3C,clust10
204,0X9GYAE6N,clust5
205,0XAE7ASA9,clust2
206,0XC00DH4Y,clust10
207,0XDQFVG2G,clust5
208,0XEVBL9SB,clust4
209,0XG0Q8770,clust5
210,0XL3XJX1I,clust1
211,0XZYBE2S0,clust12
212,0Y13C1GHZ,clust5
213,0Y8BKP7A7,clust11
214,0YAGXTYUR,clust18
215,0YIU9GICF,clust11
216,0YKT3UM5G,clust8
217,0YPKQPTM3,clust2
218,0YY4WDQUK,clust19
219,0ZOWL59E1,clust4
220,101CKI3EG,clust15
221,1072SI687,clust14
222,108KJBEYZ,clust1
223,109HQJ94A,clust5
224,10E1JGL3L,clust2
225,10FELDR84,clust14
226,10I7LK4FP,clust9
227,10MT1UBCJ,clust5
228,10N42IE3V,clust14
229,10VQIJEJT,clust7
230,10WUG1P41,clust9
231,11KP7CD8W,clust19
232,11NTLNTO1,clust14
233,11PM661MN,clust5
234,11RBFH2J3,clust10
235,11VYIYTT8,clust11
236,11XGAY4AV,clust5
237,11Z4H00GP,clust4
238,120FZF8IA,clust18
239,12I4O46L2,clust12
240,12JHF83JY,clust0
241,12SK3JW85,clust4
242,12THWZR2K,clust9
243,12UXCAAPO,clust10
244,12Y71HIS6,clust7
245,133QJ8VEX,clust4
246,139IOFSO4,clust17
247,13IIUMQTT,clust3
248,13JBVK5P5,clust17
249,13MZ0TJN2,clust0
250,13NQBCSKW,clust0
251,13PRCH0XQ,clust1
252,13UAWU8F3,clust14
253,13YVJTMOH,clust0
254,147S1VBRF,clust9
255,1492JGBAL,clust4
256,14ETIGQU5,clust7
257,14IOE5HPD,clust0
258,14QFA11K7,clust11
259,153DQW199,clust16
260,15699T7OA,clust5
261,157F6S0I0,clust11
262,15B97U227,clust7
263,15I2UZAI0,clust18
264,15KHVNMCV,clust18
265,161L3KP3Z,clust5
266,161ZPLI1O,clust16
267,1666HHIU2,clust7
268,16C9R4DID,clust18
269,16J5JUFS9,clust9
270,16T0LG452,clust1
271,16VUQHXCO,clust6
272,17FPTYLO9,clust5
273,17GRHGCIW,clust18
274,17J01OKQ6,clust18
275,17R0NSWT2,clust15
276,17SLVYH9V,clust11
277,17XJKCZ7Z,clust12
278,186KKPRDB,clust4
279,187935NP6,clust16
280,18GHD2QY1,clust5
281,18N75LEHZ,clust9
282,18WGJKNBZ,clust19
283,18Y4QMI46,clust5
284,198K2S3MB,clust12
285,19DGC57A8,clust7
286,19GVS3K3A,clust9
287,19IUIS73A,clust5
288,19L73ILHQ,clust4
289,19MR7ALL1,clust19
290,19QU7QM3U,clust2
291,19V3NOK67,clust7
292,1A0TNU1NX,clust6
293,1A15IOONG,clust10
294,1ABB8347F,clust2
295,1AL1UQFL8,clust4
296,1AMAS1RTX,clust19
297,1ANF1L93Y,clust0
298,1ANS5JBMD,clust14
299,1APX2S9I2,clust17
300,1AWVNOYZ3,clust19
301,1AWYOTJ3N,clust3
302,1AYK9IVER,clust10
303,1AYNFL67U,clust5
304,1B5N2MRKY,clust5
305,1BJ1EZ7T8,clust5
306,1BJM6ITF2,clust15
307,1BP0YN0OZ,clust4
308,1BSY8FP4B,clust4
309,1BWJWYB55,clust5
310,1C0V0VD0F,clust5
311,1C32XQJ7F,clust19
312,1C3TLD1F2,clust2
313,1CEI1GM74,clust6
314,1CELE0GZJ,clust15
315,1CHNMOWRN,clust0
316,1CJSYXLS3,clust6
317,1CKO05BZL,clust10
318,1CXCXSTT8,clust5
319,1CXNRXC7L,clust13
320,1D1SGSACI,clust12
321,1DHGHPMNH,clust2
322,1DJM5CV0X,clust0
323,1DLC7OAWE,clust5
324,1DVE54U76,clust0
325,1DZK7K7RM,clust18
326,1E9YXJ3CB,clust5
327,1EG857RZ3,clust3
328,1EOKY54GA,clust4
329,1EOTL632B,clust18
330,1EU05U736,clust11
331,1EU60KEFE,clust14
332,1F0L8CQS0,clust14
333,1F0SWKNQ2,clust15
334,1F2989C70,clust3
335,1FAYRXAO2,clust1
336,1FE6FKG3M,clust13
337,1FGX3ZCXG,clust12
338,1FLL6GO6X,clust2
339,1FMEA6LGX,clust19
340,1FTOYRJ4T,clust3
341,1FZACIBU6,clust18
342,1FZQN3I6D,clust6
343,1G32QGG8K,clust4
344,1G6MF1KC0,clust7
345,1G8WIR9XP,clust10
346,1GCDQILMN,clust10
347,1GYRQW7CK,clust0
348,1H67GBKGS,clust17
349,1H6D8J7OH,clust4
350,1H72DOOO8,clust0
351,1HCKNR1L7,clust11
352,1HUZL0TKE,clust6
353,1I14ITNP5,clust0
354,1I1FXEH3O,clust12
355,1I4YRUBH4,clust4
356,1IBUYAUJJ,clust11
357,1IDLUJOD3,clust19
358,1IH9KWVLR,clust5
359,1INVTWVUA,clust19
360,1IOCIV4L4,clust18
361,1J8ZCM14E,clust8
362,1JJFYC683,clust12
363,1JQ212VWX,clust4
364,1K0CGTVMK,clust0
365,1K37UECH7,clust19
366,1KD98GP6Z,clust5
367,1KUZ0YKNC,clust5
368,1KVBZQPSL,clust9
369,1KY2FPQF5,clust14
370,1L630UWXI,clust7
371,1LFQFMJWH,clust16
372,1LSPLONAZ,clust14
373,1LSV10QV1,clust14
374,1LUY8XZ02,clust19
375,1LVFQ39TW,clust4
376,1M1MLIMW0,clust19
377,1M57IYYDO,clust9
378,1M763Y9R3,clust6
379,1MCXRYNOV,clust2
380,1MGD343KO,clust10
381,1MR0GU72G,clust5
382,1MSYEA4TQ,clust16
383,1MUP3H6SZ,clust2
384,1N1QBBKMT,clust11
385,1NM0HSALO,clust11
386,1NS791INZ,clust15
387,1NYRR1DOC,clust2
388,1OB486D8D,clust6
389,1OD84TLEF,clust5
390,1OH7IEK8B,clust3
391,1OHSGPPVH,clust6
392,1OQNC6OKI,clust14
393,1OT55PLIY,clust11
394,1OX6O74VX,clust10
395,1P5JNK20F,clust1
396,1P5ZRDELD,clust1
397,1PDPK5WIR,clust15
398,1PIULGNIE,clust12
399,1PUA61GED,clust10
400,1Q4Y9I79G,clust5
401,1Q5NWLHKS,clust6
402,1Q8JQSMB8,clust10
403,1QCGGSKOF,clust2
404,1QCQ489RR,clust12
405,1QR8OJKAV,clust15
406,1QSXHIEGY,clust19
407,1R7IUQQ5Y,clust14
408,1R986EFWJ,clust19
409,1RGY7TMK1,clust7
410,1RITQ45NO,clust14
411,1RIUSFII2,clust12
412,1RK5S4K68,clust4
413,1ROWZ2BGF,clust5
414,1RPHPFLWP,clust4
415,1RPPHV9TQ,clust1
416,1RU52FTNN,clust0
417,1RWRYQHPP,clust15
418,1RXDUHSME,clust8
419,1S2VTGRNX,clust8
420,1S5AYBRXY,clust19
421,1S65SYY4D,clust19
422,1S7X78ON4,clust1
423,1S9F7T7C0,clust8
424,1SATQZB3E,clust16
425,1SGNC90EZ,clust7
426,1SIN20JLV,clust5
427,1SIOAGY9X,clust12
428,1SL96LNEF,clust19
429,1SVKDVM13,clust9
430,1SXIHYTF1,clust5
431,1T9HU6FWP,clust18
432,1TJABCWQN,clust11
433,1TMXBF6MO,clust5
434,1TPCKOKK7,clust8
435,1TXA7PQEZ,clust1
436,1U0HMVSHE,clust10
437,1U2DWQH7H,clust7
438,1UD652CDD,clust1
439,1UKYXMDCA,clust2
440,1UOC987O9,clust7
441,1UT40WACD,clust2
442,1VJ0XNMNJ,clust2
443,1VJM9MKIV,clust1
444,1VQ23KUKQ,clust3
445,1VR332IAA,clust9
446,1VWJF1GWE,clust5
447,1W22ZJ5X2,clust19
448,1W8KY59TQ,clust10
449,1WLZYTRI4,clust2
450,1WU1S4IAQ,clust16
451,1WVHDI3TN,clust7
452,1WVU3UUSG,clust19
453,1X0A4EZSI,clust19
454,1X1NBU0M1,clust9
455,1X1ZYU5IR,clust7
456,1XBNK6TVV,clust14
457,1XFSFZYVX,clust19
458,1XO06SEQZ,clust4
459,1XXS0IZE7,clust19
460,1Y1SAL8SN,clust12
461,1YASQNXL4,clust5
462,1YHFWLGXX,clust7
463,1YTFD7I2S,clust2
464,1YX0SEIAA,clust12
465,1YYKY665Y,clust13
466,1Z31F9OJR,clust7
467,1Z5BJ6EJM,clust0
468,1ZEPR6T8Q,clust9
469,1ZFIR8IDX,clust2
470,1ZW3EYAZJ,clust12
471,1ZXAP8XVD,clust6
472,206FNRM48,clust5
473,207XFAZM6,clust11
474,20IQAB2ZN,clust1
475,20K4CI6BX,clust0
476,20LPWE54H,clust4
477,20OV1UHN9,clust19
478,213PDJBC6,clust9
479,21683Q2HO,clust4
480,217ZQ61FU,clust0
481,21AIQ4IKL,clust18
482,21BP6RSP7,clust5
483,21GFCT16Z,clust5
484,21GH9L1BK,clust16
485,21ITCQ4GC,clust16
486,21N0XSGVZ,clust3
487,21W9C1PFP,clust1
488,21X78XLEX,clust19
489,224WGIMQD,clust4
490,22TFCYISH,clust4
491,23BPNAK6X,clust18
492,23DAA6934,clust17
493,23MRK2NP9,clust1
494,23UTIWCZ1,clust5
495,23ZUE8ED8,clust4
496,245QUHE50,clust1
497,248XTQB6O,clust18
498,24EHRDPXE,clust12
499,24HJLNJEB,clust9
500,24I8SDF4R,clust5
501,24T38262J,clust12
502,24VBY1VYK,clust7
503,25F3L52DQ,clust15
504,25GF4WZKO,clust17
505,25IOXJCDG,clust5
506,25S0VP4D7,clust5
507,26EQCJKDS,clust10
508,26HQ3764Y,clust0
509,27CQQEB9Y,clust8
510,27E7KZ083,clust8
511,27FV30QXS,clust9
512,27H6YP0B9,clust0
513,27MXBHIEJ,clust14
514,27OQ6JKLC,clust5
515,27QRP7XO5,clust14
516,27R00OZZH,clust11
517,27VZ7WIC1,clust10
518,284D7JUQJ,clust5
519,286ZN89MH,clust18
520,28BKK0E8U,clust19
521,28GSBV7AL,clust18
522,28WZS9KOT,clust4
523,297171954,clust18
524,29G16E819,clust4
525,29RBOWGAA,clust8
526,29SIVDFI6,clust19
527,29SZOBW9X,clust19
528,29TVANCJT,clust6
529,29YXK63DE,clust19
530,2A58PI97J,clust11
531,2AOBRCCM4,clust10
532,2ATOWQ8AV,clust11
533,2AWC747I9,clust0
534,2AWE4KB2K,clust15
535,2BP8K7GQO,clust19
536,2BU9QVE2S,clust5
537,2BW1ET99Y,clust5
538,2BW68B67J,clust12
539,2BYALDB05,clust6
540,2C080IN40,clust8
541,2C2XUDJMB,clust5
542,2C5JO3S17,clust19
543,2CGID2M1W,clust14
544,2CHDWLDIP,clust1
545,2COGYRJEU,clust0
546,2CPV9KHLS,clust5
547,2CS634BU3,clust3
548,2CUUK239A,clust5
549,2CV2DMR5O,clust4
550,2CV4W2C3W,clust14
551,2CW3CL4LU,clust16
552,2D0G64Q3B,clust14
553,2DIQTQXLU,clust5
554,2DIXVYHVK,clust4
555,2DN4NB4V9,clust5
556,2DSVU2CLR,clust11
557,2DTNIPZ6I,clust0
558,2DXQFPWXB,clust3
559,2E5G7DDVO,clust14
560,2EMR8QNKV,clust0
561,2EUX9W9DQ,clust2
562,2EYF6P91U,clust11
563,2EZ680JT1,clust17
564,2F001Y5OH,clust15
565,2FEPVIAG2,clust11
566,2FRL86UWN,clust0
567,2FUI53CA0,clust17
568,2G3PAILSU,clust4
569,2G4QMJEHM,clust10
570,2GGE5VN6N,clust4
571,2GM7RW6A8,clust11
572,2HI89HVM8,clust12
573,2HIFUG7AO,clust12
574,2HIKJF0TK,clust18
575,2HJ4LQJRQ,clust12
576,2HPDC91NU,clust19
577,2HVUCI8KU,clust3
578,2HYRB5327,clust16
579,2I0KVI38J,clust17
580,2IBCD7O8E,clust0
581,2ID612VJP,clust8
582,2IIU1Q21U,clust9
583,2IO4ULYTG,clust0
584,2ITFS2CSX,clust16
585,2IVCWCSQG,clust4
586,2IZ5XSTEA,clust5
587,2J5UU8MUI,clust1
588,2J90KCY8K,clust4
589,2JBPF1J89,clust19
590,2JF0OTITK,clust9
591,2JJV5X2NP,clust12
592,2JNOSWHZK,clust1
593,2JORMMYDZ,clust5
594,2JUDLYZ2O,clust1
595,2JWOS3B75,clust3
596,2JZSOOZLT,clust17
597,2K6YJJ3GP,clust5
598,2KOI5ZQYR,clust19
599,2KONNB2JB,clust13
600,2KOX4HGF9,clust4
601,2KSMIA3H2,clust19
602,2KSQNWF0F,clust5
603,2KTBCZ1FL,clust11
604,2KTI9HR2K,clust18
605,2KY8RSJ3P,clust9
606,2L2Y4YRGB,clust1
607,2L5NQ7INV,clust5
608,2LD518R29,clust5
609,2LEOU7JFT,clust10
610,2LHBXTIQ4,clust12
611,2LMZ0EWFR,clust11
612,2LTR1EPAH,clust9
613,2LYVZDRHN,clust1
614,2M2CTUPBO,clust6
615,2M46APUUB,clust12
616,2MD8ENGA6,clust5
617,2MU0Y97E4,clust5
618,2MXRZDNH6,clust3
619,2N2QF24AD,clust8
620,2NC0XTA5T,clust5
621,2NEDNNG6U,clust1
622,2NLQFZP5M,clust15
623,2NO7O7PSL,clust19
624,2NPQI14KI,clust18
625,2NSFBVICU,clust17
626,2NXO5D212,clust18
627,2O1HZQIYS,clust8
628,2O9VV0EP3,clust15
629,2OH40V28Y,clust17
630,2OJPS8LNE,clust9
631,2ON7LNFKS,clust15
632,2ONZOOV6B,clust11
633,2OR5BFLH8,clust19
634,2P9JDSY6O,clust11
635,2PJT9NJ3I,clust11
636,2PT4917ZS,clust5
637,2Q2GHPS59,clust18
638,2Q5EEQ6X7,clust10
639,2Q91CO2O9,clust11
640,2QYD6OR4A,clust10
641,2QZ328WAH,clust5
642,2R93LQDLT,clust5
643,2R983EQI4,clust2
644,2RFAD830U,clust0
645,2RIAACWP0,clust5
646,2RJYBNLL4,clust16
647,2RRABYCJ6,clust9
648,2RU82Z50Z,clust18
649,2RWA2YWVR,clust12
650,2S05PGERC,clust19
651,2S1OV85V9,clust18
652,2S623WU21,clust18
653,2S71KS4XS,clust5
654,2S8UL3VWM,clust11
655,2SCI911D5,clust9
656,2SGAETDA2,clust14
657,2SJ26BEZG,clust19
658,2STL3D9XD,clust5
659,2T4GIUD7E,clust10
660,2T54H0AYK,clust1
661,2T9O7M16J,clust9
662,2TAB2SFS2,clust16
663,2TKGVYX0N,clust2
664,2TRGS1OPL,clust1
665,2TTG8SDRB,clust19
666,2TTPERUMG,clust8
667,2TUMU8NXN,clust11
668,2TZJFJWOZ,clust3
669,2U3DCZD1H,clust7
670,2UGEPFUV2,clust0
671,2UJXVBWEG,clust9
672,2UKKXIUD6,clust7
673,2USTO4YTR,clust10
674,2UT3EYXJB,clust1
675,2UTUJWLCP,clust0
676,2UXC0CDS0,clust3
677,2V7Q7MRY3,clust4
678,2VCW5WP16,clust19
679,2VDGP06N5,clust9
680,2VHQRAFOL,clust7
681,2VRWUV05V,clust18
682,2VS3USI5D,clust18
683,2VWI9QLUY,clust15
684,2VXPUWU83,clust4
685,2W0EE97X5,clust17
686,2W2EN1582,clust5
687,2W2ZVGYVF,clust0
688,2W3QE8IIE,clust18
689,2W7HMRROJ,clust4
690,2W95LPRUU,clust19
691,2WC81S7B2,clust5
692,2WJ6VL4F7,clust7
693,2WWSHU5ZH,clust0
694,2WY1QO23G,clust11
695,2X182N5PS,clust2
696,2X29TZO6T,clust0
697,2X2KJWP9W,clust2
698,2X3XUPO9H,clust2
699,2X6AC9M1F,clust6
700,2XDV01EBG,clust9
701,2XGJZ0N0N,clust18
702,2XP72GDPT,clust0
703,2XUP6WYO3,clust9
704,2XVEOZYMK,clust4
705,2Y5LBYQNU,clust18
706,2YF1ED37F,clust3
707,2YHMXU697,clust5
708,2YMTTAMKZ,clust0
709,2YR4NWRH4,clust16
710,2YTCEXT0O,clust19
711,2Z22X43X7,clust1
712,2Z42TMMMH,clust8
713,2Z9CYUMZY,clust4
714,2ZFBX572E,clust7
715,2ZINWL865,clust11
716,2ZM2TQ1E2,clust5
717,2ZPJ140SH,clust7
718,2ZUHRM97W,clust8
719,2ZXJ3NRXP,clust13
720,2ZYHJODW1,clust8
721,3036M1AVV,clust4
722,3037VVI58,clust6
723,30AFV4TSK,clust14
724,30QIQX1K2,clust14
725,31VJ3864U,clust9
726,323I1FH3L,clust12
727,325XYPFBD,clust2
728,328CXQ8ZV,clust19
729,32J8Q8CED,clust10
730,32OW723T1,clust5
731,335H8QHOA,clust5
732,3365LST5B,clust7
733,3367FIG5H,clust2
734,33AG95LNI,clust4
735,33HL08O79,clust5
736,33SLSA4XA,clust19
737,33VTE5NMY,clust14
738,33Z9EEAAM,clust0
739,3407CLUL1,clust4
740,3438W5EQB,clust16
741,34HS50M7S,clust19
742,34VUAWZIV,clust10
743,34YCOQ769,clust17
744,34ZD8I5WE,clust3
745,35HAAJTAR,clust11
746,35IE9P26R,clust12
747,35LWWW8SU,clust5
748,35SI1CYVE,clust12
749,35XLIQWL4,clust9
750,35YDVZWTR,clust5
751,35ZKAS2EN,clust12
752,362W250OD,clust11
753,3679M8GXH,clust4
754,36FKAL2V1,clust19
755,36NFVAJH1,clust10
756,36OYYG6IX,clust14
757,36QGIKGR2,clust2
758,37O6QJQ81,clust11
759,37SFVD6TU,clust14
760,37W8J0ZHK,clust17
761,382HLYK8G,clust1
762,383SSH9MW,clust0
763,38450SBZQ,clust14
764,3892TU3CN,clust13
765,38DXWMMWH,clust19
766,38EWQ346L,clust5
767,38IB71YYF,clust11
768,38L8YFR6J,clust2
769,38ZA87DAY,clust11
770,396J2EVHF,clust15
771,39BI1CRJX,clust0
772,39CELJSVO,clust15
773,39E5YQ0OL,clust5
774,39JU8JKBR,clust14
775,39R3LAWJA,clust10
776,39W5I4DM6,clust5
777,3A88HXS6E,clust5
778,3A9USKYBY,clust16
779,3AGF7F6KD,clust10
780,3AJ99UV8V,clust17
781,3ANHH79EG,clust9
782,3ANQC5BXL,clust17
783,3AV06A6IX,clust2
784,3AWPBWH8X,clust8
785,3AXHCMSQX,clust9
786,3AYV0I1IP,clust7
787,3BEOXC7K2,clust17
788,3BGP1EYJO,clust5
789,3BK4DH4T3,clust8
790,3BSRZ3T71,clust1
791,3BUDCNTIF,clust17
792,3BXK5FLX7,clust0
793,3BZXAYW0A,clust5
794,3CCMX2EEZ,clust19
795,3CICJCOUP,clust6
796,3CY05IL9R,clust17
797,3D17B0ZJK,clust18
798,3D2EC12MD,clust2
799,3D2KY674D,clust15
800,3D7O2RPP5,clust11
801,3D9Y11FAC,clust4
802,3DENUY1X9,clust5
803,3EE2UTJ7F,clust2
804,3EKBGCC9P,clust0
805,3EKDAI90E,clust11
806,3EPDVA9B4,clust5
807,3EQG75ETZ,clust3
808,3ERV0ER54,clust19
809,3ETVY4THT,clust10
810,3F0TEC09S,clust10
811,3F46P6O5B,clust13
812,3FB8BM3W7,clust11
813,3FEZQBXER,clust9
814,3FOSP3W3X,clust14
815,3FPK4J6PE,clust19
816,3FW6M12KQ,clust4
817,3FWN7TS61,clust18
818,3GCPJH1AW,clust19
819,3GEZCSA7X,clust6
820,3GKKXUA0E,clust7
821,3GMN8Y1QQ,clust4
822,3GQ0F1884,clust18
823,3GUF9YX1U,clust8
824,3H4P58RVR,clust7
825,3HK84R2OQ,clust16
826,3HL17RI60,clust6
827,3HWZ3ASTP,clust18
828,3I6X51QG6,clust14
829,3IBMYIAWH,clust7
830,3IDE6NF3N,clust1
831,3IDK84M9B,clust4
832,3ILY02GD7,clust18
833,3IRF1AEK5,clust19
834,3J1IAV2BS,clust13
835,3J752Q4ZO,clust13
836,3JUP087RN,clust14
837,3K1AQG0H4,clust14
838,3K1MNQZEV,clust14
839,3K4WLK34L,clust0
840,3K9NV78OJ,clust5
841,3KAG5HHED,clust19
842,3KBLN92U5,clust4
843,3KD0RN2SW,clust13
844,3KEUKALMW,clust5
845,3KPEJ7GGH,clust0
846,3KPKTCZH6,clust16
847,3KPQDXNCU,clust7
848,3KXHDIH36,clust3
849,3L5UAW0O7,clust0
850,3LIEAXBXP,clust4
851,3M0B2OV0K,clust17
852,3M2CW3SJ0,clust14
853,3M98PQF64,clust6
854,3M9IO9E2E,clust12
855,3MJRWIL2K,clust4
856,3MYOVSPRE,clust2
857,3N91SHH8G,clust4
858,3N9TL8TVA,clust5
859,3NC6EUDY2,clust15
860,3NHCOA1EE,clust1
861,3NPI0L1EN,clust11
862,3NQUP35B2,clust13
863,3NWL33WY4,clust4
864,3NX72VKD5,clust9
865,3O11LZT41,clust4
866,3O4O9AVL9,clust2
867,3O61J1NLQ,clust6
868,3OJYK2ZGW,clust6
869,3OTNZ7HZF,clust10
870,3OX74P823,clust6
871,3P25X0L17,clust5
872,3P5C567F2,clust9
873,3P69Y5K50,clust8
874,3P6X59BMS,clust19
875,3PFBYN8HC,clust9
876,3PH9GQ42F,clust11
877,3PIJKLHR4,clust1
878,3PNIMN6YA,clust15
879,3PYD8CBA9,clust4
880,3Q3UDHV8Q,clust3
881,3Q6MGU7H6,clust0
882,3QU1VDBDT,clust11
883,3R3EP78P5,clust17
884,3R3N2LS3I,clust5
885,3R51REBQW,clust4
886,3RTNCQKN4,clust16
887,3RUHE1R5V,clust11
888,3RVVIG453,clust17
889,3RZ4SIZUB,clust0
890,3S2FT2SGC,clust5
891,3S3TY3LKW,clust11
892,3S3WJ98QQ,clust2
893,3S5TXU388,clust11
894,3S8RIC74Z,clust5
895,3SBRB8P39,clust7
896,3SBTLILTT,clust0
897,3SM1UQ69Z,clust16
898,3SPV8VS1Y,clust9
899,3ST3ZWD0W,clust0
900,3TBGM47AF,clust5
901,3TDPNMDC8,clust9
902,3TFEIYI8O,clust11
903,3TKWFY8GE,clust9
904,3TUIA2TME,clust5
905,3TV344RET,clust19
906,3TZ705W3C,clust4
907,3U5CRIOOH,clust19
908,3U80OELNN,clust17
909,3U8K1B85Y,clust11
910,3UBLNJZ76,clust2
911,3UFQBUMIX,clust15
912,3UTKHNDYX,clust4
913,3UUQRNDS0,clust4
914,3UYTACY1R,clust17
915,3V1PT8IWT,clust0
916,3VKEK5AHW,clust5
917,3VM7G2Q4W,clust19
918,3VMYAWF8N,clust3
919,3VZX3HO1F,clust4
920,3W0DY561A,clust8
921,3W0V9YZVM,clust0
922,3W5310A6V,clust2
923,3W7WM2IYE,clust19
924,3WBTJIKIA,clust7
925,3WO4M7VI8,clust5
926,3WP26LF7B,clust19
927,3WTTMNIY4,clust8
928,3WWDDKAPA,clust11
929,3WXZTLCGN,clust4
930,3X1NWTXA7,clust5
931,3X7VKHADK,clust0
932,3XBSM666C,clust17
933,3XPVR36KZ,clust7
934,3Y26LBT07,clust14
935,3Y2F8A4ZY,clust14
936,3Y7Y7LZ8O,clust18
937,3YC1MKJ27,clust11
938,3YC8F5Q4K,clust16
939,3YJP3HFUQ,clust3
940,3Z0LFJPDX,clust9
941,3Z1RV3ZJK,clust14
942,3Z6Q03N23,clust4
943,3Z6UJGEWE,clust10
944,3Z706H3PE,clust18
945,3ZCF9Q3UY,clust14
946,3ZCYV2BD9,clust10
947,3ZL68YB0G,clust9
948,3ZP6E0XQU,clust11
949,3ZV57H7HN,clust5
950,40AHTSG1S,clust4
951,40F7OMHBH,clust16
952,40GB34GUI,clust12
953,40N39V93F,clust19
954,4168BSY2J,clust0
955,41EL7BT34,clust2
956,41F9CHBEE,clust15
957,41HXPQTOX,clust15
958,41MMOTP12,clust0
959,41RSON7AT,clust17
960,423BER8KN,clust18
961,429BT0RQL,clust15
962,42AK17G6D,clust16
963,42GHRFV2N,clust1
964,42LKJNP7Y,clust9
965,42NA63K9A,clust18
966,42VEKYVRX,clust1
967,42XVUCNRB,clust18
968,42YA0YGAY,clust18
969,430AJKMMC,clust0
970,431BDKY9N,clust14
971,432NBH9VL,clust5
972,435AI8PRP,clust4
973,437SU5MO9,clust16
974,43KERNDQO,clust0
975,43NBT4BI7,clust5
976,43OBUU6T3,clust9
977,43YWWSRQL,clust6
978,43ZABL1I6,clust10
979,441DXV2FN,clust11
980,4445YNEOP,clust7
981,44UV5QF23,clust14
982,45290ZWOZ,clust11
983,455J2R44E,clust15
984,459SINS1S,clust5
985,45CTIA01I,clust4
986,45EKL1LMQ,clust19
987,45F0J6N8Q,clust4
988,45O9WFB7O,clust11
989,4610NEN68,clust5
990,46M4O096Z,clust10
991,46OXGJWTJ,clust0
992,46WU0T7TE,clust1
993,46YVC9CGW,clust5
994,47LDQM62O,clust9
995,47UTTMK1E,clust12
996,47VHVCOTO,clust19
997,47YIEAMBD,clust16
998,48EMGFHXU,clust8
999,48ERDYJTY,clust13
1000,48RQOOIZB,clust15
1001,48SJC3VVB,clust10
1002,48U97AOOL,clust18
1003,49AC991QI,clust6
1004,49ACDM6FQ,clust9
1005,49BTXJK55,clust3
1006,49R640AHP,clust7
1007,49UVHZEA0,clust19
1008,49X1QLB56,clust19
1009,4AQ77D09R,clust5
1010,4AV6GXO42,clust12
1011,4B9ZE66SA,clust4
1012,4BCAQ7XGK,clust0
1013,4BKRU4DPB,clust5
1014,4BKV1TBG7,clust8
1015,4C4HAD78W,clust18
1016,4C5PLLMU5,clust19
1017,4C94CFPJ7,clust19
1018,4CI48510D,clust4
1019,4CKF4VH2Q,clust1
1020,4COCJSUSN,clust12
1021,4CQ6IG1OC,clust5
1022,4D0TDSMGB,clust14
1023,4D8E8HM2Z,clust5
1024,4DOMBPFP3,clust8
1025,4DUX4YD6R,clust0
1026,4E91RCO6V,clust16
1027,4EP2FUHXN,clust14
1028,4ERAE41I6,clust0
1029,4ETMQ0WV2,clust8
1030,4EXPEJZEZ,clust11
1031,4F19GUJA0,clust5
1032,4F2FNFAL6,clust4
1033,4FDOMYFMY,clust5
1034,4FR6XWR7I,clust19
1035,4FYRRSD2I,clust1
1036,4GCBQQ65E,clust19
1037,4GFLAIQ07,clust14
1038,4GIEV7NHR,clust7
1039,4GLJNIK2Q,clust0
1040,4GM9HNXHQ,clust2
1041,4GQTHGQSG,clust11
1042,4GRJKPU20,clust0
1043,4H7FHNV4Z,clust0
1044,4H98X5M05,clust7
1045,4HJ51T1MW,clust15
1046,4HMRBSY59,clust18
1047,4HSIO6EHS,clust3
1048,4HTEY1AXK,clust5
1049,4HUTFYGR1,clust0
1050,4I0C7OJ7M,clust5
1051,4IHZTTCEE,clust15
1052,4IIWXDCZG,clust7
1053,4IZ061OPU,clust5
1054,4J2VIQL5I,clust1
1055,4JCWG9J9L,clust4
1056,4JKP97DBN,clust16
1057,4JUVVT3T1,clust12
1058,4JV022XHV,clust6
1059,4K2J4UXMR,clust0
1060,4K7NCNXTS,clust6
1061,4KGNR8SJ5,clust9
1062,4KR12DWKR,clust4
1063,4KSHGS2A1,clust5
1064,4KYU9A2XN,clust19
1065,4L7132476,clust15
1066,4L9TU09C8,clust11
1067,4LOSW04VC,clust0
1068,4LOZDCWHT,clust10
1069,4LQZ47PNN,clust6
1070,4M1JD1ZXH,clust19
1071,4M4WNK54U,clust5
1072,4M8H4RW2W,clust6
1073,4M8QVY1WA,clust4
1074,4MAL5N5UE,clust11
1075,4MILKAE4O,clust6
1076,4MV5R0R62,clust3
1077,4MWJK1AXS,clust18
1078,4N6KPX779,clust10
1079,4N86SMHRT,clust16
1080,4N95Q8374,clust10
1081,4NSA7CL8B,clust5
1082,4O08MSQRN,clust14
1083,4ODLM872I,clust19
1084,4ON3ZLWNJ,clust5
1085,4OPLHEW8Z,clust4
1086,4OPQ8FWM4,clust1
1087,4OQXKODF6,clust6
1088,4OSVC88WV,clust4
1089,4OZ7CRUQ7,clust8
1090,4P8FTSZQF,clust10
1091,4PJ1WDE3C,clust14
1092,4PPOPJ940,clust4
1093,4PWZWKGAN,clust2
1094,4PZKSNU2B,clust15
1095,4Q2DL8CBB,clust4
1096,4QIJY8E5U,clust17
1097,4QJTBRHHS,clust11
1098,4QKDBQLLU,clust10
1099,4QLNE60QI,clust0
1100,4QMKXZGJ4,clust5
1101,4QXJTF7I3,clust18
1102,4R1NMCU8C,clust19
1103,4R2R6HCD1,clust15
1104,4RCO9TXW8,clust19
1105,4RGR9DEVQ,clust8
1106,4S0P59029,clust11
1107,4S1FKCZ1Q,clust9
1108,4S3QU35SI,clust5
1109,4S7N0YKVX,clust0
1110,4SKH6KCR2,clust12
1111,4TCKKFPDC,clust14
1112,4TF384OE8,clust3
1113,4TG9EAS4I,clust0
1114,4TK04NHWL,clust11
1115,4TY57C8G2,clust19
1116,4TY5PCM1K,clust18
1117,4U105YIR8,clust1
1118,4U2TVENC9,clust4
1119,4U6ZE7PTT,clust19
1120,4U99167PS,clust11
1121,4UATLZUCY,clust0
1122,4UCZ1ZIEH,clust18
1123,4URQ6UR7E,clust14
1124,4UX84Q5RS,clust14
1125,4V03TEM5D,clust16
1126,4VLBCGI9A,clust10
1127,4VTNKTRGT,clust1
1128,4VZ8SJK18,clust8
1129,4VZOCKGNS,clust16
1130,4W64KG3QK,clust1
1131,4W7RKONJA,clust10
1132,4W8AHYJBI,clust19
1133,4WELJMNVV,clust5
1134,4WEVGMEA5,clust18
1135,4WKBP298H,clust7
1136,4WMJDMO6K,clust17
1137,4WOKJNCH5,clust12
1138,4WSWZ7PPI,clust17
1139,4X0UJ7BY3,clust0
1140,4X6S5IVXW,clust5
1141,4X8T6IA3H,clust1
1142,4XBSHP0I0,clust0
1143,4XL1Y3F3M,clust16
1144,4XO0F9HCK,clust17
1145,4XOQTUWJW,clust5
1146,4XQV9LU7P,clust0
1147,4XSDXWVVG,clust9
1148,4XW19A1QF,clust17
1149,4Y2T3Q6WC,clust19
1150,4Y9BI5PCU,clust9
1151,4YI5NACCM,clust16
1152,4YUWJHI7X,clust16
1153,4YVOI2BRW,clust4
1154,4Z4NGAOOG,clust11
1155,4ZMM0BC2H,clust0
1156,4ZOB7NL5D,clust5
1157,4ZQV1EJI8,clust5
1158,4ZYSW3W53,clust19
1159,5019GSJ6X,clust18
1160,505J6LWAT,clust0
1161,50FNBORI9,clust1
1162,50KPSMUHN,clust10
1163,50VTKZNZ6,clust5
1164,516E3J6W8,clust17
1165,51R07L46J,clust14
1166,51VAT546G,clust18
1167,51W63VVLS,clust5
1168,524VIVJEG,clust5
1169,52BEZWU6R,clust4
1170,52VO6AGQ9,clust19
1171,53223NHNM,clust17
1172,533IDK0G5,clust13
1173,5342KVQSX,clust5
1174,538L79S4S,clust5
1175,539184C62,clust11
1176,53B83TMQU,clust1
1177,53GJDZWT9,clust4
1178,53L29BRT1,clust4
1179,53PSQ8STP,clust16
1180,549DPF8CN,clust5
1181,54G6BUX59,clust16
1182,54UM50FFO,clust19
1183,54W3F9NES,clust0
1184,54XIYOOC8,clust11
1185,555EE1P21,clust4
1186,556NPTCLB,clust4
1187,55BWNNUQ4,clust15
1188,55FLPQZ4U,clust4
1189,55XXPBML9,clust2
1190,562E55MMI,clust1
1191,568B3IB3C,clust1
1192,56A7IBAWK,clust13
1193,56CVE263I,clust9
1194,56KGP0ZZH,clust11
1195,56LN3FU8L,clust10
1196,56TH5TCNA,clust6
1197,56V59CSIB,clust7
1198,56VSQN4H0,clust11
1199,56W97CVAK,clust14
1200,572CC8PRN,clust5
1201,57354G4M4,clust7
1202,5785BZUV3,clust14
1203,5786UGT1R,clust1
1204,57SJPO9WG,clust1
1205,58GKO5U0Q,clust18
1206,58JVGPCBB,clust1
1207,595BO8QMF,clust0
1208,59AMLHG59,clust5
1209,59CA1YNW1,clust7
1210,59H8L15DX,clust18
1211,59K54OLIX,clust18
1212,59NUF1TGJ,clust18
1213,59OYSYNWL,clust10
1214,59VW5SIPT,clust11
1215,59ZKUR3XD,clust12
1216,5A1KN1SZX,clust5
1217,5A8QDWA43,clust10
1218,5AE88YLVM,clust19
1219,5AFCJTI7Y,clust0
1220,5AGV6C34V,clust1
1221,5APZQI353,clust5
1222,5ASRUXIZF,clust6
1223,5AV5NB7KG,clust10
1224,5AWR2YF75,clust8
1225,5B7KSOKCA,clust5
1226,5BCPB1HQ8,clust17
1227,5BCQ4PSYA,clust5
1228,5BDBUB09X,clust1
1229,5BRB1ZIWE,clust10
1230,5C3QF4NKF,clust15
1231,5C6U44G5U,clust17
1232,5CA22GO6L,clust1
1233,5CFEICMVH,clust17
1234,5CJ1NHJWF,clust10
1235,5CTG5PFLN,clust8
1236,5CYKX8MVG,clust19
1237,5D3X2GJK3,clust2
1238,5D8Y9HBVE,clust10
1239,5DK4Z6V1L,clust12
1240,5DSM7ZTLH,clust16
1241,5E0PIPGET,clust16
1242,5EBG335XA,clust1
1243,5EKCHOIOS,clust11
1244,5EMMSJ0JI,clust9
1245,5EU0NL2BT,clust5
1246,5F61PVIVO,clust15
1247,5F9NXCYGF,clust8
1248,5FA28D2OS,clust3
1249,5FBPNSUZT,clust9
1250,5FC069Q7F,clust15
1251,5FKMEONDL,clust0
1252,5FTHKPZCP,clust5
1253,5FU804E3U,clust1
1254,5FVTEV8R7,clust0
1255,5FY83PZWT,clust1
1256,5G2NVO4DN,clust16
1257,5G7FVKSZY,clust19
1258,5G7HJVIPB,clust0
1259,5GBNBZR14,clust19
1260,5GKDK7VZS,clust5
1261,5GLXYKY1Y,clust17
1262,5GQ8O03QE,clust3
1263,5GRRTEP8C,clust18
1264,5GSO3AR3T,clust10
1265,5GZKMQMD1,clust0
1266,5H4M3XZ5N,clust6
1267,5HD11QYOS,clust18
1268,5I01X753K,clust14
1269,5IBF84QQU,clust19
1270,5IIP3E541,clust5
1271,5IJ9H5TQ7,clust12
1272,5IJSCHJZO,clust5
1273,5INAJHDOK,clust16
1274,5J916WLPK,clust6
1275,5JGAQYJIO,clust3
1276,5JNON13Q3,clust11
1277,5JSZ2DQ0S,clust5
1278,5JXCWO4YQ,clust18
1279,5K03YC3SK,clust19
1280,5KAZ24R2G,clust16
1281,5KBFQQQ7P,clust11
1282,5KFX4YO5G,clust7
1283,5KIP2E3AR,clust18
1284,5KJ4GMRC3,clust17
1285,5KVXJJ2IO,clust5
1286,5LAVLJE4S,clust5
1287,5LHLNCHM1,clust11
1288,5LI4QNWSS,clust19
1289,5LLVRT1ZP,clust7
1290,5LQZ5G6YL,clust19
1291,5LYFPXCGC,clust10
1292,5LZQFXUR7,clust15
1293,5M4J2FDL6,clust10
1294,5M5YDEFQ9,clust16
1295,5MEXXZIT4,clust11
1296,5MMFT4KOO,clust5
1297,5MQEO3L4O,clust0
1298,5N49K824P,clust6
1299,5NAXGHO31,clust15
1300,5NDVJ4IT1,clust11
1301,5NH86XR2G,clust2
1302,5NOSF3J5M,clust9
1303,5NQ5RO76Y,clust0
1304,5O36DGL80,clust14
1305,5O3IY423E,clust15
1306,5O58BB1M7,clust16
1307,5OS5KSF28,clust0
1308,5OTGDTEKV,clust8
1309,5OZ1EGLTA,clust11
1310,5P83FJ8SO,clust19
1311,5PIM6UKA8,clust5
1312,5PUWJ5W5F,clust19
1313,5Q1IBK20J,clust5
1314,5Q4XEAU9Z,clust17
1315,5QEKG2SMP,clust6
1316,5QGV593YM,clust12
1317,5QNUK4CO7,clust4
1318,5QVTBH7VA,clust15
1319,5QX1JD1YR,clust10
1320,5QXF88X3T,clust18
1321,5QXIWPQG9,clust16
1322,5RATUCU8V,clust7
1323,5RECSYQ0M,clust10
1324,5RIFXNL2U,clust14
1325,5RJGXQMAQ,clust10
1326,5RKT85YL5,clust8
1327,5ROV9MRPT,clust17
1328,5RR0SJX4U,clust5
1329,5RU3UKLFH,clust16
1330,5RU9KDP2J,clust9
1331,5SC6LGC06,clust5
1332,5SL7Z0B07,clust14
1333,5ST2H8SDY,clust3
1334,5TCJYHG9L,clust15
1335,5THORAA01,clust3
1336,5TSF4OTB4,clust13
1337,5TXYMEJ9Y,clust18
1338,5U19XUQ3U,clust5
1339,5U38JH69Z,clust10
1340,5UMXMQ2P6,clust18
1341,5UWA11U36,clust0
1342,5V77LZNAJ,clust5
1343,5V9UG6QGA,clust4
1344,5VEVUJPYI,clust3
1345,5VHQ22XHT,clust10
1346,5VJ9AZUKT,clust5
1347,5VPGK5TF1,clust8
1348,5VPH4QM2C,clust15
1349,5VXWPQOB6,clust0
1350,5W3IEXO3E,clust5
1351,5W8P86VSD,clust8
1352,5WDJBSR1Z,clust15
1353,5WI6268PU,clust18
1354,5WNOEKUW5,clust0
1355,5WOZ1WIYO,clust15
1356,5X1R60B7L,clust0
1357,5X711PF5M,clust5
1358,5XABS83EV,clust5
1359,5XDF8RN5V,clust5
1360,5XF7L32NQ,clust11
1361,5XVP8PIYP,clust6
1362,5XWOU24J7,clust4
1363,5Y0I70FEQ,clust3
1364,5Y2EPMXNF,clust18
1365,5YBZA4HRP,clust16
1366,5YET3H6LQ,clust6
1367,5YGCAFUVI,clust11
1368,5ZFUNUIEY,clust11
1369,5ZJC4EIJW,clust11
1370,5ZOYLUVWZ,clust7
1371,5ZXWIA2AV,clust4
1372,5ZZ4G3I4F,clust13
1373,600DTXOMH,clust11
1374,601L4LO6E,clust17
1375,605TLE53J,clust10
1376,60896YQ6J,clust18
1377,60RQ389EA,clust14
1378,611CV59CW,clust2
1379,617Q9M568,clust12
1380,61B3XA3T1,clust15
1381,61BVGYG4S,clust1
1382,61CKSD4IX,clust2
1383,61JD021OM,clust4
1384,61KT5KJ1J,clust12
1385,61LEIFL06,clust5
1386,61MDSS8EU,clust12
1387,61SDREUCG,clust1
1388,61T9C5V0M,clust10
1389,625ZY1LE1,clust19
1390,62DG8DID4,clust9
1391,62SNBHPEM,clust1
1392,62T0I5P37,clust10
1393,62Z9G5ZQH,clust17
1394,634ICTWF0,clust13
1395,6395TKO95,clust8
1396,63I03JS52,clust10
1397,63MEY094A,clust19
1398,63PQY7JP4,clust4
1399,649LX9985,clust19
1400,64KFGDQJT,clust2
1401,64LVG5L0K,clust5
1402,64WEKVNCL,clust3
1403,655GJ37T8,clust1
1404,659C9ZUW7,clust14
1405,65DZND9UJ,clust6
1406,65GE28YYY,clust19
1407,65JKZ3HK3,clust19
1408,65KIR7JZD,clust5
1409,65MGS4H1M,clust16
1410,65OQ66LPB,clust7
1411,66HXN8C4C,clust5
1412,66OXX33VD,clust12
1413,66PMLRZN6,clust9
1414,66X6K6G9M,clust11
1415,67ARXYI66,clust10
1416,67KX8REO7,clust0
1417,67MQ5DLE0,clust0
1418,67N83M500,clust10
1419,67QNL0OB8,clust15
1420,67WIQHU4N,clust5
1421,6846WXSS8,clust8
1422,684OARK5N,clust4
1423,68BJCLM2Z,clust4
1424,68K6XFPDV,clust2
1425,68QE8WTX9,clust18
1426,693HPR3I0,clust4
1427,694YUJJCV,clust8
1428,69KVOLBQ1,clust17
1429,69S5QM9LR,clust9
1430,69SDL7260,clust19
1431,69TFE95NR,clust6
1432,69V64YYKO,clust19
1433,69Z1BRR1M,clust1
1434,6A2CGBJPS,clust11
1435,6ARDWWYYC,clust1
1436,6ASBWKX50,clust11
1437,6ATMORZOZ,clust8
1438,6AVX7FD72,clust4
1439,6B2E75ARX,clust16
1440,6B5EBF864,clust8
1441,6BCAMI0ES,clust2
1442,6BM45VP3D,clust16
1443,6BWMEWF7L,clust19
1444,6C95K4FWR,clust19
1445,6CA9I6HQH,clust17
1446,6CFE0UUKN,clust8
1447,6CKTF7YFQ,clust9
1448,6CV27NZD6,clust6
1449,6D0HQY5W9,clust16
1450,6D0QZVAM4,clust18
1451,6D8LFA8BC,clust14
1452,6DE2X8L7H,clust15
1453,6DFHJSVNW,clust4
1454,6DNNPDL9J,clust1
1455,6DQHLR7S5,clust8
1456,6DSKL2UHB,clust18
1457,6E00JGMH4,clust14
1458,6E7SLMTSD,clust8
1459,6EGMUZA2A,clust1
1460,6EGYGRT1N,clust6
1461,6EI3UVLG5,clust1
1462,6F4XDSLVC,clust11
1463,6F6QJO813,clust4
1464,6F97P0KSX,clust5
1465,6F9R7RQVD,clust5
1466,6FCOXMCS2,clust4
1467,6FERBNRGD,clust9
1468,6FTHRNJ6O,clust6
1469,6FWONT6R9,clust4
1470,6G1MO5U12,clust2
1471,6GC0E2RN7,clust8
1472,6GI0KH7JM,clust19
1473,6GLI74X04,clust0
1474,6GNMT9F17,clust10
1475,6GSXCJ28M,clust19
1476,6GTXVW8P2,clust9
1477,6GZR8ZJBE,clust3
1478,6HC0V9YE3,clust16
1479,6HM521N2D,clust1
1480,6I0MCPWDZ,clust8
1481,6IHR3UHK3,clust18
1482,6IIUUUCYL,clust5
1483,6IQLPBCBB,clust7
1484,6J25A6QN5,clust4
1485,6J7ASIX6Q,clust19
1486,6J916W8J7,clust9
1487,6JI2AUIL4,clust19
1488,6JMINJUIR,clust16
1489,6JNLNTQIH,clust5
1490,6JO7YL8F7,clust11
1491,6JTDPKIBL,clust11
1492,6K61YWWB7,clust3
1493,6KGS7Q4YY,clust16
1494,6KHGSVADF,clust10
1495,6KJY38H8A,clust14
1496,6KXNYXSXB,clust19
1497,6L6L61J07,clust9
1498,6LAOATHLN,clust12
1499,6LCYBOALX,clust1
1500,6LZ04FS6I,clust4
1501,6M70VBZMF,clust17
1502,6MH7NWT5B,clust19
1503,6MIYHKTCA,clust17
1504,6MO78LZTE,clust5
1505,6MP63BPZW,clust4
1506,6MQ3FHCBB,clust11
1507,6MQODQN6R,clust11
1508,6MS0SNTI7,clust11
1509,6MT80HCM2,clust2
1510,6N0D2UEBI,clust0
1511,6N0JJ15CT,clust12
1512,6NBMPOSP7,clust7
1513,6NC0LEZPM,clust0
1514,6NDNUV60C,clust1
1515,6NECOWA6S,clust11
1516,6NZ2HPA31,clust16
1517,6O6XHY96K,clust16
1518,6ODDPXKOU,clust16
1519,6OSWOQ560,clust5
1520,6P4M9TCND,clust16
1521,6PDQDMF6U,clust19
1522,6PI01NUFI,clust18
1523,6PJKRKHGV,clust0
1524,6POBA89TG,clust5
1525,6Q34RLA6V,clust6
1526,6QEQMJUNM,clust19
1527,6QPGBDETD,clust7
1528,6QQNQTPQC,clust19
1529,6QR0I0G4D,clust2
1530,6QRWXUZV0,clust11
1531,6RUYACXAZ,clust4
1532,6RZ6G5IY8,clust3
1533,6S7D4KRZZ,clust6
1534,6SEMW0KLL,clust19
1535,6SEQIMD40,clust5
1536,6SIK1YD6F,clust0
1537,6SOIRHREG,clust0
1538,6SP4O4HBG,clust5
1539,6SQ9KKB2T,clust13
1540,6SRZUG2XT,clust1
1541,6SSSB2FNR,clust0
1542,6SUYBSQ3O,clust6
1543,6SXV563Z4,clust4
1544,6T71NLHJX,clust19
1545,6TA4B3YPY,clust19
1546,6TALJBK94,clust14
1547,6TBWXK199,clust19
1548,6TC5EA82T,clust0
1549,6TJGL6EQ9,clust11
1550,6TWMFGAF2,clust1
1551,6U362T7E0,clust4
1552,6UG6G5Z6Z,clust5
1553,6UJUUKHEH,clust15
1554,6US5A4SFC,clust2
1555,6UXJC0443,clust5
1556,6V6QZ6RXU,clust6
1557,6VBBT7Y2W,clust7
1558,6VF5DFSHW,clust9
1559,6VNS8ZZ8T,clust16
1560,6VNSEWN77,clust4
1561,6VUM1N9BI,clust19
1562,6W1L55MJ6,clust18
1563,6W280RKVX,clust5
1564,6W4HEN96M,clust16
1565,6WRCOX2NN,clust6
1566,6XA3HL02R,clust4
1567,6XF62RKOH,clust18
1568,6XFF73D4Z,clust8
1569,6XQ0LRWIM,clust8
1570,6XVPXR76R,clust19
1571,6XY9FAJRB,clust19
1572,6Y4UVY1TW,clust14
1573,6Y7DVYGUG,clust14
1574,6YCI09QRP,clust0
1575,6YL3QGAP6,clust18
1576,6YMK6J7D4,clust11
1577,6YR8TEHRL,clust1
1578,6YS75IVAM,clust7
1579,6YW8H47PE,clust15
1580,6YZKGKUYR,clust4
1581,6YZUPSNK8,clust17
1582,6Z5B8186I,clust3
1583,6Z5XKWYWB,clust7
1584,6Z7BDTLZT,clust9
1585,6ZFFRWE5S,clust4
1586,6ZMOKP7SR,clust4
1587,6ZWHSKD9S,clust19
1588,70O27V520,clust8
1589,70WSZ9TE6,clust16
1590,711EW8IE7,clust15
1591,7168IJKU6,clust4
1592,717I4IKAG,clust10
1593,71CQT86TH,clust0
1594,71DZVVWRN,clust0
1595,71DZVXCAB,clust9
1596,71JBIN9NI,clust0
1597,71JZ32UYV,clust5
1598,71O9TKF4D,clust17
1599,71RU4DMBY,clust5
1600,71S4FQMBM,clust0
1601,71XXBKCBH,clust2
1602,722I7N2K2,clust11
1603,729ZSFPSR,clust11
1604,72HOP4LKN,clust4
1605,72S4F6X8G,clust4
1606,72XJTOD3L,clust19
1607,73177O9G3,clust1
1608,734JDQ84Q,clust11
1609,73520SK3K,clust1
1610,736XJIBG3,clust19
1611,73ACTSGTW,clust4
1612,73ENOLP7D,clust3
1613,73ZR27LPI,clust5
1614,747XR2C9F,clust4
1615,748PRRS6C,clust10
1616,74AEEELFL,clust18
1617,74BA6Z4UH,clust0
1618,74UNNM6NE,clust3
1619,74V67ZBQB,clust14
1620,7507EBBS6,clust4
1621,758DYBWOJ,clust5
1622,75C6THI8N,clust4
1623,75D05ZXEQ,clust17
1624,75L0BTHPB,clust16
1625,75MHDWCQH,clust2
1626,75UDTIPK0,clust3
1627,75WRIHZTR,clust8
1628,75ZO46U7J,clust5
1629,764CTF8L3,clust14
1630,76GNIGDNT,clust1
1631,76KFGS06W,clust2
1632,76O3TARW1,clust5
1633,76V074RJD,clust0
1634,76ZLGCKZ2,clust4
1635,773EFD99N,clust1
1636,775QKZ8FA,clust10
1637,77N38HOJF,clust19
1638,77NNOS5ZS,clust18
1639,77P6HT05W,clust14
1640,77WTE6HLY,clust5
1641,7817TMGZP,clust9
1642,78HG8VYKR,clust8
1643,78R27JYSI,clust8
1644,78XN3409T,clust0
1645,790QPXO1A,clust11
1646,79DNSDW2E,clust15
1647,79F57M79I,clust1
1648,79JPLOAPN,clust19
1649,79RJLD7CS,clust9
1650,79TWKZXL7,clust14
1651,79V01J51T,clust0
1652,7A8UJTRY1,clust5
1653,7AO6JM66M,clust0
1654,7APPWDPV2,clust13
1655,7APYORRXV,clust10
1656,7B2EMTB1Z,clust15
1657,7B2PQKGFT,clust5
1658,7BCIPPIXX,clust16
1659,7BFY1SEZU,clust1
1660,7C61HW2MB,clust15
1661,7C7GGCUYJ,clust4
1662,7CV0RQBK6,clust15
1663,7CWK5Y93G,clust12
1664,7CZWW1D66,clust18
1665,7D1Z2MIVO,clust18
1666,7D5Z1WNUJ,clust4
1667,7DQFHB679,clust4
1668,7DSVV7RPX,clust11
1669,7DZ08L6R8,clust3
1670,7E3P7X13I,clust18
1671,7EBWFLX9S,clust4
1672,7EDVZ086N,clust4
1673,7EGYG04CA,clust7
1674,7EIBLDOEG,clust3
1675,7ELZ9SYY4,clust1
1676,7EM2YAO2E,clust3
1677,7EP6VF1PU,clust14
1678,7EQGFFI3F,clust11
1679,7ESU0RLW6,clust5
1680,7ESVASH3U,clust15
1681,7F0SNUV6F,clust4
1682,7F6ACE3T3,clust11
1683,7F75IZ2SP,clust4
1684,7FA9Q6VHE,clust9
1685,7FJ1PZQUF,clust11
1686,7FK7GEGS4,clust3
1687,7FPPLZ8M4,clust5
1688,7FRNDQ03Y,clust4
1689,7FVU7YYQN,clust9
1690,7FWR5FHL6,clust19
1691,7GAPVTE3I,clust5
1692,7GL83SCYK,clust4
1693,7GSZGZCXD,clust10
1694,7H8U1OAC1,clust5
1695,7H9FZAU83,clust0
1696,7HCSF3789,clust15
1697,7HE3MBG1S,clust5
1698,7HOUJ9MUQ,clust11
1699,7HQ1EKGJ3,clust5
1700,7I3WR8MJP,clust10
1701,7IBV4OYWY,clust12
1702,7IIEK305Q,clust5
1703,7IM1AQWTH,clust10
1704,7IP6YMN7Z,clust1
1705,7IQP1DKZ0,clust4
1706,7J7JFQW3A,clust3
1707,7JB0E466T,clust12
1708,7JDHMRPVM,clust8
1709,7JKWZV2CY,clust0
1710,7JYJX8YUS,clust12
1711,7K2423OUL,clust0
1712,7K8TJO9WR,clust7
1713,7KFWAH23N,clust10
1714,7KIP61VGV,clust6
1715,7KVST9NUM,clust19
1716,7L2E0IB4Q,clust11
1717,7L7XGAD6T,clust11
1718,7L9HRKQUS,clust12
1719,7LA4AGESR,clust18
1720,7LDAV488D,clust8
1721,7LDGLIMA7,clust4
1722,7LDUDA7IY,clust19
1723,7LF0NWQ6F,clust3
1724,7LFM80RA4,clust16
1725,7LLUE7PZL,clust19
1726,7ML75TLVM,clust12
1727,7MSCN5J2K,clust18
1728,7N1RKKUWE,clust7
1729,7N502557A,clust0
1730,7N6956U3X,clust7
1731,7N9396AQF,clust2
1732,7NA5KR8U8,clust17
1733,7NLQLIYVN,clust19
1734,7NP531ILM,clust0
1735,7NS5MQXCJ,clust0
1736,7NW2EQL5F,clust19
1737,7O1Z7146X,clust19
1738,7O271R4WZ,clust18
1739,7ODA1UUNR,clust15
1740,7OWF66DHA,clust19
1741,7P5BP31J7,clust12
1742,7PLALSFDH,clust2
1743,7Q22BPU40,clust14
1744,7Q3YY83M9,clust4
1745,7Q5NP463L,clust10
1746,7QPUCWFXY,clust5
1747,7QUW2ELP2,clust14
1748,7QV541RGM,clust4
1749,7QXWRN2OT,clust16
1750,7QYBM357E,clust5
1751,7RE2HA4WC,clust11
1752,7RKB78FH1,clust1
1753,7RO792SRG,clust4
1754,7S7NXCJK4,clust4
1755,7SAM5KZ0J,clust8
1756,7SBGKT2FX,clust1
1757,7SC7AB8RH,clust16
1758,7SLU824MZ,clust4
1759,7SMMAYPES,clust16
1760,7SRFQXZVX,clust19
1761,7T22NNS2B,clust4
1762,7TF7N6ERS,clust2
1763,7TLFA8OEZ,clust6
1764,7TM2AS4SW,clust2
1765,7TQLANJXV,clust0
1766,7TU4P27ZZ,clust10
1767,7TWO6FYX7,clust19
1768,7U3477IHW,clust15
1769,7U63H1Q14,clust0
1770,7U7V93XHX,clust19
1771,7UOT6S8AQ,clust11
1772,7V1ZGT47M,clust19
1773,7V5IXF2P2,clust3
1774,7V6PISEXG,clust16
1775,7V88POXIX,clust18
1776,7VPUXCWVM,clust5
1777,7VVDJ60NR,clust17
1778,7VX549TF4,clust3
1779,7VYB2E1FC,clust11
1780,7W4HUQHXO,clust5
1781,7W6PLDNJF,clust7
1782,7W9UH9KA9,clust15
1783,7WAZDL9SS,clust8
1784,7WEZAH3RW,clust5
1785,7WHLOFOSQ,clust6
1786,7WP7OZ85G,clust11
1787,7WPT05WEI,clust2
1788,7WX3RUG0I,clust7
1789,7X750G2PD,clust2
1790,7XD4WPYI3,clust4
1791,7XEMKB4KQ,clust7
1792,7XQJKVS9U,clust4
1793,7XYB8STQT,clust5
1794,7Y2EEYEGZ,clust15
1795,7Y8LN36EV,clust19
1796,7YEB2KGQN,clust1
1797,7YEKMARYD,clust9
1798,7YTKC0M3K,clust10
1799,7Z0YHCW1W,clust11
1800,7Z2EGYH2G,clust10
1801,7Z4AJXOBS,clust4
1802,7Z68YCYHE,clust17
1803,7ZA0QD1VS,clust4
1804,7ZDLWZNBD,clust10
1805,7ZEMTWVAO,clust4
1806,7ZEWNAVGV,clust12
1807,7ZUK7SKSY,clust18
1808,8044IXTWS,clust19
1809,807GUE3NH,clust9
1810,80B0OA8OU,clust13
1811,80E060TB7,clust8
1812,80K1QEXAE,clust8
1813,80PVA2M70,clust5
1814,80VEZZBDC,clust5
1815,811PJ171I,clust19
1816,814JEFLOG,clust0
1817,81A3VAU04,clust7
1818,8222EEHF5,clust18
1819,824RHU94S,clust5
1820,825EZ1G0Z,clust11
1821,827F0RKBK,clust11
1822,828T3DFSO,clust4
1823,829048JU7,clust11
1824,82C1R5KUR,clust8
1825,82DDGWCQT,clust19
1826,82E263H3C,clust14
1827,82F3XJCF7,clust2
1828,82OV1N6OW,clust5
1829,82QS7HEYO,clust14
1830,82QX8F08J,clust6
1831,82UIQSRWA,clust4
1832,837S18LD6,clust11
1833,83AHX35BJ,clust9
1834,83BWEV4E2,clust6
1835,83HBU9LC1,clust1
1836,83LIYFBBY,clust7
1837,83OSK8BTG,clust12
1838,83RDITC70,clust14
1839,841DSHY92,clust19
1840,844AH4PWD,clust15
1841,84637HFY0,clust18
1842,84GNME5JI,clust10
1843,84IUI5N00,clust4
1844,84JDF9FRM,clust4
1845,84N18JBX8,clust9
1846,84NQIMZI1,clust4
1847,84R1O9X8L,clust3
1848,84ZRWWDKF,clust15
1849,858JLI8ES,clust1
1850,858NJ3RRS,clust2
1851,85Q6RWF1D,clust11
1852,85QYI9MWW,clust14
1853,85UJOAEYW,clust9
1854,861V3CGNC,clust4
1855,8699PFGGU,clust5
1856,86BFDAYF3,clust18
1857,86D5HC4EK,clust5
1858,86DBUQ0UA,clust0
1859,86EJRL8U5,clust4
1860,86K5Y88HU,clust4
1861,86KDM0C0Q,clust16
1862,86MEEJ3KX,clust19
1863,86SLYPS5V,clust5
1864,874T4465U,clust11
1865,879IAYYJE,clust17
1866,87LKO6L47,clust4
1867,87RC9T7NU,clust19
1868,87W6X19VR,clust5
1869,880K5EH7D,clust19
1870,8900D8KWO,clust5
1871,893YZOPUW,clust11
1872,89G6BRLJY,clust11
1873,89HLBKNQ1,clust5
1874,89HZ7NLI0,clust19
1875,89IDALGRP,clust17
1876,89OSK6S63,clust4
1877,89PW7OL6R,clust10
1878,89SE4XTWV,clust2
1879,89TG3RQ6M,clust0
1880,89ULSNOPG,clust11
1881,8AG1A490D,clust16
1882,8AL9XE8CZ,clust11
1883,8B0SL0FUW,clust18
1884,8B2CWRY2Y,clust1
1885,8B77X84IY,clust4
1886,8BBPF6Y10,clust18
1887,8BJU62ZEH,clust14
1888,8BPNCN3HO,clust14
1889,8BW5J6P0W,clust3
1890,8C5UXGU17,clust3
1891,8C64ENIOG,clust3
1892,8COIYEP5V,clust8
1893,8CUQSBBFI,clust1
1894,8D3697EZA,clust16
1895,8D6OSSGX0,clust5
1896,8DA3Z5SJ5,clust5
1897,8DC2IJ4W2,clust18
1898,8DRI5SBI8,clust0
1899,8E61T14OI,clust0
1900,8EPLY5HH4,clust1
1901,8EY3BFQLR,clust1
1902,8F84R18QG,clust5
1903,8FAA0TENF,clust4
1904,8FDJD3X19,clust9
1905,8FFJFB180,clust3
1906,8FHV4OP9M,clust9
1907,8FQ5CCQJE,clust14
1908,8FU99D1EJ,clust17
1909,8GDBJON86,clust17
1910,8GDHYH2BM,clust14
1911,8GEQX56RY,clust14
1912,8GFRE5PEG,clust10
1913,8GNDRSF49,clust6
1914,8GULA9L3B,clust7
1915,8GWJBZZ44,clust17
1916,8GXS4H7BX,clust0
1917,8H177NFRQ,clust5
1918,8H31CQY09,clust19
1919,8HBGW65LP,clust5
1920,8HCSUMC47,clust0
1921,8HHMWSSR0,clust11
1922,8HREVMQFJ,clust7
1923,8HSN1D1EU,clust17
1924,8HUXO159M,clust15
1925,8I6DUA6OZ,clust7
1926,8I9Q07696,clust18
1927,8IR37ZA62,clust19
1928,8IWAFFD8E,clust7
1929,8J03DUWNR,clust18
1930,8J2I1AUYX,clust19
1931,8JD7SVTV9,clust13
1932,8JDXEOLRN,clust0
1933,8JKBKBG2W,clust12
1934,8JPKM9L94,clust1
1935,8JQW270BB,clust5
1936,8JU010HLS,clust7
1937,8JY7F7N85,clust5
1938,8JYNBORHD,clust6
1939,8JZHGDQBN,clust10
1940,8K2V0GDU1,clust11
1941,8K5BSML37,clust14
1942,8KDG6RWDA,clust8
1943,8KDSF988D,clust5
1944,8KF8JNRNW,clust4
1945,8KFBL9A0G,clust9
1946,8L16CF1PH,clust8
1947,8L2SDBSJX,clust5
1948,8L94VNKAR,clust12
1949,8LDQ6B1IP,clust4
1950,8LH1AW8S8,clust9
1951,8LJEE8IQ6,clust14
1952,8LPWMAEN1,clust5
1953,8LQ2KC1XJ,clust17
1954,8LYF7E5E7,clust19
1955,8M3AR8QWU,clust5
1956,8M6R7CN1E,clust3
1957,8M89BSJBU,clust6
1958,8MBDHE2CT,clust17
1959,8MGCJFIPD,clust5
1960,8MHBEOWL3,clust4
1961,8MUQLXT4K,clust5
1962,8MUWAOOG1,clust4
1963,8MYWUIIYL,clust9
1964,8N0HYD78B,clust12
1965,8N7TC1XD2,clust8
1966,8N9JJB9DJ,clust9
1967,8N9N8IW59,clust4
1968,8NG11APJF,clust14
1969,8NO1I497R,clust10
1970,8NWEXPLYF,clust7
1971,8OGJZ1QBK,clust13
1972,8OKR0BNTK,clust16
1973,8OKRLRRY7,clust10
1974,8OMK2VYZN,clust13
1975,8OP998L25,clust0
1976,8OTDFEAXI,clust19
1977,8P199ZQMY,clust11
1978,8P3Y9OP70,clust5
1979,8P8NFG69D,clust9
1980,8PA2ABTRE,clust11
1981,8PBHVWA0A,clust4
1982,8PUHMI3PV,clust19
1983,8PVJU7C3P,clust12
1984,8PYRB3LZW,clust16
1985,8QFXA2TYJ,clust12
1986,8QOD7P357,clust14
1987,8QQ3LDLKE,clust11
1988,8QQ6UP771,clust17
1989,8QQNNFDKT,clust8
1990,8QRYCA9XY,clust9
1991,8R6TFS7BX,clust4
1992,8R9W48ZGT,clust1
1993,8RHDSSPT7,clust7
1994,8RQMGYMQ9,clust7
1995,8RYJAKPE5,clust11
1996,8S3MRJPP4,clust2
1997,8S5CHENYR,clust19
1998,8S5EGQCTL,clust18
1999,8SH9PTVEZ,clust4
2000,8SIB1DTCN,clust5
2001,8SXOMW9NC,clust10
2002,8SZYJ1NRP,clust1
2003,8TD4G12XD,clust8
2004,8THY7R84B,clust4
2005,8TPS058DK,clust7
2006,8TZQNGP0K,clust5
2007,8UOTZ0348,clust5
2008,8URHDTLBL,clust9
2009,8UUDIBOVB,clust0
2010,8UZFFD39C,clust10
2011,8VCR7K0QU,clust19
2012,8VIPBLBSY,clust9
2013,8VK9YZKED,clust10
2014,8VR2O6BIO,clust16
2015,8VSAJN0HR,clust11
2016,8VUS32YPJ,clust9
2017,8VVUFT65C,clust3
2018,8VYALAS5E,clust5
2019,8VZ7LBVVZ,clust14
2020,8W1503890,clust11
2021,8W233X2TX,clust19
2022,8W445WTX2,clust4
2023,8W4HB2JBE,clust9
2024,8WBYJUVVC,clust8
2025,8WDWOSQKX,clust0
2026,8WG7IJ36S,clust11
2027,8WGRIF5HM,clust12
2028,8WJFQ2A6U,clust12
2029,8WMF532SB,clust16
2030,8WQE6ONT2,clust5
2031,8WSAG7J3K,clust3
2032,8WSC4J6QA,clust10
2033,8WU4KZS3E,clust11
2034,8WXUW6KP5,clust7
2035,8X5L4IV8O,clust5
2036,8X9E84UWW,clust11
2037,8XU9IPLLR,clust16
2038,8Y8HODRJE,clust19
2039,8Y91OVC6S,clust12
2040,8YHE3WR0E,clust5
2041,8ZDA99ETB,clust7
2042,8ZFT4YR5O,clust11
2043,8ZFTD3IUI,clust19
2044,8ZIM9PS1R,clust18
2045,8ZK0QWDAS,clust0
2046,8ZSI327BQ,clust14
2047,905ZV8KU1,clust0
2048,90IQSD64M,clust4
2049,90MNEULTJ,clust15
2050,90YC2DOHV,clust2
2051,916OC3CR1,clust19
2052,91D2WIINT,clust11
2053,91J7KFFKK,clust14
2054,91LCQYAS5,clust4
2055,91OAOCJGJ,clust5
2056,91PRKWH7O,clust6
2057,91VO2O96Y,clust12
2058,91YE1666S,clust12
2059,9271HN3CU,clust10
2060,927GI2IPS,clust18
2061,9291Q3VOH,clust14
2062,9297HJUPT,clust2
2063,92Q3XXPO4,clust5
2064,92XBD7HFB,clust18
2065,934L5E2PS,clust4
2066,93KXR339K,clust11
2067,93OYZR0A3,clust12
2068,93RTLHJT6,clust4
2069,93XLN8ZBV,clust0
2070,93Y5DCD0P,clust17
2071,93Z1TCF7Z,clust5
2072,941EHCZZ9,clust5
2073,9459GPYFN,clust6
2074,945P04HBI,clust8
2075,946MQZ5GU,clust12
2076,947GGXJFC,clust18
2077,949ERR8XH,clust2
2078,94A7D6ZA5,clust11
2079,94GJ0QODA,clust11
2080,94HINN2HC,clust5
2081,94O1TR4LU,clust8
2082,94O5TWIUY,clust4
2083,94QZMS9MZ,clust0
2084,94TP8THMA,clust4
2085,959K2QGJ8,clust14
2086,95AQEG0V2,clust16
2087,95H9QGBRY,clust6
2088,95PX1THF8,clust7
2089,960ASXXTB,clust2
2090,9623KCRY5,clust16
2091,966V99W53,clust10
2092,967AMVFF5,clust7
2093,969HE354H,clust12
2094,96B2BT2XR,clust17
2095,96B49XN2M,clust18
2096,96EQSO380,clust8
2097,96JDXQQFD,clust19
2098,96U68I7IK,clust1
2099,96VHQRFFT,clust18
2100,96WM1AP7N,clust17
2101,972V67RT9,clust16
2102,97D4L5QK8,clust1
2103,97LH2HAD9,clust14
2104,97N74P42M,clust15
2105,988MFNZJV,clust5
2106,98A3DZ4CP,clust18
2107,98F0F64K3,clust5
2108,98HIJCKLU,clust5
2109,98IIXQLKR,clust0
2110,98KBIYRLA,clust17
2111,98NBRYUCS,clust13
2112,999Y5FF10,clust4
2113,99AH480FA,clust1
2114,99BQBUYUL,clust19
2115,99W0A7YT5,clust19
2116,99XR2PI3O,clust9
2117,9A1I39IZ6,clust8
2118,9A1Y38ANC,clust19
2119,9A55FRIA0,clust9
2120,9A8KN7SEQ,clust6
2121,9ADV154WL,clust8
2122,9AHIYKF8M,clust19
2123,9AIAM97BE,clust9
2124,9ANC1MR2R,clust1
2125,9BEUOOGOD,clust5
2126,9BRUQDH2E,clust4
2127,9C1MGWWYO,clust5
2128,9C39F1HK0,clust7
2129,9C71WP0FX,clust4
2130,9CHVU73SF,clust11
2131,9CNWRCLHK,clust15
2132,9CO1QOD2S,clust11
2133,9COQ8P5W4,clust8
2134,9CRZIY7KP,clust8
2135,9CUFNXD3E,clust16
2136,9DDM4TOFP,clust1
2137,9DLDYNXG4,clust0
2138,9DMU6Y2Q3,clust6
2139,9DRQXNZMT,clust5
2140,9E3UF3ADJ,clust0
2141,9E5V9KQ74,clust8
2142,9EB1SCRF4,clust15
2143,9EE80ILP8,clust19
2144,9EGUKBD1E,clust9
2145,9EREVD2KU,clust11
2146,9F1F7E87T,clust5
2147,9F3XH3PPZ,clust11
2148,9FD9X6RQK,clust2
2149,9FFDKDL9Z,clust19
2150,9FJGMYVXT,clust10
2151,9FXWJID5L,clust6
2152,9G1J70H3X,clust10
2153,9G6YY0DIH,clust10
2154,9GBP1SXWT,clust12
2155,9GI0TKODP,clust12
2156,9GIVZZEZL,clust2
2157,9GY49E494,clust4
2158,9GYAMGVLS,clust0
2159,9H1YTBNX5,clust16
2160,9H2I1NTHI,clust5
2161,9H502Y1QN,clust7
2162,9H5IYUYQM,clust7
2163,9H9ZLRRGR,clust9
2164,9HJJYI4R6,clust9
2165,9HNWVV51H,clust7
2166,9HVRF8TY1,clust1
2167,9I45SGZ7F,clust19
2168,9I4DXUKCP,clust2
2169,9IEIXK35O,clust19
2170,9IQLIYDZK,clust19
2171,9JCCODF8F,clust4
2172,9JE4R0OV0,clust5
2173,9JLWQ3TSH,clust4
2174,9JOU8QROE,clust2
2175,9JP6VE52B,clust3
2176,9K2ZFSQOJ,clust4
2177,9K8L8ASNB,clust7
2178,9KARL7PX7,clust14
2179,9KBUNP04E,clust0
2180,9KF5KMO0N,clust3
2181,9KHTLQ9R9,clust7
2182,9KIN28J5A,clust0
2183,9KP7SLUXF,clust16
2184,9KVFYVAS4,clust6
2185,9KVV7UDC7,clust0
2186,9L1BJYJA3,clust5
2187,9L2E8A1US,clust10
2188,9L83H9449,clust5
2189,9L8X8Q79J,clust4
2190,9LMR2D95M,clust5
2191,9LVXD2QJX,clust12
2192,9M48K1UXF,clust10
2193,9M67XHFEL,clust0
2194,9M6EGITX3,clust5
2195,9MB3XH3U4,clust4
2196,9MMD4ZOAS,clust2
2197,9MPX2E3V0,clust16
2198,9MV6QAHOQ,clust6
2199,9MY9LZX2C,clust17
2200,9N131B934,clust5
2201,9N8JIZFPI,clust5
2202,9NBKYB8WH,clust12
2203,9NBYFFROR,clust18
2204,9NH1NC9O6,clust19
2205,9NKZIQD3Y,clust15
2206,9NOYCWBUO,clust8
2207,9O11IEXK0,clust5
2208,9O1SKE4QG,clust18
2209,9O5C4OJTS,clust6
2210,9O5KEHMR0,clust3
2211,9OAZTDMD2,clust18
2212,9OCO57GE4,clust14
2213,9OHGE5ZMN,clust16
2214,9OIVOP9AE,clust7
2215,9OLPHJ4VR,clust9
2216,9OM4KY5C8,clust4
2217,9OU6K3VYH,clust5
2218,9OUJ8NIS3,clust0
2219,9OZ6ERUKV,clust0
2220,9P0G9WPHV,clust17
2221,9PBYDVU9D,clust10
2222,9PORF27W4,clust18
2223,9Q0700IGX,clust0
2224,9Q3ONXDZ8,clust19
2225,9QJ5CEU0Z,clust0
2226,9QR0YHSJH,clust5
2227,9QY6KVPZ7,clust1
2228,9R8ENMBRM,clust4
2229,9RHT22B1S,clust4
2230,9ROHD2NP4,clust4
2231,9RQ8K3S97,clust4
2232,9RQO1POL9,clust7
2233,9RRY7LFY2,clust10
2234,9RYY033FN,clust18
2235,9RZ6XTB13,clust18
2236,9SLPB6HQ6,clust4
2237,9SOR1RYI6,clust4
2238,9SPC8J5B4,clust5
2239,9SUW1K1BS,clust12
2240,9SYS56QXH,clust5
2241,9TIQEXGZQ,clust8
2242,9TKPGX4KB,clust9
2243,9TR88JFJS,clust0
2244,9U4AU091Y,clust3
2245,9U5OUNOHO,clust4
2246,9U743AV4H,clust5
2247,9U9CZQ2HL,clust8
2248,9UO91KJEB,clust14
2249,9UOXQOTUC,clust5
2250,9V654MQZG,clust4
2251,9VNFBV7HJ,clust8
2252,9VUD8FVK6,clust19
2253,9VX0DIX0J,clust19
2254,9VY4HIMPD,clust6
2255,9W3S7TWP1,clust16
2256,9W5YV3GS0,clust0
2257,9W6OMRPIX,clust6
2258,9W6Y5WUOF,clust4
2259,9WGB4WCNG,clust0
2260,9WHCT6O3Z,clust14
2261,9WHHJ70AI,clust0
2262,9WP9F94JN,clust12
2263,9WPK28VV7,clust19
2264,9WX6KQ1H0,clust7
2265,9X1P957E7,clust5
2266,9X1V1DLIZ,clust5
2267,9X7NED7PX,clust19
2268,9X9732B4B,clust9
2269,9XKYZ6TZE,clust4
2270,9XOPD2QXP,clust8
2271,9XOXNUQ5G,clust17
2272,9XT8YKOZI,clust19
2273,9YBFT166E,clust12
2274,9YHWOGM6A,clust6
2275,9YQHPUS9V,clust3
2276,9YY6JPHRJ,clust11
2277,9Z3J0X6PV,clust14
2278,9ZDI7LO4D,clust6
2279,9ZFZBE1G0,clust19
2280,9ZG8SC88Z,clust1
2281,9ZGSP2S32,clust1
2282,9ZLLQ8T2Z,clust9
2283,9ZN97KE8C,clust4
2284,A01KFNA10,clust10
2285,A09MRDQNU,clust14
2286,A0H22DOQK,clust4
2287,A0IRDM0ZN,clust9
2288,A0POOY9P0,clust0
2289,A0PQFKPUA,clust10
2290,A0Q0FWKCO,clust0
2291,A0TP5J62X,clust4
2292,A1AO665S9,clust0
2293,A1FWZNGR4,clust4
2294,A1NSFC8IV,clust4
2295,A20U90K8W,clust0
2296,A28I10ZCE,clust16
2297,A2GDCH2NI,clust9
2298,A2J14ZVOJ,clust0
2299,A2MGMQ7ME,clust1
2300,A2NK1VHKR,clust9
2301,A2VUU52I6,clust11
2302,A2XCBOQNR,clust15
2303,A2ZIRTS2S,clust1
2304,A301P3EJN,clust3
2305,A38OEKJ46,clust2
2306,A3JVD8G9V,clust3
2307,A3KD9IH1Z,clust0
2308,A3TVKTAS8,clust18
2309,A3YFDHBR0,clust19
2310,A41FNLUI5,clust17
2311,A48ET0QDD,clust18
2312,A4I427D44,clust16
2313,A4IDRLWGV,clust10
2314,A4KZTK490,clust15
2315,A4LGS1IDL,clust17
2316,A4QKPYGX3,clust19
2317,A4UJ4RKZL,clust17
2318,A4XY33DOS,clust19
2319,A50ZMX39G,clust17
2320,A52NB24Q6,clust3
2321,A53ACIK61,clust8
2322,A53QVGEGN,clust4
2323,A5CODC0AU,clust1
2324,A5FJ7P328,clust11
2325,A5HWMJIMM,clust9
2326,A5ULF7RM4,clust19
2327,A668IGN81,clust5
2328,A67BRDEKJ,clust5
2329,A6FKH5EUU,clust5
2330,A6STB8MRO,clust8
2331,A7703NSKV,clust12
2332,A7AB0FL48,clust17
2333,A7F2DLGA2,clust5
2334,A7GN3UKG9,clust1
2335,A7H7TNMOL,clust17
2336,A7K1CKQ7V,clust18
2337,A7QXC9LSZ,clust9
2338,A7YN0VUTW,clust9
2339,A8GFOKF8Q,clust7
2340,A8J2I45XR,clust11
2341,A8TBXXHI1,clust6
2342,A8UTMPSSW,clust11
2343,A8WW1U548,clust10
2344,A90IIUKFU,clust5
2345,A945C0GD4,clust12
2346,A94EF7Y0R,clust11
2347,A99DTOG7H,clust19
2348,A9CVSDR0N,clust0
2349,A9G3RJTO6,clust2
2350,A9V3DS3ZQ,clust4
2351,A9Y8UKQSJ,clust4
2352,AA8BUULLY,clust11
2353,AAAWX170V,clust5
2354,AAQO4OJUP,clust17
2355,AARDH3R61,clust9
2356,AAROWA500,clust6
2357,AAT42VJ2Q,clust16
2358,AB2QR16AA,clust15
2359,AB4VJFZWA,clust12
2360,ABFDMC52K,clust15
2361,ABWLOSZ2T,clust15
2362,AC2I0PR1Y,clust16
2363,AC7A9GS1G,clust4
2364,ACD1T0RJU,clust5
2365,ACGLEYANA,clust5
2366,ACQ6JJAT0,clust5
2367,ADDDPBJ3K,clust1
2368,ADHCAABPD,clust6
2369,ADLE37X1C,clust17
2370,ADU1X2OPE,clust11
2371,ADUQ65DG9,clust5
2372,ADV6053HT,clust6
2373,AE17DUXFX,clust19
2374,AE689G7DN,clust5
2375,AE9N8LHDI,clust19
2376,AEIQHUXUW,clust14
2377,AF3A0KRKD,clust18
2378,AF3TSJF04,clust7
2379,AFE7SXVCT,clust6
2380,AFF06CVX9,clust15
2381,AFFUTREON,clust3
2382,AFH9QXRES,clust12
2383,AFIEEMK79,clust11
2384,AFNA6DAKY,clust17
2385,AFNSPBZZL,clust3
2386,AFSXTYJ5T,clust5
2387,AFTPALVRU,clust19
2388,AG6A8MGFM,clust5
2389,AGJGVH9MO,clust13
2390,AGMNKFHR8,clust6
2391,AGMU49ROJ,clust19
2392,AGRCKN1O6,clust9
2393,AGTSX3E93,clust0
2394,AGZNHEVIA,clust10
2395,AH07LR10I,clust7
2396,AHJPZ488H,clust9
2397,AHKL88J7V,clust10
2398,AHMSTRZFS,clust1
2399,AHS0K8P2W,clust10
2400,AHXEDNCF7,clust6
2401,AICDQJHXL,clust5
2402,AIUT5G3X6,clust13
2403,AIZX0GXKS,clust19
2404,AJ4B385NK,clust5
2405,AJ9Y7P42W,clust10
2406,AJIJLF4W8,clust3
2407,AK1UEUYE6,clust9
2408,AK2F1JHN4,clust19
2409,AK4YD1YX7,clust11
2410,AK7CRUDS5,clust14
2411,AKBBY0WJ9,clust3
2412,AKH0PPZH9,clust4
2413,AKK9IDT6U,clust19
2414,AKLTLG294,clust14
2415,AKRSMT5ZW,clust19
2416,AKVQ47GLK,clust16
2417,ALAMD6AOR,clust16
2418,ALCUCDPJK,clust6
2419,ALINIQXO1,clust18
2420,ALMCTLX96,clust6
2421,AM6J6GR9X,clust6
2422,AM6VXAFXO,clust1
2423,AMAK3EISR,clust3
2424,AMBH1DE5J,clust9
2425,AMML9UWH6,clust5
2426,AMPBHB0CN,clust18
2427,AMRZG59AL,clust3
2428,AN1GYD78U,clust4
2429,ANCSP12HW,clust9
2430,ANH6XVP9Y,clust10
2431,ANMQFF5ZK,clust10
2432,ANZ4VNQNS,clust14
2433,AO04VQN8P,clust6
2434,AO1311OGH,clust1
2435,AO47F0G7Y,clust11
2436,AO5MHMFJA,clust15
2437,AO5PHK3PE,clust11
2438,AO7VOVAJQ,clust18
2439,AOIVHH58S,clust4
2440,AP2WXOBOO,clust5
2441,AP3VJCATJ,clust17
2442,AP48L54HW,clust2
2443,AP4SA6247,clust16
2444,AP6OQMCQ0,clust5
2445,AP8XF2NDP,clust12
2446,APCDZ9BOI,clust11
2447,APLUZRVBZ,clust16
2448,AQ3ATU5GF,clust16
2449,AQ7L493BT,clust7
2450,AQ8UN8END,clust14
2451,AQHVZKY7U,clust9
2452,AQI5B3D1V,clust18
2453,AQPIH4R59,clust11
2454,AQU3QPQTA,clust8
2455,AR1LPDQC2,clust19
2456,ARA5CY2U2,clust19
2457,ARBQUQO2F,clust11
2458,ARBTPWRK1,clust4
2459,ARE2ZSCP7,clust4
2460,AREQ269P7,clust11
2461,ARISLU6RE,clust11
2462,ARJS1V6YY,clust18
2463,ARLGIDQK7,clust19
2464,ARO5OAWTN,clust10
2465,AS2MAXQUV,clust3
2466,ASADTFYAU,clust5
2467,ASDNTMYKH,clust6
2468,ASEDOGR13,clust11
2469,ASLU4GB9I,clust5
2470,ASSZVPDDJ,clust7
2471,ASYTFFGAL,clust12
2472,AT8N98GMC,clust4
2473,ATCRKHS31,clust10
2474,ATG8OOYN3,clust11
2475,ATIR6MLL2,clust4
2476,ATL87UP0O,clust16
2477,ATLI39491,clust0
2478,ATQQJVKNS,clust6
2479,ATV2Y1M9T,clust5
2480,ATZS4VPL8,clust9
2481,AU0Y80NIJ,clust8
2482,AUD3AG2KO,clust14
2483,AUM8UGXOR,clust11
2484,AUN9NTF5P,clust18
2485,AUOHU3D6Z,clust8
2486,AUQX6IQ2W,clust5
2487,AUSK153D5,clust1
2488,AVBZX9ENA,clust4
2489,AVQ7SCFAN,clust0
2490,AVQA1KUJZ,clust7
2491,AVRC5RZG9,clust5
2492,AVSL8RSJN,clust8
2493,AVTWB4486,clust1
2494,AW8KKYUEO,clust11
2495,AWNGBQWRG,clust7
2496,AWR8HDVBX,clust1
2497,AX8U48BEW,clust4
2498,AXD2GQQ53,clust12
2499,AXGSUSWLH,clust10
2500,AY8FTVKYW,clust0
2501,AYKG94B15,clust9
2502,AYKSXE8XF,clust8
2503,AYPEZVII1,clust8
2504,AYV1V01VJ,clust2
2505,AYVFFEI4S,clust15
2506,AZBQ1YCCY,clust14
2507,AZCTBK7UL,clust5
2508,AZEHNDMN4,clust11
2509,AZH08THAH,clust18
2510,AZQ3R8O7X,clust11
2511,AZQP39MEO,clust5
2512,AZREJSII0,clust5
2513,AZTGVCMN9,clust9
2514,AZTYRU628,clust9
2515,AZXTQW02L,clust4
2516,B03OEUD0Y,clust2
2517,B075OB6VI,clust3
2518,B07W687SE,clust8
2519,B0JIMMHHA,clust11
2520,B0O4QXZZT,clust1
2521,B0SS15VLY,clust9
2522,B12PN1RYB,clust7
2523,B151KE4N7,clust2
2524,B17OTMDW8,clust9
2525,B19C93WJN,clust19
2526,B1C8QE245,clust5
2527,B1CFL7NCO,clust17
2528,B1DZD1VUR,clust19
2529,B1GC4YDZE,clust5
2530,B272TV661,clust5
2531,B2A4FJVBX,clust11
2532,B2BEO01G8,clust7
2533,B2F6U46DH,clust5
2534,B2JSZQK0D,clust11
2535,B2K1AYXH5,clust11
2536,B2KR9N8DP,clust19
2537,B2N27MFSA,clust5
2538,B2TQ1QZMN,clust8
2539,B37J3YXJR,clust4
2540,B3D5Y7767,clust19
2541,B40SPX38N,clust4
2542,B4BLNRJIG,clust0
2543,B4ELP5UBN,clust17
2544,B4IC3OVU1,clust19
2545,B4MYXT578,clust17
2546,B57ODQRR9,clust1
2547,B5VNG2Q4A,clust3
2548,B61U3WSRU,clust0
2549,B64XW9A07,clust8
2550,B6D1P4N6V,clust19
2551,B6MRPNTRF,clust7
2552,B6UWC58FN,clust2
2553,B6XWFZATB,clust14
2554,B6Y1EH16H,clust9
2555,B71EQET6H,clust4
2556,B7HP8550Q,clust19
2557,B7IS2QM04,clust5
2558,B7QIP8KT6,clust2
2559,B7V2BHIAE,clust19
2560,B81GQWDSB,clust18
2561,B8D343187,clust14
2562,B8Q9J5RPP,clust15
2563,B8RQ9KMLJ,clust4
2564,B8RQO3YU3,clust2
2565,B8RR37L17,clust0
2566,B8WNYWVJC,clust15
2567,B8XGJFDVL,clust9
2568,B8YHIX48J,clust5
2569,B9543DD2B,clust5
2570,B9ABIJKY0,clust17
2571,B9GO66UBQ,clust11
2572,BA9013UHB,clust19
2573,BAEYLKBNT,clust7
2574,BAHVEUWCH,clust8
2575,BAIBLPCM8,clust8
2576,BAOLJ0RF4,clust14
2577,BAU0JI1NA,clust9
2578,BAVE9LQ8I,clust5
2579,BAZSVEKGR,clust4
2580,BB17POR7E,clust18
2581,BB6OJM8OX,clust8
2582,BBFHXGKIR,clust18
2583,BBHOAO3PM,clust2
2584,BBK54CBJJ,clust16
2585,BBS9F1AZY,clust11
2586,BBTW6CXI3,clust14
2587,BBXWLTSL1,clust11
2588,BBY0BV3WU,clust1
2589,BCBF1JNES,clust12
2590,BCCKQE0XY,clust19
2591,BD2REVLGQ,clust9
2592,BDC0VZJZC,clust8
2593,BDHPZL57O,clust14
2594,BDMOCANUO,clust19
2595,BDQPQRXIE,clust15
2596,BDWJU6ZEZ,clust7
2597,BDXZ42K8F,clust6
2598,BE1YJIALM,clust17
2599,BE72NXV2M,clust12
2600,BEJXT7JA8,clust6
2601,BESU5JN6R,clust6
2602,BF5K5YMLF,clust1
2603,BFFHDPUOP,clust5
2604,BFI2XWK9E,clust7
2605,BFK101JZW,clust11
2606,BFPYAY1YT,clust1
2607,BFQPNYIFT,clust12
2608,BFQRAEV9V,clust5
2609,BFR9NM7X0,clust0
2610,BFU33GUUT,clust12
2611,BFUVFWB3M,clust16
2612,BFWFHOB70,clust16
2613,BG3AHYQ9V,clust11
2614,BG4EVWPZY,clust5
2615,BG9ZQ5BDY,clust3
2616,BGEWFXQWW,clust1
2617,BGH4S6P24,clust17
2618,BGKNZTVGZ,clust15
2619,BGZL7S24A,clust10
2620,BH3V7FZNW,clust0
2621,BH5409VXY,clust17
2622,BH5QCC5CX,clust18
2623,BHA6FFIDJ,clust6
2624,BHADJMJNH,clust0
2625,BHJY32LAL,clust6
2626,BHNU1GMC5,clust4
2627,BHVS7FNJ6,clust19
2628,BI53KX0AM,clust7
2629,BI60MJH6V,clust0
2630,BIB2RYYOB,clust4
2631,BIFNQEWTS,clust18
2632,BIGUV3QUL,clust13
2633,BILGYIBKT,clust11
2634,BIW9LK73N,clust11
2635,BJ0PKHJVC,clust11
2636,BJ5VV5S5X,clust13
2637,BJ6O2BKQY,clust5
2638,BJHHR8JQV,clust13
2639,BJJD7AGU1,clust1
2640,BJW4L77Z3,clust9
2641,BK52M0TE6,clust0
2642,BK7KYYFJ8,clust18
2643,BKGGA9NZT,clust0
2644,BKHMOXTLA,clust16
2645,BKSU3CF5P,clust2
2646,BL0CKWAKG,clust13
2647,BL4VPXCYH,clust18
2648,BL9WTJ4AS,clust11
2649,BLAJU9OHI,clust3
2650,BLIW1F03D,clust4
2651,BLKCR03CA,clust4
2652,BLMTGNDCP,clust5
2653,BLP7OV7KX,clust18
2654,BLUDD3FO9,clust17
2655,BLVKXWAJT,clust17
2656,BM91N8S5H,clust19
2657,BMNMLD3CD,clust0
2658,BMRBCXFG3,clust10
2659,BMU5LCSH4,clust17
2660,BN2OEX86L,clust12
2661,BN4TDUDZD,clust9
2662,BNMCV44VR,clust15
2663,BNO3Z1GOP,clust7
2664,BO1AE7E02,clust9
2665,BO23G2R3A,clust2
2666,BO92KBIZD,clust10
2667,BOAFUZPW0,clust6
2668,BOART6YZT,clust18
2669,BOB2YMJ2R,clust7
2670,BOB6I3FH9,clust14
2671,BOEZO7JOT,clust0
2672,BOIG5NB2N,clust5
2673,BOP7YEYBK,clust9
2674,BOPIZIG9H,clust5
2675,BP3QYWN9I,clust5
2676,BP8BZD17N,clust10
2677,BP9YDYYAT,clust14
2678,BPA5KDN7D,clust5
2679,BPE2TDT57,clust15
2680,BPRD2IL83,clust0
2681,BPY5CHUG4,clust6
2682,BPYCTPRPJ,clust4
2683,BQ54L8PRD,clust9
2684,BQPK6HE6Z,clust9
2685,BQY776TBI,clust14
2686,BR8QTI1IE,clust19
2687,BRAYTFGPA,clust6
2688,BRCIL7K81,clust7
2689,BRFFMYP4R,clust5
2690,BRIQCGK8O,clust18
2691,BRWZL3844,clust19
2692,BRYDSM1N8,clust7
2693,BS5QJ80ZQ,clust10
2694,BSDNDF39Q,clust10
2695,BSQHWK0E7,clust0
2696,BSRU9DHK3,clust9
2697,BT3J29KZQ,clust3
2698,BT3QUZ0YR,clust4
2699,BT6TPGGEO,clust6
2700,BTDJTSRJL,clust13
2701,BTH44RQAN,clust9
2702,BTHCSN8RZ,clust9
2703,BTHTQZNLN,clust14
2704,BTJAZLCP0,clust5
2705,BTJXT4LPA,clust0
2706,BTUOPX8E8,clust14
2707,BUDUMQ9XG,clust19
2708,BUP70NFRI,clust18
2709,BUP89CDTM,clust1
2710,BV471Y67F,clust19
2711,BV7MTVM3G,clust6
2712,BVBMED8A7,clust4
2713,BVEGNQOGL,clust9
2714,BW0VWU9O3,clust1
2715,BW1K2605M,clust5
2716,BW1RAAMLK,clust4
2717,BW8ALKTFZ,clust9
2718,BWALP732A,clust16
2719,BWNR0NAF6,clust7
2720,BX4RLHI1F,clust10
2721,BXJ0JA9Y5,clust15
2722,BXRQ3ROVC,clust19
2723,BYA7MZV6L,clust16
2724,BYDCUV39R,clust11
2725,BYFBQ5FA9,clust0
2726,BYFTF1TYZ,clust9
2727,BYHQSEVAW,clust8
2728,BYKSK7H1O,clust11
2729,BYLP8NB8Y,clust5
2730,BZ7WA6VDQ,clust0
2731,BZBSK2WZI,clust18
2732,BZJHH0M8A,clust15
2733,C00EBSN2W,clust7
2734,C00L2TZQ9,clust4
2735,C09VJKUBO,clust11
2736,C0CI4AEEJ,clust6
2737,C0CIONASE,clust14
2738,C0HQ1P572,clust8
2739,C0NZ2XP4B,clust1
2740,C0PFNQ2IV,clust8
2741,C11DUJ7IG,clust0
2742,C13EVJAEJ,clust5
2743,C18I8DXY3,clust5
2744,C1AGWUA7C,clust17
2745,C1BWCEAKJ,clust3
2746,C1J9LI21U,clust4
2747,C1K9RXJ5R,clust4
2748,C1WCLE139,clust18
2749,C1XJOAUWH,clust12
2750,C2229A2WS,clust10
2751,C233L3AM6,clust15
2752,C24RUEE57,clust6
2753,C2B3WDTV7,clust10
2754,C2K1OVJXP,clust5
2755,C2OOBJLB5,clust5
2756,C2SW90UXU,clust19
2757,C2UE1YHFI,clust11
2758,C32QG0CMU,clust1
2759,C3MC0KFKL,clust8
2760,C3QAXWKND,clust12
2761,C3RT7JXCW,clust15
2762,C3VS9IZKW,clust15
2763,C3X15OF4R,clust2
2764,C48SI2E1U,clust11
2765,C4AA32J2I,clust0
2766,C4CKW5DO0,clust1
2767,C4KYJL34H,clust18
2768,C4O9Z09CB,clust0
2769,C4Z2AQ3PN,clust11
2770,C50MZDZDC,clust3
2771,C659EZTE0,clust11
2772,C67C63O2K,clust5
2773,C79D064F0,clust10
2774,C7NFI75YT,clust17
2775,C7U1SO7OJ,clust11
2776,C81LQI6AL,clust9
2777,C88SL0WQV,clust18
2778,C8AH582OZ,clust11
2779,C8NYMBU5G,clust17
2780,C8ULCRVRN,clust6
2781,C96HUOP20,clust19
2782,C9WYVRZL6,clust1
2783,C9ZD2TYAQ,clust4
2784,CA3GCH8VI,clust17
2785,CA8PVSGXO,clust3
2786,CAI4IP357,clust3
2787,CAMCYMSFA,clust4
2788,CAZEEAPTJ,clust14
2789,CB0TUAS73,clust17
2790,CB3Z0677X,clust5
2791,CB4SYJ8JE,clust18
2792,CBAQ0DOJ6,clust16
2793,CBEY6MF0Z,clust14
2794,CBYYLSA1G,clust0
2795,CC4P6QC68,clust0
2796,CCKY2B3HU,clust15
2797,CCPDWK44A,clust14
2798,CCQ5QYKME,clust4
2799,CDASPP655,clust14
2800,CDL6D0BNB,clust14
2801,CDPIPC8EI,clust18
2802,CDTEGHIGC,clust9
2803,CDUKB24RM,clust5
2804,CE6L2BOG4,clust11
2805,CE6ZOV98Y,clust6
2806,CE809QOSA,clust4
2807,CEA5DFKHU,clust16
2808,CEC7910O9,clust9
2809,CEI6NSVPS,clust6
2810,CEJP79U30,clust15
2811,CENY5I0J1,clust6
2812,CETXWP21X,clust16
2813,CEU43JFSJ,clust9
2814,CEW0FFZ4A,clust16
2815,CF2JA9VPS,clust5
2816,CF42CQEZY,clust9
2817,CF91OJY6M,clust16
2818,CF961IZA3,clust11
2819,CFE9TK82E,clust5
2820,CFFC04R3N,clust5
2821,CFN6GRJW7,clust18
2822,CFQENC5TJ,clust1
2823,CFRI06D20,clust11
2824,CG2PTQ5EP,clust6
2825,CG2TBDURW,clust3
2826,CGG6KOEX9,clust0
2827,CGK1HVIPE,clust11
2828,CGNVNC16R,clust2
2829,CGXAVDUG0,clust19
2830,CGYAGPDRG,clust9
2831,CGYLHFHCF,clust10
2832,CHDC7C8WD,clust4
2833,CHPA2U69Q,clust1
2834,CHPUYRZKW,clust14
2835,CHUN1VK0I,clust14
2836,CHYCYIMPN,clust18
2837,CI669D88A,clust4
2838,CI7606M3B,clust6
2839,CI91AJWNM,clust17
2840,CIAEOVMWE,clust17
2841,CIJOCA36X,clust4
2842,CIMML056Q,clust14
2843,CIOAULMP9,clust5
2844,CIU70FT54,clust14
2845,CJB94Q5Z1,clust4
2846,CJEQENIHY,clust3
2847,CJGJSEH8G,clust1
2848,CJIM08TZF,clust14
2849,CJL4UO3FY,clust11
2850,CJTQ5WA93,clust10
2851,CJUYS4118,clust5
2852,CJXGKPGJD,clust17
2853,CJY907I6G,clust6
2854,CKADH520J,clust5
2855,CKK41JOJA,clust10
2856,CL30SDA5C,clust15
2857,CL6BEOUJV,clust0
2858,CL7WT3LZV,clust6
2859,CL87JFL6H,clust0
2860,CLB6BOSL8,clust1
2861,CLCNK82F3,clust2
2862,CLQXA5Q9N,clust13
2863,CM3VUHR0Y,clust1
2864,CMBPB954Y,clust7
2865,CMFJURY2P,clust11
2866,CMH8D8MYC,clust19
2867,CMIQZWD8G,clust18
2868,CMIU3ZFZQ,clust4
2869,CMS52BRF0,clust10
2870,CMTLLG7EM,clust17
2871,CMV81D1VC,clust10
2872,CNJTWX0DD,clust19
2873,CNOP4LYYJ,clust18
2874,CNW91KOGF,clust2
2875,CNXGJEOG3,clust6
2876,CNYX5VOSU,clust14
2877,CO4JW4GBR,clust15
2878,CO5135WY7,clust19
2879,CO51ON6MY,clust4
2880,COH3OL23X,clust6
2881,COJBWLSYI,clust19
2882,COZE4NSFE,clust1
2883,CP6CT506I,clust0
2884,CPCADQ4T0,clust10
2885,CPFG4UMRT,clust12
2886,CPN5IKY34,clust4
2887,CPOKK2WYU,clust5
2888,CPTHLR1OR,clust5
2889,CQGGCOHO5,clust10
2890,CQL3H2EB5,clust1
2891,CQOV1Q0VI,clust9
2892,CQY0EQK61,clust4
2893,CR4XPPNOE,clust2
2894,CRC0A2I5E,clust18
2895,CRL7RQMT1,clust4
2896,CRMHR3LXH,clust11
2897,CRQWPE455,clust0
2898,CRTFPV4R3,clust5
2899,CRXF23I37,clust1
2900,CS0K25Y6M,clust9
2901,CS9JPKFB1,clust9
2902,CSEMKVWLR,clust18
2903,CSUNT44B0,clust18
2904,CSVL024IC,clust18
2905,CT09EEC1L,clust19
2906,CT41HP9HE,clust16
2907,CTJTG3CNL,clust11
2908,CTSJO68LW,clust9
2909,CTXKVS65J,clust8
2910,CTYLEBJA8,clust17
2911,CV0YCN0FS,clust11
2912,CV3MRHZ14,clust4
2913,CV5YX9Y1M,clust18
2914,CVG6JJEK3,clust0
2915,CVIIIFRHO,clust5
2916,CVP49P6LP,clust4
2917,CWA06NWI3,clust12
2918,CWCLJC1SS,clust5
2919,CWDH2RNQM,clust10
2920,CWG55351G,clust19
2921,CWN9CHRVL,clust17
2922,CWUD35RL3,clust12
2923,CWUILC3E1,clust2
2924,CX4BBJBCP,clust18
2925,CXDCBWJCO,clust19
2926,CXDOHY4WN,clust18
2927,CXP39FU6U,clust12
2928,CXQZFXXUU,clust9
2929,CXU5W9OBI,clust9
2930,CXZRWAICX,clust11
2931,CY0Z8G5OP,clust11
2932,CY6I88PBR,clust5
2933,CYKOUHXXX,clust16
2934,CYMIHO05W,clust1
2935,CYYLRDWGV,clust0
2936,CZ6KQB0V4,clust5
2937,CZAK07OJ0,clust5
2938,CZAX9DBOD,clust1
2939,CZCK0LXS4,clust9
2940,CZH5NWHW2,clust5
2941,CZJXNH69K,clust6
2942,CZM0Z4LVH,clust5
2943,CZMCKQRRA,clust0
2944,CZRTPSSNW,clust16
2945,CZTNLP3XF,clust6
2946,D0GZ01ZHI,clust17
2947,D0HRS2A5N,clust11
2948,D0LZ60OIL,clust11
2949,D0MKTK7UI,clust14
2950,D15ZB36IE,clust11
2951,D1816HDXB,clust18
2952,D1CZXQXP1,clust1
2953,D1GTUA1LG,clust12
2954,D1GTY1GB8,clust17
2955,D1TO2ICUL,clust0
2956,D240IZA4H,clust0
2957,D24E0KDRJ,clust16
2958,D27SXEULD,clust12
2959,D281A00YB,clust5
2960,D28HWOQ1W,clust13
2961,D2C3FZCT7,clust2
2962,D2GC7HBID,clust2
2963,D2KFAA4SB,clust3
2964,D2QRFYBNH,clust18
2965,D33BC0UYE,clust5
2966,D3MR0C9MF,clust15
2967,D3NA2OO5S,clust10
2968,D3NTNZOKB,clust17
2969,D419570SC,clust5
2970,D426XXNUK,clust11
2971,D44G5KF61,clust17
2972,D49HZ2TFV,clust5
2973,D4HP28RN4,clust8
2974,D4I16FCNF,clust1
2975,D4QMWZ1Q3,clust15
2976,D4RQY3UUV,clust4
2977,D4YWWUMLK,clust5
2978,D4ZZWNXTK,clust11
2979,D517DZUPG,clust0
2980,D51M44XIN,clust14
2981,D525FGAT8,clust16
2982,D538R1255,clust1
2983,D58M40ICH,clust2
2984,D5A488NS3,clust3
2985,D5IQPC2XX,clust4
2986,D5TQOVGM2,clust19
2987,D5VSANKRS,clust19
2988,D5ZAYGFG8,clust19
2989,D62P7B5WJ,clust5
2990,D666VI638,clust5
2991,D6BGOKME6,clust6
2992,D6DD67PEY,clust0
2993,D6KBVHXBX,clust5
2994,D6VZSM6KE,clust14
2995,D7FKWKV78,clust5
2996,D7L5ZGSK9,clust0
2997,D7LSB82FO,clust15
2998,D7NLYO4EN,clust4
2999,D8FT0MZ1N,clust9
3000,D8GNTE2SG,clust7
3001,D8R4SRGM6,clust1
3002,D8TD59238,clust7
3003,D8V1DX3Q8,clust5
3004,D8VRYQ6E4,clust15
3005,D8XYVWW8V,clust12
3006,D91NUBDXG,clust16
3007,D968IGNUK,clust7
3008,D97FS2NRU,clust5
3009,D97U0Y178,clust4
3010,D9BNU6WT6,clust2
3011,D9C3U5YLG,clust10
3012,D9HF0BKRK,clust4
3013,D9OCEP6FO,clust0
3014,D9RUU18KM,clust11
3015,D9SSVLULW,clust5
3016,D9VUAAYO9,clust4
3017,DA1NADQ5J,clust5
3018,DA53MUMAR,clust5
3019,DAAO5Z4K6,clust16
3020,DAGNUZBJM,clust15
3021,DAISC39AX,clust14
3022,DAL9TX8V5,clust5
3023,DANVQ39RN,clust6
3024,DARTUL68V,clust4
3025,DAT5W4GU5,clust11
3026,DAU7O8YU6,clust5
3027,DB3PTVNIC,clust10
3028,DBILY9MM5,clust4
3029,DBL7WE2TD,clust4
3030,DBPDADBJR,clust11
3031,DBVIXP9Q9,clust9
3032,DBYFJY5OZ,clust3
3033,DC12L3PEZ,clust14
3034,DCFZDDNJG,clust5
3035,DD8OSWYY3,clust10
3036,DD9XXX3ZD,clust16
3037,DDBCEWUEP,clust9
3038,DDDWFK61M,clust3
3039,DDKURNANE,clust11
3040,DDNM4GY42,clust6
3041,DDRAHKL5N,clust19
3042,DE2W3HX0F,clust0
3043,DEJO6LVP9,clust15
3044,DEJZHUXS9,clust14
3045,DENPP3ZX2,clust5
3046,DERH1V692,clust4
3047,DETBRZBRP,clust11
3048,DEZ7DDB54,clust9
3049,DF5FRNIM6,clust9
3050,DF87BN10S,clust0
3051,DFDIXA1UB,clust5
3052,DFI1Y7GAY,clust16
3053,DFJG3ROGD,clust16
3054,DFMM41C76,clust1
3055,DFMOSO28S,clust4
3056,DFNM5FZ1E,clust10
3057,DFU5ABIUX,clust1
3058,DFV84M7CR,clust19
3059,DGMGH8M2P,clust16
3060,DGRTE8YV8,clust9
3061,DGTBH1N7R,clust5
3062,DGVVX718W,clust10
3063,DH0VBX7PO,clust13
3064,DH83OQIQV,clust4
3065,DH8QFYK9F,clust14
3066,DHAXA1VOX,clust3
3067,DHBUIGBD7,clust11
3068,DHGGDMY65,clust5
3069,DI4K2Z24A,clust7
3070,DIETBKD5V,clust19
3071,DIM4CIMWY,clust0
3072,DINOH96PQ,clust8
3073,DJ47AHDWF,clust18
3074,DJFK1WFDX,clust17
3075,DJHKJ71JH,clust4
3076,DJM5CKQXH,clust12
3077,DJOCQNK62,clust6
3078,DK7KW8S5H,clust9
3079,DK8L79ERD,clust17
3080,DKBA2S50O,clust3
3081,DKH4NFHLN,clust14
3082,DKZ9PC0DI,clust15
3083,DL6ZB92QE,clust11
3084,DLBI5H4IP,clust15
3085,DLBXR0H5X,clust17
3086,DLJV8CAQC,clust2
3087,DLX5LIF41,clust8
3088,DLZIARFYQ,clust2
3089,DM95N8T51,clust5
3090,DMEP9J6VB,clust9
3091,DMGHRVLKS,clust6
3092,DML67GQHV,clust4
3093,DMMRUI39J,clust0
3094,DMN3217XV,clust19
3095,DMYCLA6A8,clust5
3096,DN6S0EF0W,clust5
3097,DNCAT6BDH,clust4
3098,DNPMXMHL9,clust19
3099,DNPVDNQ9U,clust11
3100,DNSF5XXFE,clust14
3101,DNW4U7612,clust19
3102,DNW66Z6E7,clust12
3103,DNZP3BEHN,clust17
3104,DO1WUCPZA,clust18
3105,DO68VFVZX,clust8
3106,DODUEZMW0,clust19
3107,DOL9OB046,clust10
3108,DOR0ZAPJH,clust0
3109,DP3TP4UZB,clust3
3110,DP69NGEHX,clust12
3111,DPA30HT7M,clust9
3112,DPN9YAZ5Y,clust3
3113,DPSIS0AM4,clust16
3114,DPUQHPD7F,clust2
3115,DPV7EJZH2,clust1
3116,DPWVPFPV5,clust1
3117,DQ1BI8IOW,clust2
3118,DQ73PY37J,clust3
3119,DQ8WUISWV,clust16
3120,DQFYWLQ2V,clust17
3121,DQG83O5RF,clust6
3122,DQL56B264,clust7
3123,DQLQTYSS4,clust15
3124,DQXTEAF6T,clust3
3125,DR7CXDEO4,clust6
3126,DR8H5YM1G,clust17
3127,DRIWV6ANI,clust3
3128,DRP2RIQA3,clust10
3129,DRZL13VGM,clust4
3130,DS9AXNYK5,clust1
3131,DSDC4M47M,clust10
3132,DTARRRLZV,clust5
3133,DTD897RIU,clust2
3134,DTI57OFIA,clust6
3135,DTQJG7T7D,clust0
3136,DUB2JQ19E,clust9
3137,DUDUM7DIB,clust17
3138,DUG7BRARY,clust15
3139,DUHY7LAJK,clust5
3140,DUIW33Q4T,clust3
3141,DUJ3PKUE3,clust11
3142,DUJHKZ6K8,clust17
3143,DUNIY1ZE7,clust10
3144,DUSTJU5YB,clust9
3145,DUW99D5UK,clust1
3146,DUZW4XU0G,clust0
3147,DV7HSOAZE,clust17
3148,DV7OKTG07,clust18
3149,DVBFAVOUB,clust0
3150,DVCB36A9G,clust8
3151,DVDIOCHC2,clust8
3152,DVXXIL568,clust15
3153,DW64SC5RH,clust3
3154,DWHOD33GT,clust10
3155,DWOPE7AOW,clust19
3156,DWQ96XQVI,clust11
3157,DWQI7W1F5,clust14
3158,DWV4L4R09,clust19
3159,DX4N3MEOG,clust4
3160,DX8U9NCEB,clust9
3161,DXF0RT5AE,clust11
3162,DXH4MQTUP,clust9
3163,DXS5E10M6,clust10
3164,DXSPOZCID,clust13
3165,DXWHKIJPN,clust16
3166,DY6J5S6XF,clust13
3167,DYFHEH3TU,clust7
3168,DYJAD2X3W,clust10
3169,DYOWLG3Z7,clust5
3170,DYTIGXX94,clust19
3171,DYVBQCZAF,clust6
3172,DZ6PH4F9L,clust12
3173,DZ8GX91SD,clust19
3174,DZKV13XBV,clust6
3175,DZUAO6C2U,clust2
3176,E02K1DG7U,clust5
3177,E0FNGXMVQ,clust4
3178,E0SR5AKYN,clust17
3179,E0V8K3E43,clust6
3180,E0YST25E6,clust1
3181,E19KGTF44,clust13
3182,E1EUXASC1,clust15
3183,E1JT57LLV,clust15
3184,E1M9KNIHD,clust0
3185,E1Z1YWIRP,clust8
3186,E26QI0FNU,clust15
3187,E29UB21O6,clust9
3188,E2DUV8HZ6,clust11
3189,E2E71US56,clust14
3190,E2KM3UYAA,clust4
3191,E2PS0MGOR,clust5
3192,E2SIBNV4L,clust11
3193,E2XSLRT9W,clust18
3194,E32AWGYTC,clust12
3195,E33GB5L29,clust0
3196,E372TFB5R,clust19
3197,E38AL05OH,clust17
3198,E38YWD0UP,clust19
3199,E39BFOWJK,clust15
3200,E3K77RD5A,clust6
3201,E3ROOWCSZ,clust10
3202,E40RAMTQ3,clust5
3203,E47ZW39LE,clust2
3204,E4DU6S09Y,clust11
3205,E4G0B4M9T,clust11
3206,E4G0NXOFO,clust4
3207,E4H8RXMPH,clust0
3208,E4MKMWZ2A,clust1
3209,E4YRAP7X3,clust5
3210,E5CMPR29R,clust4
3211,E5ELKZ0WE,clust9
3212,E6HT5XR1V,clust13
3213,E6NIBLYDI,clust11
3214,E6O2YOHSS,clust12
3215,E6UA7JFC9,clust13
3216,E7C83CBSU,clust5
3217,E7CEFKG4T,clust17
3218,E7LE3TM3T,clust16
3219,E7SEUCHYN,clust5
3220,E88NFG5DY,clust3
3221,E8CAL858Y,clust11
3222,E8CFK851V,clust4
3223,E8QWX9JT4,clust15
3224,E8U3WTWST,clust9
3225,E8U6RDHST,clust9
3226,E8U9RXP25,clust4
3227,E8YN4Y928,clust19
3228,E98HWCREC,clust17
3229,E9OWG5M3H,clust11
3230,E9UFFEG4Q,clust5
3231,E9V7SIYM0,clust18
3232,E9YRMNGCR,clust8
3233,EA6CJHSXT,clust5
3234,EAGXL6HBF,clust4
3235,EAHIVMREP,clust3
3236,EAO23S0RY,clust4
3237,EARMKWZ4T,clust14
3238,EATEG88V3,clust10
3239,EATUL25S6,clust7
3240,EAVDOXVI6,clust5
3241,EBDRVCZOG,clust7
3242,EBPQ1WJ1D,clust11
3243,EC11F08PN,clust9
3244,EC5I72EWF,clust11
3245,EC7ISI0ZN,clust4
3246,ECBMJTBVA,clust16
3247,ECKSGMM6P,clust14
3248,ED0D3OQJQ,clust11
3249,ED8EURE2E,clust18
3250,EDIB9Q3QO,clust4
3251,EDNUDQ1F2,clust7
3252,EDQNINXHL,clust7
3253,EDXM9OFMW,clust5
3254,EDY91IL74,clust15
3255,EE0BQONYT,clust4
3256,EE30RVZ1C,clust3
3257,EE6OIIMPA,clust0
3258,EEBG9B1ZE,clust7
3259,EECA34D1B,clust0
3260,EECSTYAEO,clust5
3261,EECT9OND1,clust1
3262,EEDR4UG1G,clust4
3263,EEM697PQ9,clust6
3264,EESXE0H7S,clust12
3265,EEUJNDDXJ,clust4
3266,EEVCO2N76,clust6
3267,EEYVE6OB3,clust9
3268,EF6QRUKEF,clust7
3269,EF9PAJGUD,clust5
3270,EFA2HXSDR,clust11
3271,EFH6Z64ER,clust18
3272,EFS35K88G,clust7
3273,EFXK6MAM8,clust19
3274,EG5MOJTNK,clust5
3275,EG9TSB0F2,clust6
3276,EGD15URWQ,clust17
3277,EGGKTAM95,clust7
3278,EH7D3T7JR,clust4
3279,EH7OLUT09,clust7
3280,EHOA2KV6O,clust16
3281,EHZFVD82O,clust19
3282,EI33MOHSV,clust16
3283,EI5171GMC,clust16
3284,EI8IIKOAG,clust5
3285,EIJCN0IDW,clust19
3286,EIJE67NO0,clust19
3287,EIOMZEK1L,clust14
3288,EIPR4F98C,clust4
3289,EIYFA6AUN,clust9
3290,EJ1XKSAJ4,clust16
3291,EJ4RCKCZX,clust5
3292,EJBV5G4NJ,clust4
3293,EJC4B74E4,clust1
3294,EJERADAQ0,clust5
3295,EJIGNGFAE,clust5
3296,EJPHVT3RX,clust12
3297,EJVI51QHE,clust10
3298,EJYILYBP0,clust5
3299,EKGJLI9PW,clust5
3300,EKIO2OOJ0,clust12
3301,EKUKRZNIF,clust5
3302,EL6I55T80,clust19
3303,EL7MYEQMJ,clust2
3304,ELFJJUVMZ,clust14
3305,ELZZ4LSNR,clust5
3306,EM0ZLUN5B,clust15
3307,EM203ERAT,clust0
3308,EMAEZUJXC,clust7
3309,EMCZP747U,clust14
3310,EMDGVKWSI,clust4
3311,EMLD0PC1W,clust19
3312,EMRAUGCHC,clust11
3313,EMSC3TMBO,clust14
3314,EMSKUVDT7,clust13
3315,EMXDW47YX,clust4
3316,ENCDE21IA,clust0
3317,ENG1XFTMG,clust14
3318,ENO4IY9AQ,clust5
3319,ENVHKFT0V,clust10
3320,ENVZYUM8A,clust18
3321,ENZ4FULWQ,clust19
3322,EO9HBFCNV,clust16
3323,EOFK2LIY1,clust4
3324,EOSIPXO9S,clust16
3325,EP262E8YY,clust2
3326,EP41P2A9O,clust17
3327,EPI6DHJ20,clust14
3328,EPJAZ9EHU,clust3
3329,EPMD3KJOR,clust19
3330,EPU85E2UE,clust11
3331,EPVUOQPNB,clust4
3332,EPYFXSU52,clust18
3333,EPYG6CVYN,clust16
3334,EPZSMZXZM,clust4
3335,EQ00Y14J9,clust4
3336,EQ4TXWP9O,clust4
3337,EQ75SPKVK,clust19
3338,EQE5K0YUU,clust14
3339,EQHX0888A,clust16
3340,EQRQ13ALH,clust14
3341,EQTW20STI,clust9
3342,EQU9EU5FH,clust16
3343,EQWTT342X,clust1
3344,ERIB96UUP,clust0
3345,ERK2DT1I2,clust6
3346,ERKFZ6NV4,clust0
3347,ERL493DIN,clust5
3348,ERN02LVD1,clust6
3349,ERQQFX3ZQ,clust10
3350,ERQTXUUSO,clust5
3351,ERTCQ5CWN,clust14
3352,ERW6M2BS6,clust7
3353,ES1RGXVAM,clust3
3354,ES4ZEGBGS,clust9
3355,ES8KR6FPU,clust5
3356,ESE02EXHU,clust12
3357,ESJ1FAJ40,clust0
3358,ESL4OVPD0,clust19
3359,ESOA9KSM5,clust12
3360,ESQ2B54EY,clust13
3361,ESSUXNWQO,clust3
3362,ET954Q08B,clust1
3363,ET9FQTLC2,clust12
3364,ETF2U0B1H,clust1
3365,ETGMLWXNA,clust1
3366,ETGOM4SO8,clust14
3367,ETHPY2M14,clust16
3368,ETHRBW5G9,clust0
3369,ETKCMOAAL,clust5
3370,ETKY1JRDB,clust15
3371,ETXKEUSI0,clust18
3372,EU9ODGTTE,clust4
3373,EUE7RREED,clust0
3374,EUGLERF3O,clust2
3375,EUN4RPBYI,clust7
3376,EUS3FKQC3,clust9
3377,EV0CSM9FU,clust14
3378,EV6H0PGCR,clust4
3379,EVEAUIS8O,clust7
3380,EVM87988D,clust16
3381,EW01SD6QV,clust17
3382,EWBFLVHEV,clust5
3383,EWCB09JBS,clust14
3384,EWSRFK9SN,clust18
3385,EX5KLB3XC,clust0
3386,EX5PMUDX2,clust4
3387,EX8KW1L1Y,clust5
3388,EXAA2RYYI,clust3
3389,EXFTBC731,clust5
3390,EXPGJNBSB,clust7
3391,EXVFJPSUB,clust6
3392,EXYGBOOYF,clust6
3393,EY9KX76BO,clust5
3394,EYECRZHRC,clust5
3395,EYFMIVDUR,clust0
3396,EYGVEGCUJ,clust17
3397,EYXEO5SEY,clust1
3398,EYYBXZCOS,clust7
3399,EYZHVFIH5,clust5
3400,EZ3M42SDB,clust1
3401,EZ5RBVALW,clust14
3402,EZ670IB6T,clust8
3403,EZ72U27NL,clust19
3404,EZEMA4L8V,clust6
3405,EZF2PEV1E,clust0
3406,EZNEW5SY5,clust18
3407,EZO34FICV,clust5
3408,EZQVTK3RL,clust16
3409,EZRLE6H1P,clust10
3410,EZVLSUVO9,clust8
3411,F02UMU1T2,clust0
3412,F0FM3SFDM,clust0
3413,F0NXM161H,clust4
3414,F0R52ZIO6,clust0
3415,F1CP5TUWG,clust10
3416,F1DHXZKAA,clust17
3417,F1G8ZJZO4,clust4
3418,F1H53IVYG,clust10
3419,F1HOOU8NM,clust3
3420,F1IUKH4BB,clust19
3421,F1NWG5I6B,clust9
3422,F1QL08IDY,clust5
3423,F1RVCKHBW,clust17
3424,F1VUIB1NB,clust4
3425,F1X176JFM,clust5
3426,F21JZEC0L,clust4
3427,F23GUO6GP,clust5
3428,F2E26AU8F,clust1
3429,F2GOXRZVO,clust17
3430,F388PHNQX,clust1
3431,F3DR36RF4,clust6
3432,F3FYIG6B9,clust12
3433,F3MCJSO2R,clust5
3434,F3P1KH9HL,clust4
3435,F41T2X142,clust10
3436,F43FXWJKM,clust4
3437,F45AVKQVY,clust11
3438,F4YRMPYHC,clust5
3439,F51F0QP73,clust9
3440,F5G6YLO2A,clust18
3441,F5ODL1U8O,clust0
3442,F5RTA2TWE,clust5
3443,F5SKTR2W8,clust18
3444,F5XDRWAYI,clust14
3445,F5XQNU2Y3,clust4
3446,F5XYK4UNZ,clust5
3447,F6444XKF1,clust4
3448,F67G0OY1W,clust5
3449,F6F2MW008,clust5
3450,F6GTQGU32,clust14
3451,F6HK4N7QL,clust16
3452,F6IP6PUMG,clust12
3453,F6RW4QESD,clust11
3454,F73OETZ1G,clust7
3455,F77THVPOD,clust14
3456,F7F330NKP,clust14
3457,F7FLCEPZP,clust16
3458,F7I33Y98Y,clust9
3459,F7K9MBLI9,clust15
3460,F7OH8LCYS,clust7
3461,F7PJ27IGQ,clust0
3462,F7PWHTIP4,clust3
3463,F7YIS7CAY,clust11
3464,F807XHRXR,clust7
3465,F80XRTLDA,clust7
3466,F84HZ0W4I,clust8
3467,F85YKR8YD,clust5
3468,F8ER9XJH4,clust11
3469,F8GU7HBTE,clust19
3470,F8NNAEW70,clust4
3471,F9MFM4AZQ,clust4
3472,F9U0M4TC5,clust18
3473,F9UY0W8GS,clust10
3474,FA21A05KD,clust4
3475,FA6DPQH1A,clust1
3476,FA97VUHNG,clust9
3477,FADQAB51D,clust19
3478,FAI4E49II,clust3
3479,FB0B4PRQ0,clust18
3480,FB352F4CF,clust14
3481,FB5S5HC9T,clust2
3482,FB7NGBY60,clust14
3483,FBE0FV1VC,clust15
3484,FBUOKDJGB,clust16
3485,FBX8M7IIB,clust9
3486,FC4TN1M7T,clust11
3487,FC4ZKQN6R,clust5
3488,FC6AII7Y6,clust12
3489,FCDYZLY0Q,clust6
3490,FCELK5K1A,clust10
3491,FCF65Y0PR,clust14
3492,FCFDRHOM2,clust16
3493,FCR4X146P,clust6
3494,FDE0E0NC8,clust1
3495,FDGEN4LMJ,clust6
3496,FDLQGVKE4,clust1
3497,FDP8HFMZ7,clust5
3498,FDVS5BO9J,clust5
3499,FEF058WN1,clust14
3500,FEM3G8YZJ,clust11
3501,FEOSGJJ1G,clust18
3502,FEVFL4JHL,clust9
3503,FEY4DFLIS,clust6
3504,FF4ZM1GUA,clust6
3505,FFAZ5RHY4,clust15
3506,FFINX1B5Y,clust11
3507,FFJD5INBR,clust19
3508,FFMF3KHG9,clust6
3509,FFOWAGINY,clust2
3510,FG243L2NY,clust19
3511,FG2TAOAMD,clust8
3512,FGEUUW54L,clust17
3513,FGFFA01OY,clust18
3514,FGIN0BFQR,clust0
3515,FGOBR0HFJ,clust14
3516,FGX0LLUAL,clust13
3517,FGXFTJPCB,clust1
3518,FH03VCOD1,clust5
3519,FH2T60BOA,clust5
3520,FH3OP87LA,clust16
3521,FH56OQPAA,clust11
3522,FHA1UA2D1,clust5
3523,FHN1TPA8M,clust12
3524,FHYOPPYU5,clust0
3525,FHYS681RV,clust19
3526,FI36DKD1V,clust18
3527,FI6CSSQJ9,clust4
3528,FICQ37BRG,clust19
3529,FIH56RRCW,clust3
3530,FINZ4T2O5,clust17
3531,FIQYIABRN,clust5
3532,FIR4O8ZB8,clust13
3533,FITZZJF22,clust19
3534,FIW93C6V4,clust0
3535,FIY0NWCAW,clust5
3536,FJ5F1G8JH,clust2
3537,FJ62VGKHM,clust2
3538,FJD5K72IG,clust0
3539,FJIDTFBCM,clust16
3540,FJJ6SY2SN,clust6
3541,FJZIX1VDK,clust11
3542,FJZZ53Z1O,clust19
3543,FK50QYNZJ,clust3
3544,FK697Q90Y,clust5
3545,FK7EF33KC,clust2
3546,FKBYLX0WH,clust4
3547,FKCQB88D2,clust16
3548,FKFX3DPLA,clust11
3549,FKGSNGYLM,clust1
3550,FKLMX6ZBK,clust8
3551,FKM3RUBG2,clust17
3552,FKSAGNF0X,clust9
3553,FL1B5ZK6T,clust8
3554,FL7OH8UEZ,clust18
3555,FLEWZKA5H,clust3
3556,FLG36DWWK,clust14
3557,FLIHX7P9L,clust17
3558,FLIIEZPWK,clust5
3559,FLRJD4TOX,clust18
3560,FLSYPIBIZ,clust15
3561,FLX2IC8M5,clust5
3562,FM091KFVJ,clust9
3563,FM2VTW0V8,clust11
3564,FM81F5D9V,clust16
3565,FM8ASRSBP,clust5
3566,FMCXHACYM,clust18
3567,FMKPK0DVL,clust4
3568,FMPXLR7NR,clust19
3569,FN0GQ4WV1,clust15
3570,FN2R9IZZH,clust18
3571,FNFPU7PCQ,clust8
3572,FNMC0MVYG,clust14
3573,FNOH753R7,clust14
3574,FNWQ3D4J5,clust19
3575,FNX4WM477,clust10
3576,FO6CNFYRA,clust17
3577,FOPQF76VD,clust5
3578,FOZYD9JZI,clust19
3579,FP3U6BBR5,clust17
3580,FPG4KMS0T,clust19
3581,FPIQ4PLM9,clust10
3582,FPIS71SC7,clust14
3583,FPLLW6OQF,clust10
3584,FPRMBTICJ,clust0
3585,FPY6N2QQB,clust5
3586,FPZOTUE3G,clust17
3587,FQ10STQD6,clust5
3588,FQCVEZYL8,clust0
3589,FQF7BNRG9,clust5
3590,FQFFK9O83,clust14
3591,FQGS24Q5W,clust16
3592,FQMQBLMXR,clust1
3593,FQPF78M7B,clust17
3594,FR1OGTDGZ,clust7
3595,FRDADDEU4,clust3
3596,FREG52TYS,clust4
3597,FRHG8LWPJ,clust11
3598,FRMRHDTYJ,clust0
3599,FRNUGB90Y,clust0
3600,FRPLF6FT9,clust5
3601,FRTKEEQNE,clust4
3602,FRWDM9LMW,clust5
3603,FS8KCVD4P,clust0
3604,FSCI2Y5YW,clust4
3605,FSDEWVOAK,clust19
3606,FSEOE26XZ,clust4
3607,FSM8KIA1C,clust5
3608,FSPEP1UA5,clust0
3609,FSPHO1T4Z,clust4
3610,FSRLVUEWU,clust8
3611,FT3J8346U,clust19
3612,FT3KOH784,clust4
3613,FTFDKAKZ4,clust19
3614,FTN37QH4Y,clust4
3615,FTV4TMYSD,clust17
3616,FTZOQVKQE,clust5
3617,FU2M4FAU6,clust11
3618,FU9RVFG7E,clust11
3619,FUD2EOXQP,clust19
3620,FUDKPTDLF,clust1
3621,FUE5NLIUD,clust4
3622,FUE8AM7V7,clust14
3623,FUNXCYU8C,clust2
3624,FUWT1RM7B,clust19
3625,FV1Z1WDR5,clust11
3626,FV3TUB4V1,clust9
3627,FV8R2C8FS,clust19
3628,FV9VWLMII,clust16
3629,FVFKMTXY7,clust18
3630,FVLAISWKQ,clust4
3631,FVSKHZV6Z,clust19
3632,FW6BR68SX,clust14
3633,FWBHJ2LWA,clust9
3634,FWF8XJEGC,clust12
3635,FWH4JFAA9,clust3
3636,FWII9TJBK,clust19
3637,FWLG4ZHWP,clust4
3638,FWMD3VJEB,clust17
3639,FWMUT7MM9,clust1
3640,FWXGMXEPD,clust5
3641,FWXTHNX5Q,clust1
3642,FWY67KU94,clust18
3643,FWYN7LB6M,clust15
3644,FX10C88FE,clust19
3645,FX4R8EU2C,clust12
3646,FX67F1SML,clust16
3647,FX75TT0FN,clust7
3648,FX7XQDFNU,clust4
3649,FXALHMFSV,clust10
3650,FXCQVNJE4,clust18
3651,FXF3GBETD,clust8
3652,FXKN86GG1,clust11
3653,FXKNGN86D,clust5
3654,FXL52GF14,clust9
3655,FXNEDI3WT,clust13
3656,FXT1MKG0W,clust12
3657,FXWEHEBMQ,clust19
3658,FY05PGHHB,clust12
3659,FY6V1H0DX,clust9
3660,FY8I7MD97,clust8
3661,FY8PDD0SJ,clust5
3662,FYB7SN9YL,clust11
3663,FYDE7OC9X,clust19
3664,FYGFUEHOU,clust4
3665,FYWPKD4VC,clust5
3666,FYX0M1V8Z,clust17
3667,FYYY5SPUC,clust5
3668,FZ2NCOUZF,clust4
3669,FZ6FD47OB,clust19
3670,FZLT2VVRL,clust0
3671,FZT8COULN,clust16
3672,FZW70C8XV,clust7
3673,FZYZVD1Y1,clust0
3674,G02MSXW3M,clust12
3675,G03NTBXHD,clust17
3676,G040WY2S4,clust10
3677,G04KDKYWP,clust5
3678,G0CKIZWSQ,clust9
3679,G0LD9F60V,clust2
3680,G0RN2C9IA,clust3
3681,G10JDPCAD,clust0
3682,G12HM72LD,clust19
3683,G15IQSN9O,clust19
3684,G1CXTWB7Y,clust11
3685,G1DNDA6E8,clust5
3686,G1H96ARJ1,clust9
3687,G1IYPXL93,clust7
3688,G1NL6LMWY,clust4
3689,G1O975XQO,clust19
3690,G1W91AJS7,clust9
3691,G2119VU71,clust5
3692,G2Z37F4NB,clust9
3693,G360Z5RKT,clust5
3694,G38JDX4G7,clust4
3695,G39WST6NN,clust19
3696,G3NFY21UV,clust16
3697,G3OHYF601,clust4
3698,G3Y7MRB4Y,clust19
3699,G44I2GJCY,clust19
3700,G4X5625SD,clust9
3701,G50O7D8WS,clust3
3702,G5LTZUL0U,clust4
3703,G5W7ZH33K,clust1
3704,G5WY7GAII,clust17
3705,G67JQ25E0,clust8
3706,G68Q95T1B,clust0
3707,G6JO6WYQK,clust4
3708,G6Q1UT0DX,clust9
3709,G6VEH2KLI,clust4
3710,G6ZK6CADN,clust4
3711,G7047QPAO,clust5
3712,G74J9WTRV,clust9
3713,G7CXN3H90,clust2
3714,G7GMCQCN5,clust16
3715,G7GOGJ9LF,clust0
3716,G80KJ09OA,clust16
3717,G81YD0RUQ,clust9
3718,G89AZJUQY,clust1
3719,G8DCASEE1,clust8
3720,G8HZGFPGU,clust2
3721,G8MUN3Z7T,clust7
3722,G8WQB5ZTS,clust3
3723,G93J4HR4M,clust15
3724,G98VAB60R,clust14
3725,G9AQ3WSZO,clust15
3726,G9KWZASO0,clust8
3727,G9UXAPBJX,clust0
3728,GAALTPHC0,clust1
3729,GAJ0PEED6,clust6
3730,GANWVJFV7,clust5
3731,GB8FCM095,clust1
3732,GBEPEWN2H,clust5
3733,GBS4C7CFI,clust5
3734,GCMIWMD9H,clust12
3735,GCQCZNYQA,clust1
3736,GCTCTV8XB,clust10
3737,GCZT8DDW4,clust4
3738,GD1ZJU0C8,clust11
3739,GDB01GBAD,clust8
3740,GDBVBFP5Y,clust10
3741,GDXF5026T,clust17
3742,GEKE28D6G,clust5
3743,GEPHGTKIY,clust3
3744,GEQMY1I1E,clust15
3745,GF0XT2FI1,clust9
3746,GF0Z5QS7D,clust2
3747,GF1Y0V1BE,clust11
3748,GF2FHMHIC,clust15
3749,GF6SLIQ0N,clust9
3750,GFHHIP2W6,clust16
3751,GFVW8U02R,clust14
3752,GGE1LTS9C,clust14
3753,GGK46XW4X,clust2
3754,GGKHDGB6L,clust14
3755,GH6J2UPKL,clust3
3756,GHA53H4OP,clust19
3757,GHBNPTOIN,clust5
3758,GHINA6K0W,clust11
3759,GHMTZY2RK,clust4
3760,GHNFJ5P73,clust11
3761,GHT6MR6Y3,clust9
3762,GHUKORZK8,clust2
3763,GHXUQS93R,clust11
3764,GHYBPBPOQ,clust0
3765,GHYCL6OH9,clust19
3766,GIB09F43D,clust16
3767,GICHSPRU4,clust5
3768,GIKMYKHK2,clust5
3769,GILCEXLM1,clust8
3770,GIMT4HFIA,clust5
3771,GIQIX2K9F,clust18
3772,GIRA7CMC7,clust16
3773,GIRHFP6XX,clust19
3774,GIX3G1CUG,clust1
3775,GIZQ7FRYH,clust10
3776,GJ2D24TVJ,clust0
3777,GJ3NM7WHU,clust6
3778,GJ77CYD6O,clust1
3779,GJ9NJJDTD,clust6
3780,GJE56V7IQ,clust14
3781,GJMZFU90J,clust5
3782,GJN48OFYN,clust5
3783,GJP2O7VEB,clust16
3784,GJSZE3KU2,clust19
3785,GJT7RLJ4V,clust9
3786,GJVX9PHWM,clust9
3787,GK0ZH399Z,clust19
3788,GK4NHSDP7,clust5
3789,GK7YUAKM9,clust16
3790,GKIXNE8W0,clust6
3791,GKJCWV9YI,clust15
3792,GKJHAWJJO,clust4
3793,GKPVQN2XW,clust5
3794,GL683IFR2,clust11
3795,GLBD9XDTW,clust6
3796,GLEASPQKH,clust11
3797,GLLQTXZR2,clust10
3798,GLSTRGCZB,clust19
3799,GM76MXT5M,clust4
3800,GMN42900Q,clust4
3801,GNCX32PA4,clust14
3802,GNHU3VLS2,clust11
3803,GNPBVG4OO,clust0
3804,GNUIXQOHK,clust2
3805,GNXTHOJVH,clust8
3806,GOBQF5PBS,clust18
3807,GOFAHODEH,clust5
3808,GOJATA2NP,clust4
3809,GOJVB76I4,clust9
3810,GOPT9Y6E7,clust4
3811,GOSBS677M,clust0
3812,GOY54DYAX,clust19
3813,GP8FTD9IM,clust2
3814,GPDHKKA62,clust3
3815,GPE9DP0VI,clust3
3816,GPJG5ZTHK,clust15
3817,GPR680ZWD,clust17
3818,GPZZ0P288,clust19
3819,GQDOZNXLU,clust9
3820,GQJ5GNDIW,clust5
3821,GQKBUFMIJ,clust4
3822,GQKQIVT43,clust17
3823,GQMQZ0XRL,clust4
3824,GQRQFGDPZ,clust0
3825,GQSDINOYB,clust0
3826,GQXG7ZG6C,clust11
3827,GRAHULZDQ,clust7
3828,GRQ4C8CVH,clust17
3829,GRROFO1QE,clust5
3830,GRY51RCQQ,clust6
3831,GSBEE4UJA,clust8
3832,GSTSYM5PT,clust10
3833,GSTZA7V0N,clust11
3834,GT40FGBBN,clust9
3835,GTH3NNVSN,clust5
3836,GTIXUBYEQ,clust15
3837,GTZNK1QH3,clust11
3838,GU0RXMEAC,clust19
3839,GU96QVF3A,clust5
3840,GUD5ROH4B,clust18
3841,GUDCLGIAV,clust5
3842,GUQW6P3JP,clust15
3843,GUVT3FY7K,clust0
3844,GUXRQPZCX,clust5
3845,GV7SU3BBE,clust8
3846,GVA788VP6,clust16
3847,GVITDIJA9,clust0
3848,GVKA105BA,clust16
3849,GVRTKQDQS,clust14
3850,GVZYXB2CC,clust14
3851,GW8AH9X0M,clust0
3852,GWNUBGBKQ,clust14
3853,GWZTO4XXN,clust10
3854,GX529OOJY,clust1
3855,GXG3V1DBW,clust4
3856,GXGKW4904,clust11
3857,GXM3HM4JC,clust0
3858,GXQOMSYO1,clust8
3859,GXREBG7BO,clust4
3860,GXTT17GE6,clust2
3861,GY2NA0ZLP,clust19
3862,GY44R3EU0,clust11
3863,GY7B8UWTS,clust14
3864,GYDVJGJ8J,clust14
3865,GYEZN0MC9,clust0
3866,GYI1GYESF,clust8
3867,GYLTA73QS,clust9
3868,GYO8QRV7R,clust4
3869,GYPALBJPX,clust0
3870,GYQZT8ERU,clust12
3871,GYZYWKUUR,clust18
3872,GZ12W6R8J,clust12
3873,GZ27V480D,clust2
3874,GZ5BC86K9,clust6
3875,GZ749OQHT,clust4
3876,GZJYEYVWB,clust19
3877,GZLH66SGO,clust11
3878,GZXYY7VJZ,clust4
3879,GZZI5PUL7,clust3
3880,H069IYVSG,clust3
3881,H0DEH5WV6,clust19
3882,H0G6EV9EF,clust19
3883,H0HOFYBI1,clust5
3884,H0NMS07YE,clust7
3885,H0XEW3RMV,clust3
3886,H0XUNP448,clust14
3887,H14XSCMZA,clust0
3888,H19ZRGSFP,clust0
3889,H1J8S343Y,clust5
3890,H1MNO175A,clust15
3891,H2016608B,clust18
3892,H22QB2S4I,clust0
3893,H2MP9BFXS,clust11
3894,H2P8D2YG7,clust19
3895,H2T84GBUJ,clust7
3896,H32H4HFBT,clust10
3897,H34ZOKW9R,clust1
3898,H37NILLO2,clust16
3899,H3DG78MPE,clust18
3900,H3E1DN5QM,clust16
3901,H3HKCDOAK,clust7
3902,H3QBXUEPL,clust17
3903,H3QL17OF6,clust18
3904,H3QZGWZFY,clust5
3905,H423L3E4X,clust9
3906,H426WU2BU,clust8
3907,H46VAYBKM,clust16
3908,H4966GW1U,clust1
3909,H4EPHQ5T7,clust6
3910,H4OM01U0D,clust0
3911,H5250W0W2,clust16
3912,H57N92MS6,clust19
3913,H5ALTLP7L,clust4
3914,H5DA6OAYD,clust9
3915,H5IG7GSHC,clust5
3916,H5Q24FIK8,clust4
3917,H5R0Z0W0U,clust2
3918,H5XIGXVNN,clust14
3919,H5YQDW7MJ,clust1
3920,H68BIXDNZ,clust15
3921,H6C4BO9L5,clust15
3922,H6CLERFVU,clust8
3923,H6ICERU1F,clust0
3924,H6N1F8WTP,clust5
3925,H6P6FZ7BH,clust16
3926,H773LK6C0,clust12
3927,H773YT8AW,clust11
3928,H7AIOTULG,clust5
3929,H7CYHY36X,clust5
3930,H7CYXAK43,clust18
3931,H7D5ZLAFI,clust5
3932,H7DI7KLSB,clust15
3933,H7S5FZKO1,clust19
3934,H7TUA2C7B,clust14
3935,H8GMXCO6V,clust0
3936,H8GRWIWZ0,clust19
3937,H8I3KDTFQ,clust0
3938,H98I8WNEN,clust5
3939,H9LMEZP66,clust19
3940,H9ROMJZE8,clust5
3941,H9TYW1IPT,clust17
3942,H9TYXW4X2,clust18
3943,HA3AJ1T9L,clust4
3944,HA3XZISNI,clust17
3945,HA7OYSE0B,clust17
3946,HAFNAGO90,clust14
3947,HAJFOHW77,clust9
3948,HAMIVP29B,clust5
3949,HBFZSE8GV,clust12
3950,HBGGHXJNN,clust1
3951,HBJRB5VEO,clust9
3952,HBPDSQ55L,clust7
3953,HBRTAEQOC,clust10
3954,HBXIM30XY,clust0
3955,HCDCLRS77,clust9
3956,HCIVSRO6X,clust4
3957,HCL269B5S,clust4
3958,HCOLY5N39,clust4
3959,HCOTTWBBJ,clust15
3960,HCPV359OV,clust18
3961,HCS82V7J0,clust16
3962,HD4R8JW6I,clust11
3963,HD73OBVB2,clust11
3964,HD9DJ3U5Y,clust9
3965,HDGY136AL,clust0
3966,HDO57M08R,clust0
3967,HDOTFZ1SQ,clust2
3968,HDOWWBJUG,clust17
3969,HDQAYP9RI,clust14
3970,HDWXTSBW2,clust17
3971,HDYD3PFXY,clust4
3972,HDYSTT4PH,clust8
3973,HE7AEB2RT,clust9
3974,HED39R7VP,clust9
3975,HEFAG0UK0,clust4
3976,HEJBSU42N,clust9
3977,HEJKN395D,clust9
3978,HELO1Y5QK,clust2
3979,HELXIONBY,clust2
3980,HEOV524E6,clust10
3981,HEYIC8P4T,clust0
3982,HEYQWR4SH,clust19
3983,HF2PH88Z8,clust9
3984,HF54TZY5Z,clust12
3985,HF7I0PVQT,clust0
3986,HFCH2VSFS,clust0
3987,HFG4NW463,clust10
3988,HFINXQAHZ,clust19
3989,HFSMU44W8,clust15
3990,HFUC4BPRH,clust5
3991,HG1ODU7HC,clust6
3992,HG567ILEJ,clust0
3993,HGDH5N9FS,clust11
3994,HGDWOHQTB,clust12
3995,HGKJSFNIF,clust7
3996,HGKY4C3UE,clust1
3997,HGM38OLO1,clust12
3998,HGMITRQAJ,clust16
3999,HHJ0QU7AM,clust0
4000,HHO9JVQGR,clust3
4001,HHRS7Q2LY,clust1
4002,HHS5XMABH,clust1
4003,HHUAXT9R1,clust5
4004,HI0QURLFG,clust3
4005,HIFWOE8OG,clust19
4006,HIHBP7HSE,clust16
4007,HIJFYQBV4,clust18
4008,HIO7MU4AM,clust10
4009,HIPBXO4YH,clust2
4010,HIRNMW4V8,clust11
4011,HISMUESU2,clust6
4012,HJ5HDK16X,clust11
4013,HJ5K2WKNH,clust5
4014,HJDRNJZSU,clust3
4015,HJHCVHL0A,clust3
4016,HJJQ4ZTS6,clust14
4017,HJT1A3D5P,clust0
4018,HJWBP3BFZ,clust2
4019,HK01JUAUJ,clust18
4020,HK7EGEUHX,clust19
4021,HK9I1ECBX,clust14
4022,HKCSAJ71S,clust4
4023,HKDLSLDCT,clust14
4024,HKDYN3EN3,clust1
4025,HKRKWTYAJ,clust11
4026,HKSCJ740N,clust14
4027,HKU0ABH09,clust5
4028,HKY57F4ES,clust18
4029,HL28Z6770,clust15
4030,HL44DRB12,clust5
4031,HLI8JYDPU,clust0
4032,HLMFPBM51,clust11
4033,HLPW86DSK,clust4
4034,HM0QO68W6,clust19
4035,HM526SX4V,clust17
4036,HMA7TEU0H,clust11
4037,HMC6PBDV3,clust9
4038,HME29KH8Y,clust10
4039,HMNYHQQAA,clust19
4040,HMYWDCJJN,clust0
4041,HN4R35WZ2,clust5
4042,HN6Z3JLTZ,clust8
4043,HNCIB4OSP,clust1
4044,HNHS43286,clust14
4045,HNIJO07VZ,clust3
4046,HNP3FLTEP,clust14
4047,HNP9PY0DH,clust2
4048,HNY60FA92,clust5
4049,HO4AT5E1O,clust11
4050,HO59X34P4,clust18
4051,HO8F409NC,clust19
4052,HOBDNHGZ2,clust15
4053,HOBHNLH04,clust16
4054,HONE8CLTZ,clust5
4055,HOO6FOUCS,clust11
4056,HOZ23QIOT,clust15
4057,HP5L8ZDW5,clust14
4058,HPCQG09PD,clust0
4059,HPKUPN6P7,clust5
4060,HPMWB8CZB,clust4
4061,HPVE8UNAS,clust10
4062,HPVFRFIIO,clust1
4063,HPXG11SE9,clust11
4064,HPYWBAVBC,clust0
4065,HQ4IGSXFC,clust5
4066,HQBPNLKEV,clust12
4067,HQCQPRWU7,clust4
4068,HQJW8N2FI,clust6
4069,HQVJ0TC6N,clust2
4070,HRAXOZYYG,clust13
4071,HRCFHOEKX,clust7
4072,HRJ3DIY0B,clust6
4073,HRQID1Q31,clust0
4074,HRRHT13J1,clust5
4075,HRXSWLXFO,clust19
4076,HRYJ6VOCG,clust12
4077,HS2UD06JS,clust6
4078,HS5AH0N9V,clust8
4079,HSAJEL4VB,clust8
4080,HSPCFHPVF,clust3
4081,HT9YG42G1,clust19
4082,HTCRL6X0P,clust5
4083,HTDUV1QM6,clust4
4084,HTIM3JT97,clust2
4085,HTNBW99VL,clust16
4086,HTOCY3Q25,clust6
4087,HTVAZMYS0,clust1
4088,HU071EWQ8,clust4
4089,HU0M7DL4I,clust3
4090,HUCWDJZ07,clust18
4091,HUFLQ0B45,clust11
4092,HUGNV2FKB,clust14
4093,HUR9UFIDD,clust4
4094,HUT2ZEW9U,clust5
4095,HUUCUG1R1,clust16
4096,HUYAFW6UO,clust9
4097,HUZADXQF1,clust1
4098,HV569RKMJ,clust5
4099,HV5RUKUK0,clust0
4100,HV9EF396M,clust0
4101,HVB2XMWNV,clust6
4102,HVBFJI5EM,clust5
4103,HVF4S25OV,clust14
4104,HVQ1BSUAM,clust6
4105,HVXGQXIDT,clust2
4106,HW0C3WLK9,clust5
4107,HW8DWHH0L,clust10
4108,HWA8WTS0T,clust9
4109,HWDDJLFSU,clust5
4110,HWLHSE4PZ,clust2
4111,HWNCPG7TF,clust0
4112,HWO7JE08T,clust6
4113,HX44HA4SD,clust3
4114,HX9ARWMIO,clust0
4115,HXD1UDLKC,clust18
4116,HXGJHIP0R,clust11
4117,HXGV3DO41,clust16
4118,HXKTXAKB4,clust4
4119,HXM3VHODD,clust14
4120,HXNHNKGZI,clust15
4121,HXNOJWEA7,clust9
4122,HXPXO36JZ,clust5
4123,HY0HN2DXO,clust9
4124,HY9OWM9TQ,clust19
4125,HYFK3QH4Y,clust5
4126,HYLPGPG8P,clust0
4127,HZ2MQ70CC,clust15
4128,HZ6W19C7P,clust18
4129,HZOEK05N4,clust5
4130,HZOW4GQCU,clust0
4131,HZQ0VKECM,clust16
4132,I09KPMO2N,clust19
4133,I0GP7VKCM,clust5
4134,I0IYCOFBL,clust18
4135,I19UUM724,clust4
4136,I1F792M30,clust4
4137,I1HSKCW24,clust10
4138,I1KI0XMU8,clust16
4139,I21SWAOQ7,clust10
4140,I2KTWCQMB,clust16
4141,I2KV2JRG9,clust0
4142,I2SHO63ZK,clust0
4143,I2WL1X45Y,clust8
4144,I33PO9D8V,clust4
4145,I387VUBJR,clust15
4146,I3A5OKP6O,clust10
4147,I3A6WV1H9,clust5
4148,I3F5YCP02,clust5
4149,I3JVHEWRZ,clust5
4150,I3LWP3OL0,clust14
4151,I3PRL6UQM,clust17
4152,I3R622QIM,clust16
4153,I3TEDU919,clust1
4154,I40QICXJG,clust0
4155,I41202ZYQ,clust3
4156,I44Y6AF5F,clust5
4157,I4FVM0X0M,clust19
4158,I4LUNWJI3,clust3
4159,I4PBB452Y,clust5
4160,I4V2M3ZZ4,clust15
4161,I4ZF8NHUF,clust19
4162,I598ISUK3,clust11
4163,I5JFQLHYL,clust8
4164,I5L0GPTRP,clust4
4165,I5LUWXUHT,clust4
4166,I5QR6GT87,clust11
4167,I5TB84K5V,clust0
4168,I5UNE4XPZ,clust9
4169,I5Z4PAG1C,clust5
4170,I60VWXMB6,clust15
4171,I6370042M,clust11
4172,I65I8S9O1,clust11
4173,I65Y1ZI7V,clust4
4174,I6MHRG3AK,clust5
4175,I6TT4QVM3,clust4
4176,I6UWFN0G2,clust18
4177,I70IUYF88,clust9
4178,I72DM3GS6,clust5
4179,I72QACQ2J,clust0
4180,I7AUOFWZG,clust5
4181,I7BWQ42KT,clust1
4182,I7MNJLFWR,clust19
4183,I7PRC37YW,clust9
4184,I7QC8IU6P,clust11
4185,I8763H5KI,clust7
4186,I87AXP01C,clust7
4187,I8UBZMRMB,clust4
4188,I90DV1WT9,clust9
4189,I91XQNBR3,clust12
4190,I92R0EGQ4,clust7
4191,I96QTIC24,clust5
4192,I9RZ3N40T,clust18
4193,I9VUKAOX2,clust6
4194,I9ZOJLMYP,clust15
4195,IA6GVOGWN,clust9
4196,IA9GQ919M,clust11
4197,IABMWJNKH,clust8
4198,IAEP6SPED,clust9
4199,IAL6B518C,clust19
4200,IAOCUQMUQ,clust19
4201,IAPXJ3ITH,clust12
4202,IAZMXLYGO,clust16
4203,IAZTTPG94,clust13
4204,IB31XHQ1O,clust19
4205,IB4LH9V9C,clust1
4206,IB7O09VZ8,clust8
4207,IB8QUR02C,clust5
4208,IBAVAEOTM,clust19
4209,IBEK5G7MM,clust14
4210,IBJ9OOBA2,clust15
4211,IBKL10KIK,clust5
4212,IBLKT3R8P,clust3
4213,IBRQDN4Z1,clust15
4214,ICJXFIHM1,clust14
4215,ICTFHOL2B,clust8
4216,ICX4LK1Z8,clust12
4217,ICX73WZVR,clust19
4218,ID01GQBAX,clust7
4219,ID4FR2N5V,clust15
4220,ID9IM1907,clust8
4221,IDCC5TQT3,clust17
4222,IDI73JCI9,clust18
4223,IDQX287AK,clust2
4224,IE0YQI0FN,clust5
4225,IE12RM7EA,clust12
4226,IEHD1GT83,clust8
4227,IEP7EXDNC,clust19
4228,IF2YTIIEF,clust0
4229,IF3Y8BI9U,clust1
4230,IF4XBV7R6,clust8
4231,IF6CB4S4E,clust15
4232,IF7277F6Z,clust8
4233,IF9UYDTHH,clust0
4234,IFO9GCR9S,clust5
4235,IFQH6BCTR,clust5
4236,IFXPEXUSS,clust5
4237,IG2TKK1LE,clust9
4238,IG5LO05HL,clust9
4239,IG6FJ49RE,clust4
4240,IG6ZD5VI4,clust4
4241,IG7A6FZWM,clust7
4242,IG9GFVI9A,clust2
4243,IGC9ZGRGY,clust11
4244,IGEEVKNE8,clust5
4245,IGGCJNNTP,clust19
4246,IGLDA1HB5,clust12
4247,IGM2X81NE,clust18
4248,IGMH08CR0,clust0
4249,IGQHV0J9V,clust5
4250,IGXGIQPBH,clust1
4251,IHCO79GWA,clust17
4252,IHD6WEAZK,clust4
4253,IHJO63F35,clust0
4254,IHMLQN36K,clust8
4255,IHPWBNMUT,clust5
4256,IHS0G9K0F,clust0
4257,IHTPY5MML,clust14
4258,IHUGLSTZW,clust5
4259,II1NAEUCT,clust18
4260,II2SBHSN4,clust0
4261,II34NR219,clust7
4262,II3AU1I97,clust1
4263,II3XF4I06,clust6
4264,IIR4M0KTU,clust2
4265,IJ2T82PUZ,clust7
4266,IJADOL7UM,clust19
4267,IJBLWA26W,clust18
4268,IJH67CM2K,clust7
4269,IK8YDZ67N,clust10
4270,IKELGVJ4V,clust8
4271,IKFJYU21I,clust0
4272,IKLI517P7,clust5
4273,IKN7LBBJM,clust2
4274,IKPRTU0QZ,clust6
4275,IKQNJC5C2,clust10
4276,IKWCQWBPH,clust18
4277,IKYSU8ZEI,clust14
4278,IL4CK5NML,clust11
4279,ILBLGPGOY,clust19
4280,ILWYX943J,clust3
4281,ILX8I4WWU,clust10
4282,IMCEYXJ7H,clust15
4283,IMCUW8WKX,clust18
4284,IMGWN7HJ0,clust14
4285,IMMFW5B0C,clust0
4286,IMPCOYUQN,clust9
4287,IMPY3IS9I,clust8
4288,IMV0N9R6I,clust4
4289,IMYZ29Q3Q,clust18
4290,IMZAAKBP1,clust9
4291,IN5NF8Z5S,clust5
4292,INJZYRU25,clust19
4293,INMRYCKA7,clust10
4294,INP2IY568,clust7
4295,INUSC4KEH,clust19
4296,INXALU7FU,clust17
4297,INZH3Q5NS,clust18
4298,IOFCHJ30O,clust1
4299,IOLJQ8SBK,clust5
4300,IOMDEDST8,clust15
4301,IOS4M81ZK,clust8
4302,IOV3TDX3Q,clust8
4303,IOVFNXNFW,clust5
4304,IOXHJMGZZ,clust16
4305,IP3NMSWZA,clust4
4306,IP54OFKM8,clust8
4307,IPJ76EE4D,clust12
4308,IPMHYT3UL,clust4
4309,IPND2BYXV,clust9
4310,IPNG73LBT,clust1
4311,IPT25MGAE,clust2
4312,IPYGX43KY,clust19
4313,IQ4LJV1XW,clust19
4314,IQ7D8KBER,clust9
4315,IQBOQA180,clust5
4316,IQM8SQUJG,clust5
4317,IQP2V57TA,clust15
4318,IQQZ17DWB,clust17
4319,IQS6ZCO5C,clust8
4320,IQZTONJLB,clust1
4321,IR6THYHT7,clust19
4322,IRH24XHWS,clust17
4323,IRS0O2Z31,clust5
4324,IS19MW59N,clust0
4325,IS2TPM28J,clust17
4326,IS658HMV0,clust5
4327,ISIFOK81T,clust8
4328,ISIXFJLWC,clust10
4329,ISRPYEAHG,clust1
4330,ISVTJCOAC,clust15
4331,ITFHMD2PP,clust16
4332,ITIEZJT9U,clust6
4333,ITO8AL619,clust5
4334,ITOYKK130,clust12
4335,ITQCVFO06,clust11
4336,ITRU9NTGF,clust4
4337,ITRXH9D2J,clust19
4338,IUI01CD5F,clust0
4339,IUM6B4DOG,clust10
4340,IUN6CLWLT,clust14
4341,IURI8LUWO,clust5
4342,IUT3O5ESW,clust16
4343,IUTVWL0KO,clust10
4344,IUTY8TAY9,clust10
4345,IUVSHAL8U,clust2
4346,IUXDQ7X0U,clust7
4347,IV0Z6802E,clust10
4348,IVBY39J1I,clust10
4349,IVJ35ECJJ,clust5
4350,IVKA82O09,clust14
4351,IW803WNC4,clust16
4352,IW8GL2VA6,clust2
4353,IWF5I3WAQ,clust12
4354,IWKIVRUE8,clust16
4355,IWMAFOPTU,clust5
4356,IWNTY1IKL,clust10
4357,IWTLSOJS3,clust6
4358,IX0JFMGTU,clust15
4359,IXE67IEDB,clust18
4360,IXS20NLCK,clust18
4361,IYBUMC21J,clust4
4362,IYDCZWDAB,clust7
4363,IYFXTULSQ,clust5
4364,IYI5VEH95,clust16
4365,IYNSJB8ZP,clust7
4366,IYRTYO3HT,clust10
4367,IYSVRAE3J,clust3
4368,IYWNI7X5T,clust5
4369,IYZ3BZ1C6,clust4
4370,IZ72LLOVN,clust15
4371,IZCL7TB37,clust9
4372,IZHMR5T0T,clust14
4373,IZVL1SW04,clust4
4374,J0HCDA3JV,clust5
4375,J0KZ2QFS6,clust5
4376,J0MCFGVRS,clust14
4377,J0OY285BE,clust11
4378,J0WSMZ08O,clust19
4379,J0XWHEFJF,clust8
4380,J10WHW214,clust6
4381,J1A8AECTR,clust4
4382,J1GCTKD2K,clust7
4383,J1I3K6OIX,clust19
4384,J1I5E3WCF,clust16
4385,J1RI5PREM,clust2
4386,J1WJV8FH3,clust11
4387,J1WZG8S97,clust5
4388,J1YCNRJUC,clust11
4389,J2CLBU9FJ,clust17
4390,J2OZ3D44T,clust7
4391,J2X1LMXWN,clust4
4392,J306095SW,clust13
4393,J3EFMV9LB,clust8
4394,J3EO4D2C4,clust5
4395,J3FA7ZZKE,clust2
4396,J3G09CXBF,clust12
4397,J3GNX8MT8,clust5
4398,J3JRZIEW3,clust6
4399,J3SFOINBS,clust0
4400,J3TP6W3XZ,clust11
4401,J42BWO0HM,clust1
4402,J4HQHCQLF,clust7
4403,J4IKROVRP,clust6
4404,J4V0TJVYZ,clust5
4405,J4WCBF8LQ,clust10
4406,J53BLKK9X,clust3
4407,J57BPKJL3,clust8
4408,J5FYMROI2,clust5
4409,J5H84JA5K,clust7
4410,J5P3S0I6Z,clust19
4411,J5R14OJH1,clust0
4412,J5SNDRFT4,clust5
4413,J5WEHS5MF,clust5
4414,J5Y4DP5F3,clust5
4415,J61I0S61Q,clust15
4416,J63O9JY6Q,clust4
4417,J66SY76H1,clust5
4418,J6748PD9V,clust4
4419,J6F3CKPYX,clust3
4420,J6FURSK27,clust1
4421,J6NP8CAEN,clust5
4422,J74OHS44T,clust0
4423,J76L9KJGH,clust1
4424,J7DZ0WRF5,clust10
4425,J7J5MZKND,clust1
4426,J7MNJDB18,clust18
4427,J7OAUM8G9,clust0
4428,J7ONOA2OH,clust19
4429,J7UX5X875,clust10
4430,J7YXLDAGA,clust10
4431,J88UV83SR,clust16
4432,J8C5NJBN4,clust18
4433,J8PTVR9KH,clust9
4434,J8XK5XQG2,clust0
4435,J8XUSZ531,clust3
4436,J90NI6Z0X,clust5
4437,J966QEMZJ,clust15
4438,J9A4D106X,clust5
4439,J9F81OFNF,clust6
4440,J9LF9YGBF,clust2
4441,J9TZPU37V,clust18
4442,JA1K0KLCA,clust0
4443,JAAB9OSPI,clust18
4444,JADJYPNQB,clust14
4445,JANKVHWX4,clust19
4446,JAPJVNKID,clust8
4447,JAQ70UUEF,clust2
4448,JB27LK8I4,clust2
4449,JB9ONWO04,clust8
4450,JBC6FSNOG,clust18
4451,JBS3YDM4G,clust19
4452,JBXXBOZ7J,clust7
4453,JC0FH4TGD,clust4
4454,JC6CGRQDP,clust2
4455,JCB56HSP5,clust19
4456,JCL3HR5MX,clust3
4457,JCYPO0I0B,clust13
4458,JDEOXJEE4,clust11
4459,JDI6MG31T,clust10
4460,JDVSHMYTD,clust4
4461,JDYOP8X4G,clust0
4462,JE36Z2TUK,clust11
4463,JE3O186T5,clust4
4464,JE7MN3LP8,clust6
4465,JEVC88UAL,clust16
4466,JEYU75YB0,clust6
4467,JF1C5RXRP,clust11
4468,JF7I2ZJ55,clust2
4469,JF7XNTK79,clust17
4470,JFCFCQVQO,clust4
4471,JFLZIFIWC,clust16
4472,JFMV1X2EI,clust3
4473,JFNVQIB08,clust5
4474,JG324V37J,clust14
4475,JG7GB8FFB,clust13
4476,JG7IZSBYV,clust6
4477,JGDI3HPRV,clust0
4478,JGMNIZLCC,clust4
4479,JGPLDHGNM,clust2
4480,JGQ5DNE2X,clust16
4481,JGQYS2ZZZ,clust5
4482,JGTYS09LI,clust19
4483,JGV7Z2JAQ,clust11
4484,JH1XKSVE8,clust17
4485,JH8CKSX3S,clust9
4486,JHK7A2OA1,clust1
4487,JHVJEX8C5,clust17
4488,JHVX8UVL8,clust1
4489,JI1E9NUER,clust0
4490,JI641P3VJ,clust12
4491,JIJ990Z86,clust6
4492,JJ1JFQ0EB,clust19
4493,JJ95V5QXC,clust11
4494,JJFN7XAJ6,clust11
4495,JJHVBO450,clust17
4496,JJIHOPFTY,clust5
4497,JJP297Q8K,clust11
4498,JJWNQKI18,clust14
4499,JJXZQPDV3,clust1
4500,JK1V3YRMF,clust1
4501,JK4M2MCEB,clust8
4502,JK5C5VRGN,clust4
4503,JKBBY691P,clust19
4504,JKG8WKK96,clust18
4505,JKLX6MB6W,clust5
4506,JKTXV3WGW,clust5
4507,JL2UYIME6,clust19
4508,JL9PJI9ZK,clust11
4509,JLHCPZ0QV,clust5
4510,JLHYFJ1IX,clust3
4511,JLKKE0TFZ,clust6
4512,JLNL0XNRI,clust5
4513,JLZMGO51L,clust12
4514,JM0DJ7EOM,clust19
4515,JM0L811E8,clust7
4516,JM236IDMH,clust19
4517,JM41FBPKO,clust3
4518,JMD2T549L,clust5
4519,JMU8JSZEJ,clust18
4520,JMY7FGHHH,clust5
4521,JMZP84HRY,clust2
4522,JN5VBEVMT,clust17
4523,JNJR95FP4,clust16
4524,JNYZ02ZEP,clust17
4525,JO5VB4W5S,clust18
4526,JO7OVD0XS,clust4
4527,JODVMDYTD,clust8
4528,JOE2BVJWK,clust14
4529,JOGIBHEAT,clust12
4530,JOLW9XM3O,clust5
4531,JOLZK2KAJ,clust0
4532,JOPC45QH0,clust9
4533,JOSZ0HM23,clust1
4534,JOWC4KWYM,clust9
4535,JPE2WL810,clust4
4536,JPJ3NW1E5,clust14
4537,JPJY9D7D7,clust17
4538,JPZ1DP28B,clust0
4539,JQ4B3ABXH,clust4
4540,JQ9WEHF4B,clust1
4541,JQEQ06BR6,clust5
4542,JQPRRKIU6,clust5
4543,JQSZHCNFM,clust15
4544,JR12DWTK9,clust19
4545,JR5HDDXUA,clust16
4546,JRBB0VKZG,clust7
4547,JRBGHB8Y1,clust3
4548,JRHTP7TAO,clust14
4549,JRIPPSWQK,clust19
4550,JRKM02B0K,clust5
4551,JRLWIAFGA,clust10
4552,JRN8ZEYKV,clust18
4553,JRNI6AH8O,clust11
4554,JS6YWBLE8,clust7
4555,JSFQOW0GT,clust18
4556,JSGWW9UMH,clust18
4557,JSJKONJCP,clust7
4558,JSMAQHT15,clust9
4559,JSS106N3T,clust5
4560,JSY8T0IMZ,clust11
4561,JT8XFTGB4,clust2
4562,JTF4YU05C,clust8
4563,JTF60LTNE,clust10
4564,JTG2C9M1J,clust16
4565,JTODOBXSO,clust4
4566,JTQD7MCFA,clust5
4567,JU0JXCMZ1,clust15
4568,JU1YF9WWH,clust1
4569,JU7OHPOUM,clust1
4570,JUF2TED0X,clust9
4571,JUH2F35X7,clust13
4572,JUP9SNB3W,clust8
4573,JV9PI4RIQ,clust3
4574,JVIXQR5Q0,clust5
4575,JVL1ZNCJM,clust8
4576,JVS89OB9G,clust8
4577,JVTL6CN09,clust2
4578,JVVPA4IIW,clust2
4579,JVWXRE3YX,clust19
4580,JVZXAYLLV,clust16
4581,JWCOT7KQ2,clust3
4582,JWEG4BLQH,clust6
4583,JWRQZA9WD,clust11
4584,JWWLQKSSO,clust12
4585,JWY3XDZRD,clust18
4586,JX4BTJOJX,clust7
4587,JXD4RAOY2,clust6
4588,JXJ3Y0S3L,clust0
4589,JXJR57VQV,clust5
4590,JXL247K4Q,clust2
4591,JXRZERL6Q,clust17
4592,JXXNFVPQ6,clust0
4593,JYEOOGEIQ,clust7
4594,JYWSNNH5K,clust3
4595,JZ5Q5OMX6,clust9
4596,JZGWR2LCH,clust5
4597,JZI2EIJCU,clust2
4598,JZJ2V60I0,clust6
4599,JZMNP9I6J,clust8
4600,JZQ40BWMD,clust14
4601,JZR2T3GH0,clust18
4602,K07PKQ9FV,clust15
4603,K0BLK3BD1,clust18
4604,K0KJU3HFK,clust1
4605,K0M67V1NC,clust9
4606,K0MIFA92Q,clust16
4607,K0S4W56ME,clust19
4608,K0VSET37P,clust0
4609,K18WZZ8CT,clust14
4610,K1E4MAJEO,clust19
4611,K1FUEP02I,clust4
4612,K1GU34774,clust6
4613,K1I8HX6CG,clust10
4614,K1IKDVTZ9,clust4
4615,K1M24RDUD,clust19
4616,K1QDAJDMY,clust1
4617,K1RTFZLLL,clust5
4618,K1T60SGIW,clust14
4619,K1TAC2ZVW,clust17
4620,K22V9RTRH,clust4
4621,K247NBT7C,clust9
4622,K25VVULGA,clust4
4623,K2HR8TCFL,clust14
4624,K2T1ZDD9Z,clust18
4625,K2W49SMAS,clust15
4626,K2W6M1C1Z,clust5
4627,K35W662TD,clust5
4628,K36JKPDBM,clust5
4629,K3E3HTKFF,clust4
4630,K3JN1GILI,clust11
4631,K3Q33BEXX,clust19
4632,K4QKFF653,clust14
4633,K4T2MN7V4,clust11
4634,K4Z1QLL1L,clust9
4635,K50GIZONZ,clust1
4636,K55X3O4QP,clust19
4637,K56D06V8W,clust8
4638,K57DSRZU8,clust5
4639,K5FCRV2VK,clust9
4640,K5HHP7KUI,clust4
4641,K5LRP6NL7,clust19
4642,K5Y4QEHRI,clust17
4643,K68LMXNHX,clust18
4644,K6CEIER6P,clust4
4645,K6F70VROO,clust4
4646,K6P2AFZUV,clust19
4647,K6THI7DC9,clust5
4648,K6XACGV5K,clust7
4649,K6XQVO7MK,clust3
4650,K7B5XXYD5,clust10
4651,K7FOAI8RF,clust9
4652,K7K485UZ0,clust7
4653,K7QFRIWQC,clust12
4654,K7U6LL0TO,clust19
4655,K88PH2VK7,clust0
4656,K8BNHWOVT,clust10
4657,K8FXFTNI2,clust17
4658,K8GOD5VMO,clust5
4659,K8ZP82VOR,clust15
4660,K9CXFSNKF,clust4
4661,K9KZELVS8,clust19
4662,K9TCXWY6H,clust2
4663,K9WLAETWB,clust1
4664,K9X87BKY4,clust19
4665,KA006BT2C,clust2
4666,KA5YBP9CB,clust5
4667,KAAJ5PTY0,clust10
4668,KAEGLP5I3,clust5
4669,KAWXSMVQP,clust0
4670,KBCDDY8QS,clust14
4671,KBCORDKYH,clust4
4672,KBD1QOXNW,clust17
4673,KBDKK4OJQ,clust14
4674,KBGIW0H69,clust8
4675,KBIICRJ93,clust1
4676,KBP6JG0RE,clust6
4677,KBZODOHBB,clust0
4678,KCDQ4CXYJ,clust19
4679,KCV0ELCK5,clust0
4680,KCXBC2KGV,clust9
4681,KD76PXYJG,clust9
4682,KDE3L8UDG,clust13
4683,KDG5HOKQE,clust0
4684,KDSK91GKK,clust0
4685,KDV7UYVTO,clust16
4686,KDVFUP4TD,clust12
4687,KE858AAOF,clust17
4688,KE9JM66JA,clust19
4689,KE9SIQ281,clust5
4690,KEB2B4NEJ,clust6
4691,KECC3TTY1,clust19
4692,KENCP3RYY,clust19
4693,KEPE3Z95C,clust4
4694,KEQ3YT0A1,clust18
4695,KETNWL69W,clust2
4696,KFA6U3463,clust9
4697,KFEI97M5W,clust0
4698,KFG3BKMZY,clust19
4699,KFHBN2P5E,clust5
4700,KFJR3PIQ8,clust4
4701,KFT4GWBUO,clust9
4702,KG193H1L0,clust7
4703,KG1MU8S9Y,clust1
4704,KGHRQZQPC,clust10
4705,KGIGFEV1J,clust5
4706,KGK4EGXP4,clust10
4707,KGRG1A7XG,clust11
4708,KGTIOFF1H,clust7
4709,KH3SBZ168,clust15
4710,KH7CVI6Q6,clust1
4711,KH7UN6YXW,clust16
4712,KH942KW3V,clust15
4713,KHGEW8VEM,clust14
4714,KHJALUGED,clust1
4715,KHN18DDWV,clust4
4716,KI48G96TC,clust17
4717,KIEOTFBVA,clust17
4718,KIMDS6V7H,clust14
4719,KIT03W2VR,clust4
4720,KIWLQ5BGJ,clust9
4721,KJ0VNI9K6,clust15
4722,KJ23LVHUJ,clust2
4723,KJ496HTSA,clust10
4724,KJ5GFZLAL,clust9
4725,KJJCB4YX8,clust1
4726,KJKQ3T628,clust18
4727,KJZFI93EL,clust19
4728,KK6JX4VA9,clust19
4729,KK6XGY1IP,clust5
4730,KK7YI6BG0,clust5
4731,KKHZRBQE4,clust17
4732,KKLSRC7ZL,clust11
4733,KKYGFR90L,clust4
4734,KL0TB9S2A,clust4
4735,KLI1A3W8T,clust14
4736,KLN0BAK5V,clust0
4737,KLP068C0N,clust9
4738,KLSYAQNTZ,clust4
4739,KLYULBZQ3,clust19
4740,KM234U46E,clust0
4741,KM66WU42Y,clust5
4742,KMB9P2RWF,clust5
4743,KMCZI2RL1,clust2
4744,KMDT09O71,clust9
4745,KMMLIM2UT,clust16
4746,KMW6905JH,clust2
4747,KMX4GI3YI,clust4
4748,KN4TQ0CU4,clust9
4749,KNCZ4YJSD,clust11
4750,KNGIH7W8U,clust4
4751,KNN9Y8J44,clust4
4752,KNO4DFDL4,clust2
4753,KNQG8IGAV,clust3
4754,KNWGNVYXA,clust9
4755,KOMJP289H,clust13
4756,KOVC0C9OP,clust3
4757,KP01TBSNP,clust0
4758,KP2L1N7LD,clust5
4759,KPABU2CWT,clust8
4760,KPBW8ZU99,clust19
4761,KPCV50SU3,clust14
4762,KPJOKW3TQ,clust19
4763,KPQPO3EV6,clust5
4764,KPROGCMH7,clust4
4765,KQ3YJDXDH,clust12
4766,KQF162F7V,clust7
4767,KQJT73XK1,clust9
4768,KQNOY9EAZ,clust16
4769,KR3MV195X,clust18
4770,KR3VA9CK4,clust4
4771,KR58U8KRB,clust9
4772,KR6QCAIFB,clust4
4773,KR7XX4HRO,clust5
4774,KRE666J3A,clust5
4775,KRU6XMNKC,clust4
4776,KRV77C9YJ,clust1
4777,KRYTJ3JYY,clust0
4778,KS3MROJB7,clust2
4779,KS920EI35,clust12
4780,KS99A5PTV,clust10
4781,KSADV3F3Z,clust4
4782,KSCOPI25P,clust5
4783,KSGQ36M23,clust12
4784,KSJ7FK2GC,clust7
4785,KSJUTB7DM,clust2
4786,KSPTB4N1A,clust11
4787,KSTHG2B7G,clust2
4788,KSYUR1DXE,clust5
4789,KT82VS6MP,clust9
4790,KT9719O75,clust11
4791,KTED7WTO7,clust16
4792,KTJ1TZM6M,clust19
4793,KUHP2Z1DI,clust14
4794,KUJNZZNY4,clust18
4795,KUL5GUP4K,clust7
4796,KUMRCXEOC,clust4
4797,KUPG7JIQB,clust9
4798,KUSQZ28BQ,clust0
4799,KV38N6S53,clust18
4800,KVAZZ08CM,clust3
4801,KVG30GKNK,clust4
4802,KVKW5TMDD,clust2
4803,KVNO1A1FP,clust5
4804,KVRLZLRR1,clust19
4805,KVVOXLVKX,clust2
4806,KW0LXFPB9,clust18
4807,KW8G32NRY,clust11
4808,KWHTENHLL,clust7
4809,KWIPA4DGS,clust5
4810,KWLMJBGRC,clust5
4811,KWMQFX2OY,clust6
4812,KWR81MGMM,clust5
4813,KWZC87SE0,clust8
4814,KXD1HT1E7,clust15
4815,KXG4RL6RN,clust0
4816,KXQRMCBVW,clust0
4817,KXVSK38VV,clust8
4818,KY1QP1OPI,clust10
4819,KY7W4X0JG,clust19
4820,KYGH8JQWL,clust19
4821,KYKRD1XLP,clust9
4822,KYP3IGP2V,clust11
4823,KYUE06A7R,clust19
4824,KYWZP7PU8,clust6
4825,KZ3VTBV7R,clust9
4826,KZ8QKUEXD,clust9
4827,KZCKYUOYC,clust18
4828,KZKIQJNY3,clust4
4829,KZMNFSQVG,clust1
4830,KZQM5Y6WK,clust10
4831,KZSSH1D89,clust5
4832,KZTBP4AWR,clust8
4833,KZV0K87UM,clust4
4834,L0EUMKT4U,clust19
4835,L0F4K7AE7,clust7
4836,L0OUQPXZ0,clust0
4837,L0UBNNOZ8,clust13
4838,L0VOKAK36,clust17
4839,L0W8R2KVL,clust11
4840,L15A1X90N,clust19
4841,L1FH5ISXV,clust19
4842,L1GUP2EAS,clust1
4843,L1KPJ8VSM,clust6
4844,L1PWLVZ8R,clust19
4845,L1XJNFRY3,clust8
4846,L22VS6U3R,clust15
4847,L232XDKOF,clust11
4848,L263NWFI6,clust11
4849,L2FOJ3SB9,clust0
4850,L2O6INDUG,clust11
4851,L2RMEX4NW,clust4
4852,L2TCE599O,clust5
4853,L2ZAH56X5,clust16
4854,L346ISU7R,clust16
4855,L35Z2O90R,clust19
4856,L3DXDDMDC,clust1
4857,L3NCK9I2H,clust9
4858,L3WYW27N3,clust14
4859,L3X8JUDWE,clust6
4860,L3ZG0Z7U6,clust6
4861,L409UREXA,clust19
4862,L42U6SUEE,clust0
4863,L45TKHBJY,clust7
4864,L4BM8RLCL,clust8
4865,L4H62GRT0,clust7
4866,L4LXZDO4P,clust4
4867,L577UJWMT,clust1
4868,L5JRFJFBH,clust7
4869,L5K6MPSR1,clust12
4870,L5TQN9P90,clust8
4871,L5UY42A9A,clust5
4872,L5VND1MKT,clust0
4873,L60GF14UJ,clust16
4874,L6AJSWGDR,clust3
4875,L6I6GRLJG,clust12
4876,L6M0DZ29U,clust10
4877,L6OU546BP,clust5
4878,L6P3YL8YE,clust19
4879,L6RYKGFU6,clust12
4880,L766I8A78,clust7
4881,L7I8V63X4,clust0
4882,L7VWBL8UI,clust0
4883,L82ZTHXZQ,clust5
4884,L86OHAKTQ,clust0
4885,L87U9DF7A,clust10
4886,L8BK9O60X,clust5
4887,L8EQMRVQC,clust3
4888,L8JTFFPSN,clust19
4889,L8TGYKPLW,clust18
4890,L93GUAM9H,clust13
4891,L98QR9OGL,clust5
4892,L9L7Q8YXA,clust15
4893,L9N3ELDLH,clust8
4894,L9NC6QY6R,clust19
4895,L9NYCQKPR,clust6
4896,LA60I8QSS,clust15
4897,LANORJQO6,clust2
4898,LAQXCKKMZ,clust17
4899,LAWQLW56L,clust3
4900,LAYN9R7MP,clust5
4901,LB0GXXXTG,clust15
4902,LB3V776WX,clust5
4903,LB6DABN4K,clust14
4904,LBSP12TJM,clust15
4905,LBTEFI39H,clust5
4906,LBTQOKF4P,clust17
4907,LBWJFTSXA,clust1
4908,LC53GLZFG,clust7
4909,LCISGSNGO,clust1
4910,LCL9H36BQ,clust5
4911,LCLDIUULR,clust0
4912,LCT9D6YRL,clust5
4913,LCYS5Q14D,clust15
4914,LD1JQRC9F,clust0
4915,LD2V8QGCG,clust6
4916,LD6QLKB1O,clust8
4917,LDIZ2JC1U,clust19
4918,LDJ4YYU22,clust9
4919,LDZJ3SLN1,clust2
4920,LE1ZLVVFT,clust16
4921,LE7VK62IV,clust5
4922,LE8H4U1BN,clust5
4923,LE8RLZBYY,clust18
4924,LECPQFBVI,clust16
4925,LEK6JBIB8,clust3
4926,LEMBJDT7K,clust4
4927,LEMXGRS23,clust1
4928,LEQ5T33YJ,clust8
4929,LF379YLF9,clust9
4930,LF517QRPP,clust16
4931,LF85IHA4J,clust5
4932,LFKGPLBWB,clust16
4933,LFN85CO2G,clust8
4934,LFPBC7QIU,clust19
4935,LGIOKKSTE,clust15
4936,LGJRX33OR,clust19
4937,LGMK9N09J,clust4
4938,LGPVKJ5P0,clust2
4939,LGR5IXT80,clust2
4940,LHICSJN5G,clust18
4941,LHK3G4AVM,clust1
4942,LHMSWYN4A,clust2
4943,LHWPF83RU,clust16
4944,LHXUGOIV1,clust5
4945,LI7HCX7E5,clust4
4946,LI853NUXR,clust10
4947,LIDPBY15V,clust0
4948,LIIY027OP,clust5
4949,LIJIQBRIR,clust5
4950,LIMBHMG4J,clust17
4951,LIS98ASB9,clust0
4952,LIUI9FU6G,clust4
4953,LIWH5J3ZE,clust12
4954,LIX4RKYAG,clust12
4955,LJ2I7CC4I,clust5
4956,LJ53WUJYJ,clust0
4957,LJ80LLLLH,clust0
4958,LJQDX38CT,clust9
4959,LK00FZEWG,clust10
4960,LK7VMP3YS,clust11
4961,LKCQA60BA,clust12
4962,LKGZJQ8ST,clust3
4963,LKOL2Z5Y4,clust10
4964,LKSR4Y2FT,clust16
4965,LLD1MECTA,clust15
4966,LLL6B483S,clust10
4967,LM5L2LSTW,clust7
4968,LMEUR1OXO,clust19
4969,LMNI7ZLFG,clust5
4970,LMONN08VT,clust5
4971,LNRESIQNY,clust19
4972,LO2ASS7L8,clust1
4973,LO6ZSQHBC,clust0
4974,LO7FPEUXK,clust4
4975,LOHY0JEW1,clust9
4976,LOY8XVIZI,clust10
4977,LP73XFAFU,clust1
4978,LPA3TVFY1,clust10
4979,LPCA4YZ8F,clust14
4980,LPLVLSP04,clust18
4981,LPPU8T7FI,clust8
4982,LPSV7E4XI,clust15
4983,LPTMGSE8L,clust5
4984,LPZA1DCB5,clust19
4985,LQ8PJK1H3,clust10
4986,LQBT2NEUT,clust16
4987,LQGQ9IMZH,clust5
4988,LQOPOKENE,clust2
4989,LQPMGO4DK,clust7
4990,LQYV4CN92,clust0
4991,LRDPBBL8Z,clust14
4992,LS3GU6TAH,clust1
4993,LS5XI84X7,clust5
4994,LS7XUN0NE,clust4
4995,LSD816N8O,clust9
4996,LSGDUXXLO,clust8
4997,LT0EUDWWB,clust9
4998,LT1XSMSBJ,clust17
4999,LT7OBKV33,clust18
5000,LTG37NBEF,clust5
5001,LTKVRU9NK,clust11
5002,LTX4S5RZ2,clust13
5003,LTY1EPB6S,clust11
5004,LU36HFG4Q,clust14
5005,LU3W3Z0TD,clust5
5006,LU5V4XQOB,clust9
5007,LU5WFLVYM,clust8
5008,LUFL4RCLK,clust8
5009,LUFOJGLJX,clust19
5010,LUJ6N2X4Y,clust6
5011,LUZTLQD93,clust0
5012,LV4UIS3YQ,clust16
5013,LV81MYH1A,clust12
5014,LVAJAC92C,clust11
5015,LVD7QR5XW,clust17
5016,LVFN2ISBH,clust5
5017,LW7FAWOQ0,clust18
5018,LW8XW3ZI7,clust10
5019,LWBOUTMR2,clust15
5020,LWKPUO3O8,clust3
5021,LWM6G260F,clust9
5022,LX2F1GAWC,clust11
5023,LXJVYHIJR,clust11
5024,LY2QJ2CFB,clust9
5025,LY67VAUKN,clust0
5026,LY6Y6EZTG,clust11
5027,LY9HQ4DZ1,clust19
5028,LY9UW7H0Y,clust19
5029,LYKB2SGWZ,clust2
5030,LYM3MYSOC,clust4
5031,LYRF662J4,clust10
5032,LYY1JV4CN,clust0
5033,LZ3ZPAD5B,clust0
5034,LZ8IXN7HO,clust14
5035,LZMP85ODM,clust18
5036,LZZXN2MR6,clust5
5037,M025QYAQW,clust17
5038,M03BHQCXD,clust11
5039,M04H0ZPTF,clust5
5040,M0C5U013G,clust11
5041,M0G25DKP7,clust18
5042,M0PF3N245,clust0
5043,M1BGCK5BG,clust5
5044,M1DQLL3RS,clust11
5045,M1FE90LUM,clust5
5046,M1QEKWEI5,clust1
5047,M1STF3L4Y,clust5
5048,M22WTY9LM,clust9
5049,M2A3RVFB0,clust4
5050,M2BWGOMBE,clust19
5051,M2C8CPU8V,clust0
5052,M2CJZ48BY,clust5
5053,M2CWY208G,clust14
5054,M2GO8XNQI,clust8
5055,M2IXHGBL3,clust19
5056,M2LEMIURS,clust5
5057,M38BDO7IW,clust10
5058,M3FR0O1EG,clust11
5059,M3ODO2D3V,clust19
5060,M4BX8F007,clust17
5061,M4C42LNPY,clust16
5062,M4MN46AXY,clust1
5063,M4X612A1L,clust11
5064,M4XJH9HBT,clust11
5065,M51ZY1V3X,clust5
5066,M5B3M4DK1,clust12
5067,M5CE7BYL3,clust5
5068,M5CLMIY5G,clust5
5069,M5LM8GKN1,clust19
5070,M5N680LR6,clust1
5071,M5NALWLTD,clust1
5072,M5NUMJ7FS,clust0
5073,M5TARJVA3,clust11
5074,M5X1Y940M,clust4
5075,M613JCWQF,clust2
5076,M63BPTX3O,clust0
5077,M6CH2WKKJ,clust7
5078,M6H3GGYZ0,clust16
5079,M6MVQBI0K,clust4
5080,M6OPRYLJ5,clust16
5081,M6SOOPGN3,clust10
5082,M6UGK03PB,clust5
5083,M6XTWT6B7,clust7
5084,M70O8YIVX,clust11
5085,M7DSL1G4V,clust0
5086,M7DY12FNZ,clust14
5087,M7S39EYM9,clust19
5088,M7VTG1H2E,clust18
5089,M880X4HS8,clust6
5090,M89ENDZL3,clust0
5091,M8J10MNZF,clust12
5092,M8NF3YV38,clust11
5093,M8TTF8OOB,clust6
5094,M9608DT6G,clust3
5095,M9EDJJT0N,clust7
5096,M9SUN1YMC,clust5
5097,M9TU7AY3C,clust4
5098,M9XB83R47,clust9
5099,MA48VR2RC,clust9
5100,MAIRH3KHX,clust0
5101,MAJDFJ5NC,clust11
5102,MAOUXABIM,clust2
5103,MAR4IPYNY,clust5
5104,MATDWEQHK,clust16
5105,MB6XE36YK,clust2
5106,MBH2U3S9K,clust6
5107,MBOAELTXG,clust5
5108,MBY2PS8GA,clust5
5109,MBYC9PHBN,clust5
5110,MC7XRKI9I,clust11
5111,MC9KKE642,clust6
5112,MCDVLZVQP,clust7
5113,MCENNSHO4,clust2
5114,MCEVIBD0W,clust5
5115,MCHXPF04Y,clust8
5116,MCON2KDBG,clust18
5117,MCRX7CUB6,clust0
5118,MCT13AECX,clust11
5119,MD7WNVU1J,clust18
5120,MDDPTWR2N,clust11
5121,MDGJMZI4H,clust10
5122,MDQ7RVABI,clust18
5123,MDXGLNCWU,clust1
5124,ME2N68VC1,clust14
5125,ME2SW47U8,clust0
5126,MEDDWBDHB,clust1
5127,MEDYMDN43,clust12
5128,MESCJH2TY,clust2
5129,MEUIYHZ9H,clust10
5130,MFICOPD5S,clust17
5131,MFPOCL41H,clust14
5132,MFWS3SIRD,clust11
5133,MFXXME5I4,clust5
5134,MG0F5IZR6,clust11
5135,MG2GXYN4V,clust5
5136,MG2VGAV2B,clust10
5137,MG6PBDIAB,clust17
5138,MG9Q8O9W7,clust14
5139,MGD590AHP,clust2
5140,MGN1SLOMR,clust10
5141,MGN5EAUR8,clust0
5142,MGRZEPDO4,clust1
5143,MGVVPXKAL,clust4
5144,MHK9ZGMUX,clust15
5145,MHUEWFUU5,clust0
5146,MHY99Y6AC,clust10
5147,MI76XXH8B,clust19
5148,MID2EIIHP,clust5
5149,MIHNBWOXD,clust5
5150,MIJNMCWRE,clust9
5151,MIO2P9Q4Q,clust11
5152,MIPA1H06D,clust14
5153,MIWD11F7Q,clust6
5154,MIYHTDUZK,clust5
5155,MJ25U5BXD,clust2
5156,MJ4O9TVVR,clust0
5157,MJD2DEDHK,clust7
5158,MJYKN0H9R,clust16
5159,MKKVVG956,clust0
5160,MKUIWE5EJ,clust4
5161,MKW0JR0XQ,clust3
5162,ML47GXQNQ,clust8
5163,ML8W6SG91,clust12
5164,MLAYXHCC1,clust10
5165,MLCWU0X1P,clust11
5166,MLJZE14IK,clust4
5167,MLM5UR4L5,clust17
5168,MLX7RWVIX,clust5
5169,MLXAUPU17,clust0
5170,MLYIQ391D,clust4
5171,MM1BPW3AY,clust15
5172,MM36NLFS2,clust1
5173,MMDETTUKM,clust16
5174,MMDJTOLIQ,clust9
5175,MMDNEDH5N,clust0
5176,MMGS7S1AH,clust12
5177,MMONN2TXY,clust13
5178,MMXFJ7116,clust0
5179,MMZMLOLON,clust5
5180,MNPEKICB7,clust9
5181,MNR21JQTR,clust5
5182,MNT8O9ESH,clust10
5183,MNWVMFLYZ,clust6
5184,MOKPM31CY,clust11
5185,MOL7J0XFS,clust10
5186,MOQ0YSUTK,clust6
5187,MOQ304RZW,clust19
5188,MP85Z7QB7,clust15
5189,MP8EHRG30,clust12
5190,MPWKF96EQ,clust2
5191,MQ0FB7LAF,clust5
5192,MQ1NFUAIC,clust0
5193,MQ63UD0VP,clust14
5194,MQE1P628U,clust12
5195,MQJR5TSGQ,clust16
5196,MQXKI87HW,clust17
5197,MR6D8WQR9,clust7
5198,MRBTP0VFY,clust1
5199,MRJI4SKWB,clust5
5200,MRW5F302J,clust15
5201,MS72U7L7N,clust3
5202,MSHWEYU41,clust8
5203,MSL4GEBA2,clust0
5204,MSTKXDOI1,clust10
5205,MT8A6XRIR,clust14
5206,MTCH1EW7A,clust14
5207,MTJSD061C,clust10
5208,MTK7Y2UE1,clust16
5209,MUPLHUL3B,clust5
5210,MUQWPMFKJ,clust16
5211,MUU5J59VG,clust5
5212,MUVIVBYKM,clust5
5213,MUYO6WDZ8,clust4
5214,MVC3S3YJO,clust7
5215,MVEFE6F1K,clust13
5216,MVK4SGUJ4,clust19
5217,MVLSMVSFA,clust18
5218,MVQDZ2P4K,clust0
5219,MVT0JNQFE,clust2
5220,MWHQENE1H,clust8
5221,MWQMPGQEW,clust19
5222,MWRLT8ORC,clust8
5223,MWZU7PP0C,clust9
5224,MX0OOL2DK,clust7
5225,MX1GSKJXQ,clust7
5226,MX1LMLOOH,clust10
5227,MX331SIJL,clust11
5228,MX6YJNSFO,clust14
5229,MXAIO2HMH,clust13
5230,MXAKX22RG,clust4
5231,MXCVN9L63,clust17
5232,MXO29EZIC,clust11
5233,MXT4YZ7U3,clust11
5234,MXTEZ45EL,clust8
5235,MY7WDECK1,clust5
5236,MYBE3ZS80,clust5
5237,MYC1UAE61,clust15
5238,MYC3K3QT5,clust12
5239,MYF1D3BJO,clust9
5240,MYIKEFVQC,clust6
5241,MYL03TDCK,clust11
5242,MYRSZ1XDO,clust4
5243,MZ3FWRH2E,clust5
5244,MZCLJQMJT,clust0
5245,MZQ88YDMC,clust11
5246,MZTGHETR0,clust16
5247,MZX1VPFF8,clust3
5248,N0HJHXI6I,clust11
5249,N0IPPM88Z,clust7
5250,N0JIW808T,clust14
5251,N0MKX3PBU,clust17
5252,N0VEI659G,clust10
5253,N0VIKA4P7,clust9
5254,N132EIY7V,clust1
5255,N1G8VCV1P,clust14
5256,N1S132RVA,clust1
5257,N1SWB3DOI,clust11
5258,N1Z5BCFJ8,clust18
5259,N28GFNWG4,clust0
5260,N28MVSKV1,clust19
5261,N2CAHMFEU,clust12
5262,N2MZX7BI2,clust18
5263,N2VPJ5TKS,clust14
5264,N2ZGTRPMK,clust19
5265,N37P7M00J,clust1
5266,N3R2CE0JU,clust19
5267,N3RWXD4UV,clust18
5268,N3UHA16GL,clust4
5269,N40DCCTA0,clust5
5270,N45QPYKFW,clust11
5271,N48LQTSSB,clust6
5272,N4GJARN5M,clust6
5273,N4JSC8413,clust5
5274,N4U8QXIL9,clust0
5275,N5IEEN991,clust12
5276,N5K5SLGWY,clust7
5277,N5NW660HM,clust15
5278,N6SSHWUE9,clust1
5279,N6U0C7LOL,clust4
5280,N6VNDXVG9,clust9
5281,N6VWMI2O2,clust5
5282,N6YA42IU8,clust12
5283,N74PSFM1T,clust4
5284,N75IUO7UU,clust14
5285,N78EX43CQ,clust3
5286,N7AL0UU2N,clust5
5287,N7F6IVY8K,clust1
5288,N7JX8172L,clust17
5289,N7N8PYT1E,clust0
5290,N7NV8LYRR,clust4
5291,N7T0FRJ85,clust7
5292,N7T7AH3VL,clust0
5293,N7YKQZDTQ,clust10
5294,N8C1KI40W,clust18
5295,N8LX9KLCC,clust1
5296,N8N3WCU4T,clust4
5297,N8RY86DDT,clust15
5298,N8UKV7AES,clust11
5299,N8WGATNXV,clust14
5300,N8WOYYKSJ,clust4
5301,N96BY32WT,clust15
5302,N9B1OR2DH,clust12
5303,N9DL827T2,clust4
5304,N9JRSCMP2,clust0
5305,N9R3X5Z02,clust6
5306,N9RIKW5BE,clust0
5307,N9RKFU7VF,clust5
5308,N9TEPET3J,clust11
5309,NA2L6W3EB,clust9
5310,NAGFJ94RU,clust16
5311,NAN641VC0,clust3
5312,NAU6ZQM7P,clust14
5313,NB5QW9RUF,clust1
5314,NB5WS11IK,clust8
5315,NBHKY0BB9,clust14
5316,NBK8O3VZ7,clust4
5317,NBO9SUM96,clust0
5318,NBWFDLJ70,clust12
5319,NCK6EH1MC,clust15
5320,NCPKCU0NF,clust11
5321,NCQ8O2YYE,clust0
5322,NCWZNPUOP,clust8
5323,NCYBVVKZH,clust2
5324,ND1VRDB95,clust11
5325,ND74YRHZU,clust0
5326,ND7KWG1I5,clust7
5327,ND83E9OWD,clust8
5328,NDH3O3A69,clust5
5329,NDLM2P0PH,clust11
5330,NDUKLWK8B,clust12
5331,NE5O5M9BG,clust8
5332,NE6FR3QNB,clust3
5333,NE6YEKWGY,clust3
5334,NED6B78PB,clust0
5335,NEGO8QU4W,clust17
5336,NEOGPQ0E0,clust3
5337,NEYXXS13E,clust5
5338,NF0QWCB5N,clust4
5339,NFCFI6SUE,clust7
5340,NFE19G9TI,clust5
5341,NFHG9VRYZ,clust14
5342,NFNRY7WNR,clust4
5343,NFS4U322X,clust15
5344,NFZ0X5BYO,clust10
5345,NFZBXA9UV,clust5
5346,NG2EQRWRM,clust2
5347,NG7K8O645,clust10
5348,NHG3104MW,clust7
5349,NHL47DOEF,clust10
5350,NHLOK22X3,clust5
5351,NHNK1GR5Q,clust11
5352,NHW50M9SR,clust0
5353,NI37PZ35B,clust10
5354,NI9XA8NEG,clust6
5355,NIYD8PK3C,clust5
5356,NJ54Q30BC,clust11
5357,NJBEHOSMT,clust0
5358,NJJBRM2T3,clust15
5359,NJQHGVUCB,clust2
5360,NJQJGLXJ7,clust1
5361,NJRJP1N4O,clust14
5362,NJUZAYIKY,clust4
5363,NJVO5MOLW,clust19
5364,NJWMMDIJ0,clust5
5365,NJZMU4BWR,clust14
5366,NKA3SB083,clust17
5367,NKDY6BBXK,clust4
5368,NKJ9ZH3XY,clust9
5369,NKTPNI092,clust10
5370,NKVAVRUIP,clust2
5371,NKVPWE2CT,clust4
5372,NLB17JTD1,clust18
5373,NLV88LOLJ,clust9
5374,NMBQBI2KT,clust18
5375,NMEV4F0UH,clust19
5376,NMMPI50H4,clust18
5377,NMS9XZ9TX,clust2
5378,NMULIQQK7,clust4
5379,NMZPQ1TDP,clust4
5380,NNMR53ZLZ,clust9
5381,NNZE660KS,clust15
5382,NO6I619QS,clust4
5383,NO905HECV,clust5
5384,NOBT8QCN0,clust1
5385,NOC5HJJI6,clust16
5386,NOJFC4D5H,clust2
5387,NOTI56Z70,clust9
5388,NOXLEGQBK,clust19
5389,NP1WVOQEU,clust1
5390,NP3T0OX7V,clust14
5391,NPN4W6Q04,clust14
5392,NPNP2DWT0,clust9
5393,NPOV4A5LL,clust3
5394,NPPE7W7AG,clust11
5395,NQ280ZQG3,clust1
5396,NQEE48AVK,clust9
5397,NQEYGOSSV,clust4
5398,NQF8A7IEX,clust5
5399,NQKJZS1GB,clust7
5400,NQRS0H149,clust14
5401,NQSYCRWY5,clust17
5402,NQYBMMCKP,clust19
5403,NR4BWI124,clust0
5404,NRBHIUO8P,clust19
5405,NRBMWJO89,clust5
5406,NRGFGYQEG,clust0
5407,NRNVK1UJ6,clust16
5408,NRRMFYVL0,clust0
5409,NRTOCR84E,clust5
5410,NRW7D2TPP,clust5
5411,NRWXHLMS6,clust8
5412,NS3V7ZAXM,clust4
5413,NS6ER6KMJ,clust8
5414,NS6O8LSKM,clust2
5415,NS7MIHKG6,clust3
5416,NS875KWX7,clust2
5417,NSBJF0XOG,clust5
5418,NSM7IXM5A,clust12
5419,NSRNGN9KQ,clust17
5420,NSUAELDWJ,clust3
5421,NTHIUI6E5,clust10
5422,NTMCNYYUJ,clust11
5423,NTMHYZYD9,clust3
5424,NTOOQM0YN,clust19
5425,NU0I5BR0C,clust18
5426,NUBZ24V81,clust19
5427,NUCS0BD76,clust5
5428,NUE3HDP9F,clust11
5429,NUNIS22TU,clust2
5430,NVBWCCD8A,clust8
5431,NVHWCS1L3,clust0
5432,NVK2VFOVA,clust4
5433,NVSWR3M3E,clust9
5434,NW2074949,clust5
5435,NW3V0W1KL,clust15
5436,NW652PE3N,clust7
5437,NW8EOGFA7,clust18
5438,NWFARNDCO,clust5
5439,NWNMPO4T3,clust11
5440,NWT3LN1XF,clust3
5441,NWV511NNF,clust16
5442,NWWTCQ52N,clust9
5443,NWZWEA5SQ,clust11
5444,NXNQEHGVH,clust0
5445,NXWT3OBJ3,clust11
5446,NY33XEI54,clust0
5447,NY5JCO486,clust16
5448,NYCQLI9O7,clust9
5449,NYOWZSL70,clust13
5450,NYRWPEE59,clust2
5451,NYUC9SRHI,clust14
5452,NZ54NSB7M,clust4
5453,NZ8Z9P4XY,clust9
5454,NZE570UB0,clust18
5455,NZLPZMTTH,clust7
5456,NZM21UIVZ,clust4
5457,NZM6LL9M0,clust5
5458,NZP5YBQCH,clust4
5459,NZXIL9KCU,clust13
5460,NZZTB9JQD,clust4
5461,O004H192Q,clust18
5462,O01DIQXRO,clust14
5463,O07A4CO2O,clust3
5464,O089M88NL,clust5
5465,O0I1JZ2C7,clust19
5466,O0IQ2NVR8,clust19
5467,O0IY4DP45,clust9
5468,O0LHP13U0,clust19
5469,O0T56KPDX,clust5
5470,O12BPS3EL,clust10
5471,O13Y541S7,clust8
5472,O16TC48BQ,clust14
5473,O1CHZV5DY,clust18
5474,O1EQMKY2C,clust5
5475,O1K97THQY,clust11
5476,O1LYIPYIG,clust19
5477,O1MO2OQ6P,clust19
5478,O1NMZY63N,clust19
5479,O27EF7GT6,clust18
5480,O2CSOFGFO,clust8
5481,O2CXVZBEY,clust7
5482,O2OKXVDMQ,clust9
5483,O2TC398EM,clust7
5484,O3HCNI81G,clust4
5485,O3HQ9UFQR,clust0
5486,O3L5SXORF,clust10
5487,O3NDC2JQG,clust9
5488,O3TKLCJ9Z,clust11
5489,O3U1OGAT6,clust3
5490,O42MXZPZ6,clust11
5491,O43Q2WT71,clust6
5492,O49NROEFV,clust3
5493,O4IG9QYSD,clust19
5494,O4KKZTSJ7,clust3
5495,O4KN4UBAA,clust5
5496,O4ZLN103A,clust3
5497,O52K8OZUM,clust14
5498,O5304B1XW,clust0
5499,O5GE138XO,clust7
5500,O5XXOU9F0,clust5
5501,O6A382WRY,clust6
5502,O6HU0J5VN,clust4
5503,O6J6993PN,clust0
5504,O6NVQZZ2H,clust5
5505,O6OWA8L2G,clust0
5506,O77AM20XR,clust7
5507,O7AC7V0ZN,clust6
5508,O7CAHYLND,clust14
5509,O7I2KOV3J,clust19
5510,O7K6ZHI05,clust4
5511,O7S8740A2,clust1
5512,O8062O981,clust0
5513,O8EQOAJ5Z,clust9
5514,O8HCFFV7B,clust10
5515,O8JR10XTX,clust10
5516,O8OJMZP8G,clust0
5517,O8Q0VEQSG,clust11
5518,O8Q2ZMPYW,clust5
5519,O93POCHHO,clust15
5520,O94SCAICX,clust16
5521,O96CUK7D0,clust4
5522,O980DE34X,clust13
5523,O9EIQXXXZ,clust5
5524,O9F9IY0OW,clust5
5525,O9LA9KV5S,clust1
5526,O9N6CM4FM,clust14
5527,O9UJ8ANLL,clust4
5528,OA2H5EO3K,clust0
5529,OA6LKV5G1,clust16
5530,OALVFXED8,clust12
5531,OB2AUJIT4,clust5
5532,OB2YWC26U,clust14
5533,OBJ8Y0OQ0,clust9
5534,OBODK0BZ6,clust5
5535,OBW7PL9NV,clust19
5536,OBWGQ1TQH,clust0
5537,OC3EUOFZS,clust0
5538,OC92SCB59,clust13
5539,OCB07L3DE,clust5
5540,OCC1LRNIH,clust6
5541,OCCGHLVAR,clust14
5542,OCCT8KTVP,clust1
5543,OCP5P10L1,clust19
5544,OCPGP0QD7,clust5
5545,OCPW2AAIB,clust18
5546,OCS6RHOEU,clust9
5547,OCVDCIJWE,clust4
5548,OCVQMLAWQ,clust6
5549,OCZY7B81B,clust19
5550,OD0L5RAXJ,clust15
5551,OD3F20UOB,clust9
5552,OD3GCEEQD,clust2
5553,OD8LO9QYX,clust18
5554,ODEFWCE43,clust5
5555,ODFGJE0YH,clust5
5556,ODJQHTT7Q,clust11
5557,OE6RPDXPY,clust14
5558,OE6TJ1QYT,clust10
5559,OEAQ83YKI,clust0
5560,OED50FQ8K,clust4
5561,OEH6HK4DF,clust5
5562,OERCW5PRN,clust1
5563,OFFRVDKYD,clust10
5564,OFH3UAA7G,clust11
5565,OFSF4LR2C,clust3
5566,OFVZ206TS,clust10
5567,OFWIB946V,clust6
5568,OG1S07BVQ,clust17
5569,OG2GKY6KR,clust11
5570,OG3RZD13U,clust1
5571,OGEMCY2WW,clust15
5572,OGHR4WND3,clust9
5573,OGVT3OUR5,clust6
5574,OGY99IAY6,clust12
5575,OH0X9W86X,clust4
5576,OH42PR5VU,clust9
5577,OHAV4WEWG,clust19
5578,OHEPEB4O8,clust1
5579,OHIUBDRY2,clust3
5580,OHQD9XEYO,clust13
5581,OHSWN3OM2,clust11
5582,OHXQP6RDD,clust1
5583,OI27TI0OT,clust8
5584,OI3OPD92X,clust8
5585,OI6D78264,clust1
5586,OIIRD0BGR,clust5
5587,OIMNBZZ5N,clust19
5588,OJBY3KJVX,clust5
5589,OJIMMT7DX,clust4
5590,OJJ264OQZ,clust4
5591,OJPQ6UWNY,clust6
5592,OJVI6Q8Q9,clust0
5593,OJW496HMA,clust4
5594,OK4ZSTL0C,clust1
5595,OK9MBQN14,clust2
5596,OKC30283Q,clust19
5597,OKDBJ32AC,clust14
5598,OKDVYOXSG,clust2
5599,OKS7N3J4Y,clust15
5600,OLA99SUOZ,clust4
5601,OLG6YYTHG,clust0
5602,OLK7U7ME7,clust16
5603,OLLD9ALWW,clust10
5604,OM4Z93HU7,clust17
5605,OM6ZIT2N4,clust8
5606,OM8AETFMV,clust14
5607,OM9DQV5XD,clust5
5608,OMFNP3FB3,clust0
5609,OML1G2GP6,clust8
5610,ON1GTF0XV,clust7
5611,ONF65QNA9,clust2
5612,ONHCI7IYU,clust1
5613,ONI4WPGD8,clust9
5614,ONPF48301,clust4
5615,ONPQZ1WMM,clust8
5616,ONTDP56H5,clust18
5617,ONVT20A9K,clust10
5618,OO3HOZ1S6,clust5
5619,OO6FL0BR4,clust10
5620,OO7T4B8NL,clust1
5621,OO83KCERW,clust6
5622,OO91D6OGB,clust7
5623,OP7CTO1W0,clust10
5624,OPJWZ3ZDU,clust18
5625,OPLJN80AK,clust4
5626,OPQEKBMIX,clust19
5627,OPSEJ4GVO,clust0
5628,OPSTGVGID,clust1
5629,OPTLNW4QO,clust5
5630,OPV8S9X30,clust4
5631,OQ17I8OXD,clust14
5632,OQ53LJBEW,clust11
5633,OQAS31LPL,clust11
5634,OQE6FJ2YN,clust5
5635,OQELMKHC8,clust1
5636,OQLXZKCQ4,clust10
5637,OQPDBQXJJ,clust12
5638,OQUCS0HW0,clust4
5639,OQUSESTHD,clust18
5640,OR76ACPNX,clust0
5641,ORAOUAJJL,clust6
5642,ORO18JN2N,clust1
5643,ORR25SO3Z,clust6
5644,ORRHT9LZU,clust16
5645,ORX36WUOA,clust9
5646,OS0D9KW8Y,clust11
5647,OS5QYNS2K,clust16
5648,OSJEUH9AJ,clust1
5649,OSKL1RW1W,clust16
5650,OSL393WKW,clust1
5651,OT00BED5J,clust8
5652,OT062JKVF,clust4
5653,OT3V6RY4P,clust14
5654,OT9GSTQDT,clust9
5655,OTD8IXP23,clust19
5656,OTFVG2OYM,clust19
5657,OTGMYB7EF,clust5
5658,OTMWP70GV,clust8
5659,OTS5PIXU2,clust11
5660,OU2NR8J1M,clust11
5661,OU4AOBB2L,clust14
5662,OUCE7RK8F,clust1
5663,OUGL19NX0,clust3
5664,OUO7TXXG0,clust15
5665,OUQ9WM3ET,clust10
5666,OUU0FRNOQ,clust9
5667,OUUT7HTIT,clust18
5668,OVGJG5ESC,clust4
5669,OVNOK9H71,clust1
5670,OVX0VEWVF,clust5
5671,OW094828E,clust5
5672,OW6SJ1817,clust16
5673,OWHOG47C7,clust19
5674,OWIQPVY6L,clust0
5675,OWU1MOU7R,clust16
5676,OWV0N27XU,clust5
5677,OWXBJJ87R,clust14
5678,OWXYVZGQ8,clust2
5679,OX19ZL94V,clust1
5680,OX6LKWPQ8,clust14
5681,OXD1RME7P,clust11
5682,OXH07RPZU,clust0
5683,OXLTHC0RA,clust15
5684,OXV8X3CFI,clust11
5685,OXZ9MSFLD,clust1
5686,OY6HFUMS4,clust13
5687,OYD418CG7,clust17
5688,OYIT4ENH4,clust14
5689,OYLL2E9S0,clust4
5690,OYLYJ1ESC,clust8
5691,OYPUWMOMZ,clust17
5692,OZ4HZOFNL,clust5
5693,OZ9R2GMJJ,clust5
5694,OZB8R3NY0,clust15
5695,OZEK7IXKS,clust10
5696,OZMKYDFCF,clust14
5697,OZVOXWUDD,clust19
5698,P05TTWNH2,clust18
5699,P08EJVBV4,clust1
5700,P0OC5GZHR,clust13
5701,P0U2I8R6F,clust9
5702,P13ZAM0X1,clust4
5703,P1A54FAWH,clust0
5704,P1GWHDJMP,clust10
5705,P1SN3PD9A,clust4
5706,P1WMISM4P,clust2
5707,P27WJQVKP,clust17
5708,P27YJLA6K,clust4
5709,P2EON4SER,clust17
5710,P2I940062,clust19
5711,P2O1OOU7I,clust1
5712,P2RRVUSLW,clust9
5713,P2T1C10TB,clust1
5714,P2TCLPJDK,clust16
5715,P2Y6PMRLT,clust1
5716,P35FDCRGM,clust6
5717,P3ONVGJL0,clust5
5718,P3VMOHK8E,clust0
5719,P411SK3TN,clust0
5720,P45SEQIIT,clust0
5721,P4AWJF9NQ,clust4
5722,P4GAYVQNE,clust11
5723,P4NZGMABR,clust8
5724,P4T1XQ900,clust5
5725,P4URLYOWP,clust10
5726,P4Y2ZUKVF,clust19
5727,P50HYEURF,clust0
5728,P5D76V14G,clust15
5729,P5GHVG1C8,clust4
5730,P5PI3HI4I,clust1
5731,P5RG03U7H,clust18
5732,P5SQ4FMVY,clust14
5733,P5UF3N9FF,clust5
5734,P604RY9EZ,clust0
5735,P63ZCD6CS,clust14
5736,P69QCD9CM,clust15
5737,P6EMXS3RS,clust4
5738,P6HIK1BFF,clust10
5739,P6KVVR5VJ,clust1
5740,P6O7KYS5T,clust6
5741,P6WCUK122,clust5
5742,P6WK1OCMB,clust9
5743,P77C1TLK7,clust11
5744,P7A0GP6L8,clust4
5745,P7KBN3LZU,clust9
5746,P7XL7Y5MP,clust12
5747,P80I322VH,clust9
5748,P84C6Y66Y,clust16
5749,P8L4YVKYY,clust1
5750,P8LTJA72M,clust4
5751,P8SW8AXR6,clust10
5752,P93FBTIVV,clust7
5753,P9DQODCL3,clust11
5754,P9IIQ7WSR,clust7
5755,P9PHAEK87,clust8
5756,PA28L0DFW,clust7
5757,PA5SFL9R3,clust15
5758,PALQ259WV,clust15
5759,PATSP68HT,clust10
5760,PAVFMRPZD,clust2
5761,PAX9WW6XF,clust4
5762,PAY2J5IVA,clust3
5763,PAYPLYMXA,clust10
5764,PB0ZJHLC0,clust18
5765,PB75P07FB,clust14
5766,PBDDT14ZV,clust5
5767,PBGEKAIMK,clust10
5768,PBGLA5YE5,clust3
5769,PBHPT13IE,clust19
5770,PBM93J5DG,clust14
5771,PBN6FBPEJ,clust18
5772,PBNEY5638,clust5
5773,PBYYAOVF1,clust8
5774,PC25H0P0Z,clust1
5775,PC2DOONQ4,clust0
5776,PCAHFTKQR,clust11
5777,PCCR3A7X2,clust15
5778,PCEKPLDDL,clust18
5779,PCH0TMLDT,clust5
5780,PCJIO6YGV,clust16
5781,PCOHMD9MW,clust5
5782,PCPZ5UDSP,clust8
5783,PDHF7C7IN,clust5
5784,PDNEBT66B,clust3
5785,PDOECCWYM,clust5
5786,PDUO215VN,clust7
5787,PDW942733,clust15
5788,PEEH3WXNL,clust19
5789,PEI6DMS7V,clust4
5790,PENNCTY2M,clust4
5791,PEPZ4LJ6E,clust6
5792,PEQJ6H5M2,clust8
5793,PESKSLKNJ,clust12
5794,PEVN8E0PA,clust14
5795,PEW0APM2K,clust2
5796,PEZS625UR,clust4
5797,PF2BH844C,clust2
5798,PF7S8AKVW,clust10
5799,PF8TDFOPS,clust1
5800,PFB7GO5A4,clust19
5801,PFJGA6NZZ,clust10
5802,PFMLUJWS4,clust19
5803,PFPOQ956A,clust11
5804,PH5JZIORL,clust10
5805,PHCG2FXQG,clust5
5806,PHEOLD7FG,clust18
5807,PHM42YXDX,clust0
5808,PHNMBXOQ0,clust19
5809,PHPYCF9IB,clust10
5810,PHQ0AZGU3,clust5
5811,PHW50Q7W6,clust18
5812,PI19X9FXA,clust0
5813,PI1U8MWUY,clust11
5814,PI6MABNLT,clust5
5815,PIEIPKPR2,clust4
5816,PIFMHTP21,clust0
5817,PINQTBCIK,clust19
5818,PIUH7Q5JC,clust16
5819,PIW5ZJPMH,clust4
5820,PIXN9UK5Q,clust5
5821,PJ3DIECD1,clust2
5822,PJ3R7J7YK,clust3
5823,PJAUIPXJG,clust14
5824,PJKJWJCRF,clust10
5825,PJQ9HG984,clust12
5826,PJSQ716EJ,clust1
5827,PJV9A9GJ0,clust12
5828,PJZEJESR2,clust3
5829,PK0INUL64,clust11
5830,PK4XHKQAY,clust0
5831,PK7EVMXFC,clust12
5832,PKB3LFRES,clust5
5833,PKBP9WM38,clust0
5834,PKFXXL9SC,clust11
5835,PKMG3OZ1D,clust9
5836,PKMXP8ABX,clust5
5837,PKQBUL9LE,clust6
5838,PKWR712FW,clust10
5839,PL4C46N5X,clust3
5840,PL87SLU32,clust14
5841,PL8KSVVZL,clust10
5842,PLEE89ZA6,clust11
5843,PLEOPU48J,clust19
5844,PLL0LEWKE,clust5
5845,PLNEC9K1M,clust3
5846,PLXSU35AP,clust4
5847,PMQL6XRDR,clust4
5848,PMW2S6IIH,clust1
5849,PMZ93BXU1,clust10
5850,PN25P4H1P,clust7
5851,PN2K13FWE,clust17
5852,PNCA422QZ,clust9
5853,PNCVRS28P,clust16
5854,PNES13FBT,clust11
5855,PNLTI9G30,clust11
5856,PNMREW60U,clust7
5857,PNN0QZGW9,clust16
5858,PNNY7H316,clust7
5859,PO8ZNVFNM,clust9
5860,POC3RFLW0,clust0
5861,POERKYI9Z,clust1
5862,POJXYTWIX,clust5
5863,POK37YO1J,clust16
5864,POLD6KV9U,clust18
5865,POOO18VUS,clust19
5866,POYCEH164,clust17
5867,POZA7BYZ5,clust5
5868,PPMQEU2PJ,clust11
5869,PPPKMJEK4,clust16
5870,PPUDH77LS,clust11
5871,PPZ1C5T8S,clust6
5872,PQ1K7U8G6,clust5
5873,PQLJ5N544,clust5
5874,PQO8SE627,clust18
5875,PQTIBVV02,clust9
5876,PQVYFM2SK,clust2
5877,PR7U6QR2Z,clust0
5878,PRCEK44O2,clust0
5879,PRJ8V9YO0,clust4
5880,PRKENZ9BJ,clust9
5881,PRYSPS4J8,clust1
5882,PS198EJK3,clust4
5883,PS66XBPYR,clust18
5884,PSED8ZCMT,clust16
5885,PSFTV6E99,clust19
5886,PSGME9Y4Z,clust19
5887,PSIE3O13V,clust10
5888,PSUFKT25U,clust7
5889,PSWG4NX6J,clust14
5890,PSWQWDPGY,clust9
5891,PTEWCZXPT,clust0
5892,PTS0VDM9M,clust19
5893,PTTPOICCG,clust19
5894,PTYHZII2M,clust13
5895,PU4VADH6W,clust14
5896,PU8PJR1WG,clust17
5897,PUBE9G81D,clust5
5898,PUBLPHVO3,clust9
5899,PUF8NGP58,clust5
5900,PUTVOJSHR,clust11
5901,PUU2HSR88,clust2
5902,PV6GI7TPE,clust16
5903,PVMSWKYE4,clust7
5904,PVP443TL3,clust3
5905,PVY58RWGL,clust15
5906,PW7RM0N63,clust18
5907,PWCRKTAZP,clust17
5908,PWJD3Z41K,clust6
5909,PWXX89UPF,clust11
5910,PX7KPAAFG,clust0
5911,PXKR1B4G2,clust9
5912,PXM1NCWFR,clust2
5913,PXWHJVFUA,clust1
5914,PXZGF6UKF,clust0
5915,PY3P05MW0,clust4
5916,PY9OIQCM0,clust19
5917,PYA0XI5BI,clust3
5918,PYQJYGWDZ,clust8
5919,PYTD3XKLQ,clust5
5920,PYUF99YRQ,clust9
5921,PZ7ZA51L8,clust11
5922,PZ9LG6IS0,clust6
5923,PZ9X4E4CU,clust4
5924,PZBDSDVPV,clust0
5925,PZH4442Q6,clust7
5926,PZI4OXKP1,clust16
5927,PZXI03QMK,clust11
5928,PZZ0OD8JL,clust4
5929,Q0DHCG5VJ,clust9
5930,Q0WI35RIC,clust3
5931,Q0X45GRDB,clust1
5932,Q15NM885J,clust11
5933,Q162AXR9Q,clust1
5934,Q1B1VG3CF,clust3
5935,Q1NKTOTO8,clust3
5936,Q1YJ3KJNU,clust9
5937,Q211KA2ZE,clust15
5938,Q2HZZGT6L,clust0
5939,Q2PR0FUM3,clust4
5940,Q2W00CEP2,clust14
5941,Q2X5LVF5T,clust0
5942,Q34RQA9YR,clust18
5943,Q3CHS8WZ0,clust5
5944,Q3G0W6YF5,clust8
5945,Q3IRNHTVJ,clust2
5946,Q3L4XYKCD,clust11
5947,Q3OE8JGNK,clust15
5948,Q3W2VARO4,clust4
5949,Q40HWXFDF,clust17
5950,Q43OTSVRV,clust8
5951,Q43T3CPKF,clust10
5952,Q4KIBT8N7,clust2
5953,Q4QRDRWJL,clust17
5954,Q56ASC58F,clust5
5955,Q5H7QPP3V,clust2
5956,Q5V2GCIHA,clust5
5957,Q63I3UXEY,clust15
5958,Q64W4KKJI,clust3
5959,Q6G2ZQLW6,clust5
5960,Q6MSO29BD,clust5
5961,Q6Y5WGDAU,clust11
5962,Q74H63JAX,clust8
5963,Q78D3UVMR,clust1
5964,Q79I8ZJW1,clust7
5965,Q79J99M5B,clust12
5966,Q7HUBBSKY,clust14
5967,Q7OS53749,clust7
5968,Q7RKBB2HJ,clust0
5969,Q7YXXTDUL,clust16
5970,Q816E2VXI,clust14
5971,Q81WVCR4X,clust4
5972,Q85ZSAQUC,clust7
5973,Q8JDQ1DSD,clust18
5974,Q8TA9W2V8,clust0
5975,Q97MZS363,clust4
5976,Q996FVMKA,clust10
5977,Q9B4G9135,clust19
5978,Q9FAMNNSD,clust5
5979,Q9GI5LCCB,clust9
5980,Q9KO8JTYC,clust6
5981,Q9T404FIG,clust4
5982,QAF4EP446,clust0
5983,QANEF7G2Q,clust19
5984,QANMY75RX,clust1
5985,QAPI3OXP4,clust15
5986,QAQ3PIFE1,clust10
5987,QAQ5K0JXO,clust6
5988,QB1UCXIAD,clust0
5989,QBA4AKRIL,clust1
5990,QBSUZV9HM,clust4
5991,QBZVPR2AM,clust8
5992,QC0TYLKBM,clust11
5993,QC88YCL0U,clust17
5994,QC9FBEHJE,clust18
5995,QCGFKTA0J,clust5
5996,QCWIWMSJQ,clust5
5997,QD5Y1X3JK,clust9
5998,QD6HGYZ1N,clust10
5999,QDFTYYCP9,clust1
6000,QDHKW267S,clust4
6001,QDTCCO3JG,clust4
6002,QDTFGBQMQ,clust3
6003,QE9HARN5D,clust2
6004,QEHE9GQJ9,clust11
6005,QF20TRBR0,clust11
6006,QF3UI47VN,clust11
6007,QF7YKR2UK,clust15
6008,QFJIAKE5H,clust4
6009,QFW14ZO5A,clust2
6010,QFY0GIQDE,clust14
6011,QG0UIU274,clust2
6012,QG35N1POH,clust19
6013,QG53T21C5,clust0
6014,QG652X6KN,clust15
6015,QGASBWLE8,clust11
6016,QGBVGJYCE,clust16
6017,QGGOOKDG0,clust6
6018,QGLUB0EVB,clust15
6019,QGZ0ZZHYM,clust5
6020,QH41GW0K5,clust15
6021,QH42NSTNQ,clust9
6022,QHB8J07NB,clust4
6023,QHF3VE00D,clust10
6024,QHUAJ5OM2,clust4
6025,QI4FA699E,clust5
6026,QIBJQMNNJ,clust14
6027,QIC4CJS8B,clust9
6028,QIG4U0UKF,clust0
6029,QIZ4YXTOT,clust5
6030,QJ1ZJVIOV,clust9
6031,QJ3GNKH23,clust9
6032,QJ558I8NN,clust4
6033,QJABHQXW8,clust19
6034,QJCPC6XSC,clust19
6035,QJG3YLF8H,clust2
6036,QJMNJ7UWO,clust5
6037,QJO2MCN3I,clust5
6038,QJVNNNN4T,clust0
6039,QJZ1K6GNA,clust3
6040,QK1UTTD5S,clust0
6041,QK7IAE1CS,clust4
6042,QK7WYH0PI,clust19
6043,QKDZWI0BE,clust14
6044,QKHEUVSVL,clust5
6045,QKIMVBLNU,clust19
6046,QKLEB2GEK,clust18
6047,QKMV1ESCN,clust0
6048,QKSVR8C8S,clust14
6049,QL04SN6JX,clust5
6050,QL24EQSVX,clust19
6051,QL8KAAPZ3,clust11
6052,QLBKZQXAX,clust1
6053,QLIWM5VGQ,clust18
6054,QLLOF1Z4A,clust11
6055,QMXAVC0IV,clust7
6056,QMXHA86EI,clust5
6057,QN1K82LO3,clust18
6058,QN5MHL1H8,clust5
6059,QN9HJX0VA,clust15
6060,QNAQWXGG1,clust17
6061,QNQSEFSG8,clust17
6062,QNSTOWIE4,clust17
6063,QNU0AIYJ9,clust17
6064,QNVC9GV05,clust8
6065,QNWR2Y01J,clust19
6066,QNWREYT3M,clust14
6067,QNX6CCLZR,clust15
6068,QNZPZIRF4,clust0
6069,QO3JJX2MR,clust7
6070,QO5LZRSNQ,clust8
6071,QO6HEXWNF,clust14
6072,QOIM2MU4N,clust2
6073,QOJRXQNXS,clust0
6074,QOMHGXNZA,clust17
6075,QOMPH7BCW,clust18
6076,QOOS10AJ6,clust1
6077,QOQ5HK2MN,clust12
6078,QP31T4VVH,clust5
6079,QP7K5818F,clust9
6080,QPB26QUAY,clust5
6081,QPBBFODTD,clust11
6082,QPBIP83KK,clust14
6083,QPBULS31A,clust5
6084,QPITPDCA8,clust3
6085,QPOANQW5P,clust5
6086,QQ23CWTRR,clust9
6087,QQ7FWICIQ,clust17
6088,QQ9JSLHEF,clust11
6089,QQAAL1BGV,clust0
6090,QQGZXTS70,clust14
6091,QQIAK8ZH3,clust10
6092,QR8EYGTCJ,clust18
6093,QRD74JU9D,clust1
6094,QRJWCDD2Z,clust0
6095,QRKZ1DTD9,clust10
6096,QRR358HGJ,clust5
6097,QRRPHXADX,clust7
6098,QRY7E28TE,clust3
6099,QS378SUP8,clust1
6100,QS9PTIZO5,clust16
6101,QSFL759PU,clust3
6102,QSNIWFU0I,clust1
6103,QSRNUIAU9,clust5
6104,QT1158D8Y,clust5
6105,QT1S5R0TO,clust11
6106,QT2YLSDG2,clust19
6107,QT5SJ0FID,clust0
6108,QTFUUZEK1,clust4
6109,QTJUILW2K,clust4
6110,QTZG2M407,clust7
6111,QU31CDLUG,clust4
6112,QU555V9DT,clust6
6113,QU7SAAZO3,clust18
6114,QUC6M2K54,clust12
6115,QUVZ554VM,clust6
6116,QV1A3H2JR,clust1
6117,QV1XE8RIY,clust5
6118,QV3F6E80N,clust10
6119,QVI2JVTIZ,clust5
6120,QVK6OPA1X,clust9
6121,QVMUID9PA,clust5
6122,QVPSBD4TK,clust0
6123,QVPTVBMUF,clust11
6124,QVTN9JF9M,clust6
6125,QVZ4KY5O8,clust15
6126,QW1DHEEYW,clust11
6127,QW4SPJJ1R,clust17
6128,QWAXA9M15,clust9
6129,QWOB8KR6W,clust9
6130,QWTSO7FGE,clust11
6131,QWUI8LI9Q,clust1
6132,QX17I4JPD,clust14
6133,QX5SHTRSQ,clust5
6134,QXG6L302O,clust1
6135,QXNP38M0P,clust19
6136,QXQ9YQR1X,clust14
6137,QXTOJ1WV3,clust4
6138,QXTX28I2Y,clust10
6139,QXUDWHU07,clust19
6140,QXWQCN040,clust1
6141,QXWRWTCDK,clust9
6142,QXYL7378F,clust17
6143,QYO7W931T,clust5
6144,QZMYSA147,clust1
6145,QZU3LGYS2,clust7
6146,R00JRCK2B,clust14
6147,R00QWSHEC,clust5
6148,R06N9EWSF,clust2
6149,R086L2ZB4,clust5
6150,R0B3JMB06,clust5
6151,R0F63589A,clust2
6152,R0NHJO02U,clust17
6153,R0WRVKY8Y,clust17
6154,R1330JEIH,clust0
6155,R173W8G1D,clust19
6156,R17IPTC1I,clust15
6157,R1IRG59KU,clust4
6158,R1MCPAIAX,clust4
6159,R1NL9WAWC,clust11
6160,R1PMSFL2Q,clust14
6161,R2COSPLYQ,clust19
6162,R2GSVW2FY,clust19
6163,R2MFWVPXD,clust9
6164,R2PW01N9W,clust4
6165,R2Z08SE00,clust3
6166,R39EUVRWK,clust0
6167,R3COQJS1O,clust2
6168,R3D6W49S6,clust14
6169,R3DQTJLRR,clust8
6170,R3JIZE89R,clust9
6171,R3S5K6CD2,clust4
6172,R3YGTN214,clust19
6173,R48UEUW2F,clust5
6174,R49EOALLZ,clust5
6175,R4AF0RTA0,clust4
6176,R4CLCNTDO,clust10
6177,R4VPD3WS9,clust11
6178,R4XBC6L3J,clust12
6179,R54GWVR83,clust11
6180,R54ZI4EH8,clust14
6181,R5B2RKMMZ,clust15
6182,R5LUIROMO,clust19
6183,R5MP9PD1L,clust14
6184,R5TJ7NKJ2,clust0
6185,R5TW2CA1Q,clust16
6186,R6AYE6V5H,clust5
6187,R6CWDWNE9,clust18
6188,R6FSCYJDJ,clust4
6189,R6KWMIWXW,clust7
6190,R6VLR3KYL,clust1
6191,R6VQL5N61,clust15
6192,R6ZRS9UL4,clust9
6193,R703D2LV6,clust5
6194,R7HC9GDZZ,clust10
6195,R7R5G46SA,clust14
6196,R7UNKZLPQ,clust5
6197,R7W0S2AW5,clust11
6198,R80CHIQOB,clust5
6199,R80EDP6RI,clust3
6200,R864XWZYY,clust4
6201,R8FOOJFVI,clust6
6202,R8KRPP125,clust4
6203,R8RUNBX22,clust5
6204,R8XX80XY1,clust14
6205,R8YNKUSUO,clust14
6206,R97PGKS9Q,clust2
6207,R9FUGD9TD,clust4
6208,R9G7D1TEO,clust15
6209,R9IUU9U2V,clust15
6210,R9PZ22IKE,clust0
6211,R9X2EZ0BE,clust1
6212,RA025NMO3,clust3
6213,RA7X6H1ZA,clust4
6214,RAK4OIA60,clust3
6215,RAPVXPJV1,clust8
6216,RAXKBQR3N,clust8
6217,RAXLOQ4S0,clust17
6218,RB0FC5EZO,clust15
6219,RB4VGDBMI,clust10
6220,RB4WONTNX,clust11
6221,RBBY8CFPS,clust6
6222,RBD7VLG3P,clust13
6223,RBHSVXP7A,clust0
6224,RBKQ81PS6,clust9
6225,RBRU3O9ZY,clust9
6226,RC2BY347U,clust10
6227,RC7GF436Z,clust4
6228,RCFJTOA4Y,clust0
6229,RCFRHQQMU,clust4
6230,RCIV8D3O5,clust0
6231,RCQ4ID933,clust17
6232,RCWZO3EHS,clust1
6233,RD2QI0EUM,clust0
6234,RD2WP98HM,clust9
6235,RD3Y2JWXM,clust9
6236,RD5DM149V,clust7
6237,RDDV0TP42,clust2
6238,RDL6QUEXB,clust11
6239,RDLJFQBKO,clust2
6240,RDMYHFP01,clust11
6241,RDX2UEBZA,clust11
6242,RE25R0F9N,clust1
6243,RE8T7ZML4,clust7
6244,REKOM2M0O,clust8
6245,REPR7RVUE,clust0
6246,REPWFSVVQ,clust5
6247,REQ3W79PC,clust3
6248,RF0K5GTIK,clust19
6249,RFACVZUVU,clust4
6250,RFHLMQ5BJ,clust4
6251,RFJ5Z0ITZ,clust18
6252,RFQ86DJ84,clust7
6253,RFT3N6ESK,clust4
6254,RG79ILV5B,clust0
6255,RG8V5KXHV,clust3
6256,RGPMOXF0E,clust17
6257,RGQ0BF3RC,clust3
6258,RGSUSZ7ZE,clust18
6259,RGVU3I9FG,clust5
6260,RH7T70NR4,clust7
6261,RHOBSQCAR,clust15
6262,RHPRNJAHU,clust9
6263,RHU4MLTTT,clust9
6264,RHX1XBOVC,clust3
6265,RI02RFAT3,clust10
6266,RI5IXP10B,clust14
6267,RI5Y8Y7TG,clust5
6268,RI901XQDK,clust1
6269,RIMFPA2YZ,clust19
6270,RISU32N0H,clust0
6271,RJ40PY63J,clust9
6272,RJWVEFOZZ,clust19
6273,RK6PPUS27,clust10
6274,RKAMD36M1,clust17
6275,RKGU6D4D4,clust11
6276,RKLXDFDN0,clust14
6277,RKVBZ1W6V,clust8
6278,RKY9QASF2,clust9
6279,RKZA3B8U1,clust9
6280,RL0LCVDPB,clust7
6281,RLCLUH7V3,clust18
6282,RLE3V2VHT,clust2
6283,RLERC7SC7,clust9
6284,RLRIC83V2,clust16
6285,RMDDQDZ9L,clust5
6286,RMJU7DEGM,clust14
6287,RMLUSVTKR,clust17
6288,RMW16TJEB,clust17
6289,RNDY0H7EN,clust4
6290,RNEY36HGF,clust8
6291,RNITEWGWA,clust7
6292,RNYAT9B1U,clust11
6293,RO273X460,clust0
6294,RO2QYTQ0P,clust16
6295,RO6SQLIWD,clust10
6296,ROL0EJXRH,clust4
6297,ROMLZUMSQ,clust5
6298,ROWHI8TPN,clust11
6299,RP3F9TA20,clust0
6300,RP3KLLZFZ,clust19
6301,RP6W63240,clust5
6302,RPC1N7CFK,clust5
6303,RPDSJ03YH,clust5
6304,RPK3FFH1F,clust6
6305,RPKB6JL02,clust16
6306,RPQBGVK5C,clust18
6307,RQLI4K5WU,clust7
6308,RQZSGOUAC,clust5
6309,RR1PJ27Y3,clust18
6310,RRJED6FCN,clust5
6311,RRMX7HYMR,clust14
6312,RRVHGCA0J,clust5
6313,RRWFTGU3Q,clust8
6314,RRX6ZNZ3A,clust5
6315,RS17ACKEV,clust19
6316,RS6H6RO1H,clust0
6317,RS6H90U23,clust3
6318,RS9YBDXNV,clust5
6319,RSBBQ04Z9,clust5
6320,RSBN4OISE,clust11
6321,RSGJHXUZ9,clust0
6322,RSP3K3BEH,clust3
6323,RSPN25TR6,clust4
6324,RSQPFF4WW,clust5
6325,RSSRFF4WM,clust1
6326,RSTI8V6VO,clust3
6327,RT3JONNTC,clust15
6328,RTF3IIC8B,clust14
6329,RTHP5I8GG,clust9
6330,RTO27X7LR,clust4
6331,RTSNN9Y91,clust4
6332,RTSRVT396,clust9
6333,RTXQF1PXU,clust0
6334,RU7XV1S6G,clust5
6335,RU86R1CN9,clust11
6336,RUDL3GIBW,clust10
6337,RUORHXZCQ,clust18
6338,RUQASNHO6,clust10
6339,RUXK7YPAY,clust14
6340,RV3MDYJGM,clust0
6341,RVF0ROIO4,clust11
6342,RVNF5GKGU,clust8
6343,RVPMR8W5D,clust0
6344,RW4CCXN37,clust0
6345,RWB51SGX8,clust18
6346,RWK58KZXO,clust14
6347,RWKLVJEZQ,clust14
6348,RX3BGS53J,clust19
6349,RXB0NY3X2,clust11
6350,RXCNP6O3Z,clust7
6351,RXNR8OYD4,clust9
6352,RY4I0D6G7,clust2
6353,RY6DNG7JI,clust2
6354,RY6KJD0G0,clust5
6355,RYIFHV82D,clust18
6356,RYOBCKSHI,clust18
6357,RYPK54MZC,clust11
6358,RYQ5I1XIY,clust6
6359,RYSCNA1S2,clust11
6360,RYZG8YBQ8,clust4
6361,RZJS42WQ9,clust0
6362,RZKG4GPR9,clust7
6363,RZLPMSI9M,clust5
6364,RZLXOEAS1,clust10
6365,RZRKWY31C,clust10
6366,S01IFU4DJ,clust0
6367,S01P392PN,clust5
6368,S04JEYZGR,clust5
6369,S05QU72Z9,clust10
6370,S06BVS49O,clust0
6371,S06PJ5GOP,clust1
6372,S08F1K0GC,clust11
6373,S0QV8VYK4,clust16
6374,S0RKJYLRF,clust4
6375,S12JYKBYI,clust0
6376,S16V9VUCD,clust0
6377,S1DYHHF94,clust15
6378,S1F24Q1C6,clust0
6379,S1HBHO0FT,clust11
6380,S1KQFTZK3,clust9
6381,S1PB87SKP,clust14
6382,S1QTF0S5V,clust8
6383,S1ZJP7VXV,clust9
6384,S25EW3X0Y,clust5
6385,S26I3Y04I,clust4
6386,S28N1NBSC,clust5
6387,S2HXMMLIW,clust7
6388,S2NM6AWGQ,clust4
6389,S2X6U4IOX,clust17
6390,S2Z0H8COY,clust4
6391,S34QFBVOI,clust18
6392,S34TZ5A0H,clust4
6393,S39BGVBOM,clust18
6394,S3DEUFKDW,clust15
6395,S3E5ZDZ4N,clust1
6396,S3SJZRE3Y,clust18
6397,S46X5A7D6,clust0
6398,S4HDGYTMQ,clust4
6399,S4MFNOBTQ,clust9
6400,S4OKVOHLT,clust18
6401,S4TCZVULH,clust7
6402,S50I5M15X,clust3
6403,S50SZ8IQX,clust12
6404,S51XALEEP,clust2
6405,S5470W9IA,clust4
6406,S547HI3Q0,clust4
6407,S55DDRYHV,clust8
6408,S5FNQ53PB,clust8
6409,S5FREKGMY,clust19
6410,S5PJVNMRZ,clust7
6411,S6TJP5YE8,clust1
6412,S74RNC6T0,clust2
6413,S7BGWW7S6,clust15
6414,S7LQ8ZD5Z,clust11
6415,S7UZENEES,clust11
6416,S82H7NWKP,clust16
6417,S85SWY5TR,clust19
6418,S87EK23BW,clust11
6419,S8H8EINF7,clust5
6420,S8HKZKRT0,clust5
6421,S8NH82Y9A,clust9
6422,S9OIP0XB4,clust2
6423,S9X3MMHRQ,clust2
6424,SA0IT3B9W,clust9
6425,SA4DI3HWP,clust18
6426,SA8UMO7SX,clust9
6427,SA9E2TOUV,clust0
6428,SA9GU2S8M,clust4
6429,SAHRJZ843,clust7
6430,SAZTI35IY,clust15
6431,SBCXTXU0Q,clust3
6432,SBFJLQ0YP,clust0
6433,SBFK58NO9,clust1
6434,SBJJX8O62,clust1
6435,SBNXT2A5J,clust5
6436,SBXK69E6J,clust5
6437,SC32KUFG9,clust15
6438,SC4TRN12Z,clust0
6439,SC7TT8INM,clust5
6440,SCHLHKV3F,clust19
6441,SCT1XA3W8,clust4
6442,SCX4FKXE7,clust12
6443,SD9MHBEFY,clust15
6444,SDDPWZOQ8,clust14
6445,SDJ6O72CC,clust9
6446,SDK1MKT5M,clust19
6447,SE3Q5TJFK,clust1
6448,SE683WDGB,clust10
6449,SEB7IKUNW,clust19
6450,SEJGQZSB0,clust9
6451,SEK4IRUQG,clust19
6452,SEM9H7O7A,clust13
6453,SENWFE56V,clust10
6454,SEOT0YT8G,clust3
6455,SF1XOJM30,clust18
6456,SF26A35BT,clust5
6457,SF3D0F2H1,clust12
6458,SF4LLRHCK,clust16
6459,SFD7Y0DYB,clust6
6460,SFFJPF9JS,clust5
6461,SFJDAPQLI,clust16
6462,SFLZWKRPL,clust0
6463,SFQWZ8GHH,clust6
6464,SFQXTRBAL,clust15
6465,SG5IXLINQ,clust1
6466,SGD5185B9,clust10
6467,SGHJJFXS0,clust19
6468,SGM7SDVD5,clust11
6469,SGMD6CLDX,clust19
6470,SGN6OS97M,clust19
6471,SGNZS5KU0,clust4
6472,SGQ0130NI,clust16
6473,SGYNWPX8O,clust19
6474,SH1Z82CPT,clust19
6475,SH3VIKAP9,clust9
6476,SH8PXGGRQ,clust10
6477,SHC5U72GS,clust10
6478,SHEK62HQH,clust1
6479,SHH60276A,clust12
6480,SHRLOGHOK,clust13
6481,SHTJ4VU11,clust5
6482,SHXGHU0UU,clust5
6483,SI5LZWYUY,clust6
6484,SI7TZWDN6,clust17
6485,SI9FESF2O,clust17
6486,SIH5SSAZL,clust14
6487,SIJVWQY5G,clust15
6488,SILMF4HML,clust5
6489,SIRBU30ZC,clust11
6490,SITA98ID5,clust8
6491,SJ3VRJZAC,clust1
6492,SJLS6ZN6P,clust2
6493,SK5TGN0FS,clust10
6494,SK6EDE7OQ,clust14
6495,SK89SN3YW,clust15
6496,SK8A5RX4Q,clust10
6497,SKQ8QNSVC,clust5
6498,SKTX06YUZ,clust4
6499,SKYXR5E1A,clust5
6500,SL2GBTIJA,clust4
6501,SL5OUATWL,clust1
6502,SL8LMZW3J,clust19
6503,SLAW54U8G,clust0
6504,SLCEOSWWP,clust11
6505,SLGW3H8T0,clust15
6506,SLIP4DHGH,clust8
6507,SLJ4QO5DR,clust5
6508,SLLQETURJ,clust5
6509,SLPCK2NU7,clust11
6510,SLRN773X9,clust12
6511,SLW70I00M,clust10
6512,SM9OAFDAR,clust19
6513,SMAD8VEFR,clust8
6514,SMCY53YZ2,clust16
6515,SMNWD6GXP,clust6
6516,SMNX9KYUD,clust0
6517,SMP6BHOTH,clust19
6518,SMSKCLJL1,clust9
6519,SMSOTKABW,clust6
6520,SNBT9VIZB,clust19
6521,SNBYA18WQ,clust0
6522,SNGQG1H1J,clust19
6523,SNY955P1L,clust0
6524,SO7FUF7VJ,clust19
6525,SODAVY48K,clust9
6526,SOEVQ19M7,clust10
6527,SOKNQ30GS,clust15
6528,SON0S9QYD,clust8
6529,SOPOZLX7Q,clust13
6530,SOQYEPUKE,clust4
6531,SOR3RR5CS,clust5
6532,SOX3UVQOO,clust8
6533,SP8OQLEZ3,clust0
6534,SPE3L7FF7,clust0
6535,SPKMY1QGH,clust14
6536,SPXACW3QR,clust0
6537,SPY3MIH6S,clust12
6538,SQDFNOP68,clust12
6539,SQEFPDM8N,clust4
6540,SQGXHJP9E,clust11
6541,SQN9JTJYP,clust19
6542,SQNZJGCRV,clust16
6543,SQPDZARI8,clust19
6544,SR4HF5UME,clust10
6545,SR62VWDA1,clust9
6546,SRHHYRKHO,clust17
6547,SRJ1SNY64,clust18
6548,SRK51VG2K,clust19
6549,SRODWECYT,clust1
6550,SRP4OWV46,clust4
6551,SRSKPIXWS,clust7
6552,SRTMCY49U,clust2
6553,SRXMYNIS1,clust0
6554,SS2HSWAWW,clust17
6555,SS4IP0HBS,clust5
6556,SSDRDYBRP,clust11
6557,SSESHTK2Q,clust11
6558,ST21HZ96D,clust11
6559,ST3O6175O,clust0
6560,STBMFFQ41,clust14
6561,STDN3MFOI,clust1
6562,STVO207FR,clust5
6563,STZ3WD24R,clust9
6564,SUA60ZEY5,clust3
6565,SUFEF2CGL,clust5
6566,SUG0G2SNI,clust17
6567,SUJXH0KHG,clust7
6568,SV6L2I5O0,clust16
6569,SV9WSY4J0,clust19
6570,SVG7HGNJE,clust4
6571,SVJQSL2U1,clust15
6572,SVNL5DSH5,clust11
6573,SVWM8YUXR,clust8
6574,SVZX2XMX4,clust1
6575,SW1SVZ3U8,clust4
6576,SW4RBBTZH,clust8
6577,SW8B7T35W,clust5
6578,SWAQ53U5S,clust18
6579,SWGGV275X,clust16
6580,SWTLMUK90,clust14
6581,SWUCY8W6B,clust18
6582,SWWT411PJ,clust5
6583,SX4OECROT,clust7
6584,SX8BI8QVT,clust11
6585,SXL9I1X91,clust2
6586,SXLAJ6F4M,clust4
6587,SYEU5MEEG,clust4
6588,SYFE9US50,clust3
6589,SYOL803M7,clust9
6590,SYXJYL7H2,clust7
6591,SZ4RCN25Q,clust2
6592,SZC2BZICG,clust11
6593,SZCMCKB4P,clust10
6594,SZHZKD89B,clust1
6595,SZM5LRBI4,clust11
6596,SZMEKZ5KR,clust6
6597,SZNKC1LU2,clust6
6598,SZP514OW6,clust16
6599,SZZ9YSN0P,clust5
6600,T037QT4QW,clust4
6601,T048VJ2TO,clust0
6602,T0ADZ9JRC,clust3
6603,T0BC1V0F0,clust10
6604,T0DQGUNQW,clust10
6605,T0F8NBXSH,clust19
6606,T0FJJ3NZP,clust6
6607,T0KJ5K5KL,clust9
6608,T0NNJJHBR,clust0
6609,T0O1XM8K0,clust0
6610,T0Q6N3O3T,clust10
6611,T0RDIC7HF,clust4
6612,T0RQ8EQFU,clust16
6613,T0T6PAI1U,clust18
6614,T0YF1PJF4,clust12
6615,T0Z964D1H,clust0
6616,T133HZFMU,clust14
6617,T15NVC88B,clust14
6618,T1HR2KMHP,clust14
6619,T1PWRZ6TK,clust4
6620,T1T8OHBXR,clust10
6621,T21L79M6J,clust7
6622,T255JKPX4,clust0
6623,T28X103QA,clust9
6624,T2K0DUBK2,clust3
6625,T2KXH56US,clust9
6626,T2NR5GVSO,clust1
6627,T2ZASCQKB,clust1
6628,T35IT6GJX,clust16
6629,T3HJF703Q,clust11
6630,T3LIR304L,clust9
6631,T3N8IKZ1M,clust1
6632,T3NRMP13O,clust10
6633,T3Y3YQ9PK,clust5
6634,T4397XV26,clust6
6635,T466HOI6S,clust4
6636,T4BMTUU05,clust12
6637,T4BPID5H4,clust16
6638,T4DJWS70O,clust17
6639,T4E8DEVFA,clust11
6640,T4L1F8PJZ,clust5
6641,T4PKZZ9HR,clust4
6642,T4YKWDKON,clust15
6643,T4YKXPUTV,clust5
6644,T51DQA1G4,clust5
6645,T59CX9VVN,clust5
6646,T5C0GIORK,clust10
6647,T5NG0Q8DC,clust0
6648,T5TBB1U0Y,clust7
6649,T6AXWJXZK,clust15
6650,T6I6XAD3X,clust2
6651,T6OHWUT7A,clust11
6652,T6QM45G65,clust4
6653,T6T5HQS92,clust5
6654,T76FXRXQ5,clust1
6655,T7BF6Q4T5,clust9
6656,T7FBJIXYR,clust5
6657,T7LHT1LK1,clust2
6658,T7MBNXDYC,clust12
6659,T7TLR2SH3,clust7
6660,T7TYP4741,clust9
6661,T80Q15MUC,clust14
6662,T80Z7APR8,clust5
6663,T82GB8LD5,clust11
6664,T82XV59ZI,clust9
6665,T862KSUVV,clust5
6666,T8N3C5R1D,clust7
6667,T8OPJA2RH,clust7
6668,T8POAKVO4,clust15
6669,T9A4DHLLV,clust1
6670,T9E87HFEA,clust7
6671,T9EQ0TBER,clust18
6672,T9Q10KM2I,clust17
6673,TA4A98XJA,clust5
6674,TA4BMETSF,clust0
6675,TA72S9ILH,clust15
6676,TA9JC6MV8,clust19
6677,TACIYIXLV,clust5
6678,TAQG3FD4R,clust9
6679,TAWRWTZG1,clust18
6680,TAYO9RP0B,clust10
6681,TAZIE5MJK,clust14
6682,TB31I0T1V,clust15
6683,TBMVYIXTT,clust5
6684,TBNZFC4RS,clust10
6685,TBR391NH6,clust3
6686,TBW1BL6CJ,clust19
6687,TBX3KZ0KE,clust3
6688,TBZCVLNCU,clust4
6689,TBZDL91T9,clust12
6690,TC0WTCA0J,clust18
6691,TC20AQX9X,clust0
6692,TCBZEAIYZ,clust1
6693,TCM7DIG76,clust8
6694,TCOTXBRSN,clust9
6695,TCQT1DFPZ,clust2
6696,TCR4TQT1T,clust0
6697,TD2QSX2IJ,clust1
6698,TD9XYB2DK,clust5
6699,TDAKF9Y8I,clust12
6700,TDUMXWJCD,clust12
6701,TEEWN0654,clust17
6702,TEJL3SSJL,clust2
6703,TEOMSKQEJ,clust4
6704,TEP1F8CQ9,clust9
6705,TEQ82QW7U,clust0
6706,TER0EB6D4,clust17
6707,TEZ5ROWEM,clust14
6708,TF1CPVVX0,clust0
6709,TFEO3NQ0Z,clust4
6710,TFFHCT9B4,clust4
6711,TFNGQCYAR,clust5
6712,TFST8509G,clust0
6713,TG8D9Z06A,clust9
6714,TGEWVYO94,clust8
6715,TGPCEROVK,clust19
6716,TH61UWQK8,clust8
6717,TH7E4CF5C,clust6
6718,THA1ZFDPG,clust11
6719,THJB6CFTF,clust11
6720,THZ11V5JF,clust6
6721,TI2KNH9V9,clust11
6722,TI3TPOETI,clust5
6723,TI3YHCVHB,clust3
6724,TI46T6GTD,clust15
6725,TI4X8YG9L,clust5
6726,TI97QMEIJ,clust4
6727,TII8C80MC,clust19
6728,TINJNQL43,clust5
6729,TJ5OPZ1L1,clust17
6730,TJ6N3U4N0,clust18
6731,TJH7S4OXF,clust16
6732,TJIKOOWC6,clust19
6733,TJOY760JL,clust4
6734,TJTNJJX61,clust4
6735,TJYSDRWTK,clust5
6736,TK6AVCR9L,clust0
6737,TKB12A9JT,clust19
6738,TKH5462A7,clust10
6739,TKIUPQYEY,clust5
6740,TL5R1VLIN,clust4
6741,TL5ZCNHQO,clust11
6742,TLCHLBHQK,clust5
6743,TLEORXAK4,clust19
6744,TLHWE3P10,clust15
6745,TLJEPI7K9,clust12
6746,TLJGHTHBN,clust19
6747,TLWVY4WNW,clust8
6748,TM2ZFMD0H,clust7
6749,TM3WDHLYA,clust11
6750,TM7IB7IRR,clust17
6751,TM9Y69NWS,clust10
6752,TMEXH3TER,clust19
6753,TMLQZ8LN4,clust7
6754,TMMT1IMRK,clust12
6755,TMST3O2A2,clust14
6756,TMTXP0N97,clust0
6757,TMVJ7F4GF,clust1
6758,TMXZGA737,clust15
6759,TNDQECD5I,clust19
6760,TNDSCXB9M,clust19
6761,TNEEVHHO6,clust2
6762,TNK633PB9,clust16
6763,TNPD64T42,clust14
6764,TNSPETJNH,clust14
6765,TNXYG8YY7,clust14
6766,TO2JBKBAJ,clust19
6767,TOA6JT05L,clust6
6768,TOAMK8ISC,clust16
6769,TOFNRJKMV,clust18
6770,TOI09APRH,clust12
6771,TON3IC500,clust18
6772,TOWOWJO38,clust0
6773,TOZELZT5H,clust1
6774,TP1LLDFSB,clust4
6775,TP6DRV5GZ,clust3
6776,TP9WD6RH1,clust6
6777,TPAK822AL,clust4
6778,TPB6YRAM5,clust16
6779,TPHSPMOA4,clust15
6780,TQ65D6N5P,clust4
6781,TQHWLNPXN,clust18
6782,TQK8YNZI8,clust6
6783,TQOMFCYDN,clust7
6784,TQPYASRU0,clust10
6785,TQRN9DZMW,clust10
6786,TR32O1RU9,clust1
6787,TR6V03ZB1,clust9
6788,TRA8JWMLZ,clust11
6789,TRFCL244I,clust1
6790,TRFEO02O7,clust11
6791,TS3238I6H,clust1
6792,TS9M83PZ1,clust11
6793,TS9YB3IIK,clust10
6794,TSDZLVWSB,clust14
6795,TSQV2AUCM,clust3
6796,TSS5MK4L4,clust11
6797,TSSY6JDTK,clust1
6798,TT4FZMI0G,clust19
6799,TT4GFK8TG,clust16
6800,TT7YL7Y6J,clust5
6801,TTA1OL6DT,clust4
6802,TTGBZFI7V,clust14
6803,TU06VP2SR,clust6
6804,TU1M27I2Q,clust19
6805,TU5U9SEGR,clust15
6806,TU67OZRVL,clust13
6807,TU6AZL6UE,clust7
6808,TUA1SKZYB,clust19
6809,TUNDFJ5VY,clust16
6810,TV41T168R,clust9
6811,TVA8LMV50,clust8
6812,TVETL0BS0,clust11
6813,TVGR3Q1XF,clust0
6814,TVKNH43PF,clust18
6815,TVNRVN4RB,clust4
6816,TVOH2A583,clust9
6817,TVSCZKB2D,clust17
6818,TVUUPY76T,clust11
6819,TVVNYUVWY,clust8
6820,TVW6BAPRO,clust18
6821,TW6JEHP5M,clust11
6822,TWC2OFEVX,clust16
6823,TWJGQMJGJ,clust2
6824,TWLKG1OU2,clust19
6825,TWP07H9U3,clust9
6826,TX176AWVB,clust5
6827,TX1YWKAU8,clust14
6828,TX8IDE1AH,clust10
6829,TXA3X7C9P,clust5
6830,TXA403698,clust11
6831,TXJ3U4O3U,clust11
6832,TXJ71OIB1,clust14
6833,TXRN6U9ES,clust5
6834,TXRYB7GCT,clust6
6835,TXS3BIO5C,clust18
6836,TXS76QH3J,clust18
6837,TXVSLO9YB,clust4
6838,TXY082160,clust1
6839,TY6CBP1Z3,clust12
6840,TYCLRXEE2,clust19
6841,TYIBTWS7U,clust6
6842,TYKMLKVD1,clust5
6843,TYKVXZSC9,clust8
6844,TYM5AU6PL,clust9
6845,TYOJPS94C,clust14
6846,TYY8OKWY6,clust16
6847,TZID5UCXB,clust19
6848,TZKD6ERGH,clust5
6849,TZZ51IHJ9,clust19
6850,U002DZVI3,clust15
6851,U05D5S1WD,clust12
6852,U063DGTPW,clust3
6853,U0HXZJ4AM,clust5
6854,U0K8C9LUT,clust7
6855,U0TY41ANN,clust6
6856,U13QP7BAP,clust2
6857,U160SENFH,clust0
6858,U1D76HV87,clust15
6859,U1H7P5DJU,clust17
6860,U1T2PHOJC,clust7
6861,U1UU545ZN,clust1
6862,U1VHE6CRH,clust17
6863,U1WE7GNC4,clust6
6864,U1Y0FFPJD,clust11
6865,U23TY9XRO,clust8
6866,U2NCHOGUT,clust9
6867,U2RBB31L3,clust9
6868,U2TDFUFAM,clust0
6869,U2Y3LKXCO,clust8
6870,U35AW46HW,clust19
6871,U3FARZ0RQ,clust10
6872,U3TLUWN0I,clust4
6873,U3WQE4IXI,clust0
6874,U3XYXFCX7,clust16
6875,U43WBPEO1,clust7
6876,U48DLV5WK,clust18
6877,U4U7Z49E5,clust16
6878,U4YYYYACY,clust5
6879,U5FJKNCRR,clust7
6880,U5LKLUA90,clust11
6881,U5T1XZ3AF,clust13
6882,U5UAJHR1J,clust14
6883,U5UIGPYXT,clust0
6884,U60IXK5FS,clust15
6885,U65VUKKFI,clust17
6886,U6JP4SANB,clust1
6887,U6M274W8L,clust0
6888,U6RPYC35H,clust14
6889,U6YG9MNGO,clust5
6890,U7GRLE04W,clust16
6891,U7J8A8RRC,clust0
6892,U7NT0Y0XI,clust5
6893,U7YU679UL,clust1
6894,U8FGDEFBN,clust14
6895,U8LOYG3A5,clust5
6896,U90YIJ2BT,clust5
6897,U93Y0O0ZN,clust3
6898,U974CB21J,clust4
6899,U9877KFTP,clust5
6900,U98UII67V,clust19
6901,U9E5VLA0W,clust5
6902,U9H9EUNZC,clust15
6903,U9UFJ8G3Q,clust4
6904,U9XIF0I9S,clust8
6905,UA0I1A1DU,clust4
6906,UA8YGF6H0,clust15
6907,UAD6612N4,clust17
6908,UALPR1RPK,clust16
6909,UAO3YRHOC,clust19
6910,UATR564O3,clust14
6911,UB8L6962U,clust11
6912,UBDZ9E34T,clust7
6913,UBFOBMBJS,clust5
6914,UBHKXWUD6,clust7
6915,UBMJ3YB7T,clust11
6916,UBNNDP008,clust0
6917,UBX5N5JXV,clust16
6918,UBYPWGTDN,clust14
6919,UCAGAC6FQ,clust5
6920,UCMI3QKO2,clust4
6921,UCNZX7A1P,clust18
6922,UCP83IJX4,clust12
6923,UCW9B7OJY,clust1
6924,UCWP4BGW9,clust5
6925,UD2WEXWWG,clust10
6926,UDIBY7BGL,clust14
6927,UDJJ9I8L8,clust14
6928,UE1AJ3042,clust3
6929,UE68X3BEF,clust15
6930,UEBQCB2JW,clust0
6931,UEHHPV8YX,clust0
6932,UEIC358PH,clust6
6933,UEJKK1HU2,clust5
6934,UEOSRKNQC,clust7
6935,UEYEDGMOT,clust3
6936,UF3F01080,clust16
6937,UF81BREGJ,clust17
6938,UFBUBAH4N,clust6
6939,UFGUF82AE,clust2
6940,UFJBVVU2W,clust5
6941,UFQFWXSY7,clust0
6942,UG1XGQJP1,clust19
6943,UG7JU9UQ5,clust2
6944,UG87EN93Y,clust0
6945,UG8X8XFJ3,clust0
6946,UGIYLS1MF,clust0
6947,UH6Q0QGLG,clust2
6948,UHG2WDWZ1,clust19
6949,UHSIFBHG7,clust19
6950,UHV6SX6WV,clust19
6951,UHXTTKUCF,clust6
6952,UHZ2VV9WH,clust1
6953,UI17K87OY,clust4
6954,UI1GIS9JB,clust11
6955,UI41BZO4J,clust5
6956,UIBYZS4RX,clust5
6957,UIHV9JNIT,clust9
6958,UITIHQ961,clust13
6959,UJ63G44W2,clust14
6960,UJD0GT2PY,clust5
6961,UJM52M1QP,clust7
6962,UK7H0EHV5,clust5
6963,UK7WLBTWH,clust9
6964,UKFIMQHN4,clust16
6965,UKREBQ60C,clust1
6966,UKUQ6BPNI,clust11
6967,UKX4SL2VC,clust7
6968,UL00DJKBB,clust16
6969,UL0J36ZSN,clust10
6970,ULG62YLVG,clust5
6971,ULGBPH43V,clust0
6972,ULJ9DXAFY,clust7
6973,ULPHT1ZAL,clust11
6974,ULUKM49RY,clust19
6975,ULX0TRO3Y,clust4
6976,UM0SMRX7Q,clust10
6977,UM7KZXROA,clust4
6978,UMQOHEYEB,clust19
6979,UMXJ9796N,clust12
6980,UN2VBJH07,clust19
6981,UN99FNA7Z,clust17
6982,UNBRVAGKJ,clust15
6983,UNEXPL7GW,clust10
6984,UNOZH4CA4,clust7
6985,UO0TWFWAW,clust5
6986,UO22XAQHC,clust7
6987,UO6OBSPTT,clust19
6988,UO6WSS6UO,clust19
6989,UODN912PG,clust19
6990,UOY4LGA6F,clust0
6991,UP02BC5XL,clust16
6992,UP0F72JJ4,clust14
6993,UPD6EGNVC,clust9
6994,UPJPJN38E,clust5
6995,UPMSJD7QL,clust9
6996,UPOQOSXWL,clust1
6997,UPOXOV23Y,clust1
6998,UPPPG3QI0,clust10
6999,UPYB2JP64,clust5
7000,UPZ61BG26,clust14
7001,UQ1WIL6H2,clust15
7002,UQDM9W5RX,clust16
7003,UQOEWAXZG,clust19
7004,UR8YQF1BG,clust11
7005,URAA9XOFR,clust5
7006,URBY3EIVN,clust9
7007,URC7JEA6C,clust6
7008,URGO7L4D6,clust7
7009,URLMBSBT0,clust19
7010,UROSGMXVD,clust0
7011,URUB3FLU6,clust15
7012,US1BFJJWQ,clust2
7013,US7VG6G15,clust5
7014,USC2LSOVU,clust15
7015,USMGHS655,clust5
7016,USND97M0R,clust1
7017,USO3RUSNV,clust19
7018,USPGBNQ6F,clust12
7019,USSCA5F47,clust18
7020,USTXY1USG,clust10
7021,UT0YCQPGE,clust4
7022,UT3IZ1396,clust11
7023,UT5V0W6VK,clust10
7024,UT6E9GE6V,clust1
7025,UTY79EZL5,clust0
7026,UU4D6E0L5,clust9
7027,UUCEJJAVW,clust18
7028,UUH0ZMGWA,clust4
7029,UUIF1Y4NK,clust10
7030,UUIWX4568,clust18
7031,UUL5PUDEM,clust10
7032,UULKYPTT7,clust4
7033,UUX2Z19JN,clust8
7034,UV97RR5N0,clust5
7035,UVB1C7DVE,clust2
7036,UVBS4DQSI,clust4
7037,UVNJPBMUF,clust5
7038,UVOGU8JF1,clust5
7039,UVOQOG2Y6,clust19
7040,UVZCT72GC,clust5
7041,UW650YY64,clust19
7042,UWUGYK6L9,clust11
7043,UWZA51BM0,clust4
7044,UWZIRERL2,clust2
7045,UX0JVOLY3,clust8
7046,UX0QW3QH7,clust8
7047,UX2VKA4YU,clust3
7048,UX4YOAIXC,clust4
7049,UXDB2KGR3,clust18
7050,UXDWKHGIP,clust16
7051,UXMHJ3BCQ,clust4
7052,UXO16Q4FI,clust18
7053,UXQ5ZADRP,clust11
7054,UXUOVFG53,clust5
7055,UY6Q3B5XP,clust18
7056,UYCH2QLLX,clust11
7057,UYGVMECN4,clust4
7058,UYLBVR9HX,clust15
7059,UYRI16UCE,clust17
7060,UZ40JWEPZ,clust14
7061,UZ8KYQYU4,clust10
7062,UZCL6DL9C,clust5
7063,UZK48RUO5,clust17
7064,UZKJBD313,clust0
7065,UZN8C59G0,clust1
7066,UZSTHCRB2,clust9
7067,UZZC6HJOS,clust14
7068,V01N3T8DI,clust1
7069,V020MW48S,clust9
7070,V05NTYZCB,clust16
7071,V0B7ZJ3R8,clust10
7072,V0SI4U1A3,clust18
7073,V0U9QV95A,clust5
7074,V0UO9JOE3,clust14
7075,V16831OKV,clust15
7076,V16TEXOU0,clust5
7077,V170F05PV,clust4
7078,V1C738L4B,clust11
7079,V1ES6FA25,clust11
7080,V1UQTCO6P,clust7
7081,V1Y7OU5EE,clust5
7082,V21XB6RAP,clust5
7083,V252MOF3E,clust0
7084,V28ISNZVK,clust4
7085,V2D6FXW5O,clust9
7086,V2FTXE7PB,clust3
7087,V2IMRAF18,clust1
7088,V2MRW2CE3,clust10
7089,V32AA6DZ7,clust19
7090,V32RUE64W,clust5
7091,V36KFF0EA,clust16
7092,V379IZNTX,clust5
7093,V39HOZ3BY,clust11
7094,V3BI5MW8F,clust17
7095,V3BXSQP82,clust7
7096,V3E5EHTRR,clust5
7097,V3FW66WJM,clust3
7098,V3JPL6RBV,clust4
7099,V3OC2K6JT,clust19
7100,V3OO1X183,clust0
7101,V3PEBYG60,clust0
7102,V4RS9PE5K,clust17
7103,V5WPINM02,clust0
7104,V5XQHPCXE,clust14
7105,V63F4355D,clust9
7106,V682WZPTP,clust17
7107,V6BFNZE1M,clust18
7108,V6MUVXKL6,clust19
7109,V717G5RQM,clust15
7110,V76N70VEX,clust4
7111,V77XN8VQ0,clust11
7112,V7UQCV4XB,clust8
7113,V7YJ03S6N,clust19
7114,V7YSLB8H3,clust5
7115,V81MBFK7R,clust16
7116,V8HKYQFY8,clust16
7117,V8K25SXM3,clust8
7118,V8MBPM306,clust2
7119,V8Q2E1P5W,clust7
7120,V8QU901PW,clust1
7121,V8SR2JXI1,clust16
7122,V948WBL0W,clust3
7123,V959MK3FL,clust5
7124,V9EL0BYSZ,clust13
7125,V9FNJGWGM,clust19
7126,V9FSYS28K,clust11
7127,V9GNU4ZE5,clust12
7128,V9RDHCPC0,clust15
7129,VA32WHB8U,clust9
7130,VAA0WSE3T,clust6
7131,VAKIGIJBO,clust17
7132,VAON0PUUF,clust2
7133,VAQRER5LK,clust5
7134,VAS483QCR,clust19
7135,VB7GUT2K6,clust5
7136,VB8Q4JS9W,clust5
7137,VB8XOBBC3,clust13
7138,VBEGC6S3T,clust15
7139,VBIQA5YXW,clust5
7140,VBNRU5GYS,clust18
7141,VBSDJ0KZY,clust8
7142,VC02YNH4U,clust0
7143,VC15Q885J,clust17
7144,VC5NDZ1AZ,clust17
7145,VCI2PFM3X,clust7
7146,VCL71VWCL,clust11
7147,VCO61JPBN,clust0
7148,VCV6MAJHF,clust2
7149,VCX98X72L,clust2
7150,VCYP1MVJS,clust9
7151,VD3DC81T0,clust12
7152,VDDFI9IKE,clust18
7153,VDEGOZHS6,clust0
7154,VDUJP7TZ0,clust16
7155,VDWIMJWC5,clust1
7156,VE0NLC1C7,clust15
7157,VE426L0I4,clust16
7158,VETZM7AME,clust7
7159,VEUNFI34O,clust5
7160,VEX5X2546,clust17
7161,VF905CKQE,clust10
7162,VF94H2O6D,clust19
7163,VFESYFJ4T,clust5
7164,VFN2KA64C,clust9
7165,VFTIN8Z8O,clust7
7166,VFYZX81AZ,clust1
7167,VG2C7TUDL,clust11
7168,VG386Z5OW,clust12
7169,VGCFKNH96,clust13
7170,VGGRBOVXO,clust9
7171,VGOQRELGS,clust1
7172,VGRAWZ87X,clust15
7173,VGU9EZWWP,clust11
7174,VGZBBMK4V,clust13
7175,VI7OLTO7I,clust4
7176,VI9Y7OPB7,clust15
7177,VIARG9QFH,clust6
7178,VICTNJK8K,clust12
7179,VIMZNLKPM,clust5
7180,VIN94RP5E,clust5
7181,VIXL336EU,clust4
7182,VIZCW0L2L,clust4
7183,VJ1RJLC0M,clust8
7184,VJG4FKGMU,clust6
7185,VJPLQJI4Q,clust17
7186,VJPVVC6P0,clust11
7187,VJT7ZAM0P,clust9
7188,VK61HCPTJ,clust19
7189,VK7AAUI8K,clust11
7190,VKPT9SEAI,clust2
7191,VKWWW693P,clust19
7192,VL448N9H8,clust5
7193,VL6LNV4Z8,clust12
7194,VLHUP0JHX,clust18
7195,VLNQKJSDC,clust16
7196,VLNXY579V,clust15
7197,VM45ZFZOU,clust12
7198,VM4BEW6L9,clust4
7199,VMFWXDY6Q,clust17
7200,VMQCNER8W,clust16
7201,VN5DAASG4,clust7
7202,VN7LYG1WZ,clust4
7203,VN8CS509F,clust19
7204,VN8XRKB28,clust4
7205,VNCM5N37I,clust19
7206,VNEAXUYWU,clust5
7207,VNGXLI81J,clust1
7208,VNH6T4LOX,clust19
7209,VNL7IAO20,clust14
7210,VNXGNYBO2,clust4
7211,VO0YLQ7BT,clust11
7212,VO3NWHQ04,clust9
7213,VOGH5CHME,clust18
7214,VOHHJBAIE,clust0
7215,VOOPY8BP2,clust7
7216,VOWED05BX,clust1
7217,VOZRI36M9,clust13
7218,VP1KPNO6R,clust2
7219,VP81S61QS,clust16
7220,VP8ZSW53G,clust5
7221,VP9OT5VYR,clust19
7222,VPLDRSE9W,clust9
7223,VPTUBW8WY,clust9
7224,VPWJPJO8J,clust12
7225,VPX3XCLNJ,clust6
7226,VPYJ2Y6XG,clust19
7227,VQ5YZ22KI,clust4
7228,VQ9WMG6F1,clust4
7229,VQHYOIJXB,clust4
7230,VQPA5BNVR,clust9
7231,VQS1YFCDD,clust19
7232,VQSUT5QBH,clust9
7233,VQW9EZR97,clust14
7234,VQXOL7NDG,clust16
7235,VR4TSJ2P4,clust0
7236,VR6TSYA6J,clust16
7237,VRMBFPXU1,clust16
7238,VRSML5MDY,clust9
7239,VRXK4SJYY,clust12
7240,VS1D18FG1,clust2
7241,VSEGZIHSA,clust18
7242,VSQOL0RAW,clust7
7243,VSTDMQP57,clust17
7244,VSWR4C9CJ,clust5
7245,VSY5IV6F0,clust18
7246,VT6OHFMRV,clust9
7247,VT81SXBFT,clust9
7248,VTV6NCBQG,clust19
7249,VTVTBWXGP,clust14
7250,VTZKSIMXA,clust8
7251,VU6GQ9LAJ,clust19
7252,VULMHCP6H,clust11
7253,VURGDX3DM,clust11
7254,VUVUP92DP,clust2
7255,VUWGSQXDC,clust16
7256,VUWTVB5WL,clust9
7257,VV0XY3OTJ,clust5
7258,VV3KKOUZW,clust7
7259,VVGWBFV08,clust19
7260,VVJBZGP1X,clust6
7261,VVJTPHS2V,clust5
7262,VVNH5IHMK,clust7
7263,VVOP7IZU3,clust5
7264,VVPW7GF1G,clust5
7265,VVX72WPHQ,clust7
7266,VVZPO9DQ8,clust12
7267,VW9IVMS44,clust0
7268,VWB1EE0NL,clust19
7269,VWB6WAZ8F,clust14
7270,VWE2N62IA,clust4
7271,VWFGY1NBM,clust9
7272,VWTOE68NO,clust10
7273,VWUESPGFN,clust11
7274,VX45NLH52,clust19
7275,VX7H5O3NV,clust14
7276,VXCM5ES5W,clust0
7277,VXUUSQMXO,clust16
7278,VY5I44WOW,clust17
7279,VYA7J2W2S,clust4
7280,VYCCA3D1L,clust3
7281,VZ0UNJM5X,clust8
7282,VZ2ZZYSJM,clust4
7283,VZBTIXWRS,clust1
7284,VZFTPP8GU,clust11
7285,VZG0RQXAK,clust4
7286,VZMT223VV,clust7
7287,VZQAFUMUS,clust7
7288,VZSBMR5TZ,clust4
7289,VZSC1DQKY,clust2
7290,W0PQ0TQ08,clust3
7291,W0U0L8LXP,clust11
7292,W0Y2AAS32,clust7
7293,W1027HGHJ,clust15
7294,W15ICJYFE,clust19
7295,W15KHJ5HX,clust16
7296,W15TIYIPU,clust1
7297,W17HMMOCJ,clust4
7298,W19Y8ARI3,clust18
7299,W1IBEXGEJ,clust6
7300,W1OSL84JU,clust19
7301,W1QPJOONN,clust5
7302,W1RMANWWI,clust4
7303,W1TE060NG,clust11
7304,W29SVNHOZ,clust14
7305,W2H6H50YH,clust4
7306,W2J6EHXC9,clust4
7307,W2QXYJ8YO,clust6
7308,W3D5UH5Q6,clust14
7309,W3EH64S0K,clust0
7310,W3F023HPA,clust19
7311,W3G2L2PKW,clust11
7312,W3KKUI9LE,clust11
7313,W3PJ6SHA0,clust0
7314,W3UIE1Z8G,clust10
7315,W3XOPI21F,clust11
7316,W41OM5L33,clust7
7317,W466PYBXI,clust5
7318,W4AJ0YX1Y,clust14
7319,W4CEDHM28,clust11
7320,W4EU4OH9K,clust1
7321,W4SIJEY6O,clust17
7322,W4WAVNO3Y,clust3
7323,W55SIFAW8,clust0
7324,W58MSCZ5G,clust7
7325,W5AGD8V0W,clust4
7326,W5MR6EMWK,clust11
7327,W5ZVS39O0,clust18
7328,W62LWARFV,clust17
7329,W6JNXTXT6,clust8
7330,W6LFPX0PP,clust5
7331,W6XX9X9UP,clust17
7332,W6Z1LVUD2,clust17
7333,W71E5Y9NK,clust0
7334,W779PPBMI,clust11
7335,W7HOWCNVL,clust11
7336,W7JAYI7MA,clust4
7337,W7MK19PAZ,clust1
7338,W7N8N2QS1,clust7
7339,W7NB7UDA2,clust19
7340,W7UXHURD2,clust16
7341,W7VZERK1Z,clust12
7342,W82YGDGHC,clust4
7343,W8A1IPBK8,clust1
7344,W8E0QYS7R,clust9
7345,W8EOI2W5Y,clust16
7346,W8HDOI1XL,clust19
7347,W8JNVN1NI,clust5
7348,W8NFN3YOE,clust5
7349,W8OZT5362,clust14
7350,W8WI2V24N,clust0
7351,W995K9PCP,clust6
7352,W9FWHSLWO,clust17
7353,W9IHG9G6J,clust19
7354,W9J96W7CJ,clust15
7355,W9J9D0E8X,clust18
7356,WA3LSNRSW,clust15
7357,WA9WRS2UI,clust11
7358,WABYUT2UT,clust14
7359,WAD7I3UNY,clust19
7360,WAGVN4TV3,clust3
7361,WB55HCT7Z,clust8
7362,WB9DY58I2,clust3
7363,WB9JUB2JB,clust4
7364,WBBOVD74L,clust0
7365,WBBQPE0M6,clust9
7366,WBGW3SAOH,clust12
7367,WBNPZ8SZ5,clust10
7368,WBPZW3YHP,clust15
7369,WBQ1Q5VXJ,clust0
7370,WC2RQRWNK,clust0
7371,WC62KR0C0,clust19
7372,WCB1GUWSQ,clust9
7373,WCIVOITSJ,clust15
7374,WCOXU3XX4,clust19
7375,WCPPIAC6V,clust9
7376,WD8TL2IRF,clust3
7377,WDJQBZ29Z,clust6
7378,WDTK9K5E3,clust5
7379,WDUIAHOFE,clust19
7380,WDXCPTV7D,clust12
7381,WDXWQ72SS,clust10
7382,WE7LNC99Z,clust16
7383,WEF0LGVDF,clust18
7384,WELDL4JTZ,clust3
7385,WEZTY4NEM,clust19
7386,WF3HCJC40,clust18
7387,WF8MF40S4,clust19
7388,WFBA75RNJ,clust4
7389,WFDSWQK50,clust7
7390,WFYINJM5E,clust5
7391,WFZ2A7HJP,clust5
7392,WFZXM3LVV,clust9
7393,WG273YVZJ,clust15
7394,WG4WB9ING,clust6
7395,WG9QXMG6C,clust18
7396,WGQ5XALLT,clust9
7397,WH85UEPTG,clust8
7398,WHGKIB6YZ,clust9
7399,WHKC4MXTH,clust19
7400,WHXPDBNRI,clust9
7401,WHYA8KG8O,clust12
7402,WHZ32X9G8,clust2
7403,WHZWRL8I7,clust14
7404,WI67IHWE2,clust2
7405,WIKSJWP38,clust19
7406,WIM76TY78,clust10
7407,WIWH6VMFR,clust0
7408,WIXFE4JZ3,clust11
7409,WIXW71UDQ,clust5
7410,WJ3073WY4,clust1
7411,WJ7NX10UI,clust1
7412,WJ8PJRCOB,clust1
7413,WJLNB07QV,clust18
7414,WJR6FTZ3F,clust10
7415,WK4978WQ0,clust10
7416,WK7RNKDE4,clust0
7417,WKF6VNLCU,clust5
7418,WKMJ63CW0,clust11
7419,WKR52589I,clust17
7420,WKRETM1XX,clust0
7421,WL0XQEXPY,clust11
7422,WLAKEVA8N,clust16
7423,WLAQD49GU,clust11
7424,WLP6SGSK6,clust4
7425,WLQQAA6QR,clust14
7426,WLZOZV7DN,clust8
7427,WM41WWRLD,clust16
7428,WM8UQ9CCO,clust11
7429,WMAMMTZGY,clust1
7430,WMKA01KZL,clust16
7431,WMPC89ZSW,clust10
7432,WMT8VQ8K8,clust0
7433,WMXIHYI58,clust4
7434,WMXT96JLX,clust16
7435,WNCB8I7MA,clust7
7436,WNHV7V0UJ,clust4
7437,WNOGFY47X,clust6
7438,WNPH63KWL,clust9
7439,WNQ5E7NC3,clust18
7440,WNR3Z218K,clust14
7441,WNTAPJFPB,clust1
7442,WNUZDD60G,clust16
7443,WNVNBHA0Y,clust10
7444,WO42Z5OKI,clust1
7445,WOBW3RZ7I,clust8
7446,WOIMZVWCQ,clust11
7447,WOVBTAKK1,clust16
7448,WOXDJ0SKG,clust15
7449,WPOOGXI56,clust5
7450,WQFARFDPI,clust4
7451,WQG6ZTPJO,clust7
7452,WQK97UOUF,clust10
7453,WRNLCLZPA,clust3
7454,WRTLLB6IJ,clust19
7455,WRYB5GAQU,clust2
7456,WS94U3ROJ,clust4
7457,WSAP15I32,clust5
7458,WSHFHWA5Q,clust8
7459,WSLE70YHF,clust2
7460,WSPT7KFDX,clust19
7461,WT1L2L1CC,clust4
7462,WTAGP03DL,clust17
7463,WTAKVAPI1,clust16
7464,WTBVB53YA,clust7
7465,WTIICKOV9,clust14
7466,WTIV0H6XB,clust4
7467,WTJ2RVXVZ,clust8
7468,WTLJRBMQ1,clust3
7469,WTTJBFW3Q,clust5
7470,WTX5G2963,clust4
7471,WTYII4QDN,clust0
7472,WU25BGRU2,clust7
7473,WUFNT5PK4,clust16
7474,WUFQL0DWJ,clust19
7475,WUGEQQW2K,clust5
7476,WUKNAVDFB,clust7
7477,WUMV57WCM,clust14
7478,WUQ4WFJQA,clust9
7479,WUSZKIGD9,clust4
7480,WUWELDTMU,clust19
7481,WUZQP4CJW,clust9
7482,WV6UJ9FDS,clust19
7483,WV9D4FXYH,clust19
7484,WVLQ26SKZ,clust0
7485,WVMBVWW8N,clust9
7486,WVVZUQRW7,clust4
7487,WVW6NFMOE,clust18
7488,WW7UELMRV,clust0
7489,WW8U6I7NH,clust19
7490,WWIN5CQIC,clust10
7491,WX7N7Z8GS,clust5
7492,WXGCHX1KJ,clust1
7493,WXHN3GVGY,clust19
7494,WXRAP67U9,clust17
7495,WY5JT94AB,clust5
7496,WY7RI7L2N,clust2
7497,WYPPDAVSJ,clust0
7498,WYR9I3GT6,clust5
7499,WYUCCOJ1G,clust13
7500,WYZSIUPMQ,clust4
7501,WZMG3Q0OA,clust19
7502,WZUK23AJK,clust17
7503,WZWDJOYWP,clust6
7504,WZWLHK36H,clust19
7505,X0AVGIOBK,clust5
7506,X130ZNSL2,clust11
7507,X146F7GGB,clust2
7508,X1HG75KBK,clust15
7509,X1JYLRH9U,clust5
7510,X1NQ84GVD,clust9
7511,X1VLGIPUS,clust4
7512,X1X1HFYOJ,clust8
7513,X23EK0J27,clust5
7514,X25UPCPJP,clust7
7515,X2HKSRNUZ,clust7
7516,X2O0Q6D3W,clust10
7517,X2OLNUEAH,clust7
7518,X2PAUCUAX,clust16
7519,X310G0T4L,clust15
7520,X366OYJKY,clust1
7521,X3HMUWBE9,clust1
7522,X3RW14ZOL,clust19
7523,X3SUDE4BW,clust7
7524,X3TU7DS2R,clust1
7525,X3Z3MW6IL,clust9
7526,X42A8BJ55,clust0
7527,X483DD0O8,clust0
7528,X4B6H510P,clust15
7529,X59JAEVBB,clust18
7530,X5CN1CCX2,clust18
7531,X5DJMF9IU,clust6
7532,X5GORYUXG,clust0
7533,X5L3LU554,clust4
7534,X5O35LGRV,clust5
7535,X5P5MUVQT,clust11
7536,X5PF8DLAV,clust17
7537,X5UCST7OI,clust1
7538,X64FGXGLN,clust5
7539,X690SUI9X,clust11
7540,X6JTY7YIY,clust5
7541,X6KZU9U1Z,clust10
7542,X6QOE5G2Y,clust1
7543,X6W5FXI8W,clust3
7544,X74040DPQ,clust0
7545,X77M5AG07,clust2
7546,X7KNXASVW,clust6
7547,X7Q4YL5UA,clust19
7548,X8AAGTW42,clust0
7549,X8GEVAED4,clust14
7550,X8OXIOU9K,clust5
7551,X93EJRACO,clust7
7552,X95PIGPKW,clust12
7553,X96RJNKNT,clust5
7554,X9E6HVN36,clust4
7555,X9LWZ60N8,clust5
7556,X9MS0BT8P,clust3
7557,X9Q00EFNP,clust11
7558,XA40VAYYD,clust3
7559,XAIO9DUIK,clust2
7560,XB13VEII7,clust5
7561,XB6NL87LE,clust6
7562,XB6ZGZU6T,clust5
7563,XBBS267UH,clust16
7564,XBCYLYQXA,clust3
7565,XBFQI5FVA,clust7
7566,XBHTHCXPS,clust8
7567,XBJPLT782,clust17
7568,XBJQ6PGYJ,clust4
7569,XBJXHGULP,clust16
7570,XBWEC6OGU,clust18
7571,XBXLSDW3Y,clust9
7572,XCEYU93M4,clust5
7573,XCF2N6FF4,clust10
7574,XCJNNEZ7D,clust19
7575,XCOTZKYEF,clust4
7576,XCUOD286M,clust16
7577,XDJW28F4R,clust5
7578,XDKXH43M8,clust1
7579,XDT5KJ1MC,clust4
7580,XDX1QYD59,clust9
7581,XE2ZKNLLE,clust10
7582,XE6T4A98P,clust19
7583,XE9LTZORY,clust3
7584,XEHEF3HSK,clust16
7585,XENQP5WXJ,clust14
7586,XEZ3AT8Q2,clust7
7587,XF1FUN7OO,clust4
7588,XF3DBO5JX,clust0
7589,XF5U6K60O,clust14
7590,XFK1D9UR2,clust2
7591,XFOMDFTDR,clust0
7592,XFPZ85Y8A,clust5
7593,XFR43CDFC,clust11
7594,XFXDR1FRN,clust3
7595,XG94MY8BQ,clust3
7596,XGDH44YJP,clust5
7597,XGJ48EXY3,clust14
7598,XGNUOWPOG,clust16
7599,XGSZV6WLJ,clust4
7600,XGUW262YR,clust0
7601,XGVDNRZ0H,clust16
7602,XH2DQCMB9,clust18
7603,XH4M7BPC7,clust5
7604,XH59KMG2J,clust12
7605,XHF7DNC6D,clust11
7606,XHJB8EOCI,clust19
7607,XI403H412,clust7
7608,XI5KPT842,clust19
7609,XI6EMK0YB,clust0
7610,XIH5ARE9K,clust18
7611,XIOVFVMKM,clust11
7612,XIPKRY8XR,clust4
7613,XIZWM6601,clust16
7614,XJ2O5OCBM,clust4
7615,XJ6ARQ8IW,clust12
7616,XJ71OL0X1,clust0
7617,XJ8D7NDYY,clust14
7618,XJGVA0R24,clust14
7619,XJIFTEBNY,clust10
7620,XJKYRPQU9,clust11
7621,XJMVX555U,clust1
7622,XJP74V4GG,clust18
7623,XJRFDIWYS,clust1
7624,XJV0JVRGO,clust8
7625,XJVI3OFMG,clust4
7626,XJXSYGCYI,clust5
7627,XKFN3BKS2,clust5
7628,XKI22066V,clust4
7629,XKQNSU811,clust14
7630,XKQVKXV0X,clust2
7631,XKRL093JG,clust7
7632,XKTOYYHD3,clust6
7633,XKUAGG5I5,clust11
7634,XKYHZEGA1,clust19
7635,XL18PMO40,clust1
7636,XL6I8W40Y,clust17
7637,XLBPXM58W,clust4
7638,XLGOC5B1C,clust6
7639,XLH4EBNHW,clust18
7640,XLLCDZEKX,clust18
7641,XLLDMZRYX,clust5
7642,XLWKHSYUX,clust0
7643,XLX6X75RQ,clust2
7644,XLXPPLHOH,clust1
7645,XLY4LSMNV,clust11
7646,XM0I3D8FL,clust6
7647,XM2OVI82K,clust7
7648,XM8IRJTZ5,clust5
7649,XMF5T42QH,clust18
7650,XMS496KXZ,clust5
7651,XN0BZ7E7S,clust7
7652,XN0I2S1IS,clust0
7653,XNG3SGCHE,clust5
7654,XNKY5J6T6,clust1
7655,XNW06QN68,clust5
7656,XO7KEMKXM,clust16
7657,XOP0CINBA,clust2
7658,XOU8JCSTC,clust1
7659,XOXFKDP9U,clust15
7660,XP5HPZ6C9,clust0
7661,XP5JYQH96,clust14
7662,XPKS6C3IC,clust5
7663,XPS1AQYNH,clust8
7664,XQ4VYF04Y,clust14
7665,XQK5OEJWI,clust3
7666,XQLDXJ870,clust19
7667,XQP79ALHU,clust18
7668,XR34F5MJJ,clust6
7669,XRB1KMZ8A,clust4
7670,XREIQBIPN,clust3
7671,XRFIH80QK,clust1
7672,XROXW2JEO,clust17
7673,XS5HET0UK,clust4
7674,XSAUN3LBO,clust17
7675,XSCX4VYIK,clust5
7676,XSJWHBU2B,clust4
7677,XSLA96QES,clust17
7678,XSRCKQMR7,clust11
7679,XSSF7P80L,clust16
7680,XSTMH5VH3,clust5
7681,XSXF15IOJ,clust19
7682,XSXWYJ8L7,clust11
7683,XSXX8341V,clust17
7684,XSZXEIDS6,clust3
7685,XT1RD5H33,clust18
7686,XTERW8OI3,clust17
7687,XTG3HZERE,clust19
7688,XTM7I9BN5,clust19
7689,XTO6BIB2U,clust14
7690,XTPPLP4TB,clust8
7691,XTRFPSHWT,clust10
7692,XTUOU6ALF,clust15
7693,XTXXUFBVK,clust14
7694,XTZQ971AQ,clust5
7695,XU7DTJIEX,clust5
7696,XU7T591RK,clust19
7697,XUDQPNLQI,clust14
7698,XUOOSIA5N,clust13
7699,XV6B6P0MI,clust18
7700,XVD0HRA2V,clust5
7701,XVFQNTKD9,clust14
7702,XVLOMQXDZ,clust10
7703,XVUFXC5IJ,clust11
7704,XVVN54F8K,clust0
7705,XVVV41I9X,clust3
7706,XVXIYOIXM,clust2
7707,XW0XGO1NZ,clust0
7708,XW1EXNR82,clust4
7709,XWHT572FU,clust4
7710,XWM4FJUN1,clust10
7711,XWSEZSLME,clust1
7712,XX44I642D,clust14
7713,XX8666YS2,clust19
7714,XX8MKYP67,clust14
7715,XX8YWDAN1,clust19
7716,XXB1YF40G,clust9
7717,XXEP9MSBI,clust11
7718,XXG4IAY1J,clust19
7719,XXLN2EWUV,clust7
7720,XY61X0WD8,clust16
7721,XYC12O0KF,clust10
7722,XZFK9VUI4,clust2
7723,XZK7S3ZFL,clust0
7724,XZT3JXFYZ,clust4
7725,XZW75V2I9,clust7
7726,Y06HHB7R4,clust9
7727,Y0F0VNU5G,clust11
7728,Y0P3FEB9M,clust8
7729,Y10KBDEW5,clust16
7730,Y19VABCN9,clust17
7731,Y1ERTR3ZV,clust18
7732,Y1KIEUX1O,clust11
7733,Y1RJRQTXI,clust0
7734,Y1RLLVHPA,clust0
7735,Y2C7YBMTF,clust17
7736,Y2DAZPROQ,clust4
7737,Y2W3M5C12,clust17
7738,Y2XGPE416,clust12
7739,Y37IO3TU2,clust19
7740,Y3BDBEH2S,clust0
7741,Y3C5Y7YZ1,clust2
7742,Y3FI2ILFJ,clust18
7743,Y3JLWR5XP,clust19
7744,Y3OHSXU7D,clust18
7745,Y3RT4WON0,clust7
7746,Y3WQXAPNI,clust7
7747,Y3WRF4UAO,clust9
7748,Y47QYJYAK,clust18
7749,Y49U70WVA,clust4
7750,Y4G0G0WIR,clust16
7751,Y4LBBNLNG,clust11
7752,Y4RJETU5X,clust19
7753,Y4SSDPLEO,clust0
7754,Y4W5FCSQV,clust4
7755,Y50Y2ES4G,clust18
7756,Y52DZCECG,clust14
7757,Y5O12X3KT,clust0
7758,Y5WKZ74XJ,clust17
7759,Y6597YP85,clust14
7760,Y65MLNVGS,clust3
7761,Y66RQ42LC,clust2
7762,Y6D9GXOLP,clust5
7763,Y6H1PME2Y,clust9
7764,Y6MQ8YR8F,clust11
7765,Y6OVBWCXR,clust16
7766,Y6V6ABNR9,clust14
7767,Y6ZRI8NVG,clust9
7768,Y77EHULL6,clust5
7769,Y7C608NIY,clust6
7770,Y7HICJTJZ,clust14
7771,Y7JVMWCMP,clust19
7772,Y7LW8XNAB,clust2
7773,Y8476A0C8,clust19
7774,Y8OHVAMIK,clust0
7775,Y8TH3PZV5,clust6
7776,Y90HXCM48,clust2
7777,Y95Q8KLQW,clust11
7778,Y9GWDB6J9,clust17
7779,Y9K13D720,clust16
7780,Y9Y3JTJGB,clust15
7781,Y9YV1JY25,clust10
7782,YA32C6ZYY,clust10
7783,YAZXQHQW8,clust1
7784,YB0K7434I,clust15
7785,YB6TH12FL,clust1
7786,YBA1K36SI,clust16
7787,YBFY2MFYC,clust4
7788,YBI61KOEB,clust15
7789,YBIOEH6XL,clust7
7790,YBJAB9T1Q,clust9
7791,YBKDSZCUV,clust1
7792,YBKH0EJC6,clust19
7793,YBMUPEITV,clust0
7794,YBN77RUVQ,clust10
7795,YCAPE1HMO,clust12
7796,YCCO08JU9,clust16
7797,YCHLNF2N2,clust4
7798,YCLTIOY2B,clust5
7799,YCPDJ7VK1,clust4
7800,YCUC5ATB0,clust7
7801,YCXT663A9,clust6
7802,YD504A2RI,clust18
7803,YD5X9G892,clust7
7804,YDFMIODA3,clust17
7805,YDGPQZVRW,clust5
7806,YDO922844,clust1
7807,YDQ8BELRN,clust19
7808,YDWAALWZ8,clust15
7809,YDY6U6937,clust5
7810,YDYQUA3E0,clust4
7811,YEIZECAKE,clust4
7812,YELIANY7I,clust9
7813,YEYYTPA8E,clust15
7814,YF2CG8IW8,clust9
7815,YF40BVV43,clust16
7816,YF7BAM8I1,clust14
7817,YF7KDX4BO,clust5
7818,YFB7NJMR4,clust0
7819,YFL08V41N,clust5
7820,YFU7XZYCL,clust7
7821,YFZDQJ2DI,clust0
7822,YG7YVT0F9,clust12
7823,YGBG66FR9,clust3
7824,YGDBSO3YB,clust4
7825,YGOV7Z5ND,clust6
7826,YGQUPCJNX,clust2
7827,YGW2DF83L,clust10
7828,YH3GT08Q9,clust4
7829,YH87HNPU3,clust3
7830,YHJ6YIS4F,clust19
7831,YHOAO1G0Q,clust4
7832,YI2BE4OXV,clust5
7833,YIBI8L6D6,clust14
7834,YIEPLWR8T,clust11
7835,YIK5AKV01,clust4
7836,YINRT27GI,clust16
7837,YIQKMB0TO,clust16
7838,YIRKW5UAA,clust5
7839,YITM5ED6M,clust1
7840,YJ3OW71VA,clust17
7841,YJ7TRYP42,clust19
7842,YJJEUDLSJ,clust7
7843,YJU9L97B3,clust5
7844,YJV12DGN3,clust9
7845,YK3FM46WG,clust5
7846,YK4ZIPOZV,clust12
7847,YK9N55OQ7,clust5
7848,YKAH3GN96,clust4
7849,YL1GGGFAQ,clust6
7850,YLKJV683R,clust5
7851,YLLJYVP4I,clust4
7852,YLONARAT7,clust6
7853,YMH61CO82,clust9
7854,YMLVSHM3M,clust4
7855,YMOD3X96V,clust3
7856,YMS7ID0ZK,clust12
7857,YMUJSODEC,clust15
7858,YMX76BSHD,clust5
7859,YN06CV53V,clust6
7860,YNAPPUKXL,clust9
7861,YNI7XINUB,clust19
7862,YNQQ3ORI5,clust14
7863,YOEJRZAC4,clust1
7864,YOR5RUFKX,clust8
7865,YOZM8PR3I,clust19
7866,YP03MZ8IP,clust3
7867,YP6GTPRFP,clust14
7868,YP7HR4TEC,clust16
7869,YPCRQY16W,clust5
7870,YPD1O4P8T,clust5
7871,YPFTH9YDL,clust17
7872,YPMURFO4D,clust16
7873,YQ224O1UT,clust15
7874,YQ4MW88WC,clust1
7875,YQDZ2X5EN,clust11
7876,YQP3WFODK,clust14
7877,YR4MDAI8Q,clust5
7878,YR9OEWWJT,clust1
7879,YRAOHKQSB,clust1
7880,YRB7GDW9M,clust5
7881,YRM1BCVUA,clust14
7882,YRPK3294F,clust5
7883,YRQNOTCWK,clust13
7884,YRUC8Z7AC,clust0
7885,YRVIU84OA,clust5
7886,YRWP1RJ51,clust5
7887,YS6OYDRTK,clust1
7888,YSU66I2F3,clust0
7889,YT3RCNIF5,clust19
7890,YT6BIZOUT,clust16
7891,YTFSMVURU,clust19
7892,YTJ2AOLVA,clust14
7893,YTLW1EMSN,clust1
7894,YTMOQH9O4,clust4
7895,YTUHRMIPC,clust18
7896,YU3AJ6DLK,clust4
7897,YUACAFI5Z,clust17
7898,YUF0M7JZ7,clust8
7899,YUMLT3UEQ,clust11
7900,YUOHTR87C,clust6
7901,YUVYNXZ3M,clust16
7902,YUW0VR55O,clust14
7903,YV3F868ZQ,clust19
7904,YVDZQOJOM,clust1
7905,YVGCDQ7Q6,clust4
7906,YVH8OE0SI,clust12
7907,YVRODYCIB,clust1
7908,YVSQXQB9L,clust9
7909,YVU0M204L,clust11
7910,YVY0EN4L8,clust17
7911,YW0ZN0FV7,clust7
7912,YW1ZTR3FS,clust5
7913,YWDNH7Q5P,clust16
7914,YWMT7H96U,clust5
7915,YWNMN4E27,clust5
7916,YWVHKXNSI,clust6
7917,YWZBEJCZ6,clust16
7918,YWZJD44U4,clust3
7919,YX46UXGIB,clust16
7920,YXJ6AW8SO,clust9
7921,YXL8MODEM,clust17
7922,YXNUST5NF,clust3
7923,YXO3A44U4,clust1
7924,YXRP2LB00,clust16
7925,YXVTD9UBF,clust9
7926,YY0RBIISG,clust18
7927,YY22XWP42,clust16
7928,YY4QURER0,clust7
7929,YYGT0YYR8,clust14
7930,YYKZU83UC,clust0
7931,YYR76W68K,clust8
7932,YYRRLUSHM,clust19
7933,YYUHQ2NS8,clust19
7934,YZ7E22X3P,clust10
7935,YZANUW2A0,clust16
7936,YZNDNTSZH,clust8
7937,YZP2TL100,clust12
7938,YZS60YGE3,clust0
7939,YZWO2WUTP,clust19
7940,YZXXS2LN4,clust5
7941,YZYN6O53P,clust18
7942,Z02UKJZ0Y,clust5
7943,Z03FUBIX0,clust7
7944,Z0ECPOORD,clust18
7945,Z0FU0KF8R,clust18
7946,Z0I8E9WAT,clust18
7947,Z0RECHX8T,clust1
7948,Z0RT4P3WA,clust14
7949,Z0SBS8MN7,clust15
7950,Z0UP31BD0,clust5
7951,Z0UTKPB8H,clust14
7952,Z1EZ5KITK,clust5
7953,Z1KN7CAOS,clust6
7954,Z1UELELUO,clust1
7955,Z1X80P206,clust12
7956,Z1ZWB5YCZ,clust0
7957,Z2EN1B2SW,clust14
7958,Z2JT9Y6QY,clust2
7959,Z2LN74N5Y,clust11
7960,Z2V1ZBQFA,clust12
7961,Z33XY9MII,clust16
7962,Z36ECQWO0,clust6
7963,Z3BCP9NBN,clust18
7964,Z3GBWJ87D,clust17
7965,Z3HNWEIT8,clust11
7966,Z3OD08N31,clust2
7967,Z3PGXZYU0,clust7
7968,Z3QNAKJO3,clust3
7969,Z3RY11F6A,clust18
7970,Z3RYDIHU8,clust2
7971,Z3S8P2SWS,clust11
7972,Z3VZW7A1V,clust1
7973,Z44SLOHZK,clust16
7974,Z49D1BDWF,clust2
7975,Z4BLIF8V7,clust11
7976,Z4L1ACDP4,clust19
7977,Z4SB697E8,clust4
7978,Z4VUAJ2I0,clust17
7979,Z585MOPWG,clust11
7980,Z5BB622LQ,clust2
7981,Z5CCGDKW5,clust19
7982,Z5H9HA5FK,clust10
7983,Z5OIJN7K1,clust2
7984,Z5UKRU5C9,clust9
7985,Z5YWFY5I8,clust16
7986,Z5ZYCJOPG,clust11
7987,Z6AQ5HOI5,clust16
7988,Z6OSQJFH0,clust14
7989,Z768E8A11,clust1
7990,Z77AQND6S,clust14
7991,Z77PZQOVD,clust1
7992,Z7J5UZ6IK,clust6
7993,Z7NASINZP,clust4
7994,Z7O6ZDJKJ,clust6
7995,Z7OIEE9DO,clust13
7996,Z86M95MBN,clust8
7997,Z8A01J9ZP,clust11
7998,Z8K2A10ON,clust2
7999,Z8RSAUDEG,clust5
8000,Z8VCIPGSX,clust2
8001,Z8VG1NU80,clust18
8002,Z9B8K939X,clust14
8003,Z9BJX8Y75,clust19
8004,Z9UC0HKAG,clust14
8005,ZA1XQ6E4R,clust18
8006,ZA5JJIN4V,clust0
8007,ZAAW4VGZO,clust2
8008,ZADKG6FVG,clust19
8009,ZADYZAMLF,clust7
8010,ZANH68E27,clust12
8011,ZAOSB3OMS,clust4
8012,ZAPSRSTLD,clust3
8013,ZATQ1YOWH,clust15
8014,ZB12NFPE6,clust14
8015,ZB3U6I3GO,clust12
8016,ZB899FL46,clust9
8017,ZB9SLPGB0,clust1
8018,ZBC3ZSRRQ,clust0
8019,ZBIY4D78B,clust7
8020,ZBJVOD6T5,clust17
8021,ZBKVJNUVB,clust1
8022,ZBQAWFUED,clust4
8023,ZBRBJCDWF,clust19
8024,ZBRLIZ3B3,clust19
8025,ZBXZG863U,clust5
8026,ZC00WYKA2,clust14
8027,ZC1CCR8R3,clust10
8028,ZC3KFT31X,clust11
8029,ZC53GEILZ,clust11
8030,ZC8G8AS18,clust0
8031,ZCBKYZK36,clust4
8032,ZCDN0GCG7,clust16
8033,ZCH8EQMGF,clust1
8034,ZCIHL74CG,clust0
8035,ZDB9Z8VUY,clust11
8036,ZDIJT13X4,clust5
8037,ZE2WWXM62,clust15
8038,ZE4OUPADO,clust16
8039,ZE4RT16A2,clust4
8040,ZE5YIY9WQ,clust1
8041,ZE6V7U0RH,clust14
8042,ZE6ZGY9BY,clust14
8043,ZEE6ZVO16,clust1
8044,ZEEPJNL8M,clust17
8045,ZEIY4Z3ZA,clust0
8046,ZEPJCSEXD,clust16
8047,ZEPYIZ5NR,clust6
8048,ZEW5PZMS5,clust4
8049,ZEZ3X83ER,clust17
8050,ZF2P5SDUX,clust10
8051,ZFDLKJVST,clust9
8052,ZFJ2M8YWB,clust3
8053,ZFK2G12F2,clust19
8054,ZFMDGU036,clust6
8055,ZFW2FTO6S,clust19
8056,ZFY48RW7L,clust19
8057,ZGBZCXIDR,clust11
8058,ZGS8G3FJT,clust4
8059,ZHCN6CV66,clust4
8060,ZHGTP56J0,clust5
8061,ZHSYSHWNM,clust15
8062,ZHWM9WXA8,clust5
8063,ZI4X3WU5B,clust1
8064,ZIGAX4QE0,clust0
8065,ZIVGNK50S,clust15
8066,ZIVMKXUXD,clust9
8067,ZJ10LB2SQ,clust4
8068,ZJ55K4E39,clust5
8069,ZJD1TST8W,clust5
8070,ZJEACK6IS,clust10
8071,ZJTRMAYP3,clust5
8072,ZJTYTNWB1,clust4
8073,ZJVUKUBNR,clust17
8074,ZK2437PKW,clust5
8075,ZK4D70O0G,clust0
8076,ZKDOHU14J,clust5
8077,ZKKXNQSBC,clust11
8078,ZKL7LXND0,clust12
8079,ZKTEITCDL,clust10
8080,ZLDUFS8AV,clust13
8081,ZLUPEPUTC,clust19
8082,ZLYM9NKDX,clust15
8083,ZM2H41FWB,clust5
8084,ZM9L7MCWG,clust4
8085,ZN9LBQ24R,clust12
8086,ZNEXJP8C5,clust6
8087,ZNHN6O3P9,clust9
8088,ZNJP4U625,clust11
8089,ZNJT7X5J8,clust17
8090,ZNKUGQNG9,clust4
8091,ZNNV3RB2C,clust12
8092,ZNRWPQAX7,clust8
8093,ZNX3DYCOL,clust17
8094,ZO09UOVQU,clust0
8095,ZO17O1J35,clust19
8096,ZOCGLO43O,clust15
8097,ZODNJUF3G,clust14
8098,ZODVJUNKL,clust17
8099,ZOJW1Q17X,clust17
8100,ZOMJOTAE1,clust12
8101,ZOPNUYXGR,clust0
8102,ZOQS2LA3U,clust0
8103,ZOUPIEQ95,clust11
8104,ZOXLUA8NC,clust10
8105,ZP0UMALUI,clust12
8106,ZP32AWLFK,clust0
8107,ZQ22H50CM,clust8
8108,ZQ77YNECO,clust0
8109,ZQC9PMAJ0,clust14
8110,ZQHW55Y5D,clust16
8111,ZQIS6KMHQ,clust4
8112,ZQLNB3I0P,clust18
8113,ZQP7Z6RVC,clust3
8114,ZQXEE54NC,clust1
8115,ZRBE8PT8O,clust0
8116,ZRKJKK6WJ,clust10
8117,ZRLRDM9LB,clust15
8118,ZROWPK1H9,clust0
8119,ZRPEXEBSD,clust0
8120,ZRRZ0E6QH,clust10
8121,ZRV8KE7OH,clust3
8122,ZRWEIUQ07,clust9
8123,ZS9V2RK1G,clust15
8124,ZSIOOAO4B,clust3
8125,ZSITI4QCG,clust4
8126,ZSLUQIZWW,clust1
8127,ZSWCA3ATS,clust8
8128,ZT3UPON7D,clust16
8129,ZT3Y1SXPK,clust19
8130,ZT55F8ACB,clust11
8131,ZT7ZMXADO,clust1
8132,ZTHWEOS74,clust3
8133,ZTIAKKYBN,clust9
8134,ZTMWIWVEN,clust7
8135,ZTXCZKC3M,clust19
8136,ZTYAXFDA9,clust4
8137,ZU0ZHLUOI,clust19
8138,ZU42NCB1U,clust18
8139,ZUJAJERKH,clust10
8140,ZUY9DNX88,clust2
8141,ZV3VS5WLZ,clust9
8142,ZV619PUOA,clust8
8143,ZV6H082TO,clust5
8144,ZV7LMOSBG,clust12
8145,ZV7WL3YBY,clust5
8146,ZVIHTJ6UN,clust15
8147,ZVJG8MQ97,clust3
8148,ZVLM7TKVI,clust1
8149,ZVX8U2BVM,clust1
8150,ZW0Z0CKRR,clust1
8151,ZW55Z2DCG,clust1
8152,ZW7VK9D0Z,clust8
8153,ZWG2K4WR7,clust19
8154,ZWPNO151P,clust4
8155,ZWWAU5XZC,clust11
8156,ZWWZAB5GS,clust5
8157,ZWZ86JKHP,clust0
8158,ZWZA6Q1G1,clust8
8159,ZX0ZWHP4Y,clust15
8160,ZX3O642BA,clust11
8161,ZX5AYJ7LG,clust5
8162,ZX7WSOPSE,clust9
8163,ZX9TGD1GE,clust10
8164,ZXGM0FIU7,clust11
8165,ZXSLIAXA1,clust2
8166,ZY03X5QEH,clust5
8167,ZY6H7KY7X,clust18
8168,ZY8TJP5HW,clust0
8169,ZYB2XIVKR,clust10
8170,ZYIJBOMLO,clust9
8171,ZYOOMGYJ0,clust0
8172,ZYS4LWTG1,clust18
8173,ZYYC3F693,clust2
8174,ZZBWF4AM0,clust5
8175,ZZRFYDD69,clust13
8176,ZZTMEGI9I,clust9
8177,ZZYCBGA8G,clust15
