id,xxx,prediction
0,MAL944N3R,cluster10
1,2P070I351,cluster10
2,LPAXLZS35,cluster2
3,2IUMVXWR8,cluster2
4,IYMKO9LF4,cluster36
5,017MQ4ZTB,cluster36
6,6CJFVPO4U,cluster20
7,P86LCJZFV,cluster20
8,LBTT9SRNJ,cluster4
9,DYH3UPRT6,cluster4
10,JZ6Q6V0R5,cluster19
11,T250BTXXU,cluster19
12,IFX93GJK8,cluster20
13,OSPYXC9U4,cluster20
14,A7TW4V5CD,cluster2
15,B6FEXDXUO,cluster2
16,ZYFR256H1,cluster12
17,3JSN2VWV7,cluster12
18,Q37JRFXTW,cluster20
19,28M7DYGEP,cluster3
20,PZNPQ46RS,cluster3
21,UBUXH9NLV,cluster7
22,9FUNHOUC1,cluster7
23,VWYSAPVHO,cluster20
24,QJ5DSH3NY,cluster20
25,QDXK2JS22,cluster2
26,IXX3IKOLV,cluster2
27,QLEGK1JTE,cluster2
28,21WBF7ZRC,cluster10
29,55ZLDFLEC,cluster10
30,A8NJNTUAP,cluster5
31,L50Q4BX30,cluster5
32,1ZNPP2DQE,cluster26
33,NLMNS6ZBE,cluster26
34,MN3WX5TYR,cluster7
35,SLTDQXECZ,cluster7
36,HCBBUEXAT,cluster2
37,FZ3B6KUNV,cluster2
38,SN8IXBGNC,cluster2
39,U95UK89JI,cluster5
40,YWRQWOGXY,cluster5
41,C7D87FBF8,cluster7
42,HX89G50GS,cluster7
43,N837YTFXG,cluster4
44,9RVD407AX,cluster4
45,FJMB2DUMK,cluster10
46,JZCDWEAFX,cluster10
47,Q1AIGEI4G,cluster7
48,QLKMDFD8J,cluster20
49,D27WFS9HE,cluster10
50,JGZKYHQQ8,cluster5
51,ICWF42WLO,cluster5
52,MWXMABNZK,cluster10
53,W4T6O8VCZ,cluster5
54,DRDJGTRDZ,cluster5
55,N2YG5HP59,cluster18
56,M79RIKP8D,cluster18
57,33M5Q585D,cluster2
58,00SK4UT8M,cluster2
59,EBAGR7X75,cluster20
60,DBFCCYYS4,cluster20
61,KD322MLPI,cluster10
62,PMYWGHUJG,cluster2
63,8EWRF1FAR,cluster3
64,DAML1TID0,cluster3
65,WCCA61EH1,cluster18
66,CMUEVJW0P,cluster18
67,H4T9MGXW6,cluster2
68,00F9SUPIE,cluster2
69,M7CXWXMI8,cluster12
70,W6KAUB60U,cluster12
71,CT81VZQHM,cluster20
72,A38G94T89,cluster2
73,9TO1710J1,cluster5
74,VU8K4HIKU,cluster5
75,1SIOSK3RQ,cluster2
76,9EGN42LFZ,cluster2
77,6CLGIDKDE,cluster20
78,DESG1GPOI,cluster6
79,OQNZ7MT3K,cluster9
80,3AOMVJBWC,cluster18
81,ZR6UKXQT7,cluster2
82,SPXYNOXP8,cluster5
83,R6EFWUJ57,cluster30
84,KUBMFWFWK,cluster30
85,7A2M7R91A,cluster2
86,9J54DZNB2,cluster5
87,6PNOSRLW5,cluster5
88,4XQ7K0KZ4,cluster8
89,2PIOEK39W,cluster8
90,8VO3K0A4V,cluster20
91,WQ5WOSPR2,cluster20
92,AM1HY9ZZF,cluster2
93,G5E6EIY5Y,cluster2
94,ER0BXUH1P,cluster7
95,CIIY6FYTC,cluster7
96,NTXRP29S4,cluster10
97,U20T1HOBI,cluster19
98,0E8P6F42T,cluster19
99,4I5BTPI3U,cluster20
100,4WEL1FJC8,cluster19
101,0UK1EIE7N,cluster23
102,QV99CFKKN,cluster23
103,7XINWEX8P,cluster20
104,4NAVDNPBG,cluster1
105,2OOGRPW7I,cluster36
106,PUNM7CED7,cluster3
107,JAHZ2S8RS,cluster3
108,27FLMZ4FU,cluster36
109,X13HPGM1A,cluster11
110,J9W1YQQVX,cluster11
111,M80Z17WRZ,cluster30
112,FDNF85AG3,cluster10
113,9B7N4GELX,cluster6
114,AHFNG5I4S,cluster6
115,TCPXODIXU,cluster1
116,7NCV2WZ9N,cluster1
117,KABHQO8NF,cluster9
118,AZXGTEGIK,cluster9
119,MY1O6518R,cluster2
120,MB191I9EC,cluster2
121,XXNH3JJVK,cluster2
122,OJ5PQDQUW,cluster2
123,6HULUHKMX,cluster2
124,R6V1TNN7B,cluster2
125,7WEV0ZEB8,cluster2
126,XISFL3YUG,cluster6
127,30FRMZYF9,cluster5
128,WJLUI16NL,cluster3
129,M9SW83497,cluster3
130,6CD6417QN,cluster5
131,ZJSOJ58C3,cluster5
132,XI2CS5HAU,cluster5
133,B1YGO6HY5,cluster11
134,37YO8EC7I,cluster11
135,06SPYT6SI,cluster8
136,SLV0YAQJD,cluster8
137,NEQQJQLMX,cluster2
138,QKTKWITVY,cluster2
139,D07O9SC39,cluster5
140,4D9LE0URH,cluster5
141,WEDFFKDV9,cluster26
142,6FMQC45LR,cluster26
143,HXEDAYCK4,cluster19
144,GCP8I5V5Z,cluster19
145,7CFUO3TTO,cluster7
146,BIH11LGQT,cluster7
147,5NWE9939I,cluster19
148,0TNSH90RC,cluster2
149,L5ZBXMDFM,cluster5
150,PWW6BD5J1,cluster5
151,GPJKNUQVI,cluster4
152,VIUD8PJ2B,cluster4
153,0TS3YTURI,cluster18
154,7YILPSOR5,cluster2
155,SJFPKKUP3,cluster3
156,62F1O3JOL,cluster3
157,NCJQPS7R8,cluster5
158,PF8568C0P,cluster3
159,23CMQO02D,cluster3
160,P92KHSCR9,cluster4
161,BKTQSOYUT,cluster4
162,Q7XV1H4NJ,cluster12
163,JPIE0G45N,cluster8
164,XGBF3U7ED,cluster5
165,ZLMP694S2,cluster5
166,NFOW326ZP,cluster11
167,93QRG8MC3,cluster11
168,TZDJVCWYI,cluster10
169,N7Z0CMBBV,cluster4
170,Y50UUF1BF,cluster4
171,N9WZIHAHL,cluster7
172,M17PZO0LV,cluster7
173,WBCU2I5M5,cluster7
174,W62U4S9K0,cluster8
175,E4QULMSGB,cluster5
176,ERW4WTC2U,cluster5
177,JB3JJ9PCY,cluster3
178,ZU6DIC1W4,cluster3
179,SJ8QBGE8I,cluster22
180,URKNTTCHQ,cluster22
181,BZANIWG4T,cluster8
182,65BPO4J8N,cluster11
183,0IY0TWDEE,cluster10
184,XYWTWP7AP,cluster10
185,RUN3U9FDF,cluster2
186,YRBTIVKDS,cluster2
187,KFFYJ83IG,cluster11
188,5SXEP0WKI,cluster11
189,AKZF7OC2N,cluster19
190,7QQLMOT8Z,cluster19
191,N2FOPRLZ9,cluster5
192,8AUEFDGUY,cluster3
193,LEC6317S4,cluster3
194,TXSUAB058,cluster9
195,VVW0CF2P9,cluster9
196,VF4AYYH7U,cluster2
197,ZIXYHD5EM,cluster32
198,VM0HYDI1A,cluster32
199,9APULMSM6,cluster35
200,HFFZL47FF,cluster35
201,9X358TFYA,cluster5
202,0NCC0YI6F,cluster32
203,EUG4PK2AG,cluster32
204,5L4613R0F,cluster20
205,CEIRCYRSG,cluster2
206,1TIT6QD69,cluster2
207,P2IX1394Z,cluster3
208,D69XQBUC1,cluster23
209,LJ49H6XDQ,cluster4
210,0MOVLUNHE,cluster4
211,WQD8F0OC3,cluster2
212,NL6GPHWMS,cluster2
213,05QASMQVD,cluster5
214,8YROK63YG,cluster4
215,455ENEIP0,cluster4
216,RWG1I5ZO8,cluster5
217,VB74OMFU7,cluster5
218,DZR84R00R,cluster8
219,P6W0IAN91,cluster8
220,S58A8ZKA2,cluster5
221,8M8AMIVK1,cluster36
222,BFIGXUL23,cluster5
223,U1UZCMXC0,cluster23
224,ZNE8CX26J,cluster23
225,IXVZCMGBJ,cluster2
226,J20JO79EW,cluster2
227,EARBVAFK3,cluster7
228,KJ2FIFE0U,cluster7
229,9WYECR5DV,cluster2
230,W4EFPUG6F,cluster33
231,A3UG14R86,cluster33
232,11B5KCEFB,cluster3
233,EX4EK5H91,cluster3
234,XWRE600NK,cluster5
235,4G7VWTPRJ,cluster2
236,DZHTPUTP1,cluster15
237,QLXZEGRSL,cluster21
238,JGE2HRFPU,cluster21
239,37RLD2ML9,cluster20
240,U26SKSQG2,cluster35
241,MFQ4622VP,cluster3
242,1G7S047H0,cluster3
243,M3YOVE3HM,cluster5
244,E1Z1KLTJN,cluster9
245,HVDYNMC2W,cluster9
246,H1KKE2PL1,cluster5
247,UYAJIF26P,cluster20
248,3YALIU3WG,cluster10
249,7MCAD9DVJ,cluster5
250,2YW6ZSV78,cluster6
251,LBXY2XIQG,cluster6
252,W9UWPXWOW,cluster3
253,600D7NIRV,cluster17
254,F1FJJZEKQ,cluster17
255,EX2O0XL13,cluster5
256,YYJY2UU4Z,cluster5
257,H275S4FI9,cluster5
258,9HC7101P7,cluster2
259,SXY37C8KJ,cluster2
260,5451O4ZEB,cluster2
261,3IWOO3K78,cluster5
262,NFGCTK79K,cluster3
263,EK1RG5ZOR,cluster10
264,HCCKRGJ5X,cluster33
265,SUO1FNYVL,cluster1
266,9BKVUMH09,cluster1
267,S0FM2OJSY,cluster4
268,GFCAQS5UT,cluster10
269,ATAY2N4IY,cluster10
270,O3QA5CJCU,cluster7
271,V1BUMJ5H0,cluster8
272,P7KYVXN06,cluster8
273,TFV5JS8NC,cluster2
274,R2T87O3FO,cluster11
275,3L3IT9CV2,cluster11
276,2MCBRC1DJ,cluster9
277,1CU0WCP2D,cluster3
278,9MBCVN538,cluster29
279,Y42FJY7MM,cluster29
280,KZZ6HXNK4,cluster2
281,LP85A7B2X,cluster3
282,50RTA78XQ,cluster19
283,QCG6FU21M,cluster19
284,D50NL3I0Y,cluster6
285,S112UXT5G,cluster6
286,R0DHVRXDG,cluster2
287,MSW5TZ03V,cluster2
288,EEK5TH68S,cluster1
289,CCQ6YPN2O,cluster1
290,CTHBJ7F3V,cluster3
291,PYXZ30RVI,cluster3
292,RPYMY7XJD,cluster22
293,LTBGDNSS7,cluster9
294,IPUGU8QFX,cluster9
295,MYOT2VXMK,cluster3
296,Q7B0V1Z9D,cluster4
297,BXOB21ORK,cluster4
298,S29S5IGMC,cluster18
299,75K6EWA63,cluster23
300,LKU53F7JV,cluster5
301,BC4V5QVWP,cluster5
302,7259I6NCQ,cluster19
303,1ZDGC65B2,cluster19
304,EW7CKRMH8,cluster2
305,WJBCEWRE7,cluster5
306,JDS9ZJ6MZ,cluster23
307,V0ON56ZYZ,cluster2
308,JU7GOETDB,cluster2
309,R3CVQVF4J,cluster3
310,BB8OSHJ11,cluster3
311,VMHN3FN5K,cluster8
312,SWDADG6WG,cluster5
313,3Z3QJM6AE,cluster8
314,PWMZV8MTW,cluster2
315,R6J33YF30,cluster2
316,F7027G42M,cluster19
317,JGQI0EM1R,cluster19
318,4UOH9RU86,cluster9
319,3SO8XCROM,cluster3
320,NEBSSW9AD,cluster1
321,C9USI74UA,cluster4
322,BGUFELJ2L,cluster5
323,UCSE57GD7,cluster7
324,YOD8YZGSW,cluster19
325,LWJA5A4IW,cluster11
326,S9P3QOPMG,cluster2
327,TXINM8RH6,cluster11
328,7EOSTUJE2,cluster11
329,2RA8MCQPG,cluster2
330,J990U0DYZ,cluster8
331,2CWQPKMAH,cluster7
332,9E69PE8EO,cluster5
333,2W7W34KLQ,cluster2
334,WL5DG6T5B,cluster2
335,EMFURT241,cluster11
336,5KFMHS1NT,cluster3
337,ICBJ1ZHDG,cluster6
338,XO8M953X5,cluster10
339,ONMOY7P98,cluster14
340,SCXIVJQ6M,cluster14
341,RXLVFVCNB,cluster2
342,9X0451TQD,cluster2
343,RHCUW4ARP,cluster32
344,Q93XW7IA9,cluster6
345,1623NEYFB,cluster11
346,ZE04CY3OG,cluster11
347,RZU53UFAL,cluster5
348,JXZ0UW3JR,cluster5
349,I89RQY8MN,cluster28
350,L1N6K48H8,cluster28
351,6B9XZZF3X,cluster3
352,XHULOFY37,cluster10
353,52WWWRQDD,cluster3
354,5NWUG7MQW,cluster5
355,42TDUH6PP,cluster10
356,N71FMDKJN,cluster10
357,RU56EAKPX,cluster5
358,L44ZTIPX4,cluster2
359,YA15LYT1W,cluster13
360,E87HE5EWW,cluster2
361,38QLB5M28,cluster8
362,I5468V3OU,cluster7
363,LAP0GI2WE,cluster7
364,2AV2BWNYL,cluster13
365,KTMU1ZTR0,cluster13
366,3GJPR4QJK,cluster11
367,41OC5TJSH,cluster25
368,38RQSQ142,cluster25
369,MN78V0SH2,cluster7
370,J3B9JRMCQ,cluster28
371,S59GQAPEE,cluster28
372,D9RBDIOL0,cluster18
373,8M0098QBY,cluster18
374,G9GQ5PTCK,cluster1
375,KKWQ76MZO,cluster2
376,K3PLWJPJ1,cluster3
377,AMI3P6GLB,cluster16
378,J6T3XR6FN,cluster3
379,R2PL1ZM5A,cluster15
380,4QGUFR9KA,cluster15
381,RGKM56JVZ,cluster11
382,BW12H79AU,cluster6
383,Q5K7GGHPN,cluster8
384,Y98WEC0SV,cluster8
385,MZV7A5KTQ,cluster30
386,J1IFQUEAW,cluster30
387,VA4SXLLR5,cluster5
388,K35JWESH7,cluster20
389,P336D43FX,cluster8
390,B6Z8IEYC7,cluster8
391,RQQQNNX87,cluster5
392,IZLUUBW3X,cluster8
393,8MVROEODW,cluster3
394,P2TZRS49C,cluster19
395,LF8P9IZKR,cluster19
396,H1KCHA137,cluster11
397,J7VMQ0943,cluster3
398,LOUJKC0NZ,cluster15
399,XG0PL3U4W,cluster2
400,F829PX0SK,cluster8
401,3H4H6AUFN,cluster8
402,MM2IPHEJ8,cluster21
403,EK1KLQEJ7,cluster12
404,7ILFQN0TV,cluster6
405,DKGXTI6H0,cluster17
406,YWZ25FXWV,cluster17
407,9QW4X6PHO,cluster2
408,YM8OVQA1Y,cluster9
409,T7PSOYQHL,cluster2
410,9XKWK37VB,cluster1
411,K7RWOUSTI,cluster1
412,15OK1L1LV,cluster5
413,RC266IYJ7,cluster10
414,540XQSYU5,cluster10
415,6MAY0L21C,cluster3
416,Z0EIKAHHZ,cluster2
417,N0ZZKWWAU,cluster2
418,T72K2ZE0S,cluster3
419,O0Q57RUY3,cluster5
420,4IXQIPKUA,cluster17
421,I7KE0BGPN,cluster29
422,70LWOPU5A,cluster2
423,A0TE32MZR,cluster9
424,188TL6NB1,cluster9
425,YS0G9EFU5,cluster2
426,FEV12S3CP,cluster3
427,J1N38RYRE,cluster10
428,Z8030OUYJ,cluster22
429,HB5OY2IT3,cluster22
430,EP2YAV5IV,cluster35
431,8FJQNMXDB,cluster35
432,P89UNXKHE,cluster19
433,V42FVAMY6,cluster13
434,A61B2HGWI,cluster5
435,DQG4I21KC,cluster23
436,XSTZWGI4U,cluster6
437,O4I9YAAJV,cluster11
438,2DU54AUSC,cluster11
439,456FKKD59,cluster2
440,48RAJA79Z,cluster3
441,8TJ99VS3F,cluster7
442,XM80MZZMF,cluster2
443,1AUEUH2VR,cluster2
444,BJAC28F3Q,cluster2
445,RVNP6KNO4,cluster6
446,T500BIM8W,cluster6
447,T3IOACU1G,cluster2
448,67DKRN9PE,cluster18
449,5PIX41VH9,cluster18
450,L4PMQLN8U,cluster7
451,OHXON5AY7,cluster5
452,9B8OLU1ZN,cluster22
453,OR8882JPW,cluster22
454,YOICYEQCG,cluster1
455,VELHKTP64,cluster4
456,MSTMHYBD5,cluster19
457,W79UW50XA,cluster1
458,VK0D7KPVG,cluster1
459,9AR0R3FV9,cluster10
460,K5PYKHSK7,cluster1
461,1J2M5GPOX,cluster7
462,YCPWB4JI9,cluster8
463,7IRE1CCCC,cluster5
464,DSP38FJ92,cluster5
465,GP36CH06D,cluster3
466,WE04ZECCM,cluster6
467,IPDK3TDCZ,cluster2
468,ZNGIB0MH5,cluster8
469,1USVWBEQM,cluster8
470,NP3Q2EYWB,cluster9
471,22SF7NNU2,cluster8
472,V29FKBV8M,cluster3
473,NFJEM1ACM,cluster2
474,3BHYBK3PE,cluster3
475,G67UHNIAU,cluster3
476,9AYO63O3G,cluster1
477,EZC4ADRZR,cluster1
478,QKNZUBZGG,cluster4
479,PPGQBGHR6,cluster4
480,RYG51FHWD,cluster3
481,QN0JPA8LY,cluster2
482,FZB0LZY0C,cluster2
483,OL4DZ8JZR,cluster18
484,AFG65A31G,cluster5
485,B7T3CDWHT,cluster1
486,B3E32RCRU,cluster1
487,J4LV723GA,cluster2
488,305NONSNX,cluster2
489,UEVUEDHLJ,cluster2
490,YXK8RQ4Q8,cluster20
491,ATWK8UA94,cluster3
492,XCTUOFBHU,cluster10
493,D3DJPOV8E,cluster3
494,J6T81KBR1,cluster2
495,HH4PDIMEP,cluster12
496,GBE0U6T83,cluster13
497,TFRZI0E6S,cluster3
498,F9MCMB72Z,cluster3
499,F4XUBHYF6,cluster2
500,NA0EJ2UF6,cluster2
501,44BWRZM4N,cluster5
502,9JZKPTONV,cluster2
503,9T5KNHU4E,cluster11
504,DRRAYBV01,cluster16
505,8YV2R4V85,cluster16
506,LYS7DMT6E,cluster2
507,9S1Z9YXUT,cluster2
508,BHYDJ8BNB,cluster2
509,0X5BKRSLA,cluster19
510,L8TOW6TNA,cluster18
511,O5PELMVMC,cluster32
512,DT9G80YZK,cluster32
513,KALQSKQ7H,cluster10
514,37V9HMFT7,cluster3
515,WHK61V4IT,cluster19
516,E3FOZWXLP,cluster19
517,FCN9GU6GA,cluster5
518,KTERVK8OL,cluster5
519,WXVD1SW4X,cluster5
520,IEETGQY5O,cluster7
521,91EKDHH8W,cluster7
522,WEO9CJWN4,cluster19
523,651593GM5,cluster10
524,LJ3POS60G,cluster15
525,DHMYPMCDU,cluster18
526,UXE07OVJQ,cluster5
527,A72XQIZVX,cluster5
528,T72R7A2E1,cluster2
529,BVLFT8B9B,cluster5
530,3BUCTTUCC,cluster13
531,86Q6XRZ1I,cluster2
532,SM4ZKT1KY,cluster8
533,636M8M9LA,cluster3
534,C5MEGDVHH,cluster6
535,6HGVX1Y4S,cluster6
536,4UZEBYB2P,cluster19
537,EZSK70065,cluster19
538,PUPOXDI7T,cluster7
539,RJS48FL6D,cluster5
540,JC3ZIOOCE,cluster5
541,MVWN87X9W,cluster16
542,OQQS7RNA7,cluster16
543,MQWIMTD30,cluster8
544,11CD3QEGM,cluster5
545,Z56LL49SV,cluster5
546,T4H5XJDSA,cluster5
547,KJA8WJIEB,cluster2
548,TL5OO5R8X,cluster5
549,XKRB7PK76,cluster10
550,JFD32DOYY,cluster10
551,85GKX35QF,cluster28
552,MUF93AH55,cluster15
553,NGFH45AUD,cluster27
554,LARZMDZS5,cluster27
555,DPTOLHJTI,cluster7
556,XIPS5QW64,cluster7
557,B7SRWFJ8Z,cluster8
558,GKRC20GJD,cluster2
559,MMA6B9X2R,cluster1
560,M4E5LIUZ1,cluster1
561,B8U7WU0GZ,cluster11
562,I8AMAQLM5,cluster11
563,L4RRS7OX8,cluster1
564,TSD65RCZ5,cluster1
565,94J6OKYJ2,cluster13
566,0TKIDG5WP,cluster13
567,37KPFQ7C9,cluster29
568,HDXMSZVMA,cluster5
569,55ZO4CT0N,cluster8
570,89000TIJO,cluster8
571,AGSWUDX7I,cluster5
572,EJAXJ0WV6,cluster8
573,JINIZLSMG,cluster9
574,OFK6VFTXF,cluster28
575,VI2BZ9UHW,cluster5
576,LN1I65AFO,cluster5
577,OKTSR09LB,cluster5
578,LH6DFB5F6,cluster18
579,38ASYVXJX,cluster2
580,DD10CFEBD,cluster2
581,PLOUVV54Y,cluster8
582,W60JWGELS,cluster3
583,4T254YTUU,cluster5
584,7UCX3S7H2,cluster4
585,2JO5SGPFV,cluster4
586,FESCNY3VU,cluster2
587,USLIKXCCJ,cluster1
588,OWHPEHZHB,cluster5
589,G2LIQ5OT9,cluster2
590,51XIGHQ5C,cluster2
591,70NMZRDT3,cluster2
592,IWFO0P95B,cluster2
593,IWUX9HXVG,cluster2
594,1LCD9W7FA,cluster15
595,753NYLY8N,cluster15
596,CB2TH3XZL,cluster2
597,T9MEHI3E7,cluster2
598,AY9P1761Z,cluster2
599,WFQ474MEK,cluster7
600,PE4G15GR1,cluster5
601,WQTL5M9UL,cluster10
602,K005OBOBH,cluster1
603,SF4XUZ8GF,cluster1
604,W4COISFMV,cluster22
605,ZRMCEEM8Q,cluster22
606,C78FD878R,cluster7
607,AWU4WBHIO,cluster7
608,4WK5AWN01,cluster18
609,8VAWAYQ85,cluster18
610,C7R9TT6ZD,cluster7
611,AGU07KG2I,cluster4
612,UC66AO0U4,cluster13
613,03VBM4ZUC,cluster23
614,XGT6BYDRZ,cluster16
615,0P2LDQ0CD,cluster16
616,U4QDMHEUM,cluster3
617,3M5YH47XM,cluster3
618,O4UQAQWKH,cluster19
619,MEKD7VKBL,cluster19
620,YS2CP5T8G,cluster2
621,WZ1C13Z0W,cluster3
622,60B1JVMBC,cluster20
623,9U8U1CYQD,cluster20
624,T8FKRQIOT,cluster13
625,TIYJAIXHO,cluster3
626,487Q5O8JW,cluster9
627,5EG6NHQJ0,cluster32
628,AYQSX61V4,cluster5
629,MRY77HYIJ,cluster19
630,VMWGOL1ME,cluster8
631,EJ1NZUZ28,cluster1
632,1T59G1WU2,cluster1
633,ITHGU8SBT,cluster4
634,KCHOBK8DZ,cluster12
635,CBL5VF3IL,cluster12
636,ZIDR3VFH2,cluster2
637,0PJCST3OJ,cluster3
638,ITIS9LG80,cluster3
639,BWLBELBZO,cluster5
640,0W90EG9PK,cluster5
641,KX7PDIOE5,cluster10
642,QPW71MW7T,cluster10
643,LR6BN61P1,cluster15
644,QIFFCYOXT,cluster5
645,CNCE42ENB,cluster11
646,ITPOF5VY8,cluster8
647,I1P8SAZTC,cluster5
648,R2XGPA6X9,cluster2
649,80ZMB8C4U,cluster5
650,1BXJCLIEE,cluster5
651,6DSW7IUY7,cluster10
652,2XVJF88ZV,cluster6
653,7I8RGMTZM,cluster23
654,8LV6Z4WO2,cluster31
655,TT6GXRXWU,cluster31
656,LSYI86AYA,cluster33
657,D1YV3TPGO,cluster1
658,DZ4CK41U3,cluster1
659,I4FY2TL2Y,cluster3
660,OCVZ3I5SI,cluster5
661,1G37V39ZK,cluster8
662,4E4S5QF2T,cluster11
663,P9T3GAF6P,cluster11
664,AK456NNIP,cluster7
665,D652B10Z0,cluster2
666,DK2QS68IR,cluster4
667,2H1K8MQK4,cluster8
668,2J9NNED6E,cluster7
669,0Z9QEXRCO,cluster6
670,5KKXQHRZ8,cluster6
671,QQ234PERN,cluster7
672,TE548IX6S,cluster2
673,H40S0VFTW,cluster5
674,AIQPUUAWK,cluster8
675,C6KG77TQ4,cluster21
676,SYX5GNJYZ,cluster21
677,S79GK1YW1,cluster2
678,162BYSS4Z,cluster2
679,2AS1JDWNN,cluster6
680,RKMAZMDQI,cluster6
681,8KEECSGBB,cluster3
682,GA45I7N1S,cluster10
683,TH749UJX1,cluster7
684,7U859QCRF,cluster14
685,4BCPC14CD,cluster3
686,QJB2837V6,cluster18
687,6P9YZOYE3,cluster14
688,7C7OJXCBF,cluster14
689,PLMP64CC7,cluster5
690,Q494N6FBH,cluster3
691,XA8CR6H86,cluster1
692,SLIS7ORBY,cluster16
693,WEF0NK0S7,cluster16
694,8FLYHFAX2,cluster2
695,TDEV4PXK7,cluster2
696,EGT7X3I77,cluster2
697,V8FC7ER34,cluster6
698,5JS30PYB1,cluster2
699,WQPH687BS,cluster20
700,K10MRURRC,cluster3
701,QKQCHAJWK,cluster16
702,E0UZQH1FW,cluster16
703,6M16PPENP,cluster11
704,WJV2GV4EP,cluster18
705,WEE16FBA0,cluster18
706,2IPSJY9DA,cluster2
707,I27D04LDU,cluster9
708,VSJ3PM8SE,cluster3
709,PVAK1RD6J,cluster11
710,WTBPV1YZ5,cluster20
711,KGN33M335,cluster30
712,YWHX5IDW5,cluster30
713,16J0MBDG0,cluster2
714,HS7QLVBAI,cluster2
715,JQ2IMTK88,cluster5
716,56EJQ5MFK,cluster5
717,1XOFUXCF6,cluster2
718,3880WXTEW,cluster2
719,H2TIRKQKJ,cluster7
720,0P11YV236,cluster7
721,XUGE22VOG,cluster7
722,8DPCQY3O3,cluster10
723,6C0SO5YUT,cluster5
724,Y5PDTHSF3,cluster15
725,V30P651SL,cluster15
726,TRNWFF3VH,cluster13
727,O13H0RXRS,cluster1
728,6PDQ9VAK9,cluster2
729,0W4FAMWLU,cluster2
730,3IF5WN5M3,cluster1
731,FZA0QFMI3,cluster20
732,P0ZDTZAOS,cluster20
733,2X8WUM7WU,cluster14
734,DCZIP3NUC,cluster14
735,LXYEB8KVT,cluster6
736,BHGZ9GJ6M,cluster6
737,RRUIJFKST,cluster5
738,9UMRMJB37,cluster2
739,W4Q0OQCUW,cluster18
740,IZZ9T36FD,cluster1
741,IO819H46B,cluster1
742,GVNVMXGLT,cluster1
743,T273G1Q6I,cluster10
744,E138UOKWB,cluster8
745,JDHSK7VG7,cluster8
746,RVWR9ZXYU,cluster12
747,ZWQJ44G69,cluster8
748,DXLD3REW9,cluster16
749,URLR6VCDY,cluster16
750,V8X66Y12W,cluster12
751,JHLV1D8S1,cluster12
752,K6OY56766,cluster3
753,SPKSNI4LM,cluster7
754,9ZHW0CU4M,cluster7
755,YAGWP5YJB,cluster14
756,SZT4TDQDU,cluster14
757,GKDETY22W,cluster3
758,WQNGLB4Y0,cluster35
759,0GWBOE0N5,cluster3
760,GT60UZBI3,cluster7
761,LRQYY97HS,cluster3
762,1WZXYEJI8,cluster1
763,BNOOK6QGT,cluster36
764,9PGUHLEYI,cluster3
765,G49P8U91T,cluster5
766,8R5ECXFU4,cluster5
767,FSKS34LIT,cluster19
768,94UL7H0N6,cluster11
769,B5IGOF9LI,cluster2
770,GVFVEN6T0,cluster10
771,J5JU0BYUA,cluster25
772,CQUCQYMX8,cluster25
773,2V3G99H4C,cluster9
774,XHXF5YXJE,cluster9
775,J5XGQ0VWB,cluster11
776,I3PC8TKYJ,cluster12
777,YK8ZLVFS2,cluster12
778,RISQLVJYG,cluster16
779,J4NHAWKIP,cluster31
780,TLISWRYZ6,cluster19
781,62QH4UY7P,cluster19
782,D3H6LF6I7,cluster16
783,TQFHR51Z6,cluster3
784,0NZC796D1,cluster8
785,5IHJMBG5D,cluster8
786,V11DSNP45,cluster8
787,W1GU28Q7Z,cluster3
788,O67EOV6IC,cluster3
789,FWF3U6BZO,cluster7
790,BPPKCGQ9S,cluster7
791,3FX5CP8G6,cluster11
792,BROV8LRJB,cluster13
793,UUP3TPX2W,cluster2
794,LFHSOC91Y,cluster11
795,IBCGWJRBI,cluster11
796,ORTHIT565,cluster14
797,FZGA6N8S6,cluster19
798,KHLNS5UVZ,cluster19
799,1ENMPOL38,cluster13
800,PMAOT65L6,cluster5
801,BFW7MHOXY,cluster2
802,ZF93046DP,cluster21
803,JWMQHGBXA,cluster21
804,8OOZT94SC,cluster25
805,KPK295O6W,cluster25
806,94IV059FE,cluster3
807,IGBW4J1CC,cluster3
808,APYSMTSKM,cluster10
809,ETFSASDJ0,cluster10
810,4QQJ9Z8J7,cluster13
811,J436DVDLW,cluster13
812,PFJ8ZXQDZ,cluster1
813,2DZV9JKCF,cluster15
814,GOODE9IYN,cluster15
815,DDPK4WFA6,cluster19
816,EGRYJP6L6,cluster6
817,E4PALJWI4,cluster17
818,F1SACQKO7,cluster1
819,NQ13L073P,cluster16
820,S3FCRASTS,cluster16
821,PLMZBUNET,cluster23
822,B0YN5ID1A,cluster20
823,H0P9RP70K,cluster30
824,VNG67ZZHB,cluster2
825,0SPFULQB2,cluster8
826,Q3OZJII7Q,cluster8
827,SZMMINPSU,cluster5
828,5SL06JMDP,cluster2
829,Q3NMSKWLU,cluster2
830,BAR9AGK7L,cluster2
831,2OKP3L987,cluster2
832,QHEFVIXIA,cluster2
833,5NJUNEM55,cluster5
834,PNN04VV8I,cluster4
835,74ULNRKJ7,cluster22
836,RF56WDO8Y,cluster3
837,0326C8TTD,cluster24
838,PU0MRQWUW,cluster24
839,HTOOP5BP9,cluster2
840,3D5D5BHB6,cluster30
841,ZJ3Z5EF6F,cluster2
842,I7XP4XLUT,cluster2
843,DF65JRUMD,cluster2
844,VONX880X0,cluster18
845,UEODF2X7A,cluster18
846,3EABU17WR,cluster3
847,D9WNGM6K0,cluster8
848,63MCVUJD0,cluster8
849,KE3WYB1V3,cluster8
850,FLRQCU1TA,cluster9
851,JAML71MGF,cluster9
852,IUH5GQIL0,cluster7
853,QSCYM1HYV,cluster2
854,233S4VIJO,cluster2
855,TDLT452DF,cluster3
856,WW6WD6UZI,cluster3
857,3FGDJGQWL,cluster8
858,QAOWE6IB3,cluster3
859,1G5JMPFMO,cluster2
860,YDT2GADLI,cluster16
861,LU5M88NT3,cluster2
862,A8D87UMSZ,cluster7
863,X3E1QL9QC,cluster25
864,JUHO9C7TO,cluster8
865,J6XB7FQHV,cluster2
866,UQB9OT0OP,cluster2
867,QBCWTXMJZ,cluster28
868,SH1PRTADN,cluster28
869,5E59DFOTS,cluster1
870,ILCPGBT05,cluster9
871,0TQO6AJI3,cluster10
872,FV2F7NSJZ,cluster6
873,CSMP5TYXJ,cluster6
874,TQAYDPSQR,cluster1
875,61APPLE8R,cluster1
876,2Z08R9AC2,cluster6
877,40PXXNB2D,cluster3
878,2WL6BQKSD,cluster1
879,73XEL1JDL,cluster3
880,3H6LG8I9R,cluster25
881,AWGC5SU5W,cluster25
882,VHO3W9YP6,cluster5
883,DTJPUCMI0,cluster3
884,TBILXYV16,cluster3
885,I7QJZ4CDM,cluster9
886,Q4WLOC83Z,cluster9
887,I2IYPBLKR,cluster2
888,4522CAHDW,cluster2
889,VEXANA8Y2,cluster8
890,2ZRNKV335,cluster21
891,1W6LJ9DT2,cluster17
892,PY0NSO3OY,cluster17
893,0FU2L6HFK,cluster10
894,DJGFBIJYV,cluster1
895,GZRSY3DQZ,cluster3
896,J3KHAGGD1,cluster5
897,63POERV3P,cluster15
898,IDSOHNVMB,cluster9
899,IEOR1SXLA,cluster5
900,XZZ1D4ZJE,cluster5
901,T2MKQ79FV,cluster1
902,4N9A32TWT,cluster20
903,W9F42IV2E,cluster20
904,ZFAS23QLR,cluster19
905,KIEBJRDDM,cluster11
906,ADMQFHZK2,cluster11
907,0X6OKXG9A,cluster1
908,Q9EPVFMM0,cluster1
909,W3QSK48AV,cluster1
910,RCOT86UJO,cluster7
911,FIRX7HRL5,cluster24
912,XV6RWFXRK,cluster28
913,2NSKJRKBR,cluster11
914,OD63HCLXI,cluster11
915,GT7UAORXU,cluster11
916,9PULZU9PQ,cluster6
917,XDQTSQQ84,cluster6
918,2J8RSO0YD,cluster1
919,ICLN4XUZG,cluster7
920,VXUAHFB56,cluster1
921,WEHQ2O99T,cluster1
922,YAGZ4YXFN,cluster9
923,A7JHC2535,cluster3
924,I8HBNQZK3,cluster3
925,0DFGW53W7,cluster12
926,HT6R8TZVN,cluster12
927,IKZY8EQ45,cluster10
928,WDJZYI0Y6,cluster11
929,RSJUZAUX2,cluster4
930,RQPEXPM4L,cluster4
931,VG19PWYHN,cluster10
932,LFZF5Q57M,cluster3
933,3ABA286V3,cluster6
934,3TQ3ND64E,cluster1
935,91AXDYCC8,cluster11
936,J394SUZ7S,cluster11
937,V29T6EYLG,cluster19
938,BHQO2K64K,cluster6
939,0DO9GAYQH,cluster6
940,GAWBPSFFD,cluster2
941,2KDA2DQ3W,cluster3
942,4BXK8HUUX,cluster8
943,I2EDWLV5I,cluster8
944,DDKTE829Y,cluster19
945,7AR7GT3NR,cluster19
946,G1E1VI9PT,cluster5
947,38UN7LPCU,cluster5
948,0BTDNQZF1,cluster2
949,J3HR7I7S1,cluster3
950,FLTTHM6QA,cluster17
951,NPPM52Y56,cluster17
952,8S4L511UD,cluster2
953,I0EGOX3ZE,cluster24
954,HM4XIJIOY,cluster24
955,BYRG8RT2G,cluster5
956,I6J5JNTAW,cluster3
957,7HPYSOOLT,cluster5
958,A3KUZS9E3,cluster4
959,EVQL8C6F7,cluster12
960,W4NLROMOW,cluster3
961,GEG50F523,cluster5
962,02T929S8A,cluster16
963,8HVRCS22W,cluster16
964,PNS59CS6A,cluster13
965,A9D8K3P9O,cluster13
966,94KZZ7QVO,cluster14
967,A1FGOVRFM,cluster14
968,PY0MULE82,cluster3
969,9R9947M37,cluster5
970,9JZRKJWQF,cluster5
971,WBG4E79C0,cluster12
972,H66AUDKPD,cluster12
973,CG3WLRJAX,cluster1
974,EJ1W1N2JG,cluster4
975,Y2KQSDGMR,cluster20
976,6J48QCWNO,cluster20
977,ZA1JL79KC,cluster8
978,GCBFZZAXR,cluster8
979,10CG1WLLW,cluster13
980,G3QWSZQIV,cluster16
981,M7TRE6B9L,cluster6
982,5RGGF4TYL,cluster6
983,AT1V59O2N,cluster1
984,GJLBBOZXF,cluster4
985,B0P34IA4L,cluster7
986,09144M14F,cluster25
987,S1NCEXVDW,cluster25
988,MYIIVVADE,cluster5
989,8VTQ3CDJH,cluster1
990,ZR7S7G4XE,cluster18
991,ELF1P6N9C,cluster2
992,GFAC2KXQ9,cluster4
993,FBIQ8BKWK,cluster4
994,BM1WQTLBL,cluster12
995,2JCTKZRRU,cluster12
996,FTQ9UPKGG,cluster10
997,NIAYIA334,cluster10
998,0O0NVIY7X,cluster12
999,7U57IRG3X,cluster12
1000,8G5ES3JED,cluster11
1001,X6XAGFMOS,cluster6
1002,EA6BCEMKX,cluster3
1003,KFG4GOX4F,cluster4
1004,NB2MPJ0JU,cluster9
1005,QW2JN8GWB,cluster20
1006,0L6R4Z252,cluster20
1007,VG359LT0A,cluster5
1008,DC2D9HYYI,cluster3
1009,9KMD8KQ8O,cluster3
1010,RRC8Q3SGP,cluster1
1011,O9ZRKLVIG,cluster16
1012,3SD8DN2AW,cluster5
1013,QMSX9CKU9,cluster28
1014,TQOT0QRJ9,cluster13
1015,XUGH1JYRN,cluster2
1016,MQKSRT81K,cluster1
1017,46YJQPY6F,cluster5
1018,H55E2QHFW,cluster21
1019,MFU1GZNOH,cluster21
1020,6U3TML73E,cluster20
1021,5CCZ5W2PG,cluster22
1022,4QOGQBU7G,cluster22
1023,SU3FHIVRL,cluster7
1024,A5W3EPD9R,cluster2
1025,J4GN0JLOP,cluster3
1026,ZFP8MREI3,cluster2
1027,ZEQ0VL9LO,cluster9
1028,DS78QQXGW,cluster23
1029,IRU794JV7,cluster23
1030,2PCCPT4DK,cluster14
1031,2A3TTQRAQ,cluster14
1032,VWQ5YL6RW,cluster2
1033,96ILRR19K,cluster20
1034,8NDIDIMV6,cluster2
1035,ONG75LV4C,cluster5
1036,0DKLFN1IG,cluster32
1037,Y92LQ1Z0W,cluster5
1038,CXE51PK85,cluster5
1039,C7B1QSOQ9,cluster3
1040,4ETKI3K99,cluster3
1041,TSAK25MPS,cluster2
1042,U1H2QVYBX,cluster2
1043,8TPQ9WRR1,cluster33
1044,R7IVYDQ3U,cluster25
1045,K57QSFTDR,cluster3
1046,FR5QYZVYN,cluster10
1047,KJ19T3NU1,cluster5
1048,GB00704SX,cluster9
1049,P6OD3RGKS,cluster2
1050,54LTJ1A35,cluster8
1051,TRFTF4BO0,cluster22
1052,M8ALRXRAO,cluster15
1053,2IMH970NB,cluster23
1054,90XHISVT2,cluster3
1055,5G68EQAQ2,cluster3
1056,FKOJPWUQE,cluster19
1057,WQFDUXPN3,cluster9
1058,ZKSSPA3YX,cluster28
1059,EUDIR1RMW,cluster28
1060,A8TFAIADS,cluster10
1061,OUIQT6JVJ,cluster2
1062,WRHFK5UY9,cluster2
1063,J72MUUFEE,cluster26
1064,XGOLDMNAB,cluster26
1065,AKLEQY0KF,cluster3
1066,0PH2JG9AV,cluster1
1067,WSNLLY46C,cluster1
1068,3S2B35GDS,cluster1
1069,FCSRCZSCK,cluster5
1070,4J81EWKZZ,cluster5
1071,WJK2PU882,cluster4
1072,M5XR7XLW7,cluster4
1073,N1RDMV0J3,cluster11
1074,WV35U8368,cluster6
1075,IR45F85CN,cluster1
1076,5HDA907C9,cluster15
1077,SXSKUMS84,cluster1
1078,YSNDX9WTD,cluster1
1079,W1VV8ENCG,cluster9
1080,VGTXQ3CC3,cluster5
1081,VS45T7TWT,cluster2
1082,T4QBEXK66,cluster2
1083,VH7PNZKKA,cluster19
1084,VYG4GFN0F,cluster4
1085,Y1ALZ9RCA,cluster1
1086,59WQYLSGT,cluster3
1087,MAD1WK2HN,cluster7
1088,VHSHC61I8,cluster30
1089,EA87RASFM,cluster3
1090,YPJSQB1NK,cluster13
1091,DYUHAOPGV,cluster10
1092,GGEMBVL29,cluster10
1093,SIHDDXBVF,cluster7
1094,WCQEM5NSX,cluster11
1095,TFI08FFRX,cluster11
1096,LQ0OOXHHH,cluster14
1097,PZ7V9JAXA,cluster26
1098,ZOR7XTMRM,cluster26
1099,Z2MJCX3SP,cluster6
1100,CEZHF3OFV,cluster6
1101,A279OWZWW,cluster10
1102,5G7I418Y2,cluster1
1103,R3BEXKV91,cluster3
1104,81Z5QZ9HC,cluster1
1105,JN5XWTAKJ,cluster1
1106,0L38MD7OZ,cluster1
1107,3R2KT4VO1,cluster10
1108,CJZ8Q30JX,cluster3
1109,PWYGWZNRD,cluster19
1110,LQCQKH7UC,cluster19
1111,UUBUMC0RV,cluster19
1112,MRP5VAJJ0,cluster1
1113,YQ5FWQW30,cluster2
1114,QPH5NT6I1,cluster10
1115,T2SIDXUXU,cluster10
1116,NNPE4NV1P,cluster2
1117,BPTINWHF1,cluster5
1118,TUC1XI6UV,cluster5
1119,YGWF8BZ0Q,cluster4
1120,2NSKWGEB8,cluster4
1121,V3Y242ECC,cluster4
1122,WDHU54I0D,cluster4
1123,E60FLYGPS,cluster2
1124,BWLPU90DP,cluster6
1125,8M658OJUY,cluster10
1126,5EFXOSYSO,cluster5
1127,2BLIN19ZY,cluster9
1128,22JL9JMXL,cluster6
1129,96XJ98FXZ,cluster6
1130,HYHKBYFA8,cluster8
1131,ZFO4UV2TC,cluster2
1132,UIDIIK8WB,cluster16
1133,CSVH2PL9J,cluster5
1134,JVE1OMBAJ,cluster5
1135,V9DJVD88F,cluster14
1136,VB8HOK11F,cluster14
1137,S07YY053D,cluster1
1138,LMGZ9KFB9,cluster6
1139,DKMMN9QRL,cluster1
1140,DXAYPKAPS,cluster24
1141,3280TEBZ5,cluster5
1142,6CMZ6E3AF,cluster7
1143,JOBXDG9RL,cluster34
1144,2RAY55SWP,cluster34
1145,FL3LN55XK,cluster9
1146,968AW7QHU,cluster6
1147,0TM1E7MT1,cluster6
1148,FMNC45UG6,cluster12
1149,G0V4B06LC,cluster12
1150,RYXCO0OU2,cluster31
1151,YCML2IX0Q,cluster1
1152,NGUJEFI3P,cluster1
1153,MYAV8UT8O,cluster1
1154,2OQK3AZFH,cluster1
1155,TJW3JYR3F,cluster1
1156,UHXQ6MTTG,cluster27
1157,YNO7AYBQO,cluster27
1158,CDVQRDWGS,cluster3
1159,CN76TLXFL,cluster3
1160,SYIV46EIO,cluster5
1161,BIAFRGAMC,cluster6
1162,S1K1G9PDC,cluster36
1163,1K7656RTV,cluster20
1164,3NV4CFU6B,cluster1
1165,UF1CDORWV,cluster1
1166,WWF7CWHPD,cluster1
1167,FGLKSXWT4,cluster1
1168,L6VQFILMQ,cluster10
1169,N9YFNRX7E,cluster18
1170,E79826B66,cluster18
1171,085CUSBL9,cluster32
1172,6D3RRG9JV,cluster7
1173,IY9MMORQ9,cluster14
1174,Z7CWWW8YL,cluster14
1175,VTK98SUTY,cluster8
1176,RGDJCZRVD,cluster20
1177,KCZG2B7NS,cluster20
1178,F2VUHLT0C,cluster7
1179,AKN62WKD5,cluster7
1180,ZCDUH5LFF,cluster2
1181,8SXHIPHMP,cluster10
1182,RABYQUAW3,cluster1
1183,7WPDH8BRA,cluster3
1184,8C0IKRKYL,cluster17
1185,2FSSRVL3Y,cluster21
1186,K5Z8IX6W1,cluster6
1187,4LTUWUYQF,cluster19
1188,M4DXAGNGQ,cluster22
1189,UOLZ4ML7N,cluster2
1190,JY6Y5RI7G,cluster2
1191,OVVEV5X7D,cluster3
1192,8NAX0KMZL,cluster11
1193,AHVBZ9AFN,cluster3
1194,Z3GCZB0RO,cluster3
1195,K4XQI78Z2,cluster2
1196,G3U7V5VJ7,cluster20
1197,ZVQE50CPI,cluster7
1198,BAGDGTSS4,cluster7
1199,A0JIX6DID,cluster14
1200,AF71AX646,cluster8
1201,7PNINTR6X,cluster8
1202,PTNXFN33L,cluster19
1203,IL3S75BRO,cluster6
1204,TRN942L56,cluster25
1205,08SWALY0B,cluster5
1206,OI45PVOH2,cluster2
1207,TIPNQ27UW,cluster9
1208,GBF8X9QJD,cluster26
1209,O8VAFU8HK,cluster26
1210,CH1K8ER54,cluster1
1211,W1LDR5U99,cluster23
1212,KO3LP82BS,cluster1
1213,FPWQATGFJ,cluster1
1214,6G5DRQMOQ,cluster1
1215,OEOOHG0VL,cluster5
1216,656YYA481,cluster5
1217,94FQ83FZN,cluster8
1218,PTXZLVPHB,cluster30
1219,YLBW4SKLD,cluster8
1220,KYTIFAIAQ,cluster7
1221,SH3ALDP42,cluster7
1222,NTNG5JEYM,cluster4
1223,DUKCTPUNA,cluster4
1224,T0IGY4HQ3,cluster33
1225,G4GZSNRMZ,cluster33
1226,C7P6UFCWU,cluster3
1227,WTBIIC2XE,cluster25
1228,JQOBBRHVS,cluster25
1229,72Y3PMFXT,cluster5
1230,FH74R5WRD,cluster8
1231,PZBUK794B,cluster3
1232,0TQ8LVL6A,cluster2
1233,6KCFS034O,cluster2
1234,J5NNLLKSD,cluster3
1235,KX5A55XAZ,cluster3
1236,R8NT6NZ77,cluster9
1237,3GE5FQX4R,cluster8
1238,Q82RZARP7,cluster1
1239,JP32N8MRJ,cluster3
1240,Z0OFIRP1B,cluster3
1241,PF1C4INCH,cluster2
1242,F7SE9JHWY,cluster30
1243,HR3YI4IEL,cluster13
1244,OE8J8D5YU,cluster13
1245,JS38VI3FM,cluster1
1246,R32UVHC5R,cluster4
1247,9BOWSV27U,cluster6
1248,PT3P8SXJY,cluster26
1249,C2AVS2S94,cluster18
1250,FPSPUM957,cluster6
1251,F82WJA7OS,cluster19
1252,NR4NCZBSY,cluster3
1253,S8AFQUHAD,cluster6
1254,QONBEH8A5,cluster7
1255,PSVL9IGP4,cluster7
1256,FUT8EVSM0,cluster18
1257,U3VUGIIJ4,cluster6
1258,TA8TB1GUB,cluster6
1259,BKS6SKZYM,cluster2
1260,1ZQSIGKJV,cluster28
1261,8P4EDJX9M,cluster13
1262,8KB73HSAX,cluster21
1263,HEXIYT3HQ,cluster2
1264,ILOSFKZPC,cluster9
1265,H1CLR80F0,cluster1
1266,XF8SSL04N,cluster16
1267,RXQID79Z5,cluster1
1268,EDCYGYVE8,cluster3
1269,J9K54VM4G,cluster9
1270,IC8AX1WKL,cluster13
1271,OGFU3JGAO,cluster8
1272,NW7QCSIA3,cluster3
1273,YZM3MZR95,cluster18
1274,NRZO6E5PR,cluster18
1275,BUQH4I2NS,cluster2
1276,63BPPB3UW,cluster2
1277,KLNWOMOQW,cluster3
1278,QVMZD9RW5,cluster3
1279,BY8PZMXJ0,cluster9
1280,YZUU04KGA,cluster5
1281,COPZ50GID,cluster20
1282,CYSDM7MZD,cluster10
1283,H0O2T7CYY,cluster10
1284,BNVM8TMLJ,cluster1
1285,1EY2L1ICG,cluster2
1286,X6FNEN1W9,cluster2
1287,L2D8CUCVK,cluster29
1288,O7Y8SDLA4,cluster8
1289,V9BOKZCHW,cluster3
1290,TIEIGUGDF,cluster3
1291,I2MVWHNIS,cluster29
1292,DBVY8RJZF,cluster10
1293,DUWXXTTMG,cluster3
1294,LG1SAJ4NC,cluster3
1295,DNHJI3YC7,cluster25
1296,QY8VOMWGS,cluster25
1297,HB1Y0TE89,cluster24
1298,MWX6VP7YQ,cluster14
1299,E97F72DOF,cluster8
1300,H01F1N9TH,cluster8
1301,J2Y03B5WM,cluster2
1302,32XQH8YEQ,cluster3
1303,FJUNS4X8V,cluster3
1304,1UQSED86Q,cluster6
1305,HSQ4HN8Q9,cluster19
1306,0HH3EZI1W,cluster2
1307,W64EY9YKU,cluster7
1308,1JOBREZ2K,cluster13
1309,HOTDT9WWS,cluster13
1310,NREGCIXS4,cluster11
1311,EZI2PA1LO,cluster11
1312,2PDBI37G1,cluster16
1313,LDPU5ODDE,cluster4
1314,VAX30EVGN,cluster4
1315,ZKT766FQS,cluster9
1316,MJUYSRSNH,cluster17
1317,NEZ1K4YH2,cluster17
1318,EV7792JQT,cluster7
1319,GAV3J70K8,cluster10
1320,WXP93N45J,cluster16
1321,1PAG2LH5P,cluster16
1322,P9Z0K9YIX,cluster5
1323,VS7UP8Q2B,cluster3
1324,XRITEY6PT,cluster2
1325,LRLS60N0M,cluster2
1326,H5MURHYV8,cluster1
1327,E0TTAI0SE,cluster21
1328,70405GTT4,cluster3
1329,KX2SQX9I5,cluster11
1330,OFC4M9CNH,cluster12
1331,N41PO563U,cluster12
1332,M69GV4PBZ,cluster2
1333,IOFC45OII,cluster1
1334,5N1A6XOAG,cluster8
1335,1O7GLLIT8,cluster5
1336,ECL1OM9TW,cluster13
1337,KJCL9AAPZ,cluster13
1338,8WYV44HVQ,cluster5
1339,Z7L25A3HK,cluster7
1340,6VNFWU62I,cluster4
1341,NGAAON2L9,cluster4
1342,IXK1CISFX,cluster6
1343,322H18CTM,cluster6
1344,377B6FIP0,cluster3
1345,7NM61HCQ2,cluster3
1346,0RETU2IQZ,cluster16
1347,34UEWKEEH,cluster11
1348,LIH0J8WDG,cluster11
1349,5LYFOIPMB,cluster2
1350,O0MUAW76H,cluster15
1351,5SKRKJY2M,cluster15
1352,LDN37CDIQ,cluster13
1353,8KRS6841B,cluster6
1354,XFJI3GNSJ,cluster6
1355,OFHM78QPM,cluster8
1356,3JX0GQAVK,cluster1
1357,Q02MDGL7X,cluster8
1358,W3KPOCF8E,cluster7
1359,IMDKN4F2L,cluster35
1360,XKAJ06NMX,cluster4
1361,2GAMGZICD,cluster3
1362,J39ZB2IN6,cluster4
1363,J3ZNQB4K0,cluster16
1364,AI1ZF2O1Y,cluster6
1365,AMZMVXFW8,cluster2
1366,2KFBHLOA8,cluster3
1367,OLTF95274,cluster3
1368,Q732J20ZZ,cluster3
1369,4CR1F7H1D,cluster19
1370,UB8CG96RK,cluster3
1371,AH6MWL3ES,cluster11
1372,OEOIJQ7CY,cluster1
1373,ESQPU6YGN,cluster2
1374,M66R608QF,cluster2
1375,I28N7QA41,cluster2
1376,JI5MI9OYJ,cluster19
1377,RGS1PUZ5X,cluster19
1378,NQDHKIQXT,cluster7
1379,S2WUAPSR3,cluster7
1380,8BIJBG28L,cluster10
1381,3TQ0SIWVH,cluster1
1382,93QYQUHI9,cluster8
1383,VPAHMWE6Y,cluster2
1384,BYU9V9NER,cluster1
1385,NR9D8RGOO,cluster2
1386,DK066VKXX,cluster9
1387,PYTKK0WJJ,cluster2
1388,9FR12V0NC,cluster1
1389,O893081J5,cluster5
1390,R1CJAC272,cluster2
1391,92HJ1N39X,cluster15
1392,BFLC0Q8UM,cluster15
1393,6R0H5509Q,cluster1
1394,4JXE6A4NR,cluster16
1395,KVI9WUCXC,cluster16
1396,3X44JMKH5,cluster33
1397,MFSM5P3B9,cluster1
1398,RZZXSND13,cluster3
1399,GBGNAS7MH,cluster9
1400,JSWR2TXEU,cluster30
1401,WK4116TNL,cluster30
1402,CCCLI4R7W,cluster13
1403,HQTQKCU0M,cluster13
1404,6GEMPKMEP,cluster6
1405,I8SH50ZUI,cluster4
1406,DAHMMMFFR,cluster5
1407,6L185X52Y,cluster5
1408,5E6SHXR2A,cluster5
1409,4WNMT60TT,cluster8
1410,FPBGROCYD,cluster2
1411,3WEZIGC5U,cluster1
1412,OES459Y5W,cluster4
1413,RBRSYFQVI,cluster5
1414,HHEXOYDST,cluster5
1415,LS89N6TQP,cluster12
1416,CGP0VT25P,cluster17
1417,MH70GIIJF,cluster1
1418,2YBFJNL9H,cluster1
1419,HYS4EJG6J,cluster20
1420,Z8LARA559,cluster4
1421,T7JMD6HPP,cluster13
1422,A5WYIRJ3T,cluster13
1423,0QAK1YG5M,cluster17
1424,9LMEW7KHW,cluster9
1425,WWCU0LCJV,cluster12
1426,56WANC4UY,cluster3
1427,PQURO1DT8,cluster20
1428,6KCUIX852,cluster20
1429,68B0XO7WL,cluster11
1430,Q10YY0GLA,cluster4
1431,C0EGKB5L0,cluster8
1432,LAXNH3SX6,cluster32
1433,B9DS2O6MW,cluster16
1434,MMDUXK5YB,cluster16
1435,NSN6MVWCZ,cluster8
1436,6JD23QDD9,cluster1
1437,XDMNA3512,cluster1
1438,RCO07B19Q,cluster1
1439,DYDGSDDWH,cluster1
1440,T0XYC3PKH,cluster1
1441,PBCTI0PHJ,cluster4
1442,DXLP0Y284,cluster4
1443,AVCG12N2L,cluster11
1444,DSUA04JFH,cluster9
1445,INY4B5OPF,cluster4
1446,ME37PTZO2,cluster4
1447,93SSMJ7F4,cluster11
1448,JZYQQEUT3,cluster12
1449,PTIN3BKVO,cluster20
1450,ATROOD57N,cluster21
1451,PUMQJTWLW,cluster5
1452,0S7GTH14J,cluster17
1453,5MCM9FLFB,cluster17
1454,68415MB54,cluster1
1455,ESTK7T6P1,cluster6
1456,P5OPW9UDV,cluster16
1457,Q96HVE0RT,cluster23
1458,A19CWC6ZT,cluster4
1459,BD5WQIU7U,cluster1
1460,7M16BJS8D,cluster16
1461,U1CJPMH9F,cluster20
1462,1IU9QLCUS,cluster9
1463,BYFC668ZY,cluster14
1464,AQF6SWRXN,cluster2
1465,F22RSUKV0,cluster1
1466,9Q01II1W6,cluster2
1467,184Q1P3KK,cluster5
1468,28SOW18CC,cluster16
1469,5HLIG588M,cluster31
1470,CP5XYUUIJ,cluster31
1471,2JLTZ1G2K,cluster1
1472,31UGXKB6I,cluster25
1473,PEA0ALU5K,cluster12
1474,XB3R77XVN,cluster1
1475,E6QYXW2L0,cluster4
1476,ASB70JT03,cluster22
1477,0POWRJY1E,cluster22
1478,STSDO7166,cluster1
1479,ZQ9EZDS00,cluster4
1480,QE3N79929,cluster2
1481,VXGFRB5WD,cluster3
1482,YMGNNNVFR,cluster2
1483,N40AOJDZ7,cluster2
1484,DQK7NXZP3,cluster5
1485,FGJMKVP9H,cluster3
1486,8GV5AWFVM,cluster1
1487,ZJAJTIOUK,cluster19
1488,5PVOIK3N0,cluster5
1489,4JM9JKUES,cluster5
1490,38QI7SUWC,cluster6
1491,306W2RCX0,cluster2
1492,2I9I6MHND,cluster6
1493,7MK1U2IF6,cluster30
1494,8VXQLFMEW,cluster30
1495,ICVX6ORN3,cluster11
1496,2AMP3066Z,cluster1
1497,SY19G1B3S,cluster1
1498,V6KKEOHA9,cluster2
1499,4730B5LT9,cluster2
1500,UBLN3DEFN,cluster3
1501,9PLJF2EHL,cluster3
1502,CRHMCI8NF,cluster3
1503,T1DE1F1EQ,cluster7
1504,4MUO7NBMJ,cluster7
1505,0WEXJ4502,cluster2
1506,OJQ2KT0JB,cluster3
1507,V7V9YN87V,cluster35
1508,27S5SBBGJ,cluster21
1509,T4H6I8OL9,cluster21
1510,COVEMZID3,cluster19
1511,VCFAHKOTU,cluster6
1512,A7W289IA3,cluster10
1513,LDH4HB0I9,cluster9
1514,RWTXNMOZB,cluster5
1515,P8DBOIHIG,cluster25
1516,Q45T029IO,cluster4
1517,YW1SWBHY4,cluster2
1518,5YILQZE5D,cluster17
1519,ORGS022F3,cluster19
1520,IIO55NSRS,cluster19
1521,MI10E6L7O,cluster2
1522,743YJ0V0T,cluster2
1523,437HR0O4H,cluster21
1524,IQH3P06P4,cluster21
1525,3NLG6HN7K,cluster3
1526,E1ODN2U53,cluster3
1527,5DH23OSZY,cluster1
1528,H94B2U1ZB,cluster1
1529,LUISMZKLL,cluster3
1530,OLWGOZSN8,cluster18
1531,UAZ6E01FA,cluster18
1532,PHIWXAP8U,cluster2
1533,PLAB18JJE,cluster2
1534,SBPOI6HYL,cluster11
1535,RYUC7KZJY,cluster3
1536,IDCSB0YRL,cluster3
1537,RJKT6G6NX,cluster17
1538,X6TPDSNVU,cluster18
1539,3FTBUMIFB,cluster12
1540,T6E5VASGM,cluster6
1541,29VY3IBY8,cluster19
1542,0LOFBXUAD,cluster22
1543,3KSE9ZIBO,cluster3
1544,OZMQY633F,cluster1
1545,D78KKG0TF,cluster1
1546,82GDXPMT7,cluster23
1547,LSWIEUH5F,cluster23
1548,I58T9MNZV,cluster13
1549,XC6E2MH2K,cluster1
1550,F9TQQ2XFY,cluster11
1551,72UU4209T,cluster11
1552,C2HZAQN0N,cluster9
1553,RE4DW7JY2,cluster9
1554,AM943NIR1,cluster3
1555,LCAR4C2AC,cluster3
1556,3Y5HB21CW,cluster5
1557,EWQ16YLWM,cluster14
1558,TS6QVDCQE,cluster14
1559,PAFB8GTAC,cluster4
1560,MCZ1CUG59,cluster10
1561,UU7FP1N2N,cluster8
1562,L0AH57QDM,cluster8
1563,N7ZYD8MOV,cluster5
1564,GCKRVBPPJ,cluster7
1565,J8MKL6AHO,cluster2
1566,OPISHSU02,cluster6
1567,IL9E41V7L,cluster4
1568,4QY2DEA9C,cluster9
1569,IX15A0P43,cluster9
1570,3RBPW3X7V,cluster9
1571,DNH3KM42S,cluster9
1572,GQPZ9HJVJ,cluster15
1573,52Z256MML,cluster1
1574,7MCTKS8IG,cluster4
1575,AW3KGEK8S,cluster4
1576,DCLOYZCYV,cluster5
1577,29ZWXBWPX,cluster13
1578,RX2001QL6,cluster13
1579,B5I8ZG5HT,cluster23
1580,VKGK0DKIQ,cluster10
1581,5Y7RO6UEB,cluster13
1582,TEFP6XYSL,cluster4
1583,I7JLMNXGJ,cluster3
1584,Z0ACR55AD,cluster1
1585,N9NBJXESL,cluster2
1586,3QGUZXD8B,cluster18
1587,2S532FU9P,cluster3
1588,7VYSICOAI,cluster5
1589,HM36ISKS2,cluster6
1590,4A13SQMP4,cluster15
1591,0NGL44T99,cluster15
1592,7VGHW39R2,cluster2
1593,U6QXRAPBY,cluster20
1594,W0U4K9QC8,cluster23
1595,8WS3MV0OU,cluster23
1596,2S8127RUU,cluster11
1597,X9T27A6KS,cluster18
1598,UUJ58FTID,cluster6
1599,5W9726LZP,cluster14
1600,SPHYBFVE9,cluster23
1601,GC9BYCMNM,cluster23
1602,FFXO1EGIA,cluster2
1603,IPE0ZQ5VD,cluster7
1604,C71RQR5FW,cluster5
1605,5M4WPGW7U,cluster1
1606,V2OGK19VV,cluster8
1607,CYF0PH9UI,cluster8
1608,P2I73UM98,cluster20
1609,HOGJPGIZZ,cluster11
1610,BFHDN9S5T,cluster8
1611,28QNVWHGS,cluster1
1612,AV4CDOJA6,cluster8
1613,37DWPVUUB,cluster3
1614,EC9ZIHFHY,cluster24
1615,DMW4R2J1A,cluster24
1616,AURRBWW5Z,cluster30
1617,OHTK2TP52,cluster18
1618,9S67P57VH,cluster1
1619,BCFONXUHN,cluster5
1620,MQ2W5MRSQ,cluster13
1621,LF4ZASO36,cluster13
1622,LRHNN5956,cluster29
1623,103G16JVZ,cluster8
1624,A8MM24OW4,cluster8
1625,4KYDN84EO,cluster3
1626,BEHVOEKQA,cluster1
1627,45HJJTZOK,cluster1
1628,VQDPXNLNJ,cluster17
1629,YV2LY9136,cluster17
1630,TWYOS3XA5,cluster14
1631,I3YU5KFHC,cluster1
1632,MQ9Q35CEN,cluster7
1633,Y5DMQCTQJ,cluster7
1634,OUEWOEYE1,cluster3
1635,NI6KI10H0,cluster18
1636,C2Z0M4972,cluster1
1637,OSVG1CERG,cluster1
1638,FVPISM9IW,cluster9
1639,8JRIGLKCF,cluster25
1640,RATJ2RTGK,cluster25
1641,GZ7JYSEG3,cluster2
1642,QQPIB6WCS,cluster4
1643,1L9BJ36D5,cluster4
1644,RZ8GWMHIQ,cluster4
1645,MET0LO2VH,cluster6
1646,7PL28AX8V,cluster6
1647,L0J1PLQG3,cluster16
1648,N3DPQ5Z9R,cluster15
1649,C1DYLQCOH,cluster6
1650,72VFAOJHQ,cluster13
1651,VRXMUJ4K8,cluster26
1652,1CURYBT12,cluster2
1653,0MRLB05RG,cluster8
1654,RGO52Y4YD,cluster24
1655,BX48GOZDP,cluster24
1656,JWTKF61NC,cluster2
1657,4GZKRJA02,cluster11
1658,G4NF9PU2F,cluster14
1659,ILR30DIVW,cluster12
1660,48W25WZ1W,cluster2
1661,DP50U6HDY,cluster11
1662,F4L7ASD1T,cluster1
1663,4IE21ZJND,cluster1
1664,B115LLG89,cluster3
1665,Y43OLAP2U,cluster3
1666,CD21IVVHG,cluster3
1667,GXDRJ4TRK,cluster7
1668,EX3RN5RW3,cluster17
1669,29A1DUBTP,cluster1
1670,P8P8U2SK9,cluster1
1671,XDJ0ZXD2Y,cluster8
1672,U7H3YXT6R,cluster3
1673,F75LQHROT,cluster6
1674,B5LA7P290,cluster6
1675,LBMB0NC3A,cluster3
1676,40SNWBK5A,cluster3
1677,QGFKZWI23,cluster7
1678,1DEN2AA8C,cluster7
1679,0KEY4R3OK,cluster16
1680,OWGDOM8GD,cluster16
1681,4SZX4CTN1,cluster20
1682,9GJRMA20J,cluster8
1683,CGVWH11CO,cluster32
1684,R7H4DMX6L,cluster32
1685,4IXRHILMV,cluster9
1686,AJN82Q9WI,cluster6
1687,EJGLSR732,cluster11
1688,CY3O0RO8T,cluster11
1689,27R4S68ZV,cluster3
1690,K9KIPEDU3,cluster1
1691,SIPID7J26,cluster7
1692,WC7DZ4L1M,cluster7
1693,TG9IJ7PCZ,cluster16
1694,47ZBJ4DR2,cluster16
1695,E3D8DMUQ8,cluster2
1696,6UR1EV27A,cluster2
1697,1HMGH3YXQ,cluster1
1698,S90IPM1KZ,cluster6
1699,8HJLGEVK4,cluster9
1700,3FFQLKBWX,cluster7
1701,Q5MGC57P6,cluster10
1702,3ALH6OGW7,cluster2
1703,MNNCFYLAT,cluster9
1704,KV3LO2HXS,cluster1
1705,9KFWPFK84,cluster1
1706,2L60MII10,cluster2
1707,FY9JULY8S,cluster10
1708,USMLMZ7BG,cluster10
1709,W9FEJ4FDC,cluster7
1710,DP4I0YH4L,cluster5
1711,P6ZQSNJMJ,cluster5
1712,UPK734MI2,cluster6
1713,35M1DUKYX,cluster1
1714,YH6KHAJ5Y,cluster29
1715,K8XDG0BWO,cluster13
1716,PZOR9APOI,cluster17
1717,R2WJUOLW4,cluster3
1718,Y1U8NW56J,cluster20
1719,EHNM530RQ,cluster4
1720,7N3BJRNLO,cluster9
1721,R4FWF70AZ,cluster8
1722,4TIY54I12,cluster3
1723,1UHQXTIZH,cluster3
1724,U8MNY0NK9,cluster23
1725,ZMG62TFTN,cluster21
1726,YV94FB1QZ,cluster25
1727,TJ4T22OUO,cluster8
1728,DNMW2NWJU,cluster7
1729,NZGS8524L,cluster23
1730,FDYII5NKN,cluster7
1731,1GCK8TU9H,cluster3
1732,D6NSJJ8E4,cluster8
1733,CJWPXWMKB,cluster8
1734,G1B3MKHLL,cluster25
1735,RAPY4TK0Q,cluster16
1736,GM479136B,cluster2
1737,YVF8GV2DY,cluster3
1738,5MROBRYMU,cluster3
1739,7YZLQ791Y,cluster1
1740,UMFVK350C,cluster9
1741,5IJT4U9ZD,cluster6
1742,7A65C7KHR,cluster3
1743,BI2GXU2WX,cluster4
1744,IISWCHF1A,cluster2
1745,YTU0BHNGB,cluster15
1746,INXWQHS6V,cluster13
1747,S5CBFCY9E,cluster5
1748,LU98V5WZF,cluster4
1749,4X413047Q,cluster5
1750,B2WY34XT8,cluster2
1751,9WENS76Z5,cluster4
1752,HXKQYVDMA,cluster4
1753,D07MKXUNJ,cluster5
1754,63ROGLUN4,cluster5
1755,A79O1V7GK,cluster4
1756,9C42Z2RFL,cluster4
1757,22O405X13,cluster3
1758,BRJZOLKTB,cluster3
1759,4OGGARN02,cluster7
1760,P5B8K2FP7,cluster7
1761,BABD9B734,cluster2
1762,0XPMPFCUS,cluster6
1763,Q5USF5XSD,cluster6
1764,JPWVWWKBK,cluster3
1765,O6A7T6A6R,cluster30
1766,77ILGQC3Z,cluster30
1767,5C1GPZ9KM,cluster1
1768,DJLHV5A2Y,cluster12
1769,8OK7TTPNR,cluster12
1770,FAKO7TSUG,cluster5
1771,JSWTM8J9Z,cluster2
1772,3VUUVKG9O,cluster2
1773,KR1R1HAKS,cluster19
1774,S8P71RGIF,cluster5
1775,5CY0MCBWT,cluster1
1776,V9HXW3QUQ,cluster5
1777,2HRTYHFG6,cluster9
1778,L6MHDE4QK,cluster22
1779,JDN12FVDI,cluster13
1780,REM2E9E3X,cluster2
1781,8LGGFXJYW,cluster15
1782,AAFWJV8V6,cluster7
1783,WQVTZCD54,cluster12
1784,68VVPRF5O,cluster24
1785,CFSFIH899,cluster3
1786,OKZOPO312,cluster26
1787,9F2SOC2C3,cluster20
1788,9FVJVE6ZL,cluster4
1789,0GOD0JXOI,cluster8
1790,32FJUQPFU,cluster10
1791,G02ENMCSK,cluster5
1792,86UWY1A4I,cluster4
1793,AWPN1KVEW,cluster2
1794,KOCP4JT11,cluster2
1795,0EA6OAAPM,cluster32
1796,EVLR7R7GD,cluster3
1797,4Z3W2RMJG,cluster5
1798,NWVZWPHGI,cluster8
1799,4NFGG35RI,cluster9
1800,QH0MW0OX8,cluster5
1801,CS58EJSB5,cluster25
1802,G19FYGBGX,cluster7
1803,VPEI880H5,cluster6
1804,V6CEHJHO2,cluster5
1805,52X36CKDO,cluster18
1806,4C3JV88FZ,cluster9
1807,ULM8661PA,cluster29
1808,CKQAO2YRU,cluster2
1809,U20ZGTQI4,cluster3
1810,N52RWW9J4,cluster2
1811,H04PWJIU4,cluster2
1812,F30P59PHN,cluster13
1813,33FAAZ1UW,cluster3
1814,N7XPCVVBV,cluster23
1815,7S65YADH6,cluster1
1816,IQ1PZFEPJ,cluster6
1817,EUQ38P31C,cluster20
1818,8NOWELQV0,cluster4
1819,FCEBA6IMH,cluster4
1820,3QOPI1K8Q,cluster4
1821,0V3VHYJOZ,cluster15
1822,SKXVAIPW8,cluster15
1823,P2L9UN6IW,cluster3
1824,5UF6GH9I1,cluster19
1825,EHH20XHM9,cluster19
1826,9AFPNOKIM,cluster18
1827,YF41U5FY6,cluster18
1828,2Z66WDDQN,cluster5
1829,52TXJZGR3,cluster8
1830,TJHQAX7BO,cluster13
1831,VOIKOVGVQ,cluster1
1832,NKTE3KUA2,cluster26
1833,0BT29GG3F,cluster2
1834,ZETB5M01K,cluster2
1835,58CEMZR2U,cluster2
1836,PR6GQULA3,cluster1
1837,HK5RA8VN2,cluster1
1838,NZBH2GA0C,cluster26
1839,AOM8W58KM,cluster26
1840,9AHRGIKQ1,cluster29
1841,JRIT07PV7,cluster10
1842,TE6IOI2CW,cluster1
1843,35N5502MV,cluster4
1844,563I60QTS,cluster23
1845,CFBZS3IE2,cluster23
1846,ACYIDQAEZ,cluster2
1847,6IZCOG4XI,cluster5
1848,FIM2AXUBH,cluster1
1849,GRBZP9AMN,cluster11
1850,CCWA0JZBH,cluster12
1851,H4JWZRI6O,cluster33
1852,H7DF829NM,cluster4
1853,PSQS4ZTRK,cluster9
1854,R0OENM5B3,cluster10
1855,570AFADEP,cluster10
1856,9N7FV77E0,cluster9
1857,SVBHE33Z1,cluster4
1858,EPKWQTJCD,cluster11
1859,RT2NQSGPE,cluster9
1860,Y02Y3WVQ0,cluster9
1861,41RKVQXC0,cluster1
1862,5JQLC1ZGS,cluster1
1863,CSD42N7XG,cluster5
1864,QFIJ5HOHW,cluster17
1865,FJXI0CYKV,cluster1
1866,IMK18X5DW,cluster1
1867,7J5OVVBUS,cluster17
1868,K24MFVA0C,cluster8
1869,5XJYAA5FV,cluster1
1870,LZ6UWB8XA,cluster25
1871,KWL5YZJX1,cluster3
1872,IT6RBDMOX,cluster6
1873,ES4CNEWFW,cluster13
1874,M9Y1T5SHC,cluster2
1875,DQCQXJ95E,cluster7
1876,OG7L0GB6F,cluster1
1877,BQS2NF24X,cluster9
1878,GFRR5NKSM,cluster19
1879,0QLAO7185,cluster21
1880,PW35TRXU6,cluster21
1881,5M75UPLYH,cluster1
1882,DNQFZGBCK,cluster29
1883,YC01VXB32,cluster8
1884,P5WBCUCRK,cluster2
1885,MHA57B0CZ,cluster2
1886,8BFHH12MB,cluster3
1887,GD0GBEZ4X,cluster19
1888,QUP3FLPFF,cluster4
1889,YK8J6Y9ZS,cluster4
1890,XKMMKYAOK,cluster7
1891,UM3BHP5UX,cluster3
1892,97OE6POUI,cluster16
1893,GGKEVSJF6,cluster16
1894,U6TR55MOY,cluster23
1895,R5Y0G4MSB,cluster18
1896,O5YRQSNWR,cluster6
1897,TMUVPMO8S,cluster22
1898,SG4A9BGKL,cluster27
1899,29LP5LYGX,cluster5
1900,MBVY8ZOXM,cluster36
1901,Y80865P36,cluster1
1902,E2XXBG9SD,cluster1
1903,M5MC2U9I6,cluster1
1904,4AMC75PTB,cluster3
1905,VZF1YA17E,cluster15
1906,BOG8GTODY,cluster2
1907,5F16TBEKF,cluster2
1908,RGQG98XAC,cluster1
1909,S1ZRRSSXK,cluster25
1910,DH1VCW2ZK,cluster2
1911,6MXSGOUV1,cluster22
1912,6HJRE94VG,cluster9
1913,KAVSQ04R4,cluster6
1914,8XOPBOGK5,cluster2
1915,92NJXQ6CC,cluster3
1916,UJ8GRPVWC,cluster9
1917,0PMUNN0JV,cluster9
1918,LFEU98C84,cluster2
1919,SHBB7UABV,cluster9
1920,I6640UWBI,cluster9
1921,K3Y4M840K,cluster1
1922,UOPJY4VGT,cluster7
1923,K8MT2XJXV,cluster7
1924,FGYS11P8Q,cluster9
1925,VLVNQC7ZL,cluster16
1926,DERRIF41X,cluster34
1927,UY8PKVPO0,cluster2
1928,HF6FBYY47,cluster11
1929,9G321944W,cluster17
1930,ZNZTUU7CG,cluster17
1931,HU5LTUPUB,cluster4
1932,DSG96I4OY,cluster2
1933,SB9FBWK9A,cluster23
1934,NM1VGEFKF,cluster6
1935,RB5GWP2OT,cluster3
1936,5O4YPUUK6,cluster9
1937,K8P8RECEC,cluster1
1938,HHKQUYEUM,cluster27
1939,V7N310RX9,cluster27
1940,IXADCJ1EH,cluster1
1941,G85CF2LIG,cluster1
1942,8WMYW80L6,cluster21
1943,A5YFOHS4V,cluster6
1944,LTYW0T9IG,cluster9
1945,19FBZ40NF,cluster8
1946,ZICB9ZKKR,cluster5
1947,9OLTBPQWB,cluster5
1948,A8TIPBG1A,cluster27
1949,RDCY4GQ21,cluster27
1950,VOE2GCISB,cluster5
1951,VECYBBEJN,cluster7
1952,J9KKWIGFE,cluster17
1953,BJOSFV6B5,cluster3
1954,VM668C4RA,cluster1
1955,H1IM6FBH7,cluster2
1956,ORTU9035E,cluster2
1957,M8MLDCE7W,cluster5
1958,FUTZ1N3F1,cluster7
1959,C0A976TEJ,cluster26
1960,E0RK9CE85,cluster26
1961,CRPERKIJ6,cluster7
1962,KGVN9IHFT,cluster4
1963,YYL8GZXMD,cluster3
1964,MV137QA43,cluster7
1965,MT2RHGD80,cluster11
1966,Q9CUN5ZLF,cluster14
1967,OW1D3AST5,cluster4
1968,B216RPXJ7,cluster19
1969,LQMDBO06W,cluster21
1970,X1OVWR5ZU,cluster21
1971,DQGR15TYR,cluster19
1972,DIYM7EOHN,cluster20
1973,VVHC2IES5,cluster5
1974,LJKV30DQC,cluster1
1975,PN3H9IUVI,cluster1
1976,PQSETLS5J,cluster8
1977,AQKE781QN,cluster3
1978,75RAEPRC3,cluster24
1979,H8C8V4AOO,cluster24
1980,13C6YPE65,cluster8
1981,OCB0AH68Z,cluster6
1982,BVGVZAPY8,cluster6
1983,PQGC70NFX,cluster14
1984,J1W8M52IQ,cluster7
1985,48Y0CLOJ6,cluster7
1986,CY6V88Q8U,cluster16
1987,E6ZQXKPC9,cluster3
1988,RW9XKYP0A,cluster7
1989,0N1HWVISQ,cluster7
1990,8IYKWEFOX,cluster28
1991,OPDE4I6YT,cluster28
1992,W3B739UFB,cluster12
1993,SE2SOE0HB,cluster1
1994,5OOCMOOTC,cluster1
1995,S8JIH40OC,cluster15
1996,AX06QA4Y8,cluster4
1997,YSSXWLFZM,cluster23
1998,4OGQURG0I,cluster1
1999,48HF96K4H,cluster16
2000,MDRI7P1GR,cluster9
2001,FELAFAV51,cluster9
2002,GPIDQPVJ9,cluster24
2003,40EX21V8O,cluster11
2004,T6NO95PQV,cluster1
2005,53AYU9YKY,cluster25
2006,RMLESOLFC,cluster25
2007,JHXTF5E0M,cluster8
2008,QS46Q84PG,cluster25
2009,GKNYLUWIV,cluster15
2010,TMV0ASWC5,cluster11
2011,V2GR08KV6,cluster11
2012,0Y3R461XC,cluster4
2013,2K2C2KVHE,cluster4
2014,LUYUP9ZCK,cluster22
2015,3P5CHAZ3M,cluster9
2016,HWDUMNU4B,cluster4
2017,TDJASA1GT,cluster9
2018,WBGKN6VX7,cluster30
2019,XRA2G7FIB,cluster6
2020,53FXCBQYV,cluster8
2021,MN97P3QRD,cluster27
2022,ZXXK84CS4,cluster3
2023,P8ZKYXCL1,cluster17
2024,HIX8J8CW5,cluster7
2025,4R2EL15QS,cluster14
2026,B7Y08JTJM,cluster9
2027,HBJASTGPG,cluster27
2028,BTBG919XV,cluster3
2029,RVDYPE0TO,cluster4
2030,5BR2GD2XN,cluster4
2031,II01ZFP2B,cluster1
2032,9N41FA5E0,cluster21
2033,ONTOZCQEW,cluster10
2034,S957G790I,cluster18
2035,QXBJFU671,cluster37
2036,NXCOOZT4D,cluster37
2037,BST1SNJSE,cluster16
2038,LERWL9NEO,cluster26
2039,7Z29IAFKI,cluster3
2040,MO4PZXJ8Y,cluster6
2041,YUSYZD6KG,cluster6
2042,S3CA9KLX4,cluster20
2043,U3F0GZZ9L,cluster12
2044,QG3JVQ9GU,cluster12
2045,VVFAM0N2S,cluster11
2046,K5QBKBTCT,cluster11
2047,7W23B7HFS,cluster2
2048,MYI6H8VUT,cluster22
2049,SCE3X6T4Z,cluster20
2050,3OI8NBCAH,cluster1
2051,TJ2ASIJ3N,cluster16
2052,19ZVCASP2,cluster9
2053,H67O4P7SJ,cluster32
2054,99OZHEY9V,cluster16
2055,ER2TROSSO,cluster2
2056,ULF370FAT,cluster13
2057,P118961KC,cluster10
2058,MU2HSK45C,cluster7
2059,O7PMFT0XD,cluster7
2060,TTSNRO8LU,cluster6
2061,U1YLDJT5L,cluster3
2062,ELHQQ4CWH,cluster1
2063,INPNXKDHR,cluster30
2064,Q75HSO1RB,cluster27
2065,FJ7IVNK17,cluster1
2066,SH5MDSJ4N,cluster3
2067,KQDM2HLBN,cluster25
2068,BCKTBELXH,cluster2
2069,083BYIC9N,cluster7
2070,2F4DU2HFG,cluster22
2071,U418749W3,cluster8
2072,0SNNRAIBB,cluster16
2073,9J8PQZ17Q,cluster3
2074,SOS9PS94Q,cluster8
2075,T88R8BGHK,cluster10
2076,6C7PTHNPU,cluster3
2077,0XW5RZ0Z6,cluster28
2078,2B3O856Y2,cluster28
2079,EE1ISMFAC,cluster33
2080,1G9RT02TG,cluster3
2081,CGT5V070P,cluster2
2082,CL229SGS8,cluster4
2083,62J7MXC2B,cluster3
2084,7HJ27I4W2,cluster3
2085,63QLSDXRK,cluster34
2086,6Q42KMY10,cluster13
2087,VP3OQJ0H7,cluster1
2088,54TT61HMP,cluster6
2089,JBIK0HF1A,cluster6
2090,XYLU5VLWW,cluster4
2091,2DXHJLWUW,cluster14
2092,HFSDFMLW1,cluster14
2093,RQ3BC3QF0,cluster13
2094,3PHZRMFNP,cluster3
2095,A7KZJJ7SK,cluster2
2096,MJHJCMXEH,cluster1
2097,JRQANLB7T,cluster1
2098,1FV2F2834,cluster3
2099,9M62TV8LI,cluster24
2100,DIET1VJ4G,cluster9
2101,OOCANZJ4I,cluster5
2102,O7QI7KHC6,cluster4
2103,WL7XITQU5,cluster4
2104,FZXP16Z58,cluster2
2105,G4BMQ5KTD,cluster2
2106,WMO18VJIG,cluster8
2107,6E8SC2CUA,cluster2
2108,M9NLHVZ55,cluster8
2109,BQGJBDP2J,cluster3
2110,ZS91Y46I3,cluster36
2111,EC111JBFI,cluster28
2112,A478I2540,cluster3
2113,G7GZP8ZU3,cluster8
2114,LD5XLTHUG,cluster11
2115,2OZIC9XOJ,cluster1
2116,YYI3R87YH,cluster3
2117,N17C5XHRH,cluster3
2118,HK7H00B64,cluster9
2119,XCE93OMEB,cluster23
2120,7RYYN39Y6,cluster27
2121,ZK2HYWGQA,cluster7
2122,1UJL5Z6WC,cluster7
2123,O3Q8VAY4F,cluster13
2124,QP80TJIK0,cluster13
2125,VH96SIUKR,cluster13
2126,0QVQI4ZZI,cluster6
2127,0P09TUI04,cluster4
2128,VAHRUDUJ6,cluster11
2129,1BZG1KE0Y,cluster11
2130,YYPYTFK3Q,cluster15
2131,147XGVNGF,cluster15
2132,05PW6XUB0,cluster28
2133,77JRBFF8Y,cluster28
2134,MRTCS4ZVN,cluster4
2135,ELYPQ8JIG,cluster19
2136,3RQGB2PH5,cluster4
2137,E416S7D6T,cluster28
2138,K1MBWILKR,cluster11
2139,X5YF0B20X,cluster2
2140,ZU7QPX9ZH,cluster18
2141,IYGPSCGED,cluster2
2142,AB0BGY2SS,cluster11
2143,C5TY8KO0M,cluster11
2144,HQDZOCWVC,cluster6
2145,HIQ7IQBYA,cluster9
2146,HWDKX8EYA,cluster9
2147,C2SQUWWQT,cluster9
2148,CLTMZZ3F0,cluster23
2149,PT6NXEX9T,cluster15
2150,VRZXHI8SD,cluster7
2151,D8QAFWQOD,cluster19
2152,JFRUYGW40,cluster13
2153,OWD7ZF57J,cluster6
2154,E0C5B8H7Y,cluster8
2155,USZWE3AUZ,cluster11
2156,VX22RSEG1,cluster19
2157,P9HKU2WNC,cluster19
2158,BGMB7DVEB,cluster1
2159,H6LZ1GGWJ,cluster16
2160,DVFWFPLU0,cluster6
2161,XQBAXY918,cluster6
2162,WPP9ZOG5E,cluster12
2163,9ZTMNJBFI,cluster12
2164,U1MAET94L,cluster3
2165,FNANH6ANF,cluster12
2166,POXFU6NFH,cluster12
2167,DTKH8QTCA,cluster6
2168,0AOHQ93AI,cluster5
2169,Y2Q157JLT,cluster18
2170,MGVWP8JXP,cluster23
2171,ZKHZT7GA2,cluster5
2172,A9B55OMVS,cluster18
2173,78U40577Y,cluster22
2174,4CGYQ9C3J,cluster1
2175,ZB4E0WLFM,cluster19
2176,0WMRHW2DM,cluster2
2177,ZXQ8D090T,cluster1
2178,80XZVQD55,cluster1
2179,3G9UIGWN6,cluster11
2180,LD1SWN70J,cluster30
2181,QBKVQPOKG,cluster5
2182,LCSBHB2EX,cluster25
2183,P93GFKODM,cluster3
2184,Q0P7WFXWD,cluster1
2185,D4CRIJTRV,cluster3
2186,RBPC7BMHU,cluster8
2187,9X4ZL24HE,cluster10
2188,7WIB7Z9XA,cluster6
2189,AK2SA3PIJ,cluster6
2190,45AMGIS8L,cluster2
2191,Y5RXSUFCD,cluster7
2192,CTN9R9XMM,cluster5
2193,G2HHQPWU6,cluster7
2194,CKW9QEHDH,cluster8
2195,Z0Z4S5VOR,cluster13
2196,LDIKOQTH0,cluster11
2197,OJ0JNBQ6H,cluster1
2198,RFCB0637W,cluster4
2199,TEADIOMZH,cluster2
2200,E5ABO2TQ8,cluster12
2201,DWGKSVQP7,cluster16
2202,5JXUMYW6W,cluster18
2203,XWK2BVVNJ,cluster18
2204,WR25B6DV2,cluster19
2205,1LJQXTYSD,cluster7
2206,O42VD87AT,cluster3
2207,6KGC8SIUC,cluster22
2208,7MR5E9Z9W,cluster22
2209,X8HG1JCOS,cluster1
2210,6SEVLY07C,cluster3
2211,01X4T9KQB,cluster12
2212,05YV2XV9D,cluster12
2213,844F9U0UZ,cluster3
2214,G3BWQ5ALB,cluster19
2215,E486I4H0T,cluster2
2216,QN9IVQUIB,cluster7
2217,G4DG2KL3W,cluster24
2218,CP4X8I3WU,cluster28
2219,SCJK4NA2O,cluster4
2220,HYDRDQX13,cluster4
2221,T7MGAAGCE,cluster6
2222,0UWUOIFXT,cluster1
2223,CY5LBDB8Z,cluster4
2224,2S22XYY9X,cluster29
2225,0DLBG00RA,cluster29
2226,DJRQL3C1E,cluster8
2227,GQQ8ESILR,cluster2
2228,H5T7T4TF3,cluster3
2229,18QLKQ421,cluster10
2230,VQLA6L4E6,cluster16
2231,5HGI13SCO,cluster12
2232,YFWFR9PED,cluster2
2233,6R95XSO8N,cluster11
2234,62ENDR8PC,cluster33
2235,LEX6Y9O3C,cluster11
2236,3490JYGVM,cluster3
2237,WPN10EHQT,cluster7
2238,0GX24IEE5,cluster17
2239,5GP1AA81E,cluster13
2240,HW7IOEA2V,cluster21
2241,MGX8Y07BI,cluster7
2242,RATKB0CKG,cluster1
2243,RVO4YJ9TC,cluster15
2244,JG7L7P863,cluster15
2245,Y5IGXKN7M,cluster26
2246,6SGKV8V8U,cluster26
2247,J9RZGVIDL,cluster27
2248,LLBON7IA4,cluster7
2249,GYKX5H581,cluster2
2250,0ACE4365L,cluster16
2251,C9DKBNIFR,cluster1
2252,6B18Y4AEP,cluster2
2253,JRA8NQELS,cluster26
2254,JHU69XW38,cluster4
2255,MMO1GG1P3,cluster2
2256,WHY3SQDCZ,cluster5
2257,2Q87KTVG0,cluster5
2258,YNIYSUIQR,cluster3
2259,UYGDG7OD0,cluster2
2260,2JF1YPZ32,cluster10
2261,Q2KT5V0AK,cluster24
2262,33CXCDWPD,cluster1
2263,CEQXULY5U,cluster16
2264,W3LNSZ6BB,cluster5
2265,KA9JD8A2M,cluster23
2266,IP20GTMDF,cluster23
2267,FU1N4TYF2,cluster3
2268,V9GHUVRBU,cluster19
2269,3GEYQOSVR,cluster8
2270,AQBMTSENV,cluster6
2271,1CWENCQ7A,cluster13
2272,FBLVZKGZV,cluster19
2273,FD34W9WKY,cluster6
2274,N6YJR0WSP,cluster5
2275,RYY2R1Z8Q,cluster5
2276,6PR6BYZN2,cluster20
2277,87L9DET68,cluster16
2278,NGRC0OTK8,cluster8
2279,0JB0HTVND,cluster9
2280,V94O1FJ39,cluster2
2281,SA3XPAPMN,cluster9
2282,PE5H6KEDF,cluster2
2283,C9OT0R0NC,cluster15
2284,O27NHYVFH,cluster1
2285,KPT6T2NAL,cluster1
2286,U1NPYBHW0,cluster10
2287,AB50GU0I7,cluster10
2288,3QIXSEUHG,cluster3
2289,0WBE8JFIW,cluster36
2290,3LWY1U86F,cluster6
2291,WQZKTFG50,cluster3
2292,1RNBEAPED,cluster9
2293,TT1QQIYZ9,cluster9
2294,R4Y8ORGHO,cluster3
2295,V9DTWOZZJ,cluster1
2296,L7LPK9VKX,cluster30
2297,S3EG3S95N,cluster1
2298,63IKQ1PAL,cluster22
2299,ZU2GFACJK,cluster7
2300,9JISZW2D3,cluster19
2301,T9TXC7QGO,cluster4
2302,E6WWM9JQW,cluster4
2303,FVYHRK21K,cluster6
2304,CPQJSV7R0,cluster2
2305,1WG2PCW38,cluster6
2306,83R935AQJ,cluster1
2307,4T3ZO96L4,cluster6
2308,WOMU4P58B,cluster1
2309,TN8FZHNOI,cluster2
2310,LYJ8AAPOE,cluster5
2311,NDJNO107V,cluster2
2312,U8E886BHZ,cluster6
2313,PZUKC3O9R,cluster17
2314,TNPD5P8SZ,cluster17
2315,IFKYE4RO1,cluster10
2316,5SKDDYDEM,cluster16
2317,9BAY3YUPS,cluster12
2318,YPPF74DXK,cluster15
2319,K1VC9HHNU,cluster4
2320,ST9I8JS7A,cluster4
2321,TQZ3RU0AM,cluster24
2322,0783RDZU5,cluster24
2323,REYRUOHXE,cluster6
2324,O9MZ1Z7ET,cluster31
2325,W49N8KKOQ,cluster31
2326,9RAWZTTH7,cluster9
2327,98D012AQA,cluster3
2328,1FG9K1OX1,cluster5
2329,8ZGA5U6UA,cluster24
2330,BZP0PNLYQ,cluster24
2331,FPH47KAPA,cluster31
2332,MQQBHNUP2,cluster31
2333,JPNOCJ5FC,cluster1
2334,IGNRI5LX8,cluster20
2335,KOBD1ACGV,cluster20
2336,9JQC5DWW7,cluster8
2337,IU3KN7VOM,cluster2
2338,4MH6YFPVM,cluster11
2339,2SDVI9WQ3,cluster3
2340,2LUBJZJ09,cluster6
2341,R8U3SEZC8,cluster1
2342,7BHS5LCJG,cluster13
2343,CBRHZ5VX6,cluster13
2344,F0UH9O0VE,cluster6
2345,NB6DY5XZC,cluster7
2346,SXGPLAQAJ,cluster1
2347,ES8WQBS9G,cluster1
2348,DVMMJX5E9,cluster18
2349,8X3I7ZB8Y,cluster18
2350,WSYT34X7Q,cluster14
2351,943VQK1KS,cluster23
2352,LSWFMG0IS,cluster4
2353,XOJ838V1M,cluster5
2354,RX3AOHSHS,cluster5
2355,E6GPUZ1AK,cluster15
2356,UHLJDIRZD,cluster15
2357,GZ8IPL53J,cluster3
2358,RIWBESDG5,cluster3
2359,3Z3PQBJBD,cluster35
2360,Q6YRBVJNF,cluster35
2361,WVL1ORWMH,cluster8
2362,3393Y2BIK,cluster6
2363,PVUADJF5D,cluster6
2364,WQE7LYNXX,cluster8
2365,ABUTWMMA4,cluster8
2366,BPS1XI2OD,cluster11
2367,6YE4ZOQXW,cluster9
2368,27ODROZW4,cluster7
2369,9F90Q8J2C,cluster4
2370,BXUZHRY8G,cluster3
2371,5DK8S60AX,cluster1
2372,5ATBUHR1C,cluster1
2373,N87YKYI06,cluster2
2374,NSSC2LXOY,cluster4
2375,OFV0CW2AK,cluster2
2376,60SX68370,cluster9
2377,UYWF1XUQA,cluster7
2378,LKA554BEI,cluster7
2379,N5UOS56KQ,cluster6
2380,DN6XW72NA,cluster1
2381,YBJLF3EZ2,cluster1
2382,S0V51A7E6,cluster15
2383,IKCKP4VAC,cluster1
2384,OUEAYD3V3,cluster31
2385,SOJVJK3XQ,cluster31
2386,0OAUESIHK,cluster5
2387,1EO68GM51,cluster6
2388,TKQAP5WCA,cluster25
2389,WOSNKWG1Y,cluster3
2390,429KSW6FZ,cluster34
2391,K3TA15LSJ,cluster31
2392,8J39KSY4Z,cluster17
2393,DB87K7VQ6,cluster7
2394,06MW1SZGC,cluster20
2395,RUVKU1215,cluster3
2396,MKA8MAKIE,cluster7
2397,VV7R28SAZ,cluster5
2398,N2M8LUAII,cluster2
2399,M502IBG2Q,cluster5
2400,PFSA75PZE,cluster20
2401,80YNW006Z,cluster20
2402,OX4FT35SF,cluster5
2403,DBKNL1DWF,cluster14
2404,ICDNLFSGW,cluster10
2405,W4OYN7XHT,cluster15
2406,XGP8QQ9PY,cluster8
2407,JG27BNM5H,cluster14
2408,JZL4YIJCQ,cluster14
2409,UK5E6O9I9,cluster5
2410,0UCNYG5CK,cluster3
2411,T8VHB400A,cluster19
2412,EPS6ZMQ2C,cluster5
2413,RDCR8K03W,cluster16
2414,2SWZ2K5Q7,cluster4
2415,TP4HQ9Q6H,cluster19
2416,C1A6VHMXI,cluster1
2417,O31019F0L,cluster6
2418,H63E8IF3T,cluster28
2419,ZGLWI4VEG,cluster6
2420,DVUW3S5QD,cluster3
2421,DWGF8K38U,cluster1
2422,2XJ593VL8,cluster33
2423,IZ73XWLPN,cluster8
2424,50GI9L346,cluster5
2425,B3O94VEPH,cluster6
2426,764M47PHL,cluster6
2427,RKJZL4YOI,cluster20
2428,ET48C31OI,cluster25
2429,VMXYH0ZUF,cluster25
2430,5DYFBBO9Z,cluster15
2431,M2XO9OX71,cluster28
2432,S7Q2SK5BH,cluster32
2433,4S3SNRQT2,cluster1
2434,QQSBRIN6F,cluster1
2435,DTWBKR22K,cluster14
2436,Y5M49QUBA,cluster13
2437,VNB5K3HKO,cluster6
2438,SQXMNVXC6,cluster2
2439,BI247DUOC,cluster32
2440,WXBPO953W,cluster32
2441,6FGX0WQVB,cluster6
2442,0EHOVL3F8,cluster4
2443,EX8CKT6M5,cluster1
2444,8YCFJ9YOW,cluster5
2445,AY5XSBYCA,cluster1
2446,IFXK2IYGA,cluster4
2447,BT209IZ02,cluster10
2448,BR7NRENPL,cluster2
2449,0AI9JIZ2W,cluster2
2450,7O8FJYLYD,cluster8
2451,AHSRMK4RF,cluster14
2452,7S4KSYTON,cluster8
2453,H1ZNUETHI,cluster15
2454,U65POKKZS,cluster15
2455,KHEIQ9M5X,cluster14
2456,SQAQ8E20A,cluster1
2457,VFC3N0VEI,cluster12
2458,2TZN6OZZU,cluster24
2459,COF191ORE,cluster2
2460,CU3PZ91HW,cluster2
2461,PXIMKS7T9,cluster14
2462,SPEC9AN84,cluster1
2463,7P93HIBBU,cluster6
2464,J5MY1UZCZ,cluster10
2465,ZIIGQOPOB,cluster27
2466,VVG6I5N1B,cluster13
2467,FBUQXJ4SJ,cluster7
2468,S9HNNAIL1,cluster7
2469,R7101WYHU,cluster13
2470,14P6MK6IZ,cluster2
2471,09XH8H0OG,cluster12
2472,EIZ9W95AR,cluster12
2473,PEL708C8L,cluster4
2474,OEF5000C5,cluster2
2475,E34HEJWJN,cluster5
2476,R3TWGEV21,cluster7
2477,8TPXDG42T,cluster7
2478,PT0049KIG,cluster2
2479,T3XW07FDY,cluster4
2480,POWBOAB17,cluster4
2481,PRM8V76R3,cluster20
2482,1MV2UQXC4,cluster15
2483,2MMDJSTE5,cluster1
2484,SJM6KU2G5,cluster1
2485,02OAXUDJX,cluster34
2486,2O7D222FZ,cluster3
2487,2IZME9E4G,cluster7
2488,AZAQ6AU88,cluster17
2489,A1FVK6RPC,cluster6
2490,0PS3UG706,cluster18
2491,WPCIJLU3N,cluster18
2492,VEKCFL5VR,cluster6
2493,XZDCN05KY,cluster8
2494,PHLG69HPO,cluster9
2495,31P8EGL0Y,cluster1
2496,W3CG1Q130,cluster6
2497,ACZ1EXFDG,cluster3
2498,0Q50IAKUC,cluster1
2499,JKX6CNCJ2,cluster4
2500,9P4C8HLH3,cluster5
2501,7CG8O8XJ3,cluster4
2502,F0J3TGWYU,cluster3
2503,6ELPVNVR8,cluster28
2504,4XGF7EN0J,cluster28
2505,R4NPAD8ED,cluster10
2506,404AUWO4W,cluster21
2507,17U9V7NPR,cluster6
2508,GXT6M9R5B,cluster14
2509,HBLBQFAWT,cluster33
2510,9GQED606F,cluster6
2511,QX1PQ23IU,cluster6
2512,BPQZ6THJD,cluster1
2513,RIJPXQ6DN,cluster6
2514,XJGDAF7G6,cluster17
2515,H18NF1W7S,cluster17
2516,CVPJN3242,cluster5
2517,V3CIRS933,cluster8
2518,PAIM84T7X,cluster2
2519,YURJQXARU,cluster22
2520,8BGRVBD6P,cluster22
2521,VY1DWBJ4I,cluster15
2522,3F2TB1VFZ,cluster5
2523,CM3C7Q43L,cluster17
2524,LV91JF6Q5,cluster1
2525,YLURS3GCJ,cluster19
2526,5SW2OYSDM,cluster7
2527,CKTP9MZDP,cluster6
2528,SJ83J9M8W,cluster6
2529,8R9PYNMQ2,cluster7
2530,08RZWTGAI,cluster7
2531,WZ958R0HK,cluster5
2532,LS0MVABVH,cluster4
2533,WD5RH70B3,cluster4
2534,3FJJ89RU4,cluster4
2535,GB9U47F2W,cluster5
2536,QZ6XT2PKV,cluster5
2537,AU6WSDEUP,cluster11
2538,8S1KH4582,cluster11
2539,62E6KTMYD,cluster20
2540,Q4JG9LJV1,cluster11
2541,F6DB36ZVO,cluster16
2542,C7SAB7SNT,cluster7
2543,TZCLJP7KP,cluster5
2544,VFUIAWE31,cluster6
2545,OX2XRLFPK,cluster1
2546,L4060Z3W4,cluster2
2547,N1OE7VEQB,cluster2
2548,L1DWL3MMH,cluster3
2549,AQDRAUC0Y,cluster8
2550,914Y0S91B,cluster3
2551,5R1PN5IUU,cluster1
2552,VTAK1OW52,cluster15
2553,IBJKTO3HC,cluster13
2554,F7HR6981W,cluster19
2555,TF5MAG4U7,cluster1
2556,9KJQV484H,cluster6
2557,KITRRCAR3,cluster6
2558,64VOFJ31V,cluster24
2559,JI6QLSKHZ,cluster2
2560,HJ5MR2VO7,cluster6
2561,NYUP3YPIE,cluster1
2562,KMSV9L2XW,cluster6
2563,5TAREL6KW,cluster5
2564,860H86ITI,cluster7
2565,5B3Q17U56,cluster14
2566,0RTFSIQT0,cluster14
2567,WQ4RMKEH8,cluster2
2568,4SI5OA687,cluster2
2569,T9EP740S5,cluster15
2570,FJRGIPHUH,cluster6
2571,MT9URI32M,cluster21
2572,T0K1MQKB0,cluster21
2573,G6PVOBD0G,cluster6
2574,T6U1N6H8Y,cluster6
2575,KQQ07XAUP,cluster4
2576,VZZDTKCKH,cluster5
2577,40V3VXC61,cluster7
2578,QW3NRQD61,cluster7
2579,Z6LC71ALA,cluster18
2580,8H70N2069,cluster3
2581,B0MVC937S,cluster2
2582,Y1THA71IK,cluster15
2583,WRNMPSCTK,cluster1
2584,MKVWKQLC7,cluster6
2585,462LDEX3G,cluster7
2586,45JAJQR0T,cluster2
2587,GPA1ZGJNQ,cluster4
2588,8I5UXCO91,cluster24
2589,H43G8930O,cluster6
2590,CRPNAPNGN,cluster13
2591,HXCXKPSUS,cluster7
2592,DQU5XA4R7,cluster8
2593,IK0WQV4EZ,cluster24
2594,96VSVMV1D,cluster24
2595,MQQWLSYEK,cluster16
2596,DL8UCUOXI,cluster16
2597,717GUUQO5,cluster18
2598,OIH4S606V,cluster8
2599,DPWK3F3A7,cluster8
2600,Z6Q11HCQY,cluster15
2601,MLDCFFL0X,cluster15
2602,7A7TZMQPS,cluster1
2603,TA0TS1ZDA,cluster27
2604,UT2WF55CY,cluster1
2605,T473S9GAN,cluster15
2606,50UXOO6TD,cluster9
2607,D9RQ0RN9E,cluster32
2608,7GIODT53Z,cluster32
2609,YAPHJXREU,cluster18
2610,1ENZEYKXZ,cluster3
2611,G924N98WP,cluster18
2612,M3K3G0HHX,cluster18
2613,76O8C8WGT,cluster5
2614,EL4TBQ0WT,cluster9
2615,4K5RA81SE,cluster1
2616,VY1IQK701,cluster6
2617,9YYBD8TT0,cluster9
2618,D2OS9CN2S,cluster7
2619,AZBWJ9XPS,cluster9
2620,R8YUD8B7M,cluster23
2621,VY994CMFE,cluster2
2622,G0VVYN1G4,cluster18
2623,2BES6RGA2,cluster1
2624,PFZBR34MV,cluster5
2625,6HWAEXTQH,cluster5
2626,8ZNO8BIHL,cluster14
2627,Q4KUCIVNO,cluster7
2628,GTI2GZ6XF,cluster6
2629,00ZNUSEGA,cluster13
2630,TER22Y23C,cluster14
2631,067SBL2JV,cluster6
2632,6WDSSQYVM,cluster4
2633,7F5W3F1OX,cluster4
2634,8UD7JTX97,cluster31
2635,BGNLT927M,cluster6
2636,PU13QZ4JY,cluster4
2637,D1BRYFYJ6,cluster23
2638,2P8EFRQJL,cluster6
2639,FC9XW1CZT,cluster6
2640,L6QF8RH1K,cluster32
2641,8E8ZC6184,cluster19
2642,H9Y1CT6IB,cluster15
2643,EZFCOAIT9,cluster4
2644,CDYMS4URU,cluster14
2645,KTE6RXDPY,cluster6
2646,0UUG7BU8I,cluster1
2647,Y8275LJBI,cluster1
2648,254O3DSMI,cluster12
2649,JKE6NZH7E,cluster11
2650,216LPDEH4,cluster2
2651,C8D70IIXH,cluster2
2652,100UDECF2,cluster2
2653,20CKF3ZWL,cluster11
2654,0LTCPC9RM,cluster1
2655,ZY3D4GEPJ,cluster1
2656,NPF4Y5KBX,cluster3
2657,VG90BV6GT,cluster4
2658,CPOMMX40I,cluster4
2659,OQEKZ5VWC,cluster17
2660,Q8DV4FMAH,cluster1
2661,VGC01ZB0H,cluster1
2662,MH2ASXWHA,cluster27
2663,1BOD4FPSY,cluster13
2664,X5VG044C1,cluster2
2665,XAKI4E6XC,cluster2
2666,KLCY9ES1H,cluster8
2667,SVPT95V00,cluster14
2668,0UKSDIAP8,cluster7
2669,6SQJ1ZRRH,cluster9
2670,2Y6XYS12P,cluster1
2671,XIANW1HI3,cluster10
2672,1H950GYRD,cluster1
2673,S6I4R66FD,cluster32
2674,CFSEA1CI4,cluster32
2675,9GEBR8SH4,cluster12
2676,ZV6KY08RC,cluster2
2677,O2BJ89FW0,cluster1
2678,I390LDN9S,cluster4
2679,2CXRAOMMR,cluster33
2680,Z69KV5OXV,cluster2
2681,XMG240E95,cluster2
2682,K432YHQR9,cluster3
2683,UK9YVOPX8,cluster6
2684,E8A04E06X,cluster28
2685,VCD8JOI4W,cluster2
2686,58WZIK51Y,cluster8
2687,5IXBVPE9A,cluster7
2688,KYFDHAA0R,cluster7
2689,D7R3OMQIW,cluster16
2690,FEW1DRYSU,cluster12
2691,7CPMP6BDN,cluster12
2692,A8B55W5J3,cluster16
2693,2UF6VAUAJ,cluster5
2694,647NG17G3,cluster6
2695,9L2D3IE0O,cluster3
2696,DKN6A2OTX,cluster26
2697,2EBUVMLQZ,cluster1
2698,U3MARAWRW,cluster4
2699,IMEX0K73J,cluster31
2700,HILTOLDZZ,cluster31
2701,9K4J7STUU,cluster1
2702,UERR91Q2Z,cluster1
2703,IL1PD51JB,cluster12
2704,QOXZK323D,cluster12
2705,AMQRX23IB,cluster10
2706,O6TUQEDCW,cluster1
2707,CRMZ0AXQW,cluster3
2708,5R1FRRJH0,cluster6
2709,Q2ZFJZ5HS,cluster12
2710,F0AKTDLH4,cluster4
2711,MHBESWB72,cluster8
2712,FHKKURP18,cluster8
2713,S6MGZ0J9Y,cluster5
2714,G1H7U4NOD,cluster20
2715,XHDGYPN53,cluster27
2716,2IXEUSFW1,cluster6
2717,9SOZPQSLR,cluster6
2718,ZL6K349D9,cluster1
2719,0THOTAQ2B,cluster17
2720,8I92Q0L51,cluster17
2721,1NY9ZW0OL,cluster14
2722,J8R1TIFOU,cluster31
2723,06Y69D9P4,cluster5
2724,BKBU92OI9,cluster19
2725,BV2HR57AJ,cluster22
2726,4R7NEZUKL,cluster28
2727,21QW58OKO,cluster22
2728,29MGAQA86,cluster14
2729,GNOZOMKVT,cluster14
2730,5DVBG03XU,cluster1
2731,WGRI0UDU0,cluster1
2732,0BY8ZCY44,cluster6
2733,DN1DRMP1H,cluster12
2734,6MW2D0QMX,cluster10
2735,VULK1WUAB,cluster33
2736,U8EMJ67QR,cluster13
2737,37NA61AAI,cluster19
2738,1DRKQFEXF,cluster10
2739,1YUQIEPJ0,cluster1
2740,PPDG3O932,cluster17
2741,9XS4STZ9R,cluster5
2742,O7T7GAU7X,cluster18
2743,DWW5SV8NM,cluster18
2744,BQ1BYKOC5,cluster14
2745,EX66D0UD3,cluster14
2746,NKTSKIX3P,cluster3
2747,JFKBCAVBV,cluster3
2748,HRSZL42CO,cluster2
2749,HGWGSX9WI,cluster19
2750,K1EYASYE9,cluster6
2751,0E5EGY0CC,cluster15
2752,VVVGYCKIM,cluster6
2753,8YEB38794,cluster6
2754,IMTFIX05S,cluster7
2755,TN9ED892B,cluster24
2756,76D4IYYXB,cluster1
2757,TU1SLMR17,cluster3
2758,XPGWVQVMB,cluster1
2759,QTLEN772O,cluster1
2760,1Q7OBXMOT,cluster8
2761,5VEAJTL0I,cluster6
2762,XLEXPJGXV,cluster26
2763,LEQ02URM2,cluster26
2764,RN101K3DQ,cluster2
2765,V4MD9SB53,cluster10
2766,UG352XU4L,cluster23
2767,AY0YR38Q4,cluster12
2768,P8HHAJ4ZV,cluster1
2769,RN0P2YXM8,cluster14
2770,X4ALEOY6G,cluster11
2771,WRXGWXBSN,cluster24
2772,JFTFOBDUD,cluster6
2773,LCG7ZI0JV,cluster34
2774,MLZ6OR8A9,cluster34
2775,FQ8OTLEA4,cluster9
2776,P56TC1F01,cluster1
2777,B0O3137U5,cluster6
2778,Z99X9YIDA,cluster3
2779,3O0R0QMAS,cluster3
2780,21MUCWC8K,cluster6
2781,OPKYEYBV1,cluster15
2782,DH28OX6XY,cluster23
2783,VI3BKB0Z6,cluster2
2784,L11IF4M5B,cluster11
2785,12S0891J4,cluster9
2786,PI31DTH3Y,cluster8
2787,E2BWP92DQ,cluster8
2788,LA9IC3A1T,cluster2
2789,1Q9VKCPLD,cluster5
2790,ZRYWD91H6,cluster2
2791,OSCDEN7E7,cluster18
2792,HFCIK3UXG,cluster13
2793,H35MZZ2SY,cluster29
2794,LVKY5YG0U,cluster22
2795,Y95FQN0II,cluster1
2796,K83FTISQ6,cluster2
2797,60I7H2B6D,cluster4
2798,FMEZQH9K1,cluster30
2799,L9FHR2S1W,cluster10
2800,1SOLBJJN5,cluster10
2801,D33BMN0VX,cluster8
2802,P68G8PR0H,cluster2
2803,3L1T8T929,cluster9
2804,TRGNCZWOG,cluster3
2805,VCB0LZX7I,cluster12
2806,5WEF6TYF0,cluster28
2807,NLJ9HUO6K,cluster17
2808,OAHOSE1BX,cluster17
2809,AC7GRKJLV,cluster34
2810,E3BFJ0TTN,cluster28
2811,ZJ0WF81H8,cluster5
2812,S98H4TS1I,cluster1
2813,FUVYVPV9A,cluster2
2814,2Y7P8B0A3,cluster5
2815,NXLX2TYV6,cluster1
2816,G43HPP4GZ,cluster4
2817,BTKZX7UM1,cluster2
2818,G7MUUV0Z2,cluster3
2819,RADO18P2H,cluster17
2820,19OHQDUNK,cluster37
2821,ORI22S2IL,cluster37
2822,D9CZSI635,cluster1
2823,JT4XPCBRU,cluster8
2824,6C4QMQVFA,cluster12
2825,0XT29KL8L,cluster4
2826,17L13XIVU,cluster4
2827,7TR6A1MX5,cluster33
2828,IYZ5XNZU2,cluster33
2829,X5SUSM6FS,cluster2
2830,MTSUA7A1I,cluster1
2831,9FKXIF4DD,cluster22
2832,ZF44FQMSI,cluster7
2833,CYYUIDMU1,cluster7
2834,QX3MQ5TDI,cluster15
2835,C8Q0GQ45V,cluster12
2836,EGPU7UYXJ,cluster15
2837,T6MAUI3S0,cluster1
2838,DPB9A3VIJ,cluster10
2839,ZPOBBPUZ7,cluster7
2840,DIYWDD2PT,cluster17
2841,V0PDUL623,cluster13
2842,47T83X5F9,cluster2
2843,91JY21RI3,cluster1
2844,BSLK9A4T4,cluster6
2845,2IHLR0EPR,cluster27
2846,O8R5WQ8Y5,cluster4
2847,1Q3Q90SV2,cluster10
2848,XAGDRPIIQ,cluster22
2849,CC588I36Q,cluster8
2850,8ZT9ZPJDT,cluster14
2851,MSOUHBTW9,cluster14
2852,QUTX8OZW3,cluster14
2853,3B6HQ7361,cluster20
2854,2QWHN1P1O,cluster20
2855,WMVWX2QHI,cluster2
2856,H3BSKLPG3,cluster4
2857,DM789TUX8,cluster3
2858,765VQE9LM,cluster11
2859,WDOSK3RW7,cluster15
2860,UWRNLFYAU,cluster15
2861,53TVZQWLY,cluster16
2862,BKWZRMWPQ,cluster5
2863,OAE8PDQKR,cluster29
2864,RMZS3HYLM,cluster16
2865,2CPYLD0W6,cluster1
2866,RQPDOVUPN,cluster31
2867,2C6KNA6EJ,cluster3
2868,ML88UNYGY,cluster2
2869,VTJZT415X,cluster16
2870,5FGUOW834,cluster3
2871,JT2KS915K,cluster3
2872,SHWVI2VHN,cluster2
2873,170T6AR64,cluster3
2874,7ZLVSWD93,cluster18
2875,VYUPXTX8A,cluster11
2876,YE7U5FW01,cluster6
2877,8AGM3EMI3,cluster11
2878,N3HH11BQN,cluster2
2879,PIKAQ0438,cluster13
2880,N2HCX7HJV,cluster1
2881,RC8IBH0IC,cluster3
2882,X6YXGOANF,cluster18
2883,3WKXDXN9U,cluster13
2884,2EHY7HPK7,cluster13
2885,AH294VHRU,cluster12
2886,JQBGKP6W8,cluster2
2887,ANX90173O,cluster2
2888,WPI6QZIIO,cluster2
2889,8ELED7Y1B,cluster7
2890,T98HPNYP0,cluster5
2891,GJVDACICD,cluster1
2892,0UDIOCAYK,cluster1
2893,0MPV067EH,cluster26
2894,4RRKUNK5T,cluster2
2895,IJ87GPOBO,cluster6
2896,J1W7OB6VP,cluster2
2897,N4B5RI7LL,cluster19
2898,F7O7JP657,cluster7
2899,EB7QFUPAJ,cluster13
2900,0NJTBZZMA,cluster1
2901,9KN7FLB9N,cluster27
2902,GEXF8HSVA,cluster29
2903,ZRE65F504,cluster11
2904,X230HT4H1,cluster1
2905,GELIUCS8X,cluster9
2906,Y5KXCTNCC,cluster22
2907,0MNKSCBCB,cluster14
2908,G28YLWDK3,cluster19
2909,55DNOTPPG,cluster2
2910,25GVYZ6WS,cluster5
2911,ISJRFYV8V,cluster1
2912,ZCEA10045,cluster16
2913,1ET3RF36X,cluster16
2914,CQBNLIESX,cluster21
2915,6BLNEPG5W,cluster4
2916,OBT4O2J17,cluster11
2917,RQH6LZ1DN,cluster20
2918,C7KKETYY6,cluster8
2919,V35QO77IQ,cluster36
2920,XNVODJQAU,cluster3
2921,SSO3JAYO1,cluster26
2922,G3AK41ZMP,cluster3
2923,PTD4TSRK6,cluster12
2924,V10WQFO45,cluster12
2925,DWSBVSYS1,cluster11
2926,RTAM4EG9S,cluster7
2927,VZKZ4CJ7R,cluster3
2928,NY0K9NRO4,cluster6
2929,9THTV30XK,cluster11
2930,BT7PNDG4I,cluster4
2931,ESJLYIEW7,cluster32
2932,JUX1BZ6HY,cluster14
2933,47WO9B5T2,cluster18
2934,Y5PB8F9G1,cluster5
2935,5DOTKEORF,cluster26
2936,FXUIO6E16,cluster5
2937,2IQPKKF81,cluster3
2938,OE60TPELR,cluster3
2939,5ZJFYBS9V,cluster4
2940,3NKYK04VG,cluster7
2941,OO5QTTK4Q,cluster7
2942,04HXWXUA0,cluster15
2943,572DEFJON,cluster1
2944,FWVCCCNHW,cluster24
2945,3WSJ82GP2,cluster4
2946,2PIBMIKNM,cluster3
2947,WOL2W3Y8C,cluster8
2948,IBBKSYD65,cluster4
2949,7B3SHSNF3,cluster6
2950,1XY85SCY9,cluster7
2951,7OIFW6OLV,cluster8
2952,4XUZ8URGP,cluster2
2953,HLSG2YA1O,cluster29
2954,R4G98WU41,cluster29
2955,E2QJKN6TN,cluster13
2956,SEES50F33,cluster27
2957,Q0VTU3UO1,cluster28
2958,HANFTNNGW,cluster2
2959,JFZ241QQ1,cluster6
2960,OY2FABD0X,cluster14
2961,TTBELUESF,cluster6
2962,GD0C5YJZC,cluster12
2963,5FZ9R4AUU,cluster10
2964,NS0CE6Z7Y,cluster7
2965,1SS2HQWO1,cluster7
2966,ITTU8NNHX,cluster1
2967,TYNHPQ5LM,cluster10
2968,BUOA5O63N,cluster17
2969,TSE8VOHW1,cluster17
2970,1VULI5G25,cluster11
2971,IBHOBOJ9M,cluster11
2972,VIQ0MGD3P,cluster18
2973,CXMGWAJYV,cluster11
2974,78W5L68HB,cluster12
2975,BTVZU5CS5,cluster10
2976,P4YF91OON,cluster19
2977,PE56B2I61,cluster31
2978,4CDQZNQRW,cluster2
2979,ONU0BFDQG,cluster7
2980,IX4GV2NL9,cluster7
2981,L101FUOEM,cluster32
2982,WN6DC6P9M,cluster6
2983,Q0X9NFZ9X,cluster2
2984,926G1F4Z4,cluster12
2985,LHWQ2X3UV,cluster14
2986,4Y9506OEQ,cluster35
2987,IIOLP01IV,cluster4
2988,UMO6GFW5X,cluster10
2989,0UYS2C1S8,cluster3
2990,XL7Q0NF2I,cluster4
2991,PDYR07PTR,cluster29
2992,W1VNSW6KX,cluster9
2993,H9F0NUHZL,cluster1
2994,WS8H57TIM,cluster4
2995,ELDCP31GP,cluster16
2996,01L6VT7DN,cluster6
2997,A4NUZ22PL,cluster11
2998,QXJ5CFFZ8,cluster2
2999,4LSAW3CUS,cluster17
3000,7AK7E0AQB,cluster1
3001,0CSQHF5JX,cluster17
3002,GIXPWK16D,cluster12
3003,RUDQJY3C2,cluster1
3004,P9WAQ2YOO,cluster24
3005,ZBUAH8LBD,cluster15
3006,M4H38KW2T,cluster9
3007,S0JVTE8RA,cluster4
3008,YGPHYG01W,cluster1
3009,WK12FKP7L,cluster1
3010,J2QRFW5I1,cluster11
3011,8CTLQQSMJ,cluster5
3012,1YYH8H3XU,cluster1
3013,Y2RN3D23Q,cluster7
3014,RGMX8TPJR,cluster26
3015,KUSDZXLQX,cluster26
3016,3NLU0Y1NP,cluster26
3017,TG27Z1L4N,cluster16
3018,YQHW5JB3S,cluster16
3019,CBXQ07AEK,cluster12
3020,YMIBG1QJL,cluster9
3021,RXLF0C8WT,cluster2
3022,TCVLLIOUP,cluster1
3023,S2O5A4MCN,cluster12
3024,QPDP4NDIK,cluster8
3025,LRDZEYQZU,cluster9
3026,Y2VMWOG06,cluster10
3027,VCVRO0MII,cluster15
3028,PRXI9YEZC,cluster15
3029,ZXNHGFBPA,cluster19
3030,DECCY3FVB,cluster21
3031,EHDPWALT2,cluster21
3032,QMFPEGDU9,cluster12
3033,SBXCF06VU,cluster14
3034,M9FLOWVQ1,cluster16
3035,71K8MDKF5,cluster16
3036,AGONNB8P1,cluster3
3037,SE7LN0QOU,cluster13
3038,2259E44GO,cluster13
3039,ZDBVGIMAL,cluster9
3040,5MUYN7MPY,cluster8
3041,PPQL7113D,cluster5
3042,0FZ4NDK1V,cluster2
3043,Z5Q2D8HRQ,cluster2
3044,GPFHLUZOQ,cluster2
3045,IZEGIT959,cluster1
3046,N1WLKJOVT,cluster34
3047,CU9B42AVV,cluster16
3048,5I69BO46K,cluster18
3049,RW533BDLF,cluster5
3050,8D7U8QAEH,cluster2
3051,1KWVXP2IN,cluster24
3052,1185GI4QA,cluster24
3053,41QQ9YOP3,cluster4
3054,6DTLELS4F,cluster2
3055,KDL08X9Q3,cluster14
3056,EMU4DGEJG,cluster27
3057,CGZKJ70QT,cluster9
3058,79IK65LHE,cluster16
3059,VRC1Z0HPN,cluster1
3060,GD5JEBNLG,cluster27
3061,P2TDEEG17,cluster10
3062,R2GWDR6F7,cluster15
3063,X33VS3F66,cluster7
3064,6JTV0VQQC,cluster4
3065,E6PID6J5B,cluster30
3066,ANY6Y447P,cluster1
3067,3NELGF40V,cluster10
3068,RML6YR0NR,cluster10
3069,2WW8D50KT,cluster13
3070,0SPE7YKKI,cluster14
3071,TGF54HJRV,cluster1
3072,9GORYNJUQ,cluster24
3073,420PGVEBP,cluster1
3074,DVP4W2WRN,cluster4
3075,CZHEG8QIU,cluster4
3076,R6G3W05BD,cluster15
3077,66OUPN57G,cluster6
3078,VPGEFD68Q,cluster6
3079,GLRGWFBWL,cluster1
3080,EOKJHSBRU,cluster1
3081,1WS6CEO7Q,cluster21
3082,2S0OZNYLU,cluster15
3083,OE1V4CJ49,cluster3
3084,TKO46DUH6,cluster5
3085,4AK698XCY,cluster6
3086,XBZYV1PEB,cluster8
3087,1IU9K7P68,cluster10
3088,1522ZTYU2,cluster2
3089,502NWZIWA,cluster26
3090,RFZZEE3E0,cluster2
3091,UEZ1B3DNT,cluster2
3092,HVN4WCKNF,cluster24
3093,C0GNKM5PH,cluster18
3094,0QNEJ6921,cluster22
3095,FHIBQ89QE,cluster9
3096,IUDC3PI7I,cluster6
3097,YHCJSW3ZJ,cluster1
3098,SC7B1AT7J,cluster28
3099,9NCPTOLSR,cluster4
3100,C33J0EL5F,cluster1
3101,3KPSFODBV,cluster6
3102,24QWDYLOU,cluster3
3103,3VCEUFWI4,cluster2
3104,PUF2VXLFR,cluster2
3105,KWXYE3KBI,cluster19
3106,A9GUKCKLR,cluster8
3107,FZ3880212,cluster6
3108,FUM1OK9W6,cluster1
3109,OISBBWTDP,cluster9
3110,GKB3J869K,cluster17
3111,DCMP01YAI,cluster24
3112,5NBDOJ8GS,cluster1
3113,5QIQLV5JG,cluster1
3114,PLYLH7SHY,cluster2
3115,YQWWTEFF3,cluster3
3116,X3ULQW1IB,cluster3
3117,R68AFLEJ3,cluster7
3118,ZFYZ6ZARU,cluster7
3119,60I0IHY3Z,cluster6
3120,YA54L81JN,cluster33
3121,WJFRB8H3A,cluster21
3122,MBXTJ6Z3Y,cluster1
3123,VGKXD60WO,cluster7
3124,8JMYY60MW,cluster20
3125,7DKJ7RXT3,cluster32
3126,NSZ9O15GA,cluster20
3127,NGBS4GB0H,cluster12
3128,KJCAOAURA,cluster19
3129,6QFK42C9A,cluster8
3130,J8PANKDB0,cluster22
3131,KYM4V5TU0,cluster4
3132,94Y435G2Q,cluster10
3133,ZYK5H50D3,cluster9
3134,00OIKS2CV,cluster12
3135,VJKIITI2H,cluster12
3136,JSY41I3SX,cluster4
3137,AQ7KEPF6K,cluster6
3138,AULZ5AR4H,cluster9
3139,KE0CSLK6N,cluster25
3140,2TS5RQWDI,cluster25
3141,D6TVBEKXO,cluster3
3142,YGURXOOAR,cluster27
3143,I0LOG17WO,cluster23
3144,N89NNNU2F,cluster13
3145,Y2OFJTFUT,cluster16
3146,Z2GCOQ378,cluster16
3147,YH74W3DOQ,cluster2
3148,URUZRRD8D,cluster28
3149,0HONIRIPM,cluster6
3150,G9PCW8UM2,cluster20
3151,K63E1GC8C,cluster20
3152,GBA127MMT,cluster2
3153,47J8WO6ZE,cluster1
3154,43RMO9UUU,cluster6
3155,B4IV7TY4H,cluster4
3156,0EHLUQGHH,cluster3
3157,W33E7PXA5,cluster11
3158,IO8X35FXW,cluster8
3159,07LM4XOHL,cluster22
3160,KS2PCERTH,cluster1
3161,99UL4XM5J,cluster25
3162,TXE29HXOE,cluster3
3163,N1WEK9H71,cluster17
3164,A1PKWD0UC,cluster5
3165,S85BHWD0E,cluster19
3166,ILPWTRRAS,cluster24
3167,6F7AVXFXJ,cluster18
3168,RSW2E2KGO,cluster2
3169,OTWJRUAE1,cluster23
3170,ZD93S2EJG,cluster14
3171,RMJ33H96E,cluster14
3172,K38818GMI,cluster11
3173,LPDRJDCSV,cluster9
3174,EO4PZE0AL,cluster11
3175,IRRINXUZ9,cluster8
3176,0W3X17NT9,cluster9
3177,3RWUN227F,cluster17
3178,QP8JQ7RQD,cluster3
3179,6IYGN70ZT,cluster3
3180,09SWFPNN7,cluster33
3181,DYMBVDZOD,cluster9
3182,OKXCHQUTD,cluster25
3183,WA7J07X2J,cluster35
3184,64472BPQH,cluster3
3185,GRQ9SOOI3,cluster10
3186,STQ4ASTXU,cluster17
3187,AHVVF3J3R,cluster19
3188,HGH4GJ7CL,cluster19
3189,DFHVWC8K6,cluster35
3190,MH2FFA06B,cluster17
3191,X6TWD6EE2,cluster4
3192,6GM58OHEJ,cluster27
3193,01K2GNELV,cluster1
3194,Z3FCDXN0H,cluster13
3195,BIPK5ZAR1,cluster18
3196,UA9ALMGUE,cluster8
3197,6AUEWF3KL,cluster15
3198,WETFGK1XD,cluster15
3199,SL6638ECP,cluster12
3200,C1S6KOJNU,cluster7
3201,NOSXSVROU,cluster14
3202,QGTNPBBUQ,cluster7
3203,5R6JDDNFP,cluster7
3204,4DK9EQVWV,cluster15
3205,QD0LBRK7H,cluster6
3206,G7B2S6O4S,cluster5
3207,0NDKXU011,cluster6
3208,W7603N4R8,cluster3
3209,FPQ6W6U2B,cluster28
3210,AZXLPGDE6,cluster7
3211,6V6GNNDOW,cluster2
3212,6XQ2SJK99,cluster20
3213,YZYLQYOKH,cluster1
3214,3GRGFIRRE,cluster5
3215,NFPV28AOM,cluster1
3216,OY6QMFL84,cluster13
3217,SNXRZI2FH,cluster15
3218,J0RX9SBDE,cluster11
3219,7L2CBZMMZ,cluster21
3220,DZCZYOB1G,cluster21
3221,EY3KP5F01,cluster3
3222,TF6OP847I,cluster30
3223,P345SIQIU,cluster30
3224,RHPWXLY4I,cluster9
3225,N92QEPA3C,cluster6
3226,W4JMC4BQA,cluster3
3227,DPSJHDL6N,cluster3
3228,F2K0O5YF1,cluster5
3229,8EDG8VCDJ,cluster1
3230,3JU9FAUU3,cluster11
3231,ILPPF2Q5O,cluster7
3232,49OBHOEAA,cluster7
3233,L3NG1JIPA,cluster7
3234,X1BJXGOI1,cluster1
3235,YZ8KWNRK5,cluster1
3236,7J3RU826H,cluster6
3237,5KJWNAY41,cluster11
3238,4Z6PV7VGE,cluster5
3239,O8KHGAOIP,cluster5
3240,39CT32BOM,cluster2
3241,MTXWZ0XMV,cluster2
3242,Y6JQ71GUS,cluster4
3243,SKV8LMG6Z,cluster5
3244,ZPR3D3QEX,cluster9
3245,H5R2AKVEJ,cluster6
3246,G3Y4EADPK,cluster6
3247,KU8W4234J,cluster17
3248,A5TPTQ6ZM,cluster17
3249,PC7B884AO,cluster29
3250,5ZIUAFFN5,cluster22
3251,6LPDNEB9S,cluster5
3252,TI57LRHOO,cluster15
3253,9UL5HFSYC,cluster6
3254,H2ROAYDAF,cluster8
3255,GJFNQHU5H,cluster9
3256,6HV0M6JLW,cluster4
3257,U476NEJ0Y,cluster16
3258,2C4UUUHF1,cluster8
3259,RNFE2L77J,cluster19
3260,AWHBD9HUQ,cluster19
3261,5VH84JBT2,cluster15
3262,OG9OCXTZF,cluster12
3263,4L516TAQV,cluster24
3264,SOJZINKCE,cluster24
3265,GSG4LGYHU,cluster1
3266,7T0FU55JW,cluster23
3267,X11N9G88W,cluster1
3268,GW18ZD5P5,cluster7
3269,V07Q2V9I8,cluster12
3270,2C3YXFW4C,cluster4
3271,INPJZHXWK,cluster17
3272,W0IY378IE,cluster14
3273,I2AKR3JZO,cluster1
3274,CZ2VSGXG8,cluster1
3275,DOTDWT8J8,cluster3
3276,03J91L95B,cluster1
3277,V0L48ZOER,cluster8
3278,O1CDHBLRD,cluster14
3279,8F11DYPRB,cluster4
3280,IXX80YY6J,cluster24
3281,BX1VAF0QY,cluster13
3282,2SUVKHRE8,cluster10
3283,7DN8OIF2S,cluster1
3284,6A808LLJM,cluster2
3285,ND16QJ4X3,cluster2
3286,6US4KFWHQ,cluster5
3287,MLVH07E7G,cluster26
3288,CW95CSN93,cluster18
3289,OBH8HF2FE,cluster18
3290,ALJZLT27X,cluster14
3291,QLAU0VBIK,cluster3
3292,A8536G73V,cluster3
3293,WVI9Z910Y,cluster7
3294,2Z7F26GY8,cluster2
3295,8GZWB0CK7,cluster2
3296,5TWG6M09W,cluster8
3297,3N3NGFMP3,cluster15
3298,GX7QEX1C8,cluster25
3299,0C862NVTG,cluster4
3300,70IZI8N5P,cluster5
3301,RKCT07C4Y,cluster9
3302,YUTM0DBSN,cluster17
3303,4R2L9NYGB,cluster10
3304,LHH4XV8FY,cluster7
3305,9C0G8VRW0,cluster13
3306,EZKQK6KMG,cluster1
3307,11BVRL1R7,cluster12
3308,AE17A2P7E,cluster11
3309,86CV12UUT,cluster11
3310,14SIV6CRZ,cluster11
3311,GPNYDVFN9,cluster9
3312,E5AQSC74R,cluster16
3313,YX38NBFOF,cluster8
3314,FLRNBNBKC,cluster21
3315,JC6452OS1,cluster4
3316,E5R4E4Y6B,cluster1
3317,12NAGBXJ9,cluster1
3318,1BDO99XFL,cluster7
3319,7N3C08SC1,cluster1
3320,P2X3RW4FP,cluster7
3321,2EZGEPBMI,cluster6
3322,F5YV43TKH,cluster8
3323,6L3V7G2UG,cluster1
3324,OCIETL9YM,cluster2
3325,QWN0PG6PN,cluster31
3326,ANV3SXQ4P,cluster1
3327,YRCFEE3EV,cluster2
3328,0EJCHZJ3E,cluster6
3329,C9U0FYLY7,cluster1
3330,8JAGP5IIP,cluster20
3331,74KTS80ES,cluster1
3332,3URC69VD3,cluster20
3333,43MUE3J5A,cluster7
3334,0U1T7DNUE,cluster4
3335,OBRW61AUG,cluster19
3336,5QO4IHHFJ,cluster9
3337,6NYKUZ4UH,cluster18
3338,IGVHXMTDR,cluster1
3339,OQTLBLI41,cluster6
3340,0ZXZPXZMS,cluster5
3341,0OCWNH0V1,cluster8
3342,O419282TQ,cluster14
3343,84GJXMOHH,cluster11
3344,OUTOCEU1X,cluster8
3345,EMXET8687,cluster3
3346,4AS68XQQF,cluster13
3347,J6RZI5FWA,cluster1
3348,P0XHG4RPR,cluster11
3349,EI8PNO6EW,cluster18
3350,3U3JRVHSM,cluster25
3351,YP8834VZJ,cluster4
3352,S9195BADU,cluster9
3353,DMFY9ZDBE,cluster14
3354,XX15EPFFE,cluster9
3355,4OW21HHI7,cluster26
3356,ZXLLZQSMS,cluster26
3357,9C21RMGH1,cluster7
3358,EPCUF3BA4,cluster14
3359,55R9X4V1C,cluster28
3360,PZG77LWUH,cluster28
3361,OUKKEW8EO,cluster7
3362,PFBYZQV4E,cluster16
3363,E125PLIL6,cluster29
3364,0IPXPQBCS,cluster6
3365,4ZH7Y0QCW,cluster16
3366,CRE4KZO5H,cluster4
3367,4D3QAYA12,cluster4
3368,RZONKQ511,cluster13
3369,TPUOYHYM1,cluster6
3370,5702YWGJ5,cluster21
3371,P0CCHRB29,cluster1
3372,9VKBYMR7A,cluster13
3373,W199O5O1V,cluster29
3374,FWG94SE8L,cluster6
3375,7GYP25JMU,cluster5
3376,QUXQMNU7E,cluster5
3377,VX1G6CU03,cluster23
3378,QBTN338VD,cluster24
3379,AVBGC12JI,cluster2
3380,L5HOM1XK8,cluster16
3381,2Z2IKU9RE,cluster19
3382,R6EZ93DP0,cluster15
3383,47P6I6EGY,cluster1
3384,PKEB8HSLQ,cluster10
3385,VQVJKS9U2,cluster8
3386,C8ZM3TTB0,cluster30
3387,VXKSC4CP7,cluster25
3388,DX1X8VYOW,cluster13
3389,K2P465SGP,cluster10
3390,R72F5A9RI,cluster9
3391,PC7LZKQIC,cluster3
3392,664T8BYKI,cluster4
3393,1XXUTB2AV,cluster9
3394,Z05MDSGHZ,cluster2
3395,XBH4PAL5Z,cluster1
3396,9EM0VFU9U,cluster2
3397,C1XURX85P,cluster15
3398,9YH8HZTBO,cluster20
3399,UU5Q37C1D,cluster36
3400,ZJIWQM6K4,cluster1
3401,9LMQT0ZPL,cluster9
3402,7UE0ND7PM,cluster12
3403,EX5KEUXZJ,cluster12
3404,8DJ928G1U,cluster4
3405,TCPWWN9WC,cluster25
3406,IZNSUXZLE,cluster6
3407,NA82EJZOE,cluster18
3408,OLH8HEFJR,cluster12
3409,RRSO32LMP,cluster4
3410,IFV92MWK0,cluster32
3411,4B6RV5N8W,cluster27
3412,HT0ZU2875,cluster2
3413,0NX5HBGSX,cluster24
3414,PCMZEMW5O,cluster1
3415,8AS51UFN0,cluster17
3416,PX3V3TO12,cluster2
3417,C4GSH2NQ2,cluster15
3418,QFH3715U1,cluster4
3419,E3NIIVE5J,cluster6
3420,ZY7WMSR9M,cluster26
3421,J6OOFFTVI,cluster1
3422,J13O18TFA,cluster14
3423,KEMLHDDK9,cluster4
3424,6QFBAOK7W,cluster4
3425,A5BQ9XAVS,cluster8
3426,S78CVU0IR,cluster12
3427,EZQAOGOXW,cluster1
3428,Q5W5PVT0R,cluster24
3429,LBIVNIFPC,cluster6
3430,QIBFK1NR3,cluster1
3431,PMC02BOHM,cluster4
3432,UO9QZCVNL,cluster2
3433,RVY67OIBL,cluster12
3434,PXQ34KKLK,cluster13
3435,BQB9L31F0,cluster30
3436,OXTFH6EYU,cluster24
3437,R1KOF97IQ,cluster24
3438,CBORFM179,cluster13
3439,XO2IP210Q,cluster18
3440,NC3GPO9X3,cluster24
3441,K7ZFPZNNY,cluster2
3442,AE97CRRAR,cluster2
3443,I4T66QIO9,cluster6
3444,D40OFA49M,cluster3
3445,NKDX9I91Z,cluster37
3446,7WSD3V9RM,cluster13
3447,7Q95NNSJA,cluster31
3448,4QGB116GG,cluster4
3449,HGSWBHNDQ,cluster3
3450,6PVMAJZNA,cluster3
3451,ZGJGPF7LZ,cluster14
3452,NFUDH7BBV,cluster22
3453,ERDXD399K,cluster12
3454,HM80057AP,cluster9
3455,57YCR59QB,cluster29
3456,2LF91ADW1,cluster29
3457,NUK6MNLEY,cluster11
3458,QED1SWTVM,cluster13
3459,6I241ZLVX,cluster8
3460,WB3T56IPF,cluster8
3461,QZKPA0LHZ,cluster4
3462,24BCTKG8K,cluster6
3463,OV9SDQUZX,cluster2
3464,HHYPF3FXQ,cluster34
3465,31Z3H4U6E,cluster9
3466,C86A4TH2G,cluster35
3467,XNFMZDCSK,cluster5
3468,QXNMI979B,cluster11
3469,NOK9KVPIP,cluster9
3470,4V329RJJQ,cluster9
3471,W962SS9B7,cluster11
3472,D408BJMD3,cluster6
3473,XX4GJRQPR,cluster11
3474,BC83B56RY,cluster1
3475,OSE9JC7KL,cluster9
3476,APHLYVLC0,cluster30
3477,P8ZOI1FDJ,cluster1
3478,DL21V2944,cluster15
3479,HCFR7MC37,cluster4
3480,F4LOHO3OI,cluster11
3481,8PLZKRA35,cluster21
3482,LCC58ZS93,cluster3
3483,WFLETZM74,cluster27
3484,DH5VZHFA0,cluster16
3485,FKCC5J4PC,cluster11
3486,OYP0WKNSC,cluster3
3487,8GROQ4KGF,cluster19
3488,147RPSJH9,cluster19
3489,VN1U4STCV,cluster24
3490,AMSXA5IWX,cluster7
3491,8LQBCSJW0,cluster12
3492,E1XBNKN1A,cluster1
3493,YE2N76231,cluster9
3494,98PA17HR4,cluster18
3495,86J7YOH4T,cluster17
3496,09VKKIW3W,cluster2
3497,ZLVANQBHS,cluster3
3498,HA5MKS9N3,cluster6
3499,F9KXD93BZ,cluster11
3500,NKDLNYX6C,cluster9
3501,4VVIM8GFB,cluster3
3502,LHLYUFCTU,cluster1
3503,1S6ZLSGJS,cluster5
3504,NEWHW42C6,cluster6
3505,W4FFOFLYN,cluster12
3506,EGAI5DJFY,cluster34
3507,Y9O97G6DE,cluster7
3508,RQLWNLNML,cluster16
3509,GFS6AK0LS,cluster15
3510,2UNXG7Y1T,cluster6
3511,09TU7QK94,cluster37
3512,VLLSSEF6H,cluster2
3513,UJ8H8ISQ4,cluster4
3514,BKVLC6XTX,cluster1
3515,5MAAK7HSL,cluster8
3516,4Z0U96Q7Z,cluster1
3517,L3UVCN6CG,cluster8
3518,0MOZXD6MB,cluster7
3519,8IYDL89VL,cluster1
3520,C2SLVY7CX,cluster23
3521,R2ZPEM4D2,cluster6
3522,4KNM7U86A,cluster16
3523,W1O4PDDA2,cluster7
3524,2JOBPO3WL,cluster21
3525,EXC5AG9ZK,cluster20
3526,PZBC9U5AU,cluster2
3527,WD00JM2RA,cluster4
3528,R4T6TZDMW,cluster9
3529,GMR0TEAJD,cluster6
3530,FGD5N208G,cluster8
3531,VC4M83073,cluster5
3532,EOZ9R1YE2,cluster8
3533,6CTJTEE1A,cluster6
3534,UKXTBITF6,cluster1
3535,ADMGIKK1Z,cluster18
3536,Q758DGIMD,cluster17
3537,UK4ITPPBJ,cluster9
3538,OD99HQNAX,cluster21
3539,AB4ODGKNB,cluster21
3540,SZOJQY8X5,cluster8
3541,9CGMOJCD6,cluster6
3542,EH9RIUDQN,cluster17
3543,Q6DLRT8C5,cluster4
3544,9COYA01QB,cluster4
3545,XZ93WOEJF,cluster6
3546,4E3XFRKIV,cluster6
3547,I0XYN54L5,cluster2
3548,TU7LIF23C,cluster2
3549,ZO6CGREEZ,cluster12
3550,7CG1FRL8H,cluster10
3551,5F33JT7G5,cluster31
3552,S1BGWB729,cluster31
3553,ZFBZHRTO9,cluster4
3554,2DYTJJCIE,cluster1
3555,J6G5TK29Q,cluster2
3556,VCCPTOBWU,cluster4
3557,OLK4G5IF8,cluster1
3558,JSLE5JWX8,cluster10
3559,75HAP9Y2Q,cluster18
3560,70NBP772W,cluster4
3561,VITI6YYG5,cluster4
3562,ZCLZH9M01,cluster8
3563,TKPEYOQWF,cluster2
3564,P8P954GXN,cluster7
3565,96E32NU23,cluster15
3566,HEREGW8KL,cluster8
3567,O0P2DXO1D,cluster23
3568,HPE99IDBY,cluster9
3569,35CKHQGRD,cluster16
3570,R4A297EDE,cluster16
3571,CNJ9ME8AB,cluster6
3572,IFUCCYLG1,cluster32
3573,YJXWIU20J,cluster35
3574,9GOP344TK,cluster21
3575,B5CG06JLB,cluster22
3576,IDUPLNDDV,cluster16
3577,C5EUC9J12,cluster2
3578,E8RDHUM80,cluster16
3579,K5S1ADPLS,cluster13
3580,NM215U06W,cluster9
3581,GXETTZVTV,cluster15
3582,N8WX387CU,cluster15
3583,CK16JGVUY,cluster26
3584,85QL0RW9T,cluster4
3585,X0VYDQK96,cluster14
3586,9S0MIS8B7,cluster36
3587,GGRETSYZI,cluster11
3588,HF6FI367Q,cluster3
3589,RPSQ8IK5A,cluster3
3590,378VF7KKR,cluster20
3591,5BTY3PJFN,cluster1
3592,BI906IJ6Y,cluster24
3593,QG9IG1IKE,cluster1
3594,S8D8JYRZV,cluster1
3595,VU6V837OA,cluster8
3596,E4NU9CAQH,cluster29
3597,75T9ESW0B,cluster9
3598,SKL8TMPMD,cluster24
3599,88999H81I,cluster6
3600,BDR6TNXPX,cluster19
3601,ZQSOAJ2SB,cluster1
3602,BF8OAVE5Q,cluster1
3603,IANCOJV8T,cluster8
3604,4F0P61DQT,cluster6
3605,U4DPZV7GW,cluster3
3606,HAFAUGQ9Z,cluster9
3607,UBEVVMGTB,cluster5
3608,3674XT7SS,cluster2
3609,ORLE0RKYA,cluster10
3610,00V0FFSE6,cluster5
3611,N4UCKD014,cluster17
3612,T3NQ1BZMG,cluster7
3613,ZCBM316RK,cluster7
3614,ABCP1CAO5,cluster12
3615,BORW55NXN,cluster6
3616,M4U7J3QA8,cluster14
3617,UTPZKXF0B,cluster26
3618,0ZVILCC9S,cluster4
3619,YWP56IYPY,cluster1
3620,I7JXJZ6GM,cluster2
3621,417KTLGWB,cluster6
3622,WWYAO9QGY,cluster5
3623,OP50Z2MC5,cluster15
3624,PD0J1GEK0,cluster10
3625,6679M75LQ,cluster15
3626,WOX4EIZUW,cluster14
3627,1UMWS2SKT,cluster14
3628,YRZGUG2CB,cluster16
3629,5QM8ZTC4N,cluster17
3630,VCNNE54NS,cluster2
3631,9ICALHNP4,cluster31
3632,DF98ULTJ2,cluster3
3633,NU6KAVROA,cluster21
3634,SYIVUKWR5,cluster21
3635,Q2HNAA0TT,cluster2
3636,XKX6TUDOU,cluster5
3637,0PN093288,cluster1
3638,BJM9XAPNO,cluster1
3639,AQ69R055Z,cluster15
3640,8FMYDXYS8,cluster15
3641,3FX8WA778,cluster1
3642,MS0470NPU,cluster22
3643,CUCPMA7KN,cluster22
3644,ZIT8LJPOQ,cluster1
3645,9ZBH5ODR0,cluster2
3646,NPC0J3AA9,cluster3
3647,17L9QY8YL,cluster25
3648,6PZ3XOXRA,cluster11
3649,GZT7XE8ZD,cluster7
3650,CLLZNE13T,cluster31
3651,5IO7C214T,cluster33
3652,G204MHQNH,cluster2
3653,HP3485NMU,cluster6
3654,014RTH812,cluster3
3655,DYWPZLCXO,cluster1
3656,1ZSQX3IBW,cluster2
3657,9OSD8XQJ0,cluster6
3658,W168UCKAY,cluster3
3659,V8A8BQDRA,cluster33
3660,IGYQ0TFFJ,cluster1
3661,K8NM06TXR,cluster20
3662,03J9OZFUR,cluster5
3663,99EBZFQ1N,cluster8
3664,QK3QKFQHB,cluster10
3665,YZ0BZ2B3R,cluster4
3666,1E6XK2WIL,cluster30
3667,1TNOIAKEH,cluster16
3668,937QH94CS,cluster14
3669,PD3XAT4MT,cluster17
3670,KZKX7TCX5,cluster9
3671,BAT0N1VP9,cluster9
3672,9ZLJXV2MZ,cluster7
3673,7CWA7VB2T,cluster3
3674,YCM9TR32H,cluster3
3675,OJG306EM6,cluster9
3676,9G6VYCSMZ,cluster21
3677,NQEK55TTG,cluster6
3678,KQFNHYGUT,cluster14
3679,R5JI44RIE,cluster24
3680,9YEPBHRXR,cluster1
3681,6LLQ3GU6Z,cluster6
3682,LA90R0C4T,cluster12
3683,GDXBFCZWY,cluster1
3684,WW6ZXHPSX,cluster2
3685,DYN7C5QBU,cluster34
3686,53SUYI9JV,cluster18
3687,QDD18NG31,cluster25
3688,Y02JWE395,cluster2
3689,A1GTOG1CB,cluster2
3690,MNKBWBSIB,cluster12
3691,I476O0NI4,cluster4
3692,SPMECRMDW,cluster19
3693,UKYDQGBRA,cluster8
3694,BH8ZL9JCT,cluster29
3695,BP9486NWL,cluster29
3696,E0JF2BQ8X,cluster7
3697,BD8RDL69I,cluster14
3698,NQSW0LCBH,cluster7
3699,A97N8BX2T,cluster17
3700,PX8X6M1KJ,cluster1
3701,EC8NO2K6T,cluster22
3702,F648077AW,cluster28
3703,KD335ZPQP,cluster4
3704,KCHE5S1HR,cluster9
3705,B87VYG12U,cluster1
3706,JXYPTWNMF,cluster3
3707,8WPA4YOO1,cluster14
3708,6129UFQJW,cluster14
3709,PQQYGTJZN,cluster21
3710,9IIOSGCMD,cluster5
3711,CNM5GOEKP,cluster16
3712,438YCL6BW,cluster7
3713,BLLKKMSIH,cluster4
3714,K0SFSG83G,cluster5
3715,AWSR9J7A0,cluster3
3716,P6AWO6TRG,cluster16
3717,SNUMJJAV9,cluster31
3718,58QFP6IBB,cluster16
3719,RZEA6ZEM8,cluster16
3720,BCCR6CX97,cluster1
3721,CDBZE0LTM,cluster15
3722,RIREMVEK5,cluster20
3723,XF2SW6SXA,cluster16
3724,3YVR7EH44,cluster20
3725,BFSYESSOG,cluster4
3726,V6HHBY9B7,cluster1
3727,G1CZN3GPN,cluster8
3728,43D7M3TFY,cluster8
3729,B5SVURC6I,cluster22
3730,L9A2UBMV1,cluster22
3731,XY57EICCM,cluster8
3732,OQQTQDVSD,cluster5
3733,OSZO9N9SM,cluster3
3734,CA90S2HF9,cluster8
3735,Y6OJCN1M3,cluster9
3736,WUISBUE7G,cluster1
3737,RZK666GTI,cluster3
3738,WTORI8RU7,cluster1
3739,HTIOH2E7O,cluster6
3740,CDQ9YQFHD,cluster13
3741,AV21QLHB0,cluster20
3742,NJDV8UUAT,cluster5
3743,VX0CRYDVR,cluster1
3744,0UDP2YX7G,cluster2
3745,ZJ1WCCWV3,cluster8
3746,NORTPQLCA,cluster15
3747,KFGPCHSAU,cluster15
3748,13DM33AZG,cluster12
3749,Q9Z8WR5US,cluster6
3750,QJTOCB1ZC,cluster21
3751,ZMCHSFDKL,cluster17
3752,LUQFI5EOG,cluster5
3753,150GKITWD,cluster3
3754,ZZHCBMEVA,cluster8
3755,EWT67SH1S,cluster20
3756,NRSJ8XGKO,cluster13
3757,960KX9E65,cluster6
3758,IDJENR4C1,cluster14
3759,LVMT8UTVW,cluster27
3760,2L8METN0A,cluster37
3761,5BXYP93AX,cluster1
3762,75ETTFTX8,cluster4
3763,Y7BB6PXU4,cluster15
3764,T7XH3LD18,cluster6
3765,9F3FYSVL2,cluster18
3766,Y65KK06BE,cluster3
3767,3D9O9C0IC,cluster7
3768,15ZWR19LP,cluster31
3769,5IYYP3GMO,cluster13
3770,GNFG4AZLQ,cluster25
3771,3UV429SF4,cluster1
3772,916NJEN6U,cluster1
3773,W7RKGQI1V,cluster13
3774,8WHDJIYOI,cluster7
3775,6GJYBQSPY,cluster4
3776,TFKTIUH78,cluster34
3777,MVNOB8NO3,cluster34
3778,H88ZJ52GR,cluster15
3779,J60BR99HT,cluster8
3780,NFTKJ9C7U,cluster4
3781,UZFZPNAGD,cluster21
3782,VZZN6B20T,cluster14
3783,BUIEUTEGZ,cluster10
3784,FS0CMDC4T,cluster6
3785,NHX3PXVTY,cluster6
3786,F2YLD1ILM,cluster13
3787,8UQVFUUEO,cluster13
3788,GDHLQ26SW,cluster15
3789,48LC4O28T,cluster2
3790,WH3TSNVVD,cluster2
3791,LMGHSRHYV,cluster7
3792,HWSWHV7LX,cluster17
3793,X5HFEUO5P,cluster25
3794,7S0XEMHKC,cluster4
3795,FM0GWK4I6,cluster6
3796,XNLIYXD7V,cluster12
3797,XP0K0YYC3,cluster14
3798,NKY69RA79,cluster18
3799,L6RRQJ6LU,cluster4
3800,LAIGM33R9,cluster13
3801,45CI2KVJ0,cluster29
3802,XDT5I5L2D,cluster24
3803,B9ZHY4RRC,cluster17
3804,NELH61HPR,cluster9
3805,5Y8J20547,cluster2
3806,6FY7WQAZ0,cluster15
3807,37O1U32LI,cluster14
3808,TVA9U93ZZ,cluster14
3809,3DY2QGRWI,cluster16
3810,3JI5HNCNP,cluster13
3811,66BZIVHMQ,cluster8
3812,QPS71D9A8,cluster4
3813,XSYZQNEUQ,cluster3
3814,XPFC2D83Y,cluster35
3815,FUP96GNJX,cluster15
3816,5VI0MB00L,cluster7
3817,TOL9XY1BZ,cluster28
3818,LIQJ7G429,cluster28
3819,QHHWQ6FGB,cluster21
3820,UD13UO7CI,cluster15
3821,M5AIVQ0YF,cluster20
3822,NLBZYINB9,cluster3
3823,Z3I2FYFPG,cluster31
3824,ACHKETEQ5,cluster1
3825,KWEJ64MV6,cluster4
3826,I26IPHDR6,cluster9
3827,OIUXBDTO7,cluster7
3828,UKWYDNHOG,cluster1
3829,FISJP10HB,cluster21
3830,0B82D7G57,cluster3
3831,S164FSC96,cluster20
3832,G262CE1N2,cluster33
3833,0F87HXNCH,cluster8
3834,K9MQ0FMJ5,cluster20
3835,7V107B3HM,cluster7
3836,Y0ORGH2FO,cluster27
3837,U9OY9VC8K,cluster9
3838,N19OUFOYZ,cluster2
3839,I2PZVXPVT,cluster21
3840,ZA0Q93GD6,cluster10
3841,D4IXCIHDH,cluster14
3842,VQAL9UITS,cluster12
3843,XSV12UB19,cluster5
3844,GKI5VGXN6,cluster12
3845,ZB51RNYDZ,cluster2
3846,ZNXZFV76I,cluster27
3847,7F402J79A,cluster7
3848,JFR70J237,cluster30
3849,9KQVNDXQB,cluster23
3850,UJZGNXBMK,cluster15
3851,XE32R4ZCI,cluster6
3852,NTI22690V,cluster15
3853,GH180RVPT,cluster2
3854,1DZANG4PV,cluster14
3855,5MR608864,cluster9
3856,3X0CX3A2W,cluster16
3857,9DZBK80XQ,cluster25
3858,9F5NJZCCE,cluster1
3859,P0712ZVAA,cluster1
3860,9BR3C23AR,cluster4
3861,MNL1BX8BJ,cluster15
3862,50M1PFZV7,cluster14
3863,ZJNR277W0,cluster1
3864,FWU7UHA18,cluster12
3865,0J8C9USPJ,cluster1
3866,46TOC5QPR,cluster13
3867,TRR5543FP,cluster1
3868,6MVNVXABW,cluster2
3869,Y8MXZGL7R,cluster10
3870,O6R9BU1AE,cluster7
3871,RC6N6I6O1,cluster1
3872,1MT0VLC8Y,cluster17
3873,NCSKL2DYQ,cluster4
3874,993AEN1T1,cluster17
3875,QRT3B50PT,cluster17
3876,KX59J6PRG,cluster1
3877,RQG49IEDL,cluster16
3878,7UGXLCEZ5,cluster1
3879,EPWNLZUIU,cluster16
3880,3MY90S7ZT,cluster21
3881,UJWPQYN0A,cluster9
3882,E9S1BTHNN,cluster1
3883,3ZZC7WW5H,cluster10
3884,4QROSADST,cluster13
3885,S5M0P2439,cluster1
3886,EUC7KIEFH,cluster17
3887,MJW2G0JDF,cluster10
3888,WYIUQ0XZ5,cluster10
3889,CQKYF5NHS,cluster2
3890,UTY5EZLUX,cluster16
3891,AKUZ8GSAG,cluster1
3892,K2GA4TQQF,cluster2
3893,B8M70U2TX,cluster31
3894,KBVOE2X8Q,cluster8
3895,CIE6MWHGS,cluster16
3896,0SN4HYKQJ,cluster1
3897,CDK9LGXKG,cluster7
3898,166Z3D4GP,cluster14
3899,K5IFDBPOP,cluster4
3900,V26ELUPRX,cluster2
3901,8SQQMONO7,cluster4
3902,XF21U000I,cluster19
3903,AGQEHUNRX,cluster15
3904,1P7FSPNGD,cluster7
3905,8A69AAWEV,cluster5
3906,TINFYIC7L,cluster3
3907,CMVG1CP88,cluster9
3908,HDIPJEQMW,cluster6
3909,U07A2TG7S,cluster14
3910,1CU3H7WN0,cluster1
3911,HYDBP88DT,cluster27
3912,008HFHUAO,cluster27
3913,1JU4ZPU22,cluster3
3914,IA9ZHTXCX,cluster6
3915,RZH0FNQL9,cluster17
3916,XKKICXYZP,cluster1
3917,I1NMXJZ46,cluster18
3918,95C4NBCAA,cluster1
3919,J4OCZVGX7,cluster1
3920,Q1Q6V5ELI,cluster34
3921,S7Y2WYPID,cluster3
3922,X5X5J6EU9,cluster21
3923,NQMGL1EPT,cluster32
3924,5PTEWSWW5,cluster9
3925,BV0BE673Z,cluster1
3926,GTOLZAT85,cluster7
3927,DGLCIVHXQ,cluster29
3928,JW6IMREM1,cluster13
3929,ZF52VJTNQ,cluster7
3930,ACAXK3UOM,cluster34
3931,3O2YEUUU0,cluster13
3932,MFT3J8Z5S,cluster12
3933,ZI2M3BTFR,cluster30
3934,ZYETJ011Z,cluster1
3935,S7SV99FP4,cluster27
3936,EYE5ZDO4A,cluster37
3937,BY6CET79Y,cluster22
3938,EZQE675MM,cluster19
3939,AO3LPMJCP,cluster25
3940,A74J6KUP2,cluster27
3941,78KDFTD9M,cluster4
3942,EQK59036Y,cluster3
3943,R75Z25MUI,cluster2
3944,S5PMWAB4V,cluster11
3945,38DTCZOJ0,cluster12
3946,RCOEF9350,cluster10
3947,JCOEU04X6,cluster22
3948,3H6GJD85P,cluster14
3949,UL4IIIJH3,cluster2
3950,EBT8VQIL7,cluster22
3951,R28FWG0T4,cluster18
3952,6NVC12FZO,cluster24
3953,ONEXE23J7,cluster27
3954,3D7YVZWH3,cluster1
3955,ALH4OSR9I,cluster3
3956,07QRYNSR3,cluster16
3957,7NDEJ2RXG,cluster14
3958,HN7S2BST4,cluster9
3959,1G6C6AA74,cluster8
3960,X3MAU77XN,cluster4
3961,48U07QMN6,cluster17
3962,8YX4Z7AQ6,cluster17
3963,KDQVHHYYZ,cluster5
3964,6ODO2U567,cluster4
3965,CUFQRVRCW,cluster23
3966,ODL8OK481,cluster4
3967,57V1M5M89,cluster4
3968,SD8BLCE25,cluster26
3969,00HNEAGAJ,cluster7
3970,AOWELWELU,cluster7
3971,C7IB08VMR,cluster14
3972,9JSYLSJBN,cluster3
3973,AYJ3DMFC9,cluster9
3974,5FHHGJETL,cluster21
3975,XRETORMPJ,cluster18
3976,S4RQXSQ7Y,cluster30
3977,MIODZ1EP3,cluster16
3978,FNJDYM549,cluster16
3979,YVEFETQQG,cluster12
3980,GADDFEC69,cluster22
3981,0YT5JA8GW,cluster22
3982,X2T354IV3,cluster2
3983,BSKD66IUW,cluster8
3984,L8XK9Y20E,cluster27
3985,JD7KU243U,cluster17
3986,QC3QN1XQ0,cluster8
3987,F0RS3ZEEV,cluster24
3988,JMG6YT2L0,cluster12
3989,LWJ5KRSFO,cluster12
3990,PUZWEWVD8,cluster8
3991,VZMYRQTNA,cluster8
3992,WCNQGLB0N,cluster24
3993,RR04ELEYH,cluster17
3994,HH3U2173S,cluster3
3995,CHDDBHKGH,cluster30
3996,DPYSN7JLN,cluster24
3997,BVBXR9RU2,cluster1
3998,T4G85OXAM,cluster1
3999,3PMJW3ZSC,cluster34
4000,XI8FN3BVV,cluster4
4001,AJ5VH3T3S,cluster4
4002,W9NLUWUAE,cluster1
4003,PJ1PMZKCG,cluster34
4004,RCYSGYUBC,cluster1
4005,JLJN43PHX,cluster14
4006,O8D07TFUK,cluster3
4007,HXXBZ9MZT,cluster2
4008,6XP6OZKZ8,cluster3
4009,Q5EHPLYEH,cluster29
4010,88LHNKT82,cluster30
4011,WRLE5G8GG,cluster4
4012,J1UXNIE31,cluster29
4013,7J3QVR03S,cluster3
4014,XMQNGM1XJ,cluster26
4015,YPXQI0VEJ,cluster26
4016,2L29Z5ZZ9,cluster4
4017,T1IC0ZDN1,cluster4
4018,2QGTJ0ZTT,cluster3
4019,CUGGD2F8T,cluster14
4020,015PD8R4T,cluster14
4021,GHSZATVPT,cluster27
4022,Z7J4LXN79,cluster6
4023,USQX73C5W,cluster1
4024,U6OUHTXMC,cluster1
4025,II90IH0I5,cluster12
4026,1DL4CJHFX,cluster4
4027,W0IAVXWH4,cluster1
4028,X1ZAUSQP9,cluster5
4029,I212ID6J0,cluster16
4030,D4VBBNT9Y,cluster3
4031,RRGI61IG1,cluster1
4032,7Y4OK6WUE,cluster5
4033,4GDISCELB,cluster5
4034,ERFY4HKD7,cluster1
4035,TUY346SJ0,cluster2
4036,C4GJKB37X,cluster25
4037,XGMRH4ZHK,cluster1
4038,YFFCV9VMG,cluster3
4039,QFRP4CVQG,cluster23
4040,W1IEC2IM4,cluster14
4041,PBAJ2WWS1,cluster22
4042,GKM0KO65V,cluster27
4043,0WVP8I17C,cluster24
4044,4QYSG1JTI,cluster5
4045,8O56ZTGBK,cluster17
4046,56B4LB1BI,cluster25
4047,I0ARBWI0F,cluster14
4048,5IY69POY4,cluster24
4049,PZPGPKW6L,cluster7
4050,BR22N5IN1,cluster9
4051,0FANNGI4Q,cluster13
4052,NNBERVXPW,cluster6
4053,960H3ORVN,cluster6
4054,M22UJGYIL,cluster14
4055,P8FGL0H6D,cluster13
4056,IWFNZMU6R,cluster35
4057,HJ00K99WM,cluster31
4058,8CBAS1HE4,cluster16
4059,BE7XGNEPB,cluster19
4060,W4BEX6TN6,cluster4
4061,NNAOVOPX8,cluster7
4062,URMJB1TG3,cluster1
4063,Z5LWLCLGQ,cluster4
4064,AU1SWC3UG,cluster1
4065,HVUA7VXST,cluster9
4066,OLLT859TL,cluster10
4067,GMU81TU37,cluster1
4068,7KRNITS3W,cluster6
4069,0IDPT526P,cluster1
4070,5O3RN72QJ,cluster13
4071,XUFDPC5ML,cluster25
4072,8NKDKTZKJ,cluster14
4073,6CL6603P2,cluster14
4074,BLF5L4B03,cluster13
4075,GPKDIV7JP,cluster14
4076,16ELCVUDK,cluster17
4077,9L52CD0XW,cluster17
4078,N7JHHI49X,cluster33
4079,PAIE2YCZJ,cluster2
4080,0GQ2WHE8I,cluster6
4081,B4G6F49KX,cluster17
4082,LL24BQRMR,cluster10
4083,BL5WT40R7,cluster13
4084,Z53NBISQO,cluster13
4085,58CTIQHOO,cluster13
4086,O7D7V3HOB,cluster6
4087,7GI240JS9,cluster1
4088,CD1FTURPR,cluster13
4089,R4OO5FKFT,cluster34
4090,SRDPEWS6T,cluster7
4091,QPJFYSKXR,cluster28
4092,2DNU6W9MT,cluster22
4093,P8CZ7BDOG,cluster10
4094,IEN0T1YGJ,cluster4
4095,HDYORXUCQ,cluster2
4096,GDG3M2F44,cluster12
4097,YQSX2SZ4A,cluster4
4098,MDUMVKC8X,cluster29
4099,DB4SPYSC8,cluster1
4100,PIIF9E89G,cluster4
4101,QNONRPUJ0,cluster30
4102,DA47HX3M8,cluster10
4103,3J0OBTEB0,cluster26
4104,4SVHELMF1,cluster4
4105,SE2WZ5127,cluster4
4106,SBHOGJ8QF,cluster16
4107,1GOFXT1OV,cluster18
4108,TGJS01NXW,cluster12
4109,PXE0DNS9F,cluster25
4110,S1MK0KQ5O,cluster5
4111,2DX8Q04DD,cluster23
4112,YJAQ251V8,cluster34
4113,W58KF1QBN,cluster27
4114,DEBJQDLDE,cluster6
4115,VSVX2DQUN,cluster3
4116,09XZMSJTC,cluster2
4117,ZJAM0XJPT,cluster22
4118,I15SH5UWA,cluster17
4119,FMSQB3W07,cluster7
4120,KIIHMS0X3,cluster21
4121,6MWM1GGBO,cluster2
4122,F0NGEHRCJ,cluster9
4123,2P4EGKP1X,cluster7
4124,LFNL8U9MD,cluster4
4125,QP5JSEDZW,cluster15
4126,AMM053W06,cluster15
4127,8EOP9IJRD,cluster3
4128,7MJIDUG8M,cluster14
4129,R8UU3WWI1,cluster10
4130,A0XAR0HRD,cluster7
4131,PBX2M4E3U,cluster15
4132,B3D9AA04D,cluster6
4133,9E65CEBVX,cluster22
4134,TNN05SJTE,cluster22
4135,DV09GR27B,cluster18
4136,H9AF709JH,cluster7
4137,US6Y76NOS,cluster1
4138,495PTJRR8,cluster22
4139,K5U26TGZM,cluster16
4140,5UM5A60FW,cluster1
4141,BSS7B1YUR,cluster30
4142,G9WQS6ROE,cluster15
4143,XP4L6PVRP,cluster5
4144,U7NUNSDP3,cluster2
4145,9BQZPCDQ8,cluster10
4146,PXZB2HN2D,cluster10
4147,PL0EFVWNM,cluster3
4148,EDHZ3CEOM,cluster3
4149,JE80YJ1IN,cluster4
4150,5JZHWNJDZ,cluster6
4151,G08QEI2II,cluster1
4152,0MA3OFAXE,cluster15
4153,F2DLW68PX,cluster3
4154,PNA5QANRC,cluster5
4155,G7SJ3623S,cluster15
4156,CC4WLPF8K,cluster13
4157,HNXEDSRK1,cluster5
4158,KHUU6ZFNI,cluster4
4159,3CYOANV9Y,cluster25
4160,KUW2AAWGU,cluster6
4161,1YPUIFAPV,cluster2
4162,IJZWVEFQV,cluster11
4163,6G20IK99Y,cluster1
4164,L08ZG932H,cluster5
4165,CV070I07P,cluster4
4166,QG5VKARQI,cluster9
4167,N53884DUO,cluster20
4168,1ESVNPDVX,cluster12
4169,H1SG9Z087,cluster12
4170,YCKVOV39Z,cluster8
4171,8LHR6HU4G,cluster13
4172,U54PXPHMI,cluster10
4173,CFYOXEQBX,cluster24
4174,UDUSNWBP0,cluster13
4175,UKV9HCFBY,cluster15
4176,N3MXTNXT0,cluster26
4177,4IRVEVHOR,cluster9
4178,W544PQMFH,cluster22
4179,2J8DSEJDE,cluster22
4180,NXA4QJHWS,cluster4
4181,Z3FHRIQ8A,cluster1
4182,BMUZKMRTP,cluster10
4183,M2GOEXY1U,cluster7
4184,VPUPPU1WC,cluster4
4185,8YN39CMXQ,cluster21
4186,NY0SKMQWF,cluster1
4187,YWMW9H334,cluster9
4188,BCFIYP6KF,cluster18
4189,LGDVKN9AC,cluster18
4190,IPKOJ3RGJ,cluster23
4191,YQNXVBEDU,cluster7
4192,3GI2QLVLE,cluster22
4193,PJGEJG64N,cluster21
4194,3TJNK1JGV,cluster21
4195,JILJ1R1W1,cluster2
4196,8PMEF5IUD,cluster7
4197,34Z4ZWATJ,cluster2
4198,PN5CICY73,cluster6
4199,RXHQXSSUQ,cluster2
4200,M57VCDEVW,cluster14
4201,PPV6HRLW8,cluster12
4202,OJLFDPTH5,cluster4
4203,0LI615BKM,cluster25
4204,AV5EZ7CAN,cluster37
4205,EGS0AXAC7,cluster35
4206,9UVB6GG5K,cluster10
4207,R81ZY76R7,cluster10
4208,S01ZLJCVZ,cluster9
4209,PEBQG1VOE,cluster4
4210,JPKJAH97P,cluster21
4211,GW22XF6MX,cluster23
4212,8WWQYBOF3,cluster7
4213,II8J7EL7S,cluster9
4214,X209AN2MT,cluster15
4215,IYADT21NL,cluster7
4216,6NISA79S0,cluster24
4217,7ZZGOPW8O,cluster21
4218,L37D3JZDF,cluster7
4219,L2TT1DM9J,cluster18
4220,W5KQJMXJ0,cluster1
4221,H163SOIQR,cluster9
4222,IXKT8MJYC,cluster16
4223,89YLNFCG1,cluster12
4224,L0SF67HA0,cluster14
4225,5EOOJIN5Z,cluster4
4226,0XE17GMR9,cluster13
4227,I2PJ9B2YL,cluster2
4228,OSMTKUZHP,cluster25
4229,KYRYZNYU5,cluster16
4230,BZY2PLVEA,cluster5
4231,5KWAU2ONJ,cluster13
4232,COSPY80KE,cluster14
4233,VCUF1DQ0X,cluster2
4234,8AGAMTD54,cluster25
4235,QUSW34RX6,cluster17
4236,1NL6XRXSD,cluster15
4237,VEQR0IVBO,cluster9
4238,7179L2J0A,cluster20
4239,NEZ0FNG5P,cluster14
4240,O94KZFED0,cluster13
4241,Z22YBNNI7,cluster26
4242,AVMITZV93,cluster26
4243,BCFXTDHY2,cluster17
4244,1IJBXC6II,cluster2
4245,M20R85TO4,cluster18
4246,P73IH8A92,cluster23
4247,PJBRBY480,cluster34
4248,W4IYGT60O,cluster7
4249,UP5SVX63M,cluster24
4250,49MQDSG26,cluster2
4251,WR4WTP7EG,cluster31
4252,LN842KM7D,cluster7
4253,23K4JUOKD,cluster4
4254,Q50PU00IJ,cluster25
4255,RFYHEDOM2,cluster2
4256,MMTB1NVWU,cluster8
4257,OHY822OZA,cluster22
4258,CG9OAYO36,cluster7
4259,NSKEXFW35,cluster28
4260,UKXZCIEQK,cluster20
4261,6M2CJ717C,cluster4
4262,70B2MHHNK,cluster6
4263,3FMBDY1X6,cluster9
4264,PVCQ5ZDZ2,cluster5
4265,C6CDHZ5DP,cluster20
4266,ULE1UR269,cluster14
4267,U4WRCH96S,cluster7
4268,6LRLNJ4KT,cluster1
4269,ZHTIS6MYW,cluster18
4270,THEKPNZ5F,cluster8
4271,CEXL1NVZL,cluster6
4272,H10VP2ZJO,cluster16
4273,1KMUOH47I,cluster7
4274,7Q1COC0ZE,cluster6
4275,PAA49EBGO,cluster14
4276,6QZVSGDVO,cluster1
4277,FXCW41GRH,cluster14
4278,A9FD08ODO,cluster29
4279,GF6L0O7WN,cluster17
4280,9JP7QYBAC,cluster17
4281,3NB7D9BF9,cluster17
4282,COVZ4R0CO,cluster6
4283,53XPU1VKD,cluster5
4284,H1VRQSE41,cluster27
4285,AUW7EDGP0,cluster3
4286,U3C7ZIW2K,cluster16
4287,9DJQEKAW8,cluster16
4288,WDDWBEISI,cluster36
4289,21E9ENISY,cluster22
4290,46PK6FKX2,cluster16
4291,B5N64H8ZF,cluster20
4292,IGSGRF4HP,cluster4
4293,WD37AWF2U,cluster14
4294,5FIPYRP0I,cluster33
4295,N9E9DV1RO,cluster1
4296,6PT4GVO2I,cluster1
4297,W8Q903OX1,cluster7
4298,J8ZVMAM1F,cluster20
4299,O3OVROOWA,cluster23
4300,6Z7Z9L9LE,cluster25
4301,ONMAGI65E,cluster21
4302,CPEUKOEDD,cluster3
4303,KNSYXCE5T,cluster4
4304,Q7AE33JY2,cluster12
4305,CDUN8HIWC,cluster23
4306,DGFN3V7NW,cluster13
4307,EJVIWVZ5R,cluster2
4308,571Q3QYVT,cluster7
4309,356B3X6AX,cluster18
4310,OCJ28715E,cluster3
4311,NSFZAIGAJ,cluster26
4312,PPS5758VE,cluster15
4313,LTNDHIDGF,cluster7
4314,28CIATE5C,cluster17
4315,SAAFEF39K,cluster13
4316,40ASY5YB5,cluster23
4317,OR36V7MA8,cluster18
4318,7DP57Q89T,cluster14
4319,VU77ZRGZ5,cluster36
4320,79V5CB4FP,cluster15
4321,MVRGT1YDQ,cluster10
4322,4O8PLJHPP,cluster17
4323,Z1KZI8B0I,cluster24
4324,ZXDJ0V9NH,cluster11
4325,97TTMR49G,cluster12
4326,FOEYL5VB8,cluster1
4327,4ZI78GJRR,cluster4
4328,H6D20CLN8,cluster12
4329,MGK4E7S5A,cluster12
4330,FRIX50RVK,cluster3
4331,TNWFLKG1G,cluster4
4332,Y6E6Q2JYR,cluster16
4333,RP3U6KX6Y,cluster27
4334,YBEZ9JBXM,cluster27
4335,K4P9SRW3A,cluster9
4336,FTIEHI44T,cluster16
4337,Q10REUHRK,cluster11
4338,XS30IM286,cluster18
4339,VJV5BOSOZ,cluster15
4340,JX1EBOHZC,cluster4
4341,V6LPASE4B,cluster4
4342,O9T3N5FL8,cluster10
4343,K6BTYYHSG,cluster15
4344,YT8YHOFCD,cluster30
4345,F5XV9W3MJ,cluster29
4346,U30WN0G4I,cluster1
4347,KXZU6NE5A,cluster6
4348,ZNTS816DN,cluster5
4349,RHB9N1X6I,cluster4
4350,U5O7QSXSB,cluster13
4351,Y073DQJ9U,cluster5
4352,V31UKHQQF,cluster13
4353,1UM208190,cluster9
4354,2IMSE99HH,cluster1
4355,019LUBUPB,cluster21
4356,BGCXZAN0K,cluster12
4357,U5VYB75UQ,cluster12
4358,ZVFCXN7SP,cluster6
4359,X8EZ2BSLI,cluster28
4360,K4O8EDLUB,cluster6
4361,DQ7BZVSY5,cluster27
4362,8WWJ3UD7Z,cluster30
4363,OAZX5FS9Z,cluster9
4364,ZNWW73JMS,cluster9
4365,GEBEURCQ2,cluster21
4366,LQGBAEJTA,cluster9
4367,9U8HQ9DWK,cluster3
4368,PPCR0Y8B9,cluster16
4369,9ITVA4OER,cluster12
4370,IPZTD57Z2,cluster15
4371,BTUIX6VOW,cluster4
4372,KMF37I9IU,cluster13
4373,H6LGVLQGV,cluster12
4374,QSBK1B8GI,cluster4
4375,W3K7SFXQW,cluster13
4376,938DK27XZ,cluster21
4377,AVJD6OACK,cluster18
4378,Q08SLNQF5,cluster28
4379,CRPUQ97OJ,cluster9
4380,7DSQZYEP9,cluster9
4381,QC22E5Q6K,cluster23
4382,93PZ95G4H,cluster14
4383,YY0B94UU2,cluster2
4384,MPAMNAV58,cluster29
4385,BXU5OTEG6,cluster8
4386,OWQ8DW76K,cluster8
4387,BE5BA7753,cluster14
4388,OAWACT71S,cluster1
4389,BEFAMCMBL,cluster2
4390,XIMQS3VUQ,cluster11
4391,IB4MNZ1WJ,cluster3
4392,UJ8E7PS6A,cluster7
4393,YBK40APML,cluster15
4394,CH0542EXW,cluster4
4395,APXSKOORX,cluster8
4396,PBM9AEGVI,cluster7
4397,YFAWJZARS,cluster8
4398,732BFNZUD,cluster1
4399,MPI6QYLRO,cluster18
4400,15X6N1894,cluster1
4401,2GVPVBI5G,cluster34
4402,YAAD828WC,cluster5
4403,KEPBE4NJ8,cluster12
4404,QQ6BD4D2D,cluster2
4405,ECZL2ITF8,cluster24
4406,9RXS5C6VD,cluster12
4407,J2QC1CQ7I,cluster13
4408,XBSFRVZVP,cluster5
4409,HEUB69WR2,cluster21
4410,VBBCSIIAG,cluster4
4411,QWCC4M5X9,cluster14
4412,48G629OPD,cluster2
4413,ZDVV5WDFL,cluster17
4414,QB1PXP5ZC,cluster17
4415,38KBSPIHZ,cluster1
4416,WU37UFUXE,cluster27
4417,QDX9MVXUR,cluster35
4418,49ID8D1DU,cluster4
4419,26NYOB40D,cluster13
4420,4ACS5E32K,cluster18
4421,13O90TQMR,cluster19
4422,RWOD27488,cluster20
4423,15T7DRU0Z,cluster6
4424,W4XXV8ZMX,cluster4
4425,BF1U3SVND,cluster11
4426,38IK4RBVB,cluster5
4427,4L3QRDJBQ,cluster23
4428,CRFJITIYR,cluster4
4429,1CY9S48VJ,cluster10
4430,KRGP4PXL9,cluster12
4431,I3FNQT7K0,cluster26
4432,LISFMEBAG,cluster34
4433,5LS9YO2V8,cluster3
4434,8U8YJACFX,cluster7
4435,JMEFUQTCY,cluster1
4436,UIY56OQ4S,cluster2
4437,QZZFU5SKW,cluster12
4438,6SIAZT33B,cluster3
4439,BFNXQ94L4,cluster1
4440,V5W3MQ3VA,cluster3
4441,XUSKBCDT9,cluster33
4442,UI49C1JFF,cluster3
4443,1BIJCVFRR,cluster23
4444,YE9AZU8JK,cluster20
4445,J1ZPKLT6F,cluster32
4446,C4YJ2FZWX,cluster23
4447,GVFZ58Q5P,cluster10
4448,E26EVHUZP,cluster4
4449,TSF7JT2RN,cluster4
4450,GPIEJ4URD,cluster17
4451,RQMCG0JKG,cluster1
4452,P7LSNM56S,cluster5
4453,QRRN7CSHX,cluster17
4454,YZG57BPS5,cluster17
4455,LYRVOX2LE,cluster4
4456,E8IBJI86I,cluster13
4457,KCG4A3L3Q,cluster29
4458,TWK2OX9FU,cluster31
4459,JZ7JIB5OH,cluster10
4460,JNZ6OMRZO,cluster7
4461,Y2WDRVD7J,cluster25
4462,U15X0G1YW,cluster3
4463,SWVC5ZAMC,cluster5
4464,IHFE57ODH,cluster18
4465,7HHTPPF4Y,cluster5
4466,HBDXHP70I,cluster6
4467,NUGX79UF8,cluster22
4468,N3UB8Z30Q,cluster12
4469,8GMZVCRWJ,cluster26
4470,O91DBDEW4,cluster3
4471,65U18SG3Y,cluster8
4472,J63I7URWU,cluster9
4473,6UGGU05NX,cluster18
4474,W7BHYXD6C,cluster5
4475,MO0BVGTG3,cluster8
4476,L38KQYSKO,cluster15
4477,LE5RBKG9Y,cluster12
4478,V5VALHZF1,cluster23
4479,0KPY4X5K4,cluster6
4480,3JLGF3G1T,cluster27
4481,ORENZJYN3,cluster4
4482,I2KELSFQQ,cluster9
4483,3KKUXN41G,cluster9
4484,X14H8J69X,cluster11
4485,8TSCH925W,cluster15
4486,2BS7I8FCK,cluster15
4487,52EEXN2DV,cluster2
4488,X5XZ3QOUZ,cluster7
4489,PMWYEUPS7,cluster34
4490,OPU4HYPX2,cluster1
4491,T30YRNP8U,cluster1
4492,UOFOF50I7,cluster15
4493,RQCAYNN76,cluster17
4494,3R7Q2SJMP,cluster3
4495,MOTWOB6H9,cluster24
4496,HZQZC0B4V,cluster4
4497,52UMYZ0AQ,cluster20
4498,M4TOR4LS6,cluster8
4499,VBCIW7U2E,cluster1
4500,OSA6IKU39,cluster2
4501,3KOYA14UR,cluster1
4502,EELR1A0G2,cluster21
4503,44H1XLUIA,cluster23
4504,20GH359KK,cluster23
4505,RMDFAFMW4,cluster15
4506,PWUDG0ZA3,cluster21
4507,24A0VCVVT,cluster4
4508,PL8JZZT45,cluster12
4509,LE83AW8JH,cluster3
4510,L249WZI1O,cluster3
4511,7IM5X9N78,cluster1
4512,ECINN61OR,cluster1
4513,5GO9RSA8M,cluster19
4514,VV868A5P7,cluster1
4515,0W2WVMOW1,cluster10
4516,1RG7PD40J,cluster13
4517,Q1NCST0I1,cluster33
4518,JXYR64CUJ,cluster4
4519,I8IUF9O21,cluster13
4520,UN0RLFGEZ,cluster34
4521,6PCLCKGBI,cluster24
4522,E35CA97B9,cluster21
4523,SR0LO6B6O,cluster21
4524,BE7MYKYLQ,cluster5
4525,LCWGFSO4L,cluster25
4526,ZT85N1DIO,cluster1
4527,SMLDV04CP,cluster19
4528,UD47FBTUJ,cluster17
4529,48SQTCB8C,cluster4
4530,A8ZDJ5PDE,cluster1
4531,3F7MRZH6K,cluster12
4532,282HYXY0Z,cluster15
4533,HR2U9KPW6,cluster4
4534,VNRCDQ7G3,cluster7
4535,MQK4N941E,cluster5
4536,RQ04RMEH1,cluster15
4537,MOR56CYCO,cluster3
4538,2AD7RUBNV,cluster3
4539,11N2ZAK8K,cluster14
4540,WX691AEUB,cluster8
4541,R7XPZ6JV5,cluster6
4542,KSI5CG897,cluster12
4543,I60NCVDT6,cluster1
4544,2DHUU9QXQ,cluster25
4545,MCKMRY75Z,cluster22
4546,VHXB0SMSE,cluster6
4547,4SSJWS6FO,cluster10
4548,N8AGKMYU5,cluster21
4549,B6QVWTDA9,cluster14
4550,TOGRFV5RZ,cluster13
4551,053FYUX8T,cluster13
4552,B84CI76ND,cluster26
4553,ILFD302RC,cluster28
4554,1BEZPHK02,cluster19
4555,GAZXQ4TGY,cluster5
4556,YJI7023Z3,cluster29
4557,444NLKTZ3,cluster1
4558,BYWFSALBA,cluster17
4559,8II0UTFNU,cluster14
4560,1WUGH0AHU,cluster12
4561,M0BXAR51R,cluster4
4562,HQX7RUCJH,cluster34
4563,WE7AJ7CTB,cluster14
4564,V7LRGP5A0,cluster37
4565,2Q8DKRGBM,cluster22
4566,Z3CZOSVGI,cluster21
4567,Y3GMHIFX3,cluster26
4568,2U1M5T5WK,cluster3
4569,OJHERS2M2,cluster11
4570,YO5IJESAO,cluster28
4571,WYMD5QOC4,cluster28
4572,PWEOR1D3H,cluster2
4573,P72N65WXO,cluster2
4574,XJC5EIYZD,cluster5
4575,ITU0XYXOS,cluster15
4576,LQ3XNJLA9,cluster5
4577,ZG5ORYXDS,cluster34
4578,Z84JZ9FSV,cluster2
4579,4GWPIK06L,cluster6
4580,CKCBJ7VLK,cluster17
4581,SF5Z8M52N,cluster13
4582,8K9YF66DG,cluster33
4583,1JCSCF2QV,cluster1
4584,RDB1T3CPV,cluster17
4585,UMISOEOOE,cluster36
4586,6QO6876Y4,cluster11
4587,PM752BBT8,cluster3
4588,L8DLJSDV1,cluster12
4589,XBZYWRJI0,cluster28
4590,91TW6HFPZ,cluster9
4591,IEXENGUQN,cluster8
4592,LBDEH1N5B,cluster8
4593,EHGPFQWVW,cluster10
4594,WJ6C6U36P,cluster2
4595,OE3EUY8EY,cluster1
4596,4O4LU2LTS,cluster6
4597,ZZQCE5JMU,cluster27
4598,EECQ0TIEN,cluster27
4599,OGIASXLTS,cluster2
4600,LWT9LIQ4Q,cluster12
4601,4QP89Z6QQ,cluster20
4602,TPDLC2WZB,cluster29
4603,8WBUVD1PJ,cluster28
4604,5XYBWGN1P,cluster3
4605,0XSUM7NEL,cluster24
4606,NRKTLCX24,cluster27
4607,39ZTZCVXY,cluster18
4608,JVPESCQIR,cluster3
4609,V4LEFOLA6,cluster9
4610,X32KSJOMI,cluster3
4611,1MMQOHTU7,cluster8
4612,D2GPI82Z3,cluster21
4613,QC33NVXSR,cluster3
4614,G2I7EBFP0,cluster22
4615,BV21OPAM3,cluster31
4616,VFGFLAP3R,cluster22
4617,OVUVZ98DC,cluster7
4618,1XFHQA1E8,cluster14
4619,TMMLL8NZ3,cluster7
4620,7DG90FS5T,cluster20
4621,C7CUO304E,cluster6
4622,OCEFOPNA4,cluster4
4623,7VEDVBM9T,cluster4
4624,A04LLXW0L,cluster22
4625,3QXFET4MS,cluster9
4626,PGIIOS38H,cluster16
4627,GHG4OYG06,cluster4
4628,GPBMDFOBB,cluster7
4629,954JT6NK0,cluster8
4630,3N867Y7ZT,cluster21
4631,AYKNFV0IM,cluster15
4632,07O8SMJ0A,cluster8
4633,2572ZCL7F,cluster4
4634,XIG6T9S76,cluster2
4635,YPXHYZC9X,cluster2
4636,0QKH5AUNX,cluster27
4637,G32DNATLX,cluster6
4638,EVW9D3G53,cluster28
4639,QJHF8SQ1M,cluster20
4640,0JD932QW0,cluster14
4641,F83VXGZ2P,cluster1
4642,2JIU81QBO,cluster9
4643,CF3P9IAZO,cluster24
4644,P0AY216J3,cluster12
4645,WW3A4EG4D,cluster37
4646,S940GWSF0,cluster4
4647,CFART0RCO,cluster4
4648,IA09AYWK1,cluster22
4649,OHZ475ARZ,cluster22
4650,GFJP6Z9Z1,cluster7
4651,14DU9AMYQ,cluster7
4652,348QOHWGE,cluster13
4653,L97V7ZXN6,cluster7
4654,J1A11L1FK,cluster15
4655,0NTBWXI0O,cluster6
4656,YII53CS5B,cluster1
4657,YSN1P1BPD,cluster11
4658,VXKZFVSGT,cluster17
4659,Y3GJF5Y41,cluster33
4660,M3TZNCQ39,cluster2
4661,32EHA10U1,cluster20
4662,DBFVB22MQ,cluster3
4663,QNEU72F9Y,cluster14
4664,GTD8TSSL6,cluster10
4665,7T9HKPRDO,cluster8
4666,SEI813EG1,cluster13
4667,QTPFO9SY0,cluster11
4668,QURDMG9K3,cluster15
4669,AYHOYBKKM,cluster1
4670,LTWX9LJVV,cluster26
4671,9GOPE3OWX,cluster10
4672,LE29F9994,cluster14
4673,04X9QCJ7N,cluster9
4674,QLGI3QNXB,cluster13
4675,XTILED38T,cluster14
4676,ZBLZIXJDM,cluster3
4677,2V42SGGVA,cluster22
4678,XUHVK10MD,cluster17
4679,OGUFW7XVF,cluster24
4680,4PRF1MVHM,cluster24
4681,94A8LPYD7,cluster8
4682,U2WI354NK,cluster6
4683,8SSABDSF2,cluster19
4684,8TZY34ORJ,cluster17
4685,68BR5A3QN,cluster2
4686,A3TR69WIQ,cluster8
4687,E4WE0ES3E,cluster7
4688,G8U2M9WTE,cluster11
4689,N07YB249X,cluster3
4690,HW00BSNH2,cluster14
4691,NEJ2S89ZU,cluster4
4692,JLJ51G693,cluster32
4693,NPD8NBR6O,cluster17
4694,IAODR5YEZ,cluster5
4695,YN8A37CFR,cluster3
4696,QYFWPEZ3Q,cluster9
4697,T29NXQQU6,cluster16
4698,QFRSR06RO,cluster1
4699,6T6CZTR6R,cluster16
4700,G10QQQNFN,cluster1
4701,6RQLSX3L1,cluster17
4702,HITZ53MHE,cluster7
4703,KCIUBU2AJ,cluster29
4704,O31MT0T5C,cluster8
4705,JARD45K98,cluster6
4706,M9KTG9BP0,cluster1
4707,HJL9II3CK,cluster3
4708,2LN8GHWFF,cluster16
4709,ZITS5U2BV,cluster25
4710,3WCVZAB05,cluster17
4711,O6FBJIJM9,cluster36
4712,0K0BP0VF5,cluster5
4713,I334SWG1R,cluster7
4714,YXSWVY18V,cluster7
4715,S7R053NRO,cluster7
4716,ETIWXZZYZ,cluster29
4717,75R11WEZY,cluster4
4718,DGFR3HFCZ,cluster37
4719,T0FSBQQLM,cluster37
4720,9WM21XO5C,cluster36
4721,EUWITH4MW,cluster36
4722,VF0A5M8KL,cluster20
4723,UUNJ1MHOV,cluster4
4724,DX3ZUW43F,cluster15
4725,JW6UY9IJX,cluster1
4726,FY3HVPMWI,cluster4
4727,MK01ZI3EW,cluster22
4728,RA64WOQYJ,cluster12
4729,32MY47HGQ,cluster21
4730,OPBZB963E,cluster25
4731,WAN2SS5YD,cluster1
4732,ULWD6U6EG,cluster4
4733,88YI06B6K,cluster28
4734,PR2087AOS,cluster14
4735,B8RBE7THP,cluster14
4736,RBIW8LGTZ,cluster2
4737,IOJPBLNLK,cluster28
4738,73P7U0ZKX,cluster2
4739,PAV6AJOLA,cluster25
4740,L7PPSK6HS,cluster34
4741,25SR1WIMW,cluster8
4742,C96Q5XIYN,cluster4
4743,IZ2NNPL1R,cluster12
4744,XXR92IEM4,cluster3
4745,YMCS39KT0,cluster22
4746,8753DEQQA,cluster8
4747,JYFPFXLKJ,cluster12
4748,VHLAWVW15,cluster4
4749,0J1YGZZS1,cluster14
4750,2UXBT5P43,cluster27
4751,5NRS9H3XY,cluster23
4752,M5YB4H9ZB,cluster6
4753,LJ24G0R65,cluster15
4754,33ICXQ3Z6,cluster6
4755,G7M5OIBA4,cluster3
4756,QN3Z7Q71O,cluster27
4757,NFJNEONHW,cluster18
4758,6TL6Z4IG9,cluster24
4759,VNU6O9Y9L,cluster13
4760,GQD8RPGWW,cluster14
4761,ZBV56HA4E,cluster11
4762,Q6CHRMGJ9,cluster15
4763,C169GYLI7,cluster9
4764,JNSSX960K,cluster1
4765,1G5W0PJX8,cluster4
4766,ICFIALE2G,cluster15
4767,ELZQ5IKO9,cluster16
4768,TKTY2RIXG,cluster25
4769,U4ZP5IBLT,cluster4
4770,6JKO1XILD,cluster20
4771,F6P8CZ5UF,cluster7
4772,S959F8OPX,cluster1
4773,LUEVYG6KY,cluster23
4774,5KAHHKDGB,cluster29
4775,ND1K5J5WA,cluster16
4776,5HK3O16J7,cluster13
4777,CPDDFKY5G,cluster12
4778,D4CZQOUXM,cluster4
4779,ZIP3YD3G6,cluster2
4780,N2EBDRM5G,cluster4
4781,IHVP8DZLU,cluster30
4782,X0K65GTS8,cluster6
4783,PDNZZP1AR,cluster17
4784,2FJH5GHUO,cluster23
4785,L4G6AVLHK,cluster8
4786,KLTXRHVAA,cluster16
4787,UVL3BHMRW,cluster24
4788,IIL1XOSUO,cluster2
4789,WB2G9MHFC,cluster10
4790,Y4XN27Q2X,cluster13
4791,6FFA6GPVB,cluster33
4792,CXMR2A9ZN,cluster1
4793,31T4JHBSQ,cluster1
4794,8UWD8NARB,cluster2
4795,LNID9833A,cluster31
4796,A7FHPBQ0C,cluster31
4797,1XASX87CP,cluster6
4798,O4SNLDY4A,cluster13
4799,HPM9WVCQK,cluster5
4800,A8CUZITJ9,cluster1
4801,9CK3RRJ8E,cluster12
4802,VCRKNGEJD,cluster13
4803,9I8YZGJVI,cluster4
4804,LPVYS7HBI,cluster17
4805,3PT3EKEGD,cluster8
4806,CUB4KX5IR,cluster2
4807,KOP9MC76I,cluster29
4808,3TDO4IICR,cluster8
4809,R5WHL6T1R,cluster9
4810,K87OLBVZ6,cluster24
4811,KFEYED12C,cluster28
4812,D0WK9NOGA,cluster14
4813,41DQ5QXYV,cluster33
4814,PLXEXJZYT,cluster12
4815,S4GLOFWWO,cluster27
4816,TXY9YAF4Y,cluster23
4817,D5I6PXCIW,cluster2
4818,5G4CYNF3U,cluster17
4819,R86P5GVYG,cluster12
4820,GYGQ3AV6C,cluster11
4821,XF3RJUPFY,cluster15
4822,HXYM9F2JM,cluster10
4823,IDWR5SN78,cluster3
4824,E5TOEBLR0,cluster18
4825,YAOS6ESRV,cluster12
4826,HZ5720BS5,cluster1
4827,XJYQLNQX4,cluster4
4828,OMD7IWJG4,cluster3
4829,2N3JT554R,cluster22
4830,86RUBRW9F,cluster6
4831,OHT45FQH0,cluster5
4832,2KHI20P5A,cluster4
4833,NWYZ4RHEO,cluster4
4834,TD5GSWE30,cluster21
4835,QVSMGKLJ6,cluster13
4836,HQWNQ605N,cluster13
4837,92MHZWZGT,cluster7
4838,JLBVF9X2I,cluster7
4839,58KIWNKKW,cluster3
4840,DGTL2V03P,cluster26
4841,EQL5VXW8R,cluster8
4842,ED59MSNTM,cluster12
4843,RXBQD02FK,cluster8
4844,JCP5LZOC4,cluster23
4845,5T8X4AEHT,cluster2
4846,MD9WJ4T2T,cluster12
4847,H02007F2P,cluster33
4848,9ISIFK2IR,cluster34
4849,JK4AAAKB3,cluster4
4850,Y0ZSGOH76,cluster17
4851,B971G4H6S,cluster14
4852,IILW8SKRQ,cluster8
4853,1MYH8F041,cluster5
4854,14BGCNY25,cluster24
4855,9DQ2WADQP,cluster33
4856,V0X3S9DDN,cluster4
4857,FFMCTZ0LH,cluster28
4858,JX8HGDKOF,cluster9
4859,GPTN2254F,cluster4
4860,A6FNDLBR0,cluster28
4861,XE18ERB3G,cluster8
4862,KFTBYSJUJ,cluster31
4863,SXEL7ODTH,cluster5
4864,W36PMUJ1O,cluster34
4865,S8FN1QDF1,cluster15
4866,BYPTGV1R7,cluster1
4867,OLWCFAVGL,cluster21
4868,KTQQXTMCE,cluster8
4869,ANMCMR7SP,cluster18
4870,YE2H36TNE,cluster15
4871,EPDYFI8OF,cluster14
4872,YCGM7UB9G,cluster11
4873,T6CDCPVVF,cluster27
4874,FWSZ2EOGL,cluster31
4875,TJ9HK2J1K,cluster18
4876,FX13U0K3Z,cluster10
4877,EV8EY8E26,cluster5
4878,PUFLU05QW,cluster11
4879,9M4KI7VJT,cluster6
4880,YXWMD7TKP,cluster15
4881,7C1CNT3N8,cluster12
4882,TDA13JFS7,cluster1
4883,CVOC6II89,cluster14
4884,OL8YQZN53,cluster15
4885,H1P772POB,cluster22
4886,BPD362WTZ,cluster32
4887,A5HLF0LRX,cluster32
4888,XATC2NQYV,cluster17
4889,DC23XSEOT,cluster1
4890,9C2J34CFN,cluster9
4891,APT1WC4DZ,cluster17
4892,KS37YICFW,cluster24
4893,E6O8SE32U,cluster17
4894,B72PRUK02,cluster4
4895,6VH2ZQ017,cluster9
4896,Q3YYEHNL1,cluster1
4897,T3BD5FENO,cluster5
4898,Q5MSSH44F,cluster15
4899,6RT79SKI4,cluster31
4900,W6XCJ37PU,cluster31
4901,LHMAP5E4J,cluster10
4902,3CCB4PALG,cluster1
4903,OTW8YQ0HI,cluster20
4904,LRV44BD5W,cluster4
4905,PPO446CPW,cluster13
4906,WSLBISFE3,cluster19
4907,AAJF6EH9R,cluster9
4908,EK987AXLP,cluster25
4909,S7O77RSEB,cluster21
4910,E49DIA1O7,cluster27
4911,V7NKL671S,cluster7
4912,W9Z1HWII6,cluster26
4913,9YWW6CHT4,cluster14
4914,JM7AC4F2U,cluster7
4915,FTQS4WZEI,cluster1
4916,QRJX9T4KM,cluster24
4917,P3IH6D2BO,cluster5
4918,CPIVNAPLW,cluster34
4919,VQUC2NFP6,cluster21
4920,T9K6WPR17,cluster25
4921,9GATHOORZ,cluster1
4922,CHKSQ1WY7,cluster30
4923,GWLCKXDEZ,cluster4
4924,ZWOG1G0E4,cluster3
4925,YCKU33WFQ,cluster1
4926,G92FMIZ7D,cluster18
4927,N6ITNW4PA,cluster10
4928,O9URGI6L9,cluster8
4929,MOXJUP3CE,cluster11
4930,7C6IEQ71G,cluster18
4931,D7JYMOQBD,cluster18
4932,FPIB9HJ68,cluster32
4933,XXM4PK0HF,cluster2
4934,PTL1BVY23,cluster1
4935,7FMKGX23M,cluster22
4936,56FQ5RAZX,cluster20
4937,I44WSY6LH,cluster4
4938,C6AOV2KOG,cluster28
4939,33UHM1FX7,cluster2
4940,RN9SPAI4Q,cluster18
4941,670LV9T53,cluster2
4942,TG1JUIHIT,cluster23
4943,WJNQO1E1L,cluster8
4944,TR0J6NDUF,cluster16
4945,RGSJ3OBCD,cluster16
4946,23GVZIQNB,cluster1
4947,3E6PW5UTH,cluster13
4948,44VVJX2RL,cluster30
4949,IUE89V0X2,cluster7
4950,PJ9WJSD57,cluster8
4951,GLSKUY5UX,cluster18
4952,D5C9X4ASX,cluster20
4953,6M7EFX8AW,cluster34
4954,TFRF77LSL,cluster27
4955,7S4TAFRC4,cluster4
4956,D25SCGVLZ,cluster7
4957,VDPV4O4UE,cluster3
4958,MGO7I4Q3I,cluster13
4959,CH48RQZ5K,cluster32
4960,2CX7YK00P,cluster18
4961,4RXO82F0K,cluster22
4962,SADYISCB0,cluster9
4963,4LH9VVXJJ,cluster2
4964,4T9D08THI,cluster11
4965,I1V05BI8P,cluster17
4966,VTNM1USZM,cluster7
4967,Z0Q7YPYBR,cluster4
4968,K0OBTRSAA,cluster2
4969,779ZJ916N,cluster15
4970,OKKNXFVU3,cluster7
4971,OZGQ9SEUW,cluster8
4972,55P76QZAD,cluster4
4973,L6BYCLUDX,cluster18
4974,LQM40GBLL,cluster9
4975,MZSXTM9H1,cluster4
4976,XCLV8PQF8,cluster14
4977,JQ2HYFQJ7,cluster21
4978,UWYVN9AOB,cluster14
4979,Q6J70EUF3,cluster7
4980,5ZGAE7H0W,cluster16
4981,4I7I06K53,cluster9
4982,CYPL6AY9G,cluster17
4983,T4ILPJ2RK,cluster17
4984,9B3BKOGA2,cluster4
4985,ZTFEIZHWM,cluster13
4986,TPMZXA58Q,cluster17
4987,ZCPMXY7BX,cluster15
4988,WQN2R7MUX,cluster24
4989,QS42ANXZJ,cluster9
4990,Y5MBOU7M9,cluster8
4991,U2YEJC182,cluster11
4992,50N4XTO87,cluster18
4993,CZLDOX4HZ,cluster1
4994,CBYAGXLI6,cluster1
4995,YJR6LKWT7,cluster21
4996,TVZZ35YG5,cluster18
4997,OWNVFSGEN,cluster7
4998,RQL5BRBQO,cluster1
4999,KXOM8JOCH,cluster2
5000,0WN56Y0R9,cluster17
5001,SHF4EBY5K,cluster25
5002,4LEFUC1U0,cluster8
5003,3XW1RWVDT,cluster32
5004,AYXCC6BVF,cluster2
5005,55YYXPY68,cluster4
5006,GHC4Y3U9D,cluster8
5007,35NK0E173,cluster17
5008,BB4Y666SJ,cluster23
5009,1S83JR996,cluster16
5010,BY8RWCCGY,cluster17
5011,RRZIGIRXQ,cluster29
5012,FLBMYJKL4,cluster1
5013,6KBV1DTUT,cluster23
5014,M1660P4SL,cluster14
5015,Q6V0AAFT1,cluster22
5016,8PURZGAHN,cluster8
5017,Q988BOGZH,cluster2
5018,ETYMG4J9N,cluster23
5019,854ZOA1HA,cluster12
5020,X7UBENKNT,cluster21
5021,A4O5GGDM3,cluster20
5022,LA5XD6IST,cluster4
5023,WX0HR49CI,cluster17
5024,R9097B7AH,cluster29
5025,U2GLL6EDX,cluster18
5026,8WNHXLTYH,cluster17
5027,Q1KAKKFVG,cluster17
5028,VBAIPMPSC,cluster19
5029,X7PXMKK58,cluster7
5030,7VA9D8XUQ,cluster33
5031,8WLUOONGF,cluster33
5032,6GZWUM8DI,cluster7
5033,4ZJR8DLK5,cluster1
5034,703MRAOY6,cluster19
5035,N0HO63E36,cluster22
5036,2OLQMBC72,cluster15
5037,LQU3TPFOM,cluster12
5038,A0E06219H,cluster18
5039,DWY2PWCQ2,cluster11
5040,Q3V3JFQHZ,cluster16
5041,R0JDVT05C,cluster4
5042,XHBFN6HV1,cluster11
5043,UY1LK1BTA,cluster26
5044,CHFQDTUTW,cluster15
5045,JNM5QE0FH,cluster2
5046,RJY8TEY2E,cluster4
5047,7FLEXA6I8,cluster22
5048,K943IBGSF,cluster32
5049,BUKH0MT1E,cluster12
5050,7U7G04S8U,cluster33
5051,R1RQ19EN4,cluster1
5052,M85LHZILJ,cluster14
5053,43DZWDYZB,cluster6
5054,AS5W3SKSC,cluster6
5055,IORN88PWY,cluster6
5056,8E57SPTIO,cluster4
5057,XAC5FU0KD,cluster23
5058,OO9DGXL0Y,cluster14
5059,VLL9DG4OC,cluster14
5060,J6JPPIDD4,cluster26
5061,T8JZBTXBP,cluster18
5062,KSHYQF6D7,cluster24
5063,UCEZ7NQ0V,cluster22
5064,MTOP930IY,cluster15
5065,XX3HP5XZH,cluster2
5066,2IK8IZYRS,cluster12
5067,OTO4SGEB0,cluster23
5068,YFJ40FE2Y,cluster23
5069,J438H24D4,cluster17
5070,KL0G9Y6YM,cluster31
5071,8U6UQDQIY,cluster4
5072,50VTB57S2,cluster20
5073,7LLKQZUAR,cluster7
5074,2R7J1B3FI,cluster31
5075,JW2FLQPYR,cluster31
5076,PQS6F5XOK,cluster16
5077,8G5JA5SUQ,cluster10
5078,JZBX19HNJ,cluster9
5079,4GTUKCE9N,cluster23
5080,6PBXLQMBI,cluster3
5081,FBWRVYJTV,cluster7
5082,FZFPLENM6,cluster1
5083,PW50UMB6U,cluster24
5084,FVBVMCJA7,cluster23
5085,4VSQPL3PF,cluster15
5086,1A07YN91K,cluster13
5087,ETGHECTWF,cluster4
5088,YTWDK6299,cluster35
5089,H74BB1XQD,cluster16
5090,V15948NER,cluster23
5091,E28NEHVEW,cluster5
5092,8WE050UV4,cluster10
5093,JMAHUWC2D,cluster14
5094,M2EOUPM59,cluster23
5095,6Y7NNFSBN,cluster9
5096,JLEBRU5LF,cluster4
5097,DBP7NP5YE,cluster18
