id,xxx,prediction
0,MAL944N3R,cluster14
1,2P070I351,cluster14
2,LPAXLZS35,cluster4
3,2IUMVXWR8,cluster4
4,IYMKO9LF4,cluster18
5,017MQ4ZTB,cluster18
6,6CJFVPO4U,cluster3
7,P86LCJZFV,cluster3
8,LBTT9SRNJ,cluster8
9,DYH3UPRT6,cluster8
10,JZ6Q6V0R5,cluster12
11,T250BTXXU,cluster3
12,IFX93GJK8,cluster3
13,OSPYXC9U4,cluster3
14,A7TW4V5CD,cluster4
15,B6FEXDXUO,cluster4
16,ZYFR256H1,cluster6
17,3JSN2VWV7,cluster6
18,Q37JRFXTW,cluster3
19,28M7DYGEP,cluster1
20,PZNPQ46RS,cluster9
21,UBUXH9NLV,cluster6
22,9FUNHOUC1,cluster6
23,VWYSAPVHO,cluster1
24,QJ5DSH3NY,cluster1
25,QDXK2JS22,cluster4
26,IXX3IKOLV,cluster4
27,QLEGK1JTE,cluster4
28,21WBF7ZRC,cluster14
29,55ZLDFLEC,cluster14
30,A8NJNTUAP,cluster3
31,L50Q4BX30,cluster3
32,1ZNPP2DQE,cluster17
33,NLMNS6ZBE,cluster17
34,MN3WX5TYR,cluster6
35,SLTDQXECZ,cluster6
36,HCBBUEXAT,cluster4
37,FZ3B6KUNV,cluster4
38,SN8IXBGNC,cluster4
39,U95UK89JI,cluster3
40,YWRQWOGXY,cluster3
41,C7D87FBF8,cluster6
42,HX89G50GS,cluster6
43,N837YTFXG,cluster2
44,9RVD407AX,cluster3
45,FJMB2DUMK,cluster14
46,JZCDWEAFX,cluster14
47,Q1AIGEI4G,cluster6
48,QLKMDFD8J,cluster1
49,D27WFS9HE,cluster14
50,JGZKYHQQ8,cluster3
51,ICWF42WLO,cluster3
52,MWXMABNZK,cluster14
53,W4T6O8VCZ,cluster3
54,DRDJGTRDZ,cluster3
55,N2YG5HP59,cluster3
56,M79RIKP8D,cluster2
57,33M5Q585D,cluster4
58,00SK4UT8M,cluster4
59,EBAGR7X75,cluster3
60,DBFCCYYS4,cluster3
61,KD322MLPI,cluster1
62,PMYWGHUJG,cluster4
63,8EWRF1FAR,cluster4
64,DAML1TID0,cluster1
65,WCCA61EH1,cluster2
66,CMUEVJW0P,cluster2
67,H4T9MGXW6,cluster4
68,00F9SUPIE,cluster4
69,M7CXWXMI8,cluster6
70,W6KAUB60U,cluster6
71,CT81VZQHM,cluster3
72,A38G94T89,cluster4
73,9TO1710J1,cluster3
74,VU8K4HIKU,cluster3
75,1SIOSK3RQ,cluster4
76,9EGN42LFZ,cluster4
77,6CLGIDKDE,cluster3
78,DESG1GPOI,cluster1
79,OQNZ7MT3K,cluster1
80,3AOMVJBWC,cluster2
81,ZR6UKXQT7,cluster4
82,SPXYNOXP8,cluster3
83,R6EFWUJ57,cluster18
84,KUBMFWFWK,cluster18
85,7A2M7R91A,cluster4
86,9J54DZNB2,cluster3
87,6PNOSRLW5,cluster3
88,4XQ7K0KZ4,cluster10
89,2PIOEK39W,cluster10
90,8VO3K0A4V,cluster3
91,WQ5WOSPR2,cluster3
92,AM1HY9ZZF,cluster4
93,G5E6EIY5Y,cluster4
94,ER0BXUH1P,cluster6
95,CIIY6FYTC,cluster6
96,NTXRP29S4,cluster14
97,U20T1HOBI,cluster13
98,0E8P6F42T,cluster8
99,4I5BTPI3U,cluster3
100,4WEL1FJC8,cluster3
101,0UK1EIE7N,cluster12
102,QV99CFKKN,cluster12
103,7XINWEX8P,cluster3
104,4NAVDNPBG,cluster8
105,2OOGRPW7I,cluster1
106,PUNM7CED7,cluster1
107,JAHZ2S8RS,cluster7
108,27FLMZ4FU,cluster18
109,X13HPGM1A,cluster2
110,J9W1YQQVX,cluster2
111,M80Z17WRZ,cluster18
112,FDNF85AG3,cluster1
113,9B7N4GELX,cluster4
114,AHFNG5I4S,cluster6
115,TCPXODIXU,cluster5
116,7NCV2WZ9N,cluster5
117,KABHQO8NF,cluster1
118,AZXGTEGIK,cluster5
119,MY1O6518R,cluster4
120,MB191I9EC,cluster4
121,XXNH3JJVK,cluster1
122,OJ5PQDQUW,cluster4
123,6HULUHKMX,cluster4
124,R6V1TNN7B,cluster4
125,7WEV0ZEB8,cluster4
126,XISFL3YUG,cluster1
127,30FRMZYF9,cluster3
128,WJLUI16NL,cluster1
129,M9SW83497,cluster7
130,6CD6417QN,cluster3
131,ZJSOJ58C3,cluster3
132,XI2CS5HAU,cluster3
133,B1YGO6HY5,cluster11
134,37YO8EC7I,cluster2
135,06SPYT6SI,cluster6
136,SLV0YAQJD,cluster2
137,NEQQJQLMX,cluster1
138,QKTKWITVY,cluster1
139,D07O9SC39,cluster3
140,4D9LE0URH,cluster3
141,WEDFFKDV9,cluster17
142,6FMQC45LR,cluster3
143,HXEDAYCK4,cluster12
144,GCP8I5V5Z,cluster12
145,7CFUO3TTO,cluster2
146,BIH11LGQT,cluster2
147,5NWE9939I,cluster12
148,0TNSH90RC,cluster4
149,L5ZBXMDFM,cluster3
150,PWW6BD5J1,cluster3
151,GPJKNUQVI,cluster1
152,VIUD8PJ2B,cluster8
153,0TS3YTURI,cluster2
154,7YILPSOR5,cluster4
155,SJFPKKUP3,cluster1
156,62F1O3JOL,cluster7
157,NCJQPS7R8,cluster3
158,PF8568C0P,cluster4
159,23CMQO02D,cluster7
160,P92KHSCR9,cluster6
161,BKTQSOYUT,cluster1
162,Q7XV1H4NJ,cluster6
163,JPIE0G45N,cluster10
164,XGBF3U7ED,cluster3
165,ZLMP694S2,cluster3
166,NFOW326ZP,cluster2
167,93QRG8MC3,cluster2
168,TZDJVCWYI,cluster14
169,N7Z0CMBBV,cluster1
170,Y50UUF1BF,cluster6
171,N9WZIHAHL,cluster10
172,M17PZO0LV,cluster3
173,WBCU2I5M5,cluster2
174,W62U4S9K0,cluster10
175,E4QULMSGB,cluster3
176,ERW4WTC2U,cluster3
177,JB3JJ9PCY,cluster7
178,ZU6DIC1W4,cluster7
179,SJ8QBGE8I,cluster3
180,URKNTTCHQ,cluster13
181,BZANIWG4T,cluster10
182,65BPO4J8N,cluster2
183,0IY0TWDEE,cluster5
184,XYWTWP7AP,cluster5
185,RUN3U9FDF,cluster4
186,YRBTIVKDS,cluster4
187,KFFYJ83IG,cluster2
188,5SXEP0WKI,cluster2
189,AKZF7OC2N,cluster2
190,7QQLMOT8Z,cluster2
191,N2FOPRLZ9,cluster3
192,8AUEFDGUY,cluster7
193,LEC6317S4,cluster7
194,TXSUAB058,cluster5
195,VVW0CF2P9,cluster5
196,VF4AYYH7U,cluster4
197,ZIXYHD5EM,cluster15
198,VM0HYDI1A,cluster7
199,9APULMSM6,cluster1
200,HFFZL47FF,cluster9
201,9X358TFYA,cluster3
202,0NCC0YI6F,cluster15
203,EUG4PK2AG,cluster15
204,5L4613R0F,cluster3
205,CEIRCYRSG,cluster4
206,1TIT6QD69,cluster4
207,P2IX1394Z,cluster7
208,D69XQBUC1,cluster12
209,LJ49H6XDQ,cluster1
210,0MOVLUNHE,cluster1
211,WQD8F0OC3,cluster4
212,NL6GPHWMS,cluster4
213,05QASMQVD,cluster3
214,8YROK63YG,cluster4
215,455ENEIP0,cluster2
216,RWG1I5ZO8,cluster3
217,VB74OMFU7,cluster3
218,DZR84R00R,cluster1
219,P6W0IAN91,cluster10
220,S58A8ZKA2,cluster3
221,8M8AMIVK1,cluster18
222,BFIGXUL23,cluster3
223,U1UZCMXC0,cluster12
224,ZNE8CX26J,cluster12
225,IXVZCMGBJ,cluster4
226,J20JO79EW,cluster4
227,EARBVAFK3,cluster3
228,KJ2FIFE0U,cluster2
229,9WYECR5DV,cluster4
230,W4EFPUG6F,cluster2
231,A3UG14R86,cluster3
232,11B5KCEFB,cluster7
233,EX4EK5H91,cluster7
234,XWRE600NK,cluster3
235,4G7VWTPRJ,cluster4
236,DZHTPUTP1,cluster6
237,QLXZEGRSL,cluster5
238,JGE2HRFPU,cluster4
239,37RLD2ML9,cluster3
240,U26SKSQG2,cluster1
241,MFQ4622VP,cluster1
242,1G7S047H0,cluster1
243,M3YOVE3HM,cluster3
244,E1Z1KLTJN,cluster1
245,HVDYNMC2W,cluster1
246,H1KKE2PL1,cluster3
247,UYAJIF26P,cluster3
248,3YALIU3WG,cluster14
249,7MCAD9DVJ,cluster3
250,2YW6ZSV78,cluster1
251,LBXY2XIQG,cluster11
252,W9UWPXWOW,cluster1
253,600D7NIRV,cluster1
254,F1FJJZEKQ,cluster9
255,EX2O0XL13,cluster3
256,YYJY2UU4Z,cluster3
257,H275S4FI9,cluster3
258,9HC7101P7,cluster4
259,SXY37C8KJ,cluster4
260,5451O4ZEB,cluster4
261,3IWOO3K78,cluster3
262,NFGCTK79K,cluster7
263,EK1RG5ZOR,cluster14
264,HCCKRGJ5X,cluster2
265,SUO1FNYVL,cluster1
266,9BKVUMH09,cluster1
267,S0FM2OJSY,cluster4
268,GFCAQS5UT,cluster14
269,ATAY2N4IY,cluster14
270,O3QA5CJCU,cluster6
271,V1BUMJ5H0,cluster10
272,P7KYVXN06,cluster10
273,TFV5JS8NC,cluster4
274,R2T87O3FO,cluster2
275,3L3IT9CV2,cluster2
276,2MCBRC1DJ,cluster1
277,1CU0WCP2D,cluster7
278,9MBCVN538,cluster12
279,Y42FJY7MM,cluster12
280,KZZ6HXNK4,cluster1
281,LP85A7B2X,cluster7
282,50RTA78XQ,cluster12
283,QCG6FU21M,cluster12
284,D50NL3I0Y,cluster1
285,S112UXT5G,cluster1
286,R0DHVRXDG,cluster4
287,MSW5TZ03V,cluster4
288,EEK5TH68S,cluster9
289,CCQ6YPN2O,cluster13
290,CTHBJ7F3V,cluster7
291,PYXZ30RVI,cluster7
292,RPYMY7XJD,cluster7
293,LTBGDNSS7,cluster5
294,IPUGU8QFX,cluster1
295,MYOT2VXMK,cluster7
296,Q7B0V1Z9D,cluster3
297,BXOB21ORK,cluster2
298,S29S5IGMC,cluster2
299,75K6EWA63,cluster12
300,LKU53F7JV,cluster3
301,BC4V5QVWP,cluster3
302,7259I6NCQ,cluster2
303,1ZDGC65B2,cluster2
304,EW7CKRMH8,cluster4
305,WJBCEWRE7,cluster3
306,JDS9ZJ6MZ,cluster12
307,V0ON56ZYZ,cluster4
308,JU7GOETDB,cluster4
309,R3CVQVF4J,cluster1
310,BB8OSHJ11,cluster1
311,VMHN3FN5K,cluster10
312,SWDADG6WG,cluster3
313,3Z3QJM6AE,cluster10
314,PWMZV8MTW,cluster4
315,R6J33YF30,cluster4
316,F7027G42M,cluster11
317,JGQI0EM1R,cluster2
318,4UOH9RU86,cluster1
319,3SO8XCROM,cluster5
320,NEBSSW9AD,cluster1
321,C9USI74UA,cluster8
322,BGUFELJ2L,cluster3
323,UCSE57GD7,cluster2
324,YOD8YZGSW,cluster12
325,LWJA5A4IW,cluster2
326,S9P3QOPMG,cluster4
327,TXINM8RH6,cluster2
328,7EOSTUJE2,cluster2
329,2RA8MCQPG,cluster4
330,J990U0DYZ,cluster1
331,2CWQPKMAH,cluster1
332,9E69PE8EO,cluster3
333,2W7W34KLQ,cluster4
334,WL5DG6T5B,cluster4
335,EMFURT241,cluster2
336,5KFMHS1NT,cluster7
337,ICBJ1ZHDG,cluster14
338,XO8M953X5,cluster5
339,ONMOY7P98,cluster2
340,SCXIVJQ6M,cluster13
341,RXLVFVCNB,cluster4
342,9X0451TQD,cluster4
343,RHCUW4ARP,cluster1
344,Q93XW7IA9,cluster15
345,1623NEYFB,cluster2
346,ZE04CY3OG,cluster2
347,RZU53UFAL,cluster3
348,JXZ0UW3JR,cluster3
349,I89RQY8MN,cluster16
350,L1N6K48H8,cluster16
351,6B9XZZF3X,cluster7
352,XHULOFY37,cluster14
353,52WWWRQDD,cluster7
354,5NWUG7MQW,cluster3
355,42TDUH6PP,cluster1
356,N71FMDKJN,cluster14
357,RU56EAKPX,cluster3
358,L44ZTIPX4,cluster4
359,YA15LYT1W,cluster4
360,E87HE5EWW,cluster4
361,38QLB5M28,cluster10
362,I5468V3OU,cluster6
363,LAP0GI2WE,cluster6
364,2AV2BWNYL,cluster18
365,KTMU1ZTR0,cluster2
366,3GJPR4QJK,cluster2
367,41OC5TJSH,cluster1
368,38RQSQ142,cluster1
369,MN78V0SH2,cluster1
370,J3B9JRMCQ,cluster16
371,S59GQAPEE,cluster16
372,D9RBDIOL0,cluster2
373,8M0098QBY,cluster3
374,G9GQ5PTCK,cluster8
375,KKWQ76MZO,cluster4
376,K3PLWJPJ1,cluster1
377,AMI3P6GLB,cluster1
378,J6T3XR6FN,cluster7
379,R2PL1ZM5A,cluster13
380,4QGUFR9KA,cluster13
381,RGKM56JVZ,cluster2
382,BW12H79AU,cluster5
383,Q5K7GGHPN,cluster10
384,Y98WEC0SV,cluster1
385,MZV7A5KTQ,cluster2
386,J1IFQUEAW,cluster18
387,VA4SXLLR5,cluster3
388,K35JWESH7,cluster3
389,P336D43FX,cluster10
390,B6Z8IEYC7,cluster10
391,RQQQNNX87,cluster3
392,IZLUUBW3X,cluster2
393,8MVROEODW,cluster1
394,P2TZRS49C,cluster2
395,LF8P9IZKR,cluster2
396,H1KCHA137,cluster2
397,J7VMQ0943,cluster8
398,LOUJKC0NZ,cluster13
399,XG0PL3U4W,cluster4
400,F829PX0SK,cluster10
401,3H4H6AUFN,cluster10
402,MM2IPHEJ8,cluster5
403,EK1KLQEJ7,cluster6
404,7ILFQN0TV,cluster6
405,DKGXTI6H0,cluster1
406,YWZ25FXWV,cluster1
407,9QW4X6PHO,cluster4
408,YM8OVQA1Y,cluster5
409,T7PSOYQHL,cluster4
410,9XKWK37VB,cluster1
411,K7RWOUSTI,cluster1
412,15OK1L1LV,cluster3
413,RC266IYJ7,cluster14
414,540XQSYU5,cluster14
415,6MAY0L21C,cluster1
416,Z0EIKAHHZ,cluster4
417,N0ZZKWWAU,cluster4
418,T72K2ZE0S,cluster7
419,O0Q57RUY3,cluster3
420,4IXQIPKUA,cluster8
421,I7KE0BGPN,cluster12
422,70LWOPU5A,cluster4
423,A0TE32MZR,cluster5
424,188TL6NB1,cluster1
425,YS0G9EFU5,cluster4
426,FEV12S3CP,cluster1
427,J1N38RYRE,cluster1
428,Z8030OUYJ,cluster3
429,HB5OY2IT3,cluster13
430,EP2YAV5IV,cluster1
431,8FJQNMXDB,cluster1
432,P89UNXKHE,cluster4
433,V42FVAMY6,cluster2
434,A61B2HGWI,cluster3
435,DQG4I21KC,cluster12
436,XSTZWGI4U,cluster1
437,O4I9YAAJV,cluster8
438,2DU54AUSC,cluster2
439,456FKKD59,cluster4
440,48RAJA79Z,cluster7
441,8TJ99VS3F,cluster2
442,XM80MZZMF,cluster4
443,1AUEUH2VR,cluster4
444,BJAC28F3Q,cluster4
445,RVNP6KNO4,cluster11
446,T500BIM8W,cluster1
447,T3IOACU1G,cluster4
448,67DKRN9PE,cluster5
449,5PIX41VH9,cluster2
450,L4PMQLN8U,cluster6
451,OHXON5AY7,cluster3
452,9B8OLU1ZN,cluster2
453,OR8882JPW,cluster2
454,YOICYEQCG,cluster1
455,VELHKTP64,cluster1
456,MSTMHYBD5,cluster2
457,W79UW50XA,cluster1
458,VK0D7KPVG,cluster8
459,9AR0R3FV9,cluster14
460,K5PYKHSK7,cluster8
461,1J2M5GPOX,cluster6
462,YCPWB4JI9,cluster3
463,7IRE1CCCC,cluster3
464,DSP38FJ92,cluster3
465,GP36CH06D,cluster7
466,WE04ZECCM,cluster1
467,IPDK3TDCZ,cluster4
468,ZNGIB0MH5,cluster10
469,1USVWBEQM,cluster10
470,NP3Q2EYWB,cluster5
471,22SF7NNU2,cluster10
472,V29FKBV8M,cluster1
473,NFJEM1ACM,cluster4
474,3BHYBK3PE,cluster7
475,G67UHNIAU,cluster1
476,9AYO63O3G,cluster8
477,EZC4ADRZR,cluster8
478,QKNZUBZGG,cluster10
479,PPGQBGHR6,cluster9
480,RYG51FHWD,cluster1
481,QN0JPA8LY,cluster1
482,FZB0LZY0C,cluster4
483,OL4DZ8JZR,cluster2
484,AFG65A31G,cluster3
485,B7T3CDWHT,cluster13
486,B3E32RCRU,cluster5
487,J4LV723GA,cluster4
488,305NONSNX,cluster4
489,UEVUEDHLJ,cluster4
490,YXK8RQ4Q8,cluster1
491,ATWK8UA94,cluster7
492,XCTUOFBHU,cluster14
493,D3DJPOV8E,cluster7
494,J6T81KBR1,cluster4
495,HH4PDIMEP,cluster4
496,GBE0U6T83,cluster2
497,TFRZI0E6S,cluster7
498,F9MCMB72Z,cluster7
499,F4XUBHYF6,cluster4
500,NA0EJ2UF6,cluster4
501,44BWRZM4N,cluster3
502,9JZKPTONV,cluster4
503,9T5KNHU4E,cluster2
504,DRRAYBV01,cluster1
505,8YV2R4V85,cluster1
506,LYS7DMT6E,cluster4
507,9S1Z9YXUT,cluster4
508,BHYDJ8BNB,cluster4
509,0X5BKRSLA,cluster3
510,L8TOW6TNA,cluster2
511,O5PELMVMC,cluster15
512,DT9G80YZK,cluster15
513,KALQSKQ7H,cluster14
514,37V9HMFT7,cluster7
515,WHK61V4IT,cluster2
516,E3FOZWXLP,cluster12
517,FCN9GU6GA,cluster3
518,KTERVK8OL,cluster3
519,WXVD1SW4X,cluster3
520,IEETGQY5O,cluster6
521,91EKDHH8W,cluster6
522,WEO9CJWN4,cluster12
523,651593GM5,cluster14
524,LJ3POS60G,cluster7
525,DHMYPMCDU,cluster3
526,UXE07OVJQ,cluster3
527,A72XQIZVX,cluster3
528,T72R7A2E1,cluster4
529,BVLFT8B9B,cluster3
530,3BUCTTUCC,cluster3
531,86Q6XRZ1I,cluster4
532,SM4ZKT1KY,cluster6
533,636M8M9LA,cluster1
534,C5MEGDVHH,cluster2
535,6HGVX1Y4S,cluster11
536,4UZEBYB2P,cluster2
537,EZSK70065,cluster12
538,PUPOXDI7T,cluster6
539,RJS48FL6D,cluster3
540,JC3ZIOOCE,cluster3
541,MVWN87X9W,cluster4
542,OQQS7RNA7,cluster4
543,MQWIMTD30,cluster3
544,11CD3QEGM,cluster3
545,Z56LL49SV,cluster3
546,T4H5XJDSA,cluster3
547,KJA8WJIEB,cluster4
548,TL5OO5R8X,cluster1
549,XKRB7PK76,cluster1
550,JFD32DOYY,cluster14
551,85GKX35QF,cluster16
552,MUF93AH55,cluster2
553,NGFH45AUD,cluster19
554,LARZMDZS5,cluster19
555,DPTOLHJTI,cluster3
556,XIPS5QW64,cluster6
557,B7SRWFJ8Z,cluster10
558,GKRC20GJD,cluster4
559,MMA6B9X2R,cluster1
560,M4E5LIUZ1,cluster1
561,B8U7WU0GZ,cluster2
562,I8AMAQLM5,cluster2
563,L4RRS7OX8,cluster1
564,TSD65RCZ5,cluster5
565,94J6OKYJ2,cluster2
566,0TKIDG5WP,cluster15
567,37KPFQ7C9,cluster2
568,HDXMSZVMA,cluster3
569,55ZO4CT0N,cluster10
570,89000TIJO,cluster10
571,AGSWUDX7I,cluster2
572,EJAXJ0WV6,cluster10
573,JINIZLSMG,cluster5
574,OFK6VFTXF,cluster16
575,VI2BZ9UHW,cluster3
576,LN1I65AFO,cluster3
577,OKTSR09LB,cluster3
578,LH6DFB5F6,cluster2
579,38ASYVXJX,cluster4
580,DD10CFEBD,cluster4
581,PLOUVV54Y,cluster10
582,W60JWGELS,cluster7
583,4T254YTUU,cluster3
584,7UCX3S7H2,cluster2
585,2JO5SGPFV,cluster3
586,FESCNY3VU,cluster4
587,USLIKXCCJ,cluster5
588,OWHPEHZHB,cluster3
589,G2LIQ5OT9,cluster4
590,51XIGHQ5C,cluster4
591,70NMZRDT3,cluster4
592,IWFO0P95B,cluster4
593,IWUX9HXVG,cluster4
594,1LCD9W7FA,cluster13
595,753NYLY8N,cluster13
596,CB2TH3XZL,cluster4
597,T9MEHI3E7,cluster1
598,AY9P1761Z,cluster4
599,WFQ474MEK,cluster3
600,PE4G15GR1,cluster3
601,WQTL5M9UL,cluster1
602,K005OBOBH,cluster1
603,SF4XUZ8GF,cluster4
604,W4COISFMV,cluster3
605,ZRMCEEM8Q,cluster13
606,C78FD878R,cluster3
607,AWU4WBHIO,cluster6
608,4WK5AWN01,cluster3
609,8VAWAYQ85,cluster3
610,C7R9TT6ZD,cluster1
611,AGU07KG2I,cluster8
612,UC66AO0U4,cluster2
613,03VBM4ZUC,cluster9
614,XGT6BYDRZ,cluster1
615,0P2LDQ0CD,cluster5
616,U4QDMHEUM,cluster7
617,3M5YH47XM,cluster7
618,O4UQAQWKH,cluster12
619,MEKD7VKBL,cluster12
620,YS2CP5T8G,cluster4
621,WZ1C13Z0W,cluster1
622,60B1JVMBC,cluster3
623,9U8U1CYQD,cluster3
624,T8FKRQIOT,cluster2
625,TIYJAIXHO,cluster4
626,487Q5O8JW,cluster5
627,5EG6NHQJ0,cluster15
628,AYQSX61V4,cluster3
629,MRY77HYIJ,cluster6
630,VMWGOL1ME,cluster10
631,EJ1NZUZ28,cluster1
632,1T59G1WU2,cluster1
633,ITHGU8SBT,cluster2
634,KCHOBK8DZ,cluster1
635,CBL5VF3IL,cluster2
636,ZIDR3VFH2,cluster4
637,0PJCST3OJ,cluster1
638,ITIS9LG80,cluster7
639,BWLBELBZO,cluster3
640,0W90EG9PK,cluster3
641,KX7PDIOE5,cluster14
642,QPW71MW7T,cluster14
643,LR6BN61P1,cluster13
644,QIFFCYOXT,cluster3
645,CNCE42ENB,cluster2
646,ITPOF5VY8,cluster10
647,I1P8SAZTC,cluster3
648,R2XGPA6X9,cluster4
649,80ZMB8C4U,cluster6
650,1BXJCLIEE,cluster3
651,6DSW7IUY7,cluster1
652,2XVJF88ZV,cluster11
653,7I8RGMTZM,cluster12
654,8LV6Z4WO2,cluster3
655,TT6GXRXWU,cluster2
656,LSYI86AYA,cluster2
657,D1YV3TPGO,cluster1
658,DZ4CK41U3,cluster8
659,I4FY2TL2Y,cluster1
660,OCVZ3I5SI,cluster3
661,1G37V39ZK,cluster4
662,4E4S5QF2T,cluster2
663,P9T3GAF6P,cluster2
664,AK456NNIP,cluster6
665,D652B10Z0,cluster4
666,DK2QS68IR,cluster1
667,2H1K8MQK4,cluster10
668,2J9NNED6E,cluster2
669,0Z9QEXRCO,cluster19
670,5KKXQHRZ8,cluster5
671,QQ234PERN,cluster6
672,TE548IX6S,cluster4
673,H40S0VFTW,cluster3
674,AIQPUUAWK,cluster10
675,C6KG77TQ4,cluster1
676,SYX5GNJYZ,cluster16
677,S79GK1YW1,cluster4
678,162BYSS4Z,cluster4
679,2AS1JDWNN,cluster9
680,RKMAZMDQI,cluster5
681,8KEECSGBB,cluster7
682,GA45I7N1S,cluster14
683,TH749UJX1,cluster6
684,7U859QCRF,cluster17
685,4BCPC14CD,cluster7
686,QJB2837V6,cluster2
687,6P9YZOYE3,cluster2
688,7C7OJXCBF,cluster15
689,PLMP64CC7,cluster3
690,Q494N6FBH,cluster7
691,XA8CR6H86,cluster5
692,SLIS7ORBY,cluster1
693,WEF0NK0S7,cluster7
694,8FLYHFAX2,cluster4
695,TDEV4PXK7,cluster4
696,EGT7X3I77,cluster4
697,V8FC7ER34,cluster1
698,5JS30PYB1,cluster4
699,WQPH687BS,cluster3
700,K10MRURRC,cluster7
701,QKQCHAJWK,cluster7
702,E0UZQH1FW,cluster7
703,6M16PPENP,cluster2
704,WJV2GV4EP,cluster2
705,WEE16FBA0,cluster2
706,2IPSJY9DA,cluster4
707,I27D04LDU,cluster1
708,VSJ3PM8SE,cluster1
709,PVAK1RD6J,cluster2
710,WTBPV1YZ5,cluster3
711,KGN33M335,cluster18
712,YWHX5IDW5,cluster18
713,16J0MBDG0,cluster4
714,HS7QLVBAI,cluster1
715,JQ2IMTK88,cluster3
716,56EJQ5MFK,cluster3
717,1XOFUXCF6,cluster3
718,3880WXTEW,cluster4
719,H2TIRKQKJ,cluster6
720,0P11YV236,cluster3
721,XUGE22VOG,cluster6
722,8DPCQY3O3,cluster14
723,6C0SO5YUT,cluster3
724,Y5PDTHSF3,cluster2
725,V30P651SL,cluster2
726,TRNWFF3VH,cluster3
727,O13H0RXRS,cluster13
728,6PDQ9VAK9,cluster4
729,0W4FAMWLU,cluster4
730,3IF5WN5M3,cluster1
731,FZA0QFMI3,cluster3
732,P0ZDTZAOS,cluster3
733,2X8WUM7WU,cluster13
734,DCZIP3NUC,cluster13
735,LXYEB8KVT,cluster11
736,BHGZ9GJ6M,cluster11
737,RRUIJFKST,cluster3
738,9UMRMJB37,cluster4
739,W4Q0OQCUW,cluster1
740,IZZ9T36FD,cluster1
741,IO819H46B,cluster8
742,GVNVMXGLT,cluster1
743,T273G1Q6I,cluster1
744,E138UOKWB,cluster1
745,JDHSK7VG7,cluster10
746,RVWR9ZXYU,cluster6
747,ZWQJ44G69,cluster6
748,DXLD3REW9,cluster8
749,URLR6VCDY,cluster7
750,V8X66Y12W,cluster6
751,JHLV1D8S1,cluster6
752,K6OY56766,cluster1
753,SPKSNI4LM,cluster3
754,9ZHW0CU4M,cluster6
755,YAGWP5YJB,cluster2
756,SZT4TDQDU,cluster6
757,GKDETY22W,cluster7
758,WQNGLB4Y0,cluster9
759,0GWBOE0N5,cluster1
760,GT60UZBI3,cluster2
761,LRQYY97HS,cluster7
762,1WZXYEJI8,cluster5
763,BNOOK6QGT,cluster18
764,9PGUHLEYI,cluster7
765,G49P8U91T,cluster6
766,8R5ECXFU4,cluster3
767,FSKS34LIT,cluster12
768,94UL7H0N6,cluster2
769,B5IGOF9LI,cluster4
770,GVFVEN6T0,cluster1
771,J5JU0BYUA,cluster4
772,CQUCQYMX8,cluster15
773,2V3G99H4C,cluster1
774,XHXF5YXJE,cluster17
775,J5XGQ0VWB,cluster2
776,I3PC8TKYJ,cluster9
777,YK8ZLVFS2,cluster9
778,RISQLVJYG,cluster7
779,J4NHAWKIP,cluster6
780,TLISWRYZ6,cluster6
781,62QH4UY7P,cluster2
782,D3H6LF6I7,cluster1
783,TQFHR51Z6,cluster1
784,0NZC796D1,cluster10
785,5IHJMBG5D,cluster1
786,V11DSNP45,cluster10
787,W1GU28Q7Z,cluster7
788,O67EOV6IC,cluster1
789,FWF3U6BZO,cluster3
790,BPPKCGQ9S,cluster6
791,3FX5CP8G6,cluster2
792,BROV8LRJB,cluster3
793,UUP3TPX2W,cluster4
794,LFHSOC91Y,cluster3
795,IBCGWJRBI,cluster3
796,ORTHIT565,cluster6
797,FZGA6N8S6,cluster12
798,KHLNS5UVZ,cluster12
799,1ENMPOL38,cluster1
800,PMAOT65L6,cluster4
801,BFW7MHOXY,cluster4
802,ZF93046DP,cluster8
803,JWMQHGBXA,cluster8
804,8OOZT94SC,cluster1
805,KPK295O6W,cluster3
806,94IV059FE,cluster7
807,IGBW4J1CC,cluster1
808,APYSMTSKM,cluster1
809,ETFSASDJ0,cluster1
810,4QQJ9Z8J7,cluster1
811,J436DVDLW,cluster9
812,PFJ8ZXQDZ,cluster1
813,2DZV9JKCF,cluster13
814,GOODE9IYN,cluster13
815,DDPK4WFA6,cluster12
816,EGRYJP6L6,cluster7
817,E4PALJWI4,cluster11
818,F1SACQKO7,cluster5
819,NQ13L073P,cluster1
820,S3FCRASTS,cluster7
821,PLMZBUNET,cluster12
822,B0YN5ID1A,cluster3
823,H0P9RP70K,cluster18
824,VNG67ZZHB,cluster4
825,0SPFULQB2,cluster8
826,Q3OZJII7Q,cluster10
827,SZMMINPSU,cluster3
828,5SL06JMDP,cluster4
829,Q3NMSKWLU,cluster4
830,BAR9AGK7L,cluster1
831,2OKP3L987,cluster4
832,QHEFVIXIA,cluster4
833,5NJUNEM55,cluster3
834,PNN04VV8I,cluster2
835,74ULNRKJ7,cluster2
836,RF56WDO8Y,cluster4
837,0326C8TTD,cluster1
838,PU0MRQWUW,cluster1
839,HTOOP5BP9,cluster4
840,3D5D5BHB6,cluster18
841,ZJ3Z5EF6F,cluster4
842,I7XP4XLUT,cluster4
843,DF65JRUMD,cluster4
844,VONX880X0,cluster2
845,UEODF2X7A,cluster2
846,3EABU17WR,cluster1
847,D9WNGM6K0,cluster6
848,63MCVUJD0,cluster8
849,KE3WYB1V3,cluster10
850,FLRQCU1TA,cluster1
851,JAML71MGF,cluster5
852,IUH5GQIL0,cluster2
853,QSCYM1HYV,cluster4
854,233S4VIJO,cluster4
855,TDLT452DF,cluster1
856,WW6WD6UZI,cluster7
857,3FGDJGQWL,cluster10
858,QAOWE6IB3,cluster7
859,1G5JMPFMO,cluster4
860,YDT2GADLI,cluster7
861,LU5M88NT3,cluster1
862,A8D87UMSZ,cluster6
863,X3E1QL9QC,cluster6
864,JUHO9C7TO,cluster10
865,J6XB7FQHV,cluster4
866,UQB9OT0OP,cluster4
867,QBCWTXMJZ,cluster3
868,SH1PRTADN,cluster16
869,5E59DFOTS,cluster1
870,ILCPGBT05,cluster1
871,0TQO6AJI3,cluster5
872,FV2F7NSJZ,cluster1
873,CSMP5TYXJ,cluster11
874,TQAYDPSQR,cluster1
875,61APPLE8R,cluster5
876,2Z08R9AC2,cluster11
877,40PXXNB2D,cluster11
878,2WL6BQKSD,cluster5
879,73XEL1JDL,cluster7
880,3H6LG8I9R,cluster3
881,AWGC5SU5W,cluster2
882,VHO3W9YP6,cluster3
883,DTJPUCMI0,cluster1
884,TBILXYV16,cluster7
885,I7QJZ4CDM,cluster4
886,Q4WLOC83Z,cluster5
887,I2IYPBLKR,cluster4
888,4522CAHDW,cluster4
889,VEXANA8Y2,cluster1
890,2ZRNKV335,cluster1
891,1W6LJ9DT2,cluster1
892,PY0NSO3OY,cluster2
893,0FU2L6HFK,cluster14
894,DJGFBIJYV,cluster5
895,GZRSY3DQZ,cluster7
896,J3KHAGGD1,cluster3
897,63POERV3P,cluster2
898,IDSOHNVMB,cluster5
899,IEOR1SXLA,cluster3
900,XZZ1D4ZJE,cluster3
901,T2MKQ79FV,cluster1
902,4N9A32TWT,cluster3
903,W9F42IV2E,cluster3
904,ZFAS23QLR,cluster12
905,KIEBJRDDM,cluster2
906,ADMQFHZK2,cluster2
907,0X6OKXG9A,cluster1
908,Q9EPVFMM0,cluster1
909,W3QSK48AV,cluster8
910,RCOT86UJO,cluster6
911,FIRX7HRL5,cluster1
912,XV6RWFXRK,cluster16
913,2NSKJRKBR,cluster2
914,OD63HCLXI,cluster1
915,GT7UAORXU,cluster2
916,9PULZU9PQ,cluster1
917,XDQTSQQ84,cluster11
918,2J8RSO0YD,cluster5
919,ICLN4XUZG,cluster6
920,VXUAHFB56,cluster1
921,WEHQ2O99T,cluster8
922,YAGZ4YXFN,cluster1
923,A7JHC2535,cluster7
924,I8HBNQZK3,cluster7
925,0DFGW53W7,cluster6
926,HT6R8TZVN,cluster6
927,IKZY8EQ45,cluster14
928,WDJZYI0Y6,cluster2
929,RSJUZAUX2,cluster2
930,RQPEXPM4L,cluster2
931,VG19PWYHN,cluster14
932,LFZF5Q57M,cluster7
933,3ABA286V3,cluster14
934,3TQ3ND64E,cluster1
935,91AXDYCC8,cluster2
936,J394SUZ7S,cluster2
937,V29T6EYLG,cluster2
938,BHQO2K64K,cluster5
939,0DO9GAYQH,cluster5
940,GAWBPSFFD,cluster4
941,2KDA2DQ3W,cluster1
942,4BXK8HUUX,cluster10
943,I2EDWLV5I,cluster10
944,DDKTE829Y,cluster5
945,7AR7GT3NR,cluster2
946,G1E1VI9PT,cluster3
947,38UN7LPCU,cluster2
948,0BTDNQZF1,cluster4
949,J3HR7I7S1,cluster1
950,FLTTHM6QA,cluster1
951,NPPM52Y56,cluster1
952,8S4L511UD,cluster1
953,I0EGOX3ZE,cluster8
954,HM4XIJIOY,cluster9
955,BYRG8RT2G,cluster13
956,I6J5JNTAW,cluster7
957,7HPYSOOLT,cluster3
958,A3KUZS9E3,cluster1
959,EVQL8C6F7,cluster3
960,W4NLROMOW,cluster7
961,GEG50F523,cluster3
962,02T929S8A,cluster1
963,8HVRCS22W,cluster1
964,PNS59CS6A,cluster2
965,A9D8K3P9O,cluster9
966,94KZZ7QVO,cluster15
967,A1FGOVRFM,cluster11
968,PY0MULE82,cluster7
969,9R9947M37,cluster3
970,9JZRKJWQF,cluster3
971,WBG4E79C0,cluster6
972,H66AUDKPD,cluster6
973,CG3WLRJAX,cluster1
974,EJ1W1N2JG,cluster8
975,Y2KQSDGMR,cluster3
976,6J48QCWNO,cluster3
977,ZA1JL79KC,cluster6
978,GCBFZZAXR,cluster3
979,10CG1WLLW,cluster2
980,G3QWSZQIV,cluster7
981,M7TRE6B9L,cluster4
982,5RGGF4TYL,cluster11
983,AT1V59O2N,cluster1
984,GJLBBOZXF,cluster3
985,B0P34IA4L,cluster3
986,09144M14F,cluster15
987,S1NCEXVDW,cluster17
988,MYIIVVADE,cluster3
989,8VTQ3CDJH,cluster5
990,ZR7S7G4XE,cluster2
991,ELF1P6N9C,cluster1
992,GFAC2KXQ9,cluster8
993,FBIQ8BKWK,cluster8
994,BM1WQTLBL,cluster1
995,2JCTKZRRU,cluster10
996,FTQ9UPKGG,cluster1
997,NIAYIA334,cluster14
998,0O0NVIY7X,cluster6
999,7U57IRG3X,cluster6
1000,8G5ES3JED,cluster2
1001,X6XAGFMOS,cluster11
1002,EA6BCEMKX,cluster7
1003,KFG4GOX4F,cluster2
1004,NB2MPJ0JU,cluster5
1005,QW2JN8GWB,cluster3
1006,0L6R4Z252,cluster3
1007,VG359LT0A,cluster3
1008,DC2D9HYYI,cluster7
1009,9KMD8KQ8O,cluster7
1010,RRC8Q3SGP,cluster1
1011,O9ZRKLVIG,cluster1
1012,3SD8DN2AW,cluster3
1013,QMSX9CKU9,cluster16
1014,TQOT0QRJ9,cluster15
1015,XUGH1JYRN,cluster4
1016,MQKSRT81K,cluster5
1017,46YJQPY6F,cluster3
1018,H55E2QHFW,cluster8
1019,MFU1GZNOH,cluster9
1020,6U3TML73E,cluster3
1021,5CCZ5W2PG,cluster2
1022,4QOGQBU7G,cluster13
1023,SU3FHIVRL,cluster3
1024,A5W3EPD9R,cluster4
1025,J4GN0JLOP,cluster7
1026,ZFP8MREI3,cluster1
1027,ZEQ0VL9LO,cluster5
1028,DS78QQXGW,cluster3
1029,IRU794JV7,cluster12
1030,2PCCPT4DK,cluster3
1031,2A3TTQRAQ,cluster3
1032,VWQ5YL6RW,cluster4
1033,96ILRR19K,cluster1
1034,8NDIDIMV6,cluster4
1035,ONG75LV4C,cluster3
1036,0DKLFN1IG,cluster15
1037,Y92LQ1Z0W,cluster3
1038,CXE51PK85,cluster3
1039,C7B1QSOQ9,cluster1
1040,4ETKI3K99,cluster7
1041,TSAK25MPS,cluster4
1042,U1H2QVYBX,cluster4
1043,8TPQ9WRR1,cluster2
1044,R7IVYDQ3U,cluster2
1045,K57QSFTDR,cluster1
1046,FR5QYZVYN,cluster14
1047,KJ19T3NU1,cluster3
1048,GB00704SX,cluster1
1049,P6OD3RGKS,cluster4
1050,54LTJ1A35,cluster10
1051,TRFTF4BO0,cluster13
1052,M8ALRXRAO,cluster13
1053,2IMH970NB,cluster9
1054,90XHISVT2,cluster3
1055,5G68EQAQ2,cluster1
1056,FKOJPWUQE,cluster1
1057,WQFDUXPN3,cluster5
1058,ZKSSPA3YX,cluster16
1059,EUDIR1RMW,cluster16
1060,A8TFAIADS,cluster5
1061,OUIQT6JVJ,cluster2
1062,WRHFK5UY9,cluster5
1063,J72MUUFEE,cluster17
1064,XGOLDMNAB,cluster17
1065,AKLEQY0KF,cluster7
1066,0PH2JG9AV,cluster1
1067,WSNLLY46C,cluster1
1068,3S2B35GDS,cluster1
1069,FCSRCZSCK,cluster2
1070,4J81EWKZZ,cluster2
1071,WJK2PU882,cluster8
1072,M5XR7XLW7,cluster8
1073,N1RDMV0J3,cluster2
1074,WV35U8368,cluster1
1075,IR45F85CN,cluster2
1076,5HDA907C9,cluster13
1077,SXSKUMS84,cluster1
1078,YSNDX9WTD,cluster3
1079,W1VV8ENCG,cluster4
1080,VGTXQ3CC3,cluster3
1081,VS45T7TWT,cluster4
1082,T4QBEXK66,cluster4
1083,VH7PNZKKA,cluster1
1084,VYG4GFN0F,cluster1
1085,Y1ALZ9RCA,cluster8
1086,59WQYLSGT,cluster16
1087,MAD1WK2HN,cluster6
1088,VHSHC61I8,cluster18
1089,EA87RASFM,cluster4
1090,YPJSQB1NK,cluster11
1091,DYUHAOPGV,cluster1
1092,GGEMBVL29,cluster1
1093,SIHDDXBVF,cluster6
1094,WCQEM5NSX,cluster2
1095,TFI08FFRX,cluster2
1096,LQ0OOXHHH,cluster2
1097,PZ7V9JAXA,cluster17
1098,ZOR7XTMRM,cluster17
1099,Z2MJCX3SP,cluster11
1100,CEZHF3OFV,cluster11
1101,A279OWZWW,cluster14
1102,5G7I418Y2,cluster5
1103,R3BEXKV91,cluster7
1104,81Z5QZ9HC,cluster5
1105,JN5XWTAKJ,cluster1
1106,0L38MD7OZ,cluster2
1107,3R2KT4VO1,cluster14
1108,CJZ8Q30JX,cluster7
1109,PWYGWZNRD,cluster1
1110,LQCQKH7UC,cluster2
1111,UUBUMC0RV,cluster6
1112,MRP5VAJJ0,cluster1
1113,YQ5FWQW30,cluster4
1114,QPH5NT6I1,cluster14
1115,T2SIDXUXU,cluster14
1116,NNPE4NV1P,cluster4
1117,BPTINWHF1,cluster3
1118,TUC1XI6UV,cluster3
1119,YGWF8BZ0Q,cluster3
1120,2NSKWGEB8,cluster2
1121,V3Y242ECC,cluster9
1122,WDHU54I0D,cluster9
1123,E60FLYGPS,cluster4
1124,BWLPU90DP,cluster11
1125,8M658OJUY,cluster1
1126,5EFXOSYSO,cluster3
1127,2BLIN19ZY,cluster5
1128,22JL9JMXL,cluster1
1129,96XJ98FXZ,cluster11
1130,HYHKBYFA8,cluster10
1131,ZFO4UV2TC,cluster4
1132,UIDIIK8WB,cluster1
1133,CSVH2PL9J,cluster3
1134,JVE1OMBAJ,cluster4
1135,V9DJVD88F,cluster1
1136,VB8HOK11F,cluster9
1137,S07YY053D,cluster1
1138,LMGZ9KFB9,cluster1
1139,DKMMN9QRL,cluster1
1140,DXAYPKAPS,cluster8
1141,3280TEBZ5,cluster3
1142,6CMZ6E3AF,cluster3
1143,JOBXDG9RL,cluster8
1144,2RAY55SWP,cluster2
1145,FL3LN55XK,cluster1
1146,968AW7QHU,cluster1
1147,0TM1E7MT1,cluster11
1148,FMNC45UG6,cluster2
1149,G0V4B06LC,cluster11
1150,RYXCO0OU2,cluster2
1151,YCML2IX0Q,cluster1
1152,NGUJEFI3P,cluster8
1153,MYAV8UT8O,cluster1
1154,2OQK3AZFH,cluster1
1155,TJW3JYR3F,cluster1
1156,UHXQ6MTTG,cluster19
1157,YNO7AYBQO,cluster19
1158,CDVQRDWGS,cluster2
1159,CN76TLXFL,cluster7
1160,SYIV46EIO,cluster3
1161,BIAFRGAMC,cluster1
1162,S1K1G9PDC,cluster18
1163,1K7656RTV,cluster3
1164,3NV4CFU6B,cluster1
1165,UF1CDORWV,cluster1
1166,WWF7CWHPD,cluster8
1167,FGLKSXWT4,cluster8
1168,L6VQFILMQ,cluster14
1169,N9YFNRX7E,cluster2
1170,E79826B66,cluster9
1171,085CUSBL9,cluster15
1172,6D3RRG9JV,cluster6
1173,IY9MMORQ9,cluster2
1174,Z7CWWW8YL,cluster9
1175,VTK98SUTY,cluster10
1176,RGDJCZRVD,cluster3
1177,KCZG2B7NS,cluster3
1178,F2VUHLT0C,cluster2
1179,AKN62WKD5,cluster2
1180,ZCDUH5LFF,cluster1
1181,8SXHIPHMP,cluster14
1182,RABYQUAW3,cluster8
1183,7WPDH8BRA,cluster5
1184,8C0IKRKYL,cluster1
1185,2FSSRVL3Y,cluster1
1186,K5Z8IX6W1,cluster1
1187,4LTUWUYQF,cluster1
1188,M4DXAGNGQ,cluster13
1189,UOLZ4ML7N,cluster4
1190,JY6Y5RI7G,cluster4
1191,OVVEV5X7D,cluster7
1192,8NAX0KMZL,cluster3
1193,AHVBZ9AFN,cluster7
1194,Z3GCZB0RO,cluster7
1195,K4XQI78Z2,cluster4
1196,G3U7V5VJ7,cluster3
1197,ZVQE50CPI,cluster6
1198,BAGDGTSS4,cluster6
1199,A0JIX6DID,cluster2
1200,AF71AX646,cluster10
1201,7PNINTR6X,cluster10
1202,PTNXFN33L,cluster12
1203,IL3S75BRO,cluster2
1204,TRN942L56,cluster4
1205,08SWALY0B,cluster3
1206,OI45PVOH2,cluster4
1207,TIPNQ27UW,cluster5
1208,GBF8X9QJD,cluster17
1209,O8VAFU8HK,cluster17
1210,CH1K8ER54,cluster5
1211,W1LDR5U99,cluster2
1212,KO3LP82BS,cluster5
1213,FPWQATGFJ,cluster1
1214,6G5DRQMOQ,cluster5
1215,OEOOHG0VL,cluster2
1216,656YYA481,cluster3
1217,94FQ83FZN,cluster19
1218,PTXZLVPHB,cluster18
1219,YLBW4SKLD,cluster10
1220,KYTIFAIAQ,cluster6
1221,SH3ALDP42,cluster6
1222,NTNG5JEYM,cluster10
1223,DUKCTPUNA,cluster1
1224,T0IGY4HQ3,cluster1
1225,G4GZSNRMZ,cluster7
1226,C7P6UFCWU,cluster7
1227,WTBIIC2XE,cluster2
1228,JQOBBRHVS,cluster2
1229,72Y3PMFXT,cluster3
1230,FH74R5WRD,cluster10
1231,PZBUK794B,cluster1
1232,0TQ8LVL6A,cluster4
1233,6KCFS034O,cluster4
1234,J5NNLLKSD,cluster7
1235,KX5A55XAZ,cluster7
1236,R8NT6NZ77,cluster1
1237,3GE5FQX4R,cluster1
1238,Q82RZARP7,cluster5
1239,JP32N8MRJ,cluster7
1240,Z0OFIRP1B,cluster7
1241,PF1C4INCH,cluster7
1242,F7SE9JHWY,cluster18
1243,HR3YI4IEL,cluster2
1244,OE8J8D5YU,cluster6
1245,JS38VI3FM,cluster1
1246,R32UVHC5R,cluster2
1247,9BOWSV27U,cluster1
1248,PT3P8SXJY,cluster17
1249,C2AVS2S94,cluster3
1250,FPSPUM957,cluster4
1251,F82WJA7OS,cluster1
1252,NR4NCZBSY,cluster7
1253,S8AFQUHAD,cluster11
1254,QONBEH8A5,cluster1
1255,PSVL9IGP4,cluster1
1256,FUT8EVSM0,cluster2
1257,U3VUGIIJ4,cluster2
1258,TA8TB1GUB,cluster5
1259,BKS6SKZYM,cluster3
1260,1ZQSIGKJV,cluster16
1261,8P4EDJX9M,cluster2
1262,8KB73HSAX,cluster5
1263,HEXIYT3HQ,cluster4
1264,ILOSFKZPC,cluster5
1265,H1CLR80F0,cluster8
1266,XF8SSL04N,cluster7
1267,RXQID79Z5,cluster5
1268,EDCYGYVE8,cluster7
1269,J9K54VM4G,cluster1
1270,IC8AX1WKL,cluster1
1271,OGFU3JGAO,cluster10
1272,NW7QCSIA3,cluster7
1273,YZM3MZR95,cluster2
1274,NRZO6E5PR,cluster2
1275,BUQH4I2NS,cluster4
1276,63BPPB3UW,cluster4
1277,KLNWOMOQW,cluster1
1278,QVMZD9RW5,cluster1
1279,BY8PZMXJ0,cluster1
1280,YZUU04KGA,cluster3
1281,COPZ50GID,cluster3
1282,CYSDM7MZD,cluster4
1283,H0O2T7CYY,cluster14
1284,BNVM8TMLJ,cluster9
1285,1EY2L1ICG,cluster4
1286,X6FNEN1W9,cluster4
1287,L2D8CUCVK,cluster12
1288,O7Y8SDLA4,cluster10
1289,V9BOKZCHW,cluster1
1290,TIEIGUGDF,cluster7
1291,I2MVWHNIS,cluster12
1292,DBVY8RJZF,cluster1
1293,DUWXXTTMG,cluster1
1294,LG1SAJ4NC,cluster7
1295,DNHJI3YC7,cluster1
1296,QY8VOMWGS,cluster1
1297,HB1Y0TE89,cluster1
1298,MWX6VP7YQ,cluster7
1299,E97F72DOF,cluster1
1300,H01F1N9TH,cluster6
1301,J2Y03B5WM,cluster4
1302,32XQH8YEQ,cluster5
1303,FJUNS4X8V,cluster5
1304,1UQSED86Q,cluster11
1305,HSQ4HN8Q9,cluster12
1306,0HH3EZI1W,cluster4
1307,W64EY9YKU,cluster6
1308,1JOBREZ2K,cluster2
1309,HOTDT9WWS,cluster2
1310,NREGCIXS4,cluster2
1311,EZI2PA1LO,cluster2
1312,2PDBI37G1,cluster2
1313,LDPU5ODDE,cluster2
1314,VAX30EVGN,cluster3
1315,ZKT766FQS,cluster5
1316,MJUYSRSNH,cluster18
1317,NEZ1K4YH2,cluster9
1318,EV7792JQT,cluster6
1319,GAV3J70K8,cluster14
1320,WXP93N45J,cluster1
1321,1PAG2LH5P,cluster2
1322,P9Z0K9YIX,cluster3
1323,VS7UP8Q2B,cluster7
1324,XRITEY6PT,cluster4
1325,LRLS60N0M,cluster4
1326,H5MURHYV8,cluster8
1327,E0TTAI0SE,cluster5
1328,70405GTT4,cluster1
1329,KX2SQX9I5,cluster2
1330,OFC4M9CNH,cluster2
1331,N41PO563U,cluster11
1332,M69GV4PBZ,cluster4
1333,IOFC45OII,cluster5
1334,5N1A6XOAG,cluster10
1335,1O7GLLIT8,cluster3
1336,ECL1OM9TW,cluster4
1337,KJCL9AAPZ,cluster9
1338,8WYV44HVQ,cluster3
1339,Z7L25A3HK,cluster6
1340,6VNFWU62I,cluster8
1341,NGAAON2L9,cluster8
1342,IXK1CISFX,cluster3
1343,322H18CTM,cluster3
1344,377B6FIP0,cluster7
1345,7NM61HCQ2,cluster7
1346,0RETU2IQZ,cluster7
1347,34UEWKEEH,cluster2
1348,LIH0J8WDG,cluster2
1349,5LYFOIPMB,cluster4
1350,O0MUAW76H,cluster1
1351,5SKRKJY2M,cluster1
1352,LDN37CDIQ,cluster2
1353,8KRS6841B,cluster2
1354,XFJI3GNSJ,cluster11
1355,OFHM78QPM,cluster3
1356,3JX0GQAVK,cluster2
1357,Q02MDGL7X,cluster10
1358,W3KPOCF8E,cluster6
1359,IMDKN4F2L,cluster1
1360,XKAJ06NMX,cluster8
1361,2GAMGZICD,cluster7
1362,J39ZB2IN6,cluster1
1363,J3ZNQB4K0,cluster7
1364,AI1ZF2O1Y,cluster6
1365,AMZMVXFW8,cluster4
1366,2KFBHLOA8,cluster1
1367,OLTF95274,cluster7
1368,Q732J20ZZ,cluster7
1369,4CR1F7H1D,cluster12
1370,UB8CG96RK,cluster7
1371,AH6MWL3ES,cluster2
1372,OEOIJQ7CY,cluster9
1373,ESQPU6YGN,cluster4
1374,M66R608QF,cluster4
1375,I28N7QA41,cluster4
1376,JI5MI9OYJ,cluster1
1377,RGS1PUZ5X,cluster12
1378,NQDHKIQXT,cluster6
1379,S2WUAPSR3,cluster6
1380,8BIJBG28L,cluster5
1381,3TQ0SIWVH,cluster5
1382,93QYQUHI9,cluster10
1383,VPAHMWE6Y,cluster4
1384,BYU9V9NER,cluster8
1385,NR9D8RGOO,cluster4
1386,DK066VKXX,cluster1
1387,PYTKK0WJJ,cluster4
1388,9FR12V0NC,cluster9
1389,O893081J5,cluster3
1390,R1CJAC272,cluster4
1391,92HJ1N39X,cluster2
1392,BFLC0Q8UM,cluster5
1393,6R0H5509Q,cluster1
1394,4JXE6A4NR,cluster7
1395,KVI9WUCXC,cluster11
1396,3X44JMKH5,cluster6
1397,MFSM5P3B9,cluster8
1398,RZZXSND13,cluster1
1399,GBGNAS7MH,cluster5
1400,JSWR2TXEU,cluster10
1401,WK4116TNL,cluster18
1402,CCCLI4R7W,cluster2
1403,HQTQKCU0M,cluster5
1404,6GEMPKMEP,cluster11
1405,I8SH50ZUI,cluster1
1406,DAHMMMFFR,cluster3
1407,6L185X52Y,cluster3
1408,5E6SHXR2A,cluster3
1409,4WNMT60TT,cluster10
1410,FPBGROCYD,cluster4
1411,3WEZIGC5U,cluster8
1412,OES459Y5W,cluster2
1413,RBRSYFQVI,cluster6
1414,HHEXOYDST,cluster3
1415,LS89N6TQP,cluster1
1416,CGP0VT25P,cluster1
1417,MH70GIIJF,cluster5
1418,2YBFJNL9H,cluster5
1419,HYS4EJG6J,cluster3
1420,Z8LARA559,cluster6
1421,T7JMD6HPP,cluster2
1422,A5WYIRJ3T,cluster4
1423,0QAK1YG5M,cluster10
1424,9LMEW7KHW,cluster1
1425,WWCU0LCJV,cluster6
1426,56WANC4UY,cluster1
1427,PQURO1DT8,cluster1
1428,6KCUIX852,cluster3
1429,68B0XO7WL,cluster2
1430,Q10YY0GLA,cluster8
1431,C0EGKB5L0,cluster8
1432,LAXNH3SX6,cluster15
1433,B9DS2O6MW,cluster1
1434,MMDUXK5YB,cluster1
1435,NSN6MVWCZ,cluster10
1436,6JD23QDD9,cluster1
1437,XDMNA3512,cluster1
1438,RCO07B19Q,cluster5
1439,DYDGSDDWH,cluster5
1440,T0XYC3PKH,cluster1
1441,PBCTI0PHJ,cluster2
1442,DXLP0Y284,cluster2
1443,AVCG12N2L,cluster2
1444,DSUA04JFH,cluster1
1445,INY4B5OPF,cluster2
1446,ME37PTZO2,cluster6
1447,93SSMJ7F4,cluster2
1448,JZYQQEUT3,cluster3
1449,PTIN3BKVO,cluster1
1450,ATROOD57N,cluster1
1451,PUMQJTWLW,cluster3
1452,0S7GTH14J,cluster1
1453,5MCM9FLFB,cluster1
1454,68415MB54,cluster1
1455,ESTK7T6P1,cluster1
1456,P5OPW9UDV,cluster1
1457,Q96HVE0RT,cluster12
1458,A19CWC6ZT,cluster1
1459,BD5WQIU7U,cluster8
1460,7M16BJS8D,cluster7
1461,U1CJPMH9F,cluster3
1462,1IU9QLCUS,cluster1
1463,BYFC668ZY,cluster9
1464,AQF6SWRXN,cluster4
1465,F22RSUKV0,cluster5
1466,9Q01II1W6,cluster4
1467,184Q1P3KK,cluster3
1468,28SOW18CC,cluster7
1469,5HLIG588M,cluster2
1470,CP5XYUUIJ,cluster5
1471,2JLTZ1G2K,cluster8
1472,31UGXKB6I,cluster6
1473,PEA0ALU5K,cluster2
1474,XB3R77XVN,cluster1
1475,E6QYXW2L0,cluster8
1476,ASB70JT03,cluster1
1477,0POWRJY1E,cluster2
1478,STSDO7166,cluster1
1479,ZQ9EZDS00,cluster8
1480,QE3N79929,cluster4
1481,VXGFRB5WD,cluster7
1482,YMGNNNVFR,cluster4
1483,N40AOJDZ7,cluster4
1484,DQK7NXZP3,cluster3
1485,FGJMKVP9H,cluster7
1486,8GV5AWFVM,cluster1
1487,ZJAJTIOUK,cluster12
1488,5PVOIK3N0,cluster3
1489,4JM9JKUES,cluster3
1490,38QI7SUWC,cluster1
1491,306W2RCX0,cluster4
1492,2I9I6MHND,cluster11
1493,7MK1U2IF6,cluster4
1494,8VXQLFMEW,cluster18
1495,ICVX6ORN3,cluster2
1496,2AMP3066Z,cluster1
1497,SY19G1B3S,cluster5
1498,V6KKEOHA9,cluster4
1499,4730B5LT9,cluster4
1500,UBLN3DEFN,cluster7
1501,9PLJF2EHL,cluster7
1502,CRHMCI8NF,cluster1
1503,T1DE1F1EQ,cluster6
1504,4MUO7NBMJ,cluster6
1505,0WEXJ4502,cluster4
1506,OJQ2KT0JB,cluster7
1507,V7V9YN87V,cluster9
1508,27S5SBBGJ,cluster5
1509,T4H6I8OL9,cluster5
1510,COVEMZID3,cluster12
1511,VCFAHKOTU,cluster5
1512,A7W289IA3,cluster14
1513,LDH4HB0I9,cluster1
1514,RWTXNMOZB,cluster3
1515,P8DBOIHIG,cluster1
1516,Q45T029IO,cluster1
1517,YW1SWBHY4,cluster4
1518,5YILQZE5D,cluster1
1519,ORGS022F3,cluster12
1520,IIO55NSRS,cluster12
1521,MI10E6L7O,cluster4
1522,743YJ0V0T,cluster4
1523,437HR0O4H,cluster9
1524,IQH3P06P4,cluster9
1525,3NLG6HN7K,cluster7
1526,E1ODN2U53,cluster1
1527,5DH23OSZY,cluster5
1528,H94B2U1ZB,cluster1
1529,LUISMZKLL,cluster7
1530,OLWGOZSN8,cluster2
1531,UAZ6E01FA,cluster2
1532,PHIWXAP8U,cluster4
1533,PLAB18JJE,cluster4
1534,SBPOI6HYL,cluster2
1535,RYUC7KZJY,cluster1
1536,IDCSB0YRL,cluster7
1537,RJKT6G6NX,cluster1
1538,X6TPDSNVU,cluster6
1539,3FTBUMIFB,cluster6
1540,T6E5VASGM,cluster5
1541,29VY3IBY8,cluster2
1542,0LOFBXUAD,cluster13
1543,3KSE9ZIBO,cluster7
1544,OZMQY633F,cluster1
1545,D78KKG0TF,cluster14
1546,82GDXPMT7,cluster12
1547,LSWIEUH5F,cluster12
1548,I58T9MNZV,cluster1
1549,XC6E2MH2K,cluster5
1550,F9TQQ2XFY,cluster2
1551,72UU4209T,cluster18
1552,C2HZAQN0N,cluster5
1553,RE4DW7JY2,cluster5
1554,AM943NIR1,cluster7
1555,LCAR4C2AC,cluster7
1556,3Y5HB21CW,cluster3
1557,EWQ16YLWM,cluster9
1558,TS6QVDCQE,cluster9
1559,PAFB8GTAC,cluster8
1560,MCZ1CUG59,cluster4
1561,UU7FP1N2N,cluster4
1562,L0AH57QDM,cluster10
1563,N7ZYD8MOV,cluster3
1564,GCKRVBPPJ,cluster6
1565,J8MKL6AHO,cluster4
1566,OPISHSU02,cluster5
1567,IL9E41V7L,cluster1
1568,4QY2DEA9C,cluster1
1569,IX15A0P43,cluster15
1570,3RBPW3X7V,cluster5
1571,DNH3KM42S,cluster5
1572,GQPZ9HJVJ,cluster1
1573,52Z256MML,cluster13
1574,7MCTKS8IG,cluster3
1575,AW3KGEK8S,cluster2
1576,DCLOYZCYV,cluster3
1577,29ZWXBWPX,cluster12
1578,RX2001QL6,cluster9
1579,B5I8ZG5HT,cluster12
1580,VKGK0DKIQ,cluster1
1581,5Y7RO6UEB,cluster1
1582,TEFP6XYSL,cluster8
1583,I7JLMNXGJ,cluster1
1584,Z0ACR55AD,cluster4
1585,N9NBJXESL,cluster4
1586,3QGUZXD8B,cluster3
1587,2S532FU9P,cluster7
1588,7VYSICOAI,cluster3
1589,HM36ISKS2,cluster1
1590,4A13SQMP4,cluster1
1591,0NGL44T99,cluster9
1592,7VGHW39R2,cluster3
1593,U6QXRAPBY,cluster3
1594,W0U4K9QC8,cluster12
1595,8WS3MV0OU,cluster12
1596,2S8127RUU,cluster2
1597,X9T27A6KS,cluster2
1598,UUJ58FTID,cluster2
1599,5W9726LZP,cluster11
1600,SPHYBFVE9,cluster2
1601,GC9BYCMNM,cluster12
1602,FFXO1EGIA,cluster4
1603,IPE0ZQ5VD,cluster3
1604,C71RQR5FW,cluster3
1605,5M4WPGW7U,cluster5
1606,V2OGK19VV,cluster10
1607,CYF0PH9UI,cluster10
1608,P2I73UM98,cluster3
1609,HOGJPGIZZ,cluster2
1610,BFHDN9S5T,cluster10
1611,28QNVWHGS,cluster1
1612,AV4CDOJA6,cluster10
1613,37DWPVUUB,cluster1
1614,EC9ZIHFHY,cluster1
1615,DMW4R2J1A,cluster9
1616,AURRBWW5Z,cluster18
1617,OHTK2TP52,cluster2
1618,9S67P57VH,cluster5
1619,BCFONXUHN,cluster3
1620,MQ2W5MRSQ,cluster1
1621,LF4ZASO36,cluster2
1622,LRHNN5956,cluster12
1623,103G16JVZ,cluster10
1624,A8MM24OW4,cluster10
1625,4KYDN84EO,cluster7
1626,BEHVOEKQA,cluster1
1627,45HJJTZOK,cluster13
1628,VQDPXNLNJ,cluster1
1629,YV2LY9136,cluster1
1630,TWYOS3XA5,cluster11
1631,I3YU5KFHC,cluster5
1632,MQ9Q35CEN,cluster2
1633,Y5DMQCTQJ,cluster6
1634,OUEWOEYE1,cluster7
1635,NI6KI10H0,cluster2
1636,C2Z0M4972,cluster8
1637,OSVG1CERG,cluster1
1638,FVPISM9IW,cluster5
1639,8JRIGLKCF,cluster2
1640,RATJ2RTGK,cluster11
1641,GZ7JYSEG3,cluster4
1642,QQPIB6WCS,cluster1
1643,1L9BJ36D5,cluster8
1644,RZ8GWMHIQ,cluster8
1645,MET0LO2VH,cluster1
1646,7PL28AX8V,cluster1
1647,L0J1PLQG3,cluster7
1648,N3DPQ5Z9R,cluster7
1649,C1DYLQCOH,cluster1
1650,72VFAOJHQ,cluster1
1651,VRXMUJ4K8,cluster17
1652,1CURYBT12,cluster4
1653,0MRLB05RG,cluster10
1654,RGO52Y4YD,cluster1
1655,BX48GOZDP,cluster18
1656,JWTKF61NC,cluster4
1657,4GZKRJA02,cluster2
1658,G4NF9PU2F,cluster11
1659,ILR30DIVW,cluster9
1660,48W25WZ1W,cluster4
1661,DP50U6HDY,cluster2
1662,F4L7ASD1T,cluster1
1663,4IE21ZJND,cluster5
1664,B115LLG89,cluster7
1665,Y43OLAP2U,cluster7
1666,CD21IVVHG,cluster1
1667,GXDRJ4TRK,cluster1
1668,EX3RN5RW3,cluster9
1669,29A1DUBTP,cluster1
1670,P8P8U2SK9,cluster8
1671,XDJ0ZXD2Y,cluster10
1672,U7H3YXT6R,cluster7
1673,F75LQHROT,cluster1
1674,B5LA7P290,cluster1
1675,LBMB0NC3A,cluster7
1676,40SNWBK5A,cluster5
1677,QGFKZWI23,cluster6
1678,1DEN2AA8C,cluster6
1679,0KEY4R3OK,cluster15
1680,OWGDOM8GD,cluster5
1681,4SZX4CTN1,cluster3
1682,9GJRMA20J,cluster10
1683,CGVWH11CO,cluster15
1684,R7H4DMX6L,cluster15
1685,4IXRHILMV,cluster1
1686,AJN82Q9WI,cluster1
1687,EJGLSR732,cluster4
1688,CY3O0RO8T,cluster4
1689,27R4S68ZV,cluster1
1690,K9KIPEDU3,cluster13
1691,SIPID7J26,cluster2
1692,WC7DZ4L1M,cluster3
1693,TG9IJ7PCZ,cluster1
1694,47ZBJ4DR2,cluster7
1695,E3D8DMUQ8,cluster4
1696,6UR1EV27A,cluster4
1697,1HMGH3YXQ,cluster5
1698,S90IPM1KZ,cluster1
1699,8HJLGEVK4,cluster1
1700,3FFQLKBWX,cluster6
1701,Q5MGC57P6,cluster1
1702,3ALH6OGW7,cluster4
1703,MNNCFYLAT,cluster1
1704,KV3LO2HXS,cluster1
1705,9KFWPFK84,cluster5
1706,2L60MII10,cluster4
1707,FY9JULY8S,cluster14
1708,USMLMZ7BG,cluster14
1709,W9FEJ4FDC,cluster3
1710,DP4I0YH4L,cluster3
1711,P6ZQSNJMJ,cluster3
1712,UPK734MI2,cluster1
1713,35M1DUKYX,cluster5
1714,YH6KHAJ5Y,cluster3
1715,K8XDG0BWO,cluster2
1716,PZOR9APOI,cluster9
1717,R2WJUOLW4,cluster1
1718,Y1U8NW56J,cluster3
1719,EHNM530RQ,cluster8
1720,7N3BJRNLO,cluster1
1721,R4FWF70AZ,cluster2
1722,4TIY54I12,cluster7
1723,1UHQXTIZH,cluster7
1724,U8MNY0NK9,cluster2
1725,ZMG62TFTN,cluster1
1726,YV94FB1QZ,cluster3
1727,TJ4T22OUO,cluster10
1728,DNMW2NWJU,cluster6
1729,NZGS8524L,cluster12
1730,FDYII5NKN,cluster6
1731,1GCK8TU9H,cluster7
1732,D6NSJJ8E4,cluster1
1733,CJWPXWMKB,cluster1
1734,G1B3MKHLL,cluster2
1735,RAPY4TK0Q,cluster7
1736,GM479136B,cluster4
1737,YVF8GV2DY,cluster1
1738,5MROBRYMU,cluster7
1739,7YZLQ791Y,cluster1
1740,UMFVK350C,cluster5
1741,5IJT4U9ZD,cluster5
1742,7A65C7KHR,cluster7
1743,BI2GXU2WX,cluster9
1744,IISWCHF1A,cluster4
1745,YTU0BHNGB,cluster4
1746,INXWQHS6V,cluster6
1747,S5CBFCY9E,cluster6
1748,LU98V5WZF,cluster4
1749,4X413047Q,cluster3
1750,B2WY34XT8,cluster4
1751,9WENS76Z5,cluster9
1752,HXKQYVDMA,cluster9
1753,D07MKXUNJ,cluster3
1754,63ROGLUN4,cluster3
1755,A79O1V7GK,cluster1
1756,9C42Z2RFL,cluster1
1757,22O405X13,cluster7
1758,BRJZOLKTB,cluster7
1759,4OGGARN02,cluster1
1760,P5B8K2FP7,cluster2
1761,BABD9B734,cluster4
1762,0XPMPFCUS,cluster1
1763,Q5USF5XSD,cluster5
1764,JPWVWWKBK,cluster7
1765,O6A7T6A6R,cluster18
1766,77ILGQC3Z,cluster18
1767,5C1GPZ9KM,cluster8
1768,DJLHV5A2Y,cluster6
1769,8OK7TTPNR,cluster6
1770,FAKO7TSUG,cluster3
1771,JSWTM8J9Z,cluster4
1772,3VUUVKG9O,cluster4
1773,KR1R1HAKS,cluster1
1774,S8P71RGIF,cluster3
1775,5CY0MCBWT,cluster5
1776,V9HXW3QUQ,cluster3
1777,2HRTYHFG6,cluster1
1778,L6MHDE4QK,cluster13
1779,JDN12FVDI,cluster4
1780,REM2E9E3X,cluster4
1781,8LGGFXJYW,cluster13
1782,AAFWJV8V6,cluster3
1783,WQVTZCD54,cluster2
1784,68VVPRF5O,cluster1
1785,CFSFIH899,cluster7
1786,OKZOPO312,cluster17
1787,9F2SOC2C3,cluster3
1788,9FVJVE6ZL,cluster3
1789,0GOD0JXOI,cluster10
1790,32FJUQPFU,cluster1
1791,G02ENMCSK,cluster3
1792,86UWY1A4I,cluster8
1793,AWPN1KVEW,cluster4
1794,KOCP4JT11,cluster4
1795,0EA6OAAPM,cluster15
1796,EVLR7R7GD,cluster7
1797,4Z3W2RMJG,cluster3
1798,NWVZWPHGI,cluster10
1799,4NFGG35RI,cluster5
1800,QH0MW0OX8,cluster2
1801,CS58EJSB5,cluster2
1802,G19FYGBGX,cluster2
1803,VPEI880H5,cluster1
1804,V6CEHJHO2,cluster3
1805,52X36CKDO,cluster2
1806,4C3JV88FZ,cluster5
1807,ULM8661PA,cluster5
1808,CKQAO2YRU,cluster4
1809,U20ZGTQI4,cluster7
1810,N52RWW9J4,cluster4
1811,H04PWJIU4,cluster4
1812,F30P59PHN,cluster1
1813,33FAAZ1UW,cluster1
1814,N7XPCVVBV,cluster12
1815,7S65YADH6,cluster1
1816,IQ1PZFEPJ,cluster3
1817,EUQ38P31C,cluster2
1818,8NOWELQV0,cluster1
1819,FCEBA6IMH,cluster8
1820,3QOPI1K8Q,cluster8
1821,0V3VHYJOZ,cluster9
1822,SKXVAIPW8,cluster9
1823,P2L9UN6IW,cluster1
1824,5UF6GH9I1,cluster2
1825,EHH20XHM9,cluster2
1826,9AFPNOKIM,cluster3
1827,YF41U5FY6,cluster3
1828,2Z66WDDQN,cluster3
1829,52TXJZGR3,cluster10
1830,TJHQAX7BO,cluster3
1831,VOIKOVGVQ,cluster1
1832,NKTE3KUA2,cluster17
1833,0BT29GG3F,cluster4
1834,ZETB5M01K,cluster4
1835,58CEMZR2U,cluster4
1836,PR6GQULA3,cluster2
1837,HK5RA8VN2,cluster1
1838,NZBH2GA0C,cluster17
1839,AOM8W58KM,cluster17
1840,9AHRGIKQ1,cluster12
1841,JRIT07PV7,cluster14
1842,TE6IOI2CW,cluster13
1843,35N5502MV,cluster2
1844,563I60QTS,cluster3
1845,CFBZS3IE2,cluster4
1846,ACYIDQAEZ,cluster4
1847,6IZCOG4XI,cluster3
1848,FIM2AXUBH,cluster1
1849,GRBZP9AMN,cluster3
1850,CCWA0JZBH,cluster2
1851,H4JWZRI6O,cluster2
1852,H7DF829NM,cluster8
1853,PSQS4ZTRK,cluster8
1854,R0OENM5B3,cluster1
1855,570AFADEP,cluster1
1856,9N7FV77E0,cluster1
1857,SVBHE33Z1,cluster2
1858,EPKWQTJCD,cluster2
1859,RT2NQSGPE,cluster5
1860,Y02Y3WVQ0,cluster4
1861,41RKVQXC0,cluster1
1862,5JQLC1ZGS,cluster5
1863,CSD42N7XG,cluster3
1864,QFIJ5HOHW,cluster1
1865,FJXI0CYKV,cluster1
1866,IMK18X5DW,cluster1
1867,7J5OVVBUS,cluster9
1868,K24MFVA0C,cluster10
1869,5XJYAA5FV,cluster5
1870,LZ6UWB8XA,cluster15
1871,KWL5YZJX1,cluster1
1872,IT6RBDMOX,cluster1
1873,ES4CNEWFW,cluster2
1874,M9Y1T5SHC,cluster4
1875,DQCQXJ95E,cluster3
1876,OG7L0GB6F,cluster13
1877,BQS2NF24X,cluster1
1878,GFRR5NKSM,cluster12
1879,0QLAO7185,cluster9
1880,PW35TRXU6,cluster9
1881,5M75UPLYH,cluster8
1882,DNQFZGBCK,cluster2
1883,YC01VXB32,cluster9
1884,P5WBCUCRK,cluster4
1885,MHA57B0CZ,cluster4
1886,8BFHH12MB,cluster7
1887,GD0GBEZ4X,cluster3
1888,QUP3FLPFF,cluster1
1889,YK8J6Y9ZS,cluster8
1890,XKMMKYAOK,cluster6
1891,UM3BHP5UX,cluster1
1892,97OE6POUI,cluster7
1893,GGKEVSJF6,cluster7
1894,U6TR55MOY,cluster12
1895,R5Y0G4MSB,cluster1
1896,O5YRQSNWR,cluster11
1897,TMUVPMO8S,cluster4
1898,SG4A9BGKL,cluster1
1899,29LP5LYGX,cluster3
1900,MBVY8ZOXM,cluster18
1901,Y80865P36,cluster1
1902,E2XXBG9SD,cluster1
1903,M5MC2U9I6,cluster13
1904,4AMC75PTB,cluster2
1905,VZF1YA17E,cluster2
1906,BOG8GTODY,cluster4
1907,5F16TBEKF,cluster4
1908,RGQG98XAC,cluster1
1909,S1ZRRSSXK,cluster15
1910,DH1VCW2ZK,cluster4
1911,6MXSGOUV1,cluster2
1912,6HJRE94VG,cluster1
1913,KAVSQ04R4,cluster1
1914,8XOPBOGK5,cluster4
1915,92NJXQ6CC,cluster1
1916,UJ8GRPVWC,cluster5
1917,0PMUNN0JV,cluster5
1918,LFEU98C84,cluster4
1919,SHBB7UABV,cluster1
1920,I6640UWBI,cluster5
1921,K3Y4M840K,cluster14
1922,UOPJY4VGT,cluster2
1923,K8MT2XJXV,cluster6
1924,FGYS11P8Q,cluster1
1925,VLVNQC7ZL,cluster7
1926,DERRIF41X,cluster7
1927,UY8PKVPO0,cluster4
1928,HF6FBYY47,cluster2
1929,9G321944W,cluster1
1930,ZNZTUU7CG,cluster9
1931,HU5LTUPUB,cluster8
1932,DSG96I4OY,cluster4
1933,SB9FBWK9A,cluster12
1934,NM1VGEFKF,cluster1
1935,RB5GWP2OT,cluster7
1936,5O4YPUUK6,cluster1
1937,K8P8RECEC,cluster8
1938,HHKQUYEUM,cluster5
1939,V7N310RX9,cluster2
1940,IXADCJ1EH,cluster16
1941,G85CF2LIG,cluster5
1942,8WMYW80L6,cluster1
1943,A5YFOHS4V,cluster1
1944,LTYW0T9IG,cluster5
1945,19FBZ40NF,cluster5
1946,ZICB9ZKKR,cluster3
1947,9OLTBPQWB,cluster3
1948,A8TIPBG1A,cluster19
1949,RDCY4GQ21,cluster19
1950,VOE2GCISB,cluster3
1951,VECYBBEJN,cluster6
1952,J9KKWIGFE,cluster1
1953,BJOSFV6B5,cluster1
1954,VM668C4RA,cluster5
1955,H1IM6FBH7,cluster4
1956,ORTU9035E,cluster1
1957,M8MLDCE7W,cluster3
1958,FUTZ1N3F1,cluster6
1959,C0A976TEJ,cluster17
1960,E0RK9CE85,cluster17
1961,CRPERKIJ6,cluster3
1962,KGVN9IHFT,cluster6
1963,YYL8GZXMD,cluster7
1964,MV137QA43,cluster6
1965,MT2RHGD80,cluster2
1966,Q9CUN5ZLF,cluster2
1967,OW1D3AST5,cluster8
1968,B216RPXJ7,cluster12
1969,LQMDBO06W,cluster1
1970,X1OVWR5ZU,cluster5
1971,DQGR15TYR,cluster2
1972,DIYM7EOHN,cluster1
1973,VVHC2IES5,cluster3
1974,LJKV30DQC,cluster1
1975,PN3H9IUVI,cluster13
1976,PQSETLS5J,cluster10
1977,AQKE781QN,cluster7
1978,75RAEPRC3,cluster1
1979,H8C8V4AOO,cluster1
1980,13C6YPE65,cluster10
1981,OCB0AH68Z,cluster1
1982,BVGVZAPY8,cluster4
1983,PQGC70NFX,cluster9
1984,J1W8M52IQ,cluster2
1985,48Y0CLOJ6,cluster2
1986,CY6V88Q8U,cluster7
1987,E6ZQXKPC9,cluster1
1988,RW9XKYP0A,cluster3
1989,0N1HWVISQ,cluster6
1990,8IYKWEFOX,cluster16
1991,OPDE4I6YT,cluster10
1992,W3B739UFB,cluster6
1993,SE2SOE0HB,cluster5
1994,5OOCMOOTC,cluster5
1995,S8JIH40OC,cluster2
1996,AX06QA4Y8,cluster1
1997,YSSXWLFZM,cluster9
1998,4OGQURG0I,cluster5
1999,48HF96K4H,cluster4
2000,MDRI7P1GR,cluster1
2001,FELAFAV51,cluster1
2002,GPIDQPVJ9,cluster1
2003,40EX21V8O,cluster2
2004,T6NO95PQV,cluster1
2005,53AYU9YKY,cluster4
2006,RMLESOLFC,cluster15
2007,JHXTF5E0M,cluster9
2008,QS46Q84PG,cluster12
2009,GKNYLUWIV,cluster13
2010,TMV0ASWC5,cluster2
2011,V2GR08KV6,cluster2
2012,0Y3R461XC,cluster3
2013,2K2C2KVHE,cluster8
2014,LUYUP9ZCK,cluster10
2015,3P5CHAZ3M,cluster1
2016,HWDUMNU4B,cluster1
2017,TDJASA1GT,cluster5
2018,WBGKN6VX7,cluster1
2019,XRA2G7FIB,cluster11
2020,53FXCBQYV,cluster10
2021,MN97P3QRD,cluster19
2022,ZXXK84CS4,cluster7
2023,P8ZKYXCL1,cluster1
2024,HIX8J8CW5,cluster3
2025,4R2EL15QS,cluster2
2026,B7Y08JTJM,cluster5
2027,HBJASTGPG,cluster5
2028,BTBG919XV,cluster1
2029,RVDYPE0TO,cluster8
2030,5BR2GD2XN,cluster6
2031,II01ZFP2B,cluster1
2032,9N41FA5E0,cluster1
2033,ONTOZCQEW,cluster14
2034,S957G790I,cluster2
2035,QXBJFU671,cluster2
2036,NXCOOZT4D,cluster3
2037,BST1SNJSE,cluster7
2038,LERWL9NEO,cluster17
2039,7Z29IAFKI,cluster7
2040,MO4PZXJ8Y,cluster1
2041,YUSYZD6KG,cluster1
2042,S3CA9KLX4,cluster3
2043,U3F0GZZ9L,cluster6
2044,QG3JVQ9GU,cluster6
2045,VVFAM0N2S,cluster2
2046,K5QBKBTCT,cluster2
2047,7W23B7HFS,cluster4
2048,MYI6H8VUT,cluster13
2049,SCE3X6T4Z,cluster7
2050,3OI8NBCAH,cluster4
2051,TJ2ASIJ3N,cluster7
2052,19ZVCASP2,cluster5
2053,H67O4P7SJ,cluster15
2054,99OZHEY9V,cluster1
2055,ER2TROSSO,cluster4
2056,ULF370FAT,cluster11
2057,P118961KC,cluster14
2058,MU2HSK45C,cluster1
2059,O7PMFT0XD,cluster1
2060,TTSNRO8LU,cluster5
2061,U1YLDJT5L,cluster7
2062,ELHQQ4CWH,cluster5
2063,INPNXKDHR,cluster18
2064,Q75HSO1RB,cluster2
2065,FJ7IVNK17,cluster5
2066,SH5MDSJ4N,cluster1
2067,KQDM2HLBN,cluster1
2068,BCKTBELXH,cluster4
2069,083BYIC9N,cluster3
2070,2F4DU2HFG,cluster2
2071,U418749W3,cluster10
2072,0SNNRAIBB,cluster2
2073,9J8PQZ17Q,cluster1
2074,SOS9PS94Q,cluster10
2075,T88R8BGHK,cluster1
2076,6C7PTHNPU,cluster2
2077,0XW5RZ0Z6,cluster16
2078,2B3O856Y2,cluster16
2079,EE1ISMFAC,cluster3
2080,1G9RT02TG,cluster1
2081,CGT5V070P,cluster4
2082,CL229SGS8,cluster8
2083,62J7MXC2B,cluster7
2084,7HJ27I4W2,cluster7
2085,63QLSDXRK,cluster1
2086,6Q42KMY10,cluster1
2087,VP3OQJ0H7,cluster5
2088,54TT61HMP,cluster11
2089,JBIK0HF1A,cluster7
2090,XYLU5VLWW,cluster13
2091,2DXHJLWUW,cluster3
2092,HFSDFMLW1,cluster3
2093,RQ3BC3QF0,cluster1
2094,3PHZRMFNP,cluster4
2095,A7KZJJ7SK,cluster11
2096,MJHJCMXEH,cluster17
2097,JRQANLB7T,cluster8
2098,1FV2F2834,cluster1
2099,9M62TV8LI,cluster5
2100,DIET1VJ4G,cluster5
2101,OOCANZJ4I,cluster3
2102,O7QI7KHC6,cluster2
2103,WL7XITQU5,cluster8
2104,FZXP16Z58,cluster4
2105,G4BMQ5KTD,cluster4
2106,WMO18VJIG,cluster10
2107,6E8SC2CUA,cluster1
2108,M9NLHVZ55,cluster10
2109,BQGJBDP2J,cluster7
2110,ZS91Y46I3,cluster18
2111,EC111JBFI,cluster16
2112,A478I2540,cluster7
2113,G7GZP8ZU3,cluster10
2114,LD5XLTHUG,cluster2
2115,2OZIC9XOJ,cluster8
2116,YYI3R87YH,cluster4
2117,N17C5XHRH,cluster7
2118,HK7H00B64,cluster5
2119,XCE93OMEB,cluster9
2120,7RYYN39Y6,cluster19
2121,ZK2HYWGQA,cluster4
2122,1UJL5Z6WC,cluster4
2123,O3Q8VAY4F,cluster2
2124,QP80TJIK0,cluster1
2125,VH96SIUKR,cluster2
2126,0QVQI4ZZI,cluster1
2127,0P09TUI04,cluster2
2128,VAHRUDUJ6,cluster2
2129,1BZG1KE0Y,cluster2
2130,YYPYTFK3Q,cluster3
2131,147XGVNGF,cluster13
2132,05PW6XUB0,cluster16
2133,77JRBFF8Y,cluster16
2134,MRTCS4ZVN,cluster3
2135,ELYPQ8JIG,cluster12
2136,3RQGB2PH5,cluster1
2137,E416S7D6T,cluster1
2138,K1MBWILKR,cluster2
2139,X5YF0B20X,cluster4
2140,ZU7QPX9ZH,cluster2
2141,IYGPSCGED,cluster4
2142,AB0BGY2SS,cluster2
2143,C5TY8KO0M,cluster2
2144,HQDZOCWVC,cluster11
2145,HIQ7IQBYA,cluster5
2146,HWDKX8EYA,cluster5
2147,C2SQUWWQT,cluster1
2148,CLTMZZ3F0,cluster1
2149,PT6NXEX9T,cluster5
2150,VRZXHI8SD,cluster3
2151,D8QAFWQOD,cluster4
2152,JFRUYGW40,cluster9
2153,OWD7ZF57J,cluster1
2154,E0C5B8H7Y,cluster10
2155,USZWE3AUZ,cluster2
2156,VX22RSEG1,cluster11
2157,P9HKU2WNC,cluster2
2158,BGMB7DVEB,cluster8
2159,H6LZ1GGWJ,cluster7
2160,DVFWFPLU0,cluster1
2161,XQBAXY918,cluster5
2162,WPP9ZOG5E,cluster6
2163,9ZTMNJBFI,cluster6
2164,U1MAET94L,cluster7
2165,FNANH6ANF,cluster2
2166,POXFU6NFH,cluster6
2167,DTKH8QTCA,cluster1
2168,0AOHQ93AI,cluster3
2169,Y2Q157JLT,cluster1
2170,MGVWP8JXP,cluster13
2171,ZKHZT7GA2,cluster3
2172,A9B55OMVS,cluster2
2173,78U40577Y,cluster2
2174,4CGYQ9C3J,cluster5
2175,ZB4E0WLFM,cluster1
2176,0WMRHW2DM,cluster4
2177,ZXQ8D090T,cluster1
2178,80XZVQD55,cluster13
2179,3G9UIGWN6,cluster2
2180,LD1SWN70J,cluster3
2181,QBKVQPOKG,cluster4
2182,LCSBHB2EX,cluster2
2183,P93GFKODM,cluster1
2184,Q0P7WFXWD,cluster13
2185,D4CRIJTRV,cluster7
2186,RBPC7BMHU,cluster6
2187,9X4ZL24HE,cluster14
2188,7WIB7Z9XA,cluster1
2189,AK2SA3PIJ,cluster5
2190,45AMGIS8L,cluster4
2191,Y5RXSUFCD,cluster3
2192,CTN9R9XMM,cluster3
2193,G2HHQPWU6,cluster6
2194,CKW9QEHDH,cluster10
2195,Z0Z4S5VOR,cluster9
2196,LDIKOQTH0,cluster2
2197,OJ0JNBQ6H,cluster4
2198,RFCB0637W,cluster8
2199,TEADIOMZH,cluster4
2200,E5ABO2TQ8,cluster6
2201,DWGKSVQP7,cluster7
2202,5JXUMYW6W,cluster1
2203,XWK2BVVNJ,cluster11
2204,WR25B6DV2,cluster5
2205,1LJQXTYSD,cluster6
2206,O42VD87AT,cluster7
2207,6KGC8SIUC,cluster3
2208,7MR5E9Z9W,cluster13
2209,X8HG1JCOS,cluster1
2210,6SEVLY07C,cluster1
2211,01X4T9KQB,cluster9
2212,05YV2XV9D,cluster9
2213,844F9U0UZ,cluster7
2214,G3BWQ5ALB,cluster2
2215,E486I4H0T,cluster4
2216,QN9IVQUIB,cluster6
2217,G4DG2KL3W,cluster1
2218,CP4X8I3WU,cluster1
2219,SCJK4NA2O,cluster6
2220,HYDRDQX13,cluster2
2221,T7MGAAGCE,cluster5
2222,0UWUOIFXT,cluster1
2223,CY5LBDB8Z,cluster1
2224,2S22XYY9X,cluster12
2225,0DLBG00RA,cluster12
2226,DJRQL3C1E,cluster5
2227,GQQ8ESILR,cluster4
2228,H5T7T4TF3,cluster7
2229,18QLKQ421,cluster14
2230,VQLA6L4E6,cluster1
2231,5HGI13SCO,cluster1
2232,YFWFR9PED,cluster4
2233,6R95XSO8N,cluster2
2234,62ENDR8PC,cluster2
2235,LEX6Y9O3C,cluster2
2236,3490JYGVM,cluster8
2237,WPN10EHQT,cluster3
2238,0GX24IEE5,cluster1
2239,5GP1AA81E,cluster10
2240,HW7IOEA2V,cluster5
2241,MGX8Y07BI,cluster6
2242,RATKB0CKG,cluster5
2243,RVO4YJ9TC,cluster2
2244,JG7L7P863,cluster2
2245,Y5IGXKN7M,cluster17
2246,6SGKV8V8U,cluster3
2247,J9RZGVIDL,cluster4
2248,LLBON7IA4,cluster6
2249,GYKX5H581,cluster4
2250,0ACE4365L,cluster15
2251,C9DKBNIFR,cluster5
2252,6B18Y4AEP,cluster4
2253,JRA8NQELS,cluster17
2254,JHU69XW38,cluster9
2255,MMO1GG1P3,cluster4
2256,WHY3SQDCZ,cluster6
2257,2Q87KTVG0,cluster3
2258,YNIYSUIQR,cluster1
2259,UYGDG7OD0,cluster4
2260,2JF1YPZ32,cluster1
2261,Q2KT5V0AK,cluster2
2262,33CXCDWPD,cluster13
2263,CEQXULY5U,cluster2
2264,W3LNSZ6BB,cluster3
2265,KA9JD8A2M,cluster13
2266,IP20GTMDF,cluster15
2267,FU1N4TYF2,cluster1
2268,V9GHUVRBU,cluster2
2269,3GEYQOSVR,cluster1
2270,AQBMTSENV,cluster1
2271,1CWENCQ7A,cluster10
2272,FBLVZKGZV,cluster12
2273,FD34W9WKY,cluster1
2274,N6YJR0WSP,cluster6
2275,RYY2R1Z8Q,cluster3
2276,6PR6BYZN2,cluster2
2277,87L9DET68,cluster7
2278,NGRC0OTK8,cluster10
2279,0JB0HTVND,cluster5
2280,V94O1FJ39,cluster1
2281,SA3XPAPMN,cluster1
2282,PE5H6KEDF,cluster4
2283,C9OT0R0NC,cluster3
2284,O27NHYVFH,cluster1
2285,KPT6T2NAL,cluster8
2286,U1NPYBHW0,cluster1
2287,AB50GU0I7,cluster5
2288,3QIXSEUHG,cluster14
2289,0WBE8JFIW,cluster3
2290,3LWY1U86F,cluster11
2291,WQZKTFG50,cluster7
2292,1RNBEAPED,cluster5
2293,TT1QQIYZ9,cluster5
2294,R4Y8ORGHO,cluster7
2295,V9DTWOZZJ,cluster8
2296,L7LPK9VKX,cluster10
2297,S3EG3S95N,cluster5
2298,63IKQ1PAL,cluster6
2299,ZU2GFACJK,cluster6
2300,9JISZW2D3,cluster12
2301,T9TXC7QGO,cluster3
2302,E6WWM9JQW,cluster6
2303,FVYHRK21K,cluster1
2304,CPQJSV7R0,cluster5
2305,1WG2PCW38,cluster1
2306,83R935AQJ,cluster8
2307,4T3ZO96L4,cluster11
2308,WOMU4P58B,cluster8
2309,TN8FZHNOI,cluster1
2310,LYJ8AAPOE,cluster1
2311,NDJNO107V,cluster4
2312,U8E886BHZ,cluster11
2313,PZUKC3O9R,cluster10
2314,TNPD5P8SZ,cluster2
2315,IFKYE4RO1,cluster14
2316,5SKDDYDEM,cluster1
2317,9BAY3YUPS,cluster6
2318,YPPF74DXK,cluster15
2319,K1VC9HHNU,cluster2
2320,ST9I8JS7A,cluster8
2321,TQZ3RU0AM,cluster2
2322,0783RDZU5,cluster2
2323,REYRUOHXE,cluster7
2324,O9MZ1Z7ET,cluster2
2325,W49N8KKOQ,cluster2
2326,9RAWZTTH7,cluster1
2327,98D012AQA,cluster7
2328,1FG9K1OX1,cluster3
2329,8ZGA5U6UA,cluster2
2330,BZP0PNLYQ,cluster9
2331,FPH47KAPA,cluster13
2332,MQQBHNUP2,cluster13
2333,JPNOCJ5FC,cluster1
2334,IGNRI5LX8,cluster1
2335,KOBD1ACGV,cluster1
2336,9JQC5DWW7,cluster10
2337,IU3KN7VOM,cluster3
2338,4MH6YFPVM,cluster2
2339,2SDVI9WQ3,cluster4
2340,2LUBJZJ09,cluster11
2341,R8U3SEZC8,cluster5
2342,7BHS5LCJG,cluster15
2343,CBRHZ5VX6,cluster15
2344,F0UH9O0VE,cluster5
2345,NB6DY5XZC,cluster6
2346,SXGPLAQAJ,cluster1
2347,ES8WQBS9G,cluster5
2348,DVMMJX5E9,cluster3
2349,8X3I7ZB8Y,cluster3
2350,WSYT34X7Q,cluster3
2351,943VQK1KS,cluster12
2352,LSWFMG0IS,cluster18
2353,XOJ838V1M,cluster3
2354,RX3AOHSHS,cluster3
2355,E6GPUZ1AK,cluster2
2356,UHLJDIRZD,cluster2
2357,GZ8IPL53J,cluster1
2358,RIWBESDG5,cluster5
2359,3Z3PQBJBD,cluster1
2360,Q6YRBVJNF,cluster1
2361,WVL1ORWMH,cluster9
2362,3393Y2BIK,cluster5
2363,PVUADJF5D,cluster5
2364,WQE7LYNXX,cluster6
2365,ABUTWMMA4,cluster8
2366,BPS1XI2OD,cluster2
2367,6YE4ZOQXW,cluster5
2368,27ODROZW4,cluster6
2369,9F90Q8J2C,cluster1
2370,BXUZHRY8G,cluster7
2371,5DK8S60AX,cluster1
2372,5ATBUHR1C,cluster6
2373,N87YKYI06,cluster4
2374,NSSC2LXOY,cluster1
2375,OFV0CW2AK,cluster4
2376,60SX68370,cluster5
2377,UYWF1XUQA,cluster6
2378,LKA554BEI,cluster6
2379,N5UOS56KQ,cluster11
2380,DN6XW72NA,cluster1
2381,YBJLF3EZ2,cluster3
2382,S0V51A7E6,cluster13
2383,IKCKP4VAC,cluster8
2384,OUEAYD3V3,cluster2
2385,SOJVJK3XQ,cluster2
2386,0OAUESIHK,cluster3
2387,1EO68GM51,cluster1
2388,TKQAP5WCA,cluster2
2389,WOSNKWG1Y,cluster7
2390,429KSW6FZ,cluster7
2391,K3TA15LSJ,cluster2
2392,8J39KSY4Z,cluster9
2393,DB87K7VQ6,cluster6
2394,06MW1SZGC,cluster3
2395,RUVKU1215,cluster1
2396,MKA8MAKIE,cluster6
2397,VV7R28SAZ,cluster3
2398,N2M8LUAII,cluster4
2399,M502IBG2Q,cluster3
2400,PFSA75PZE,cluster9
2401,80YNW006Z,cluster9
2402,OX4FT35SF,cluster3
2403,DBKNL1DWF,cluster4
2404,ICDNLFSGW,cluster14
2405,W4OYN7XHT,cluster13
2406,XGP8QQ9PY,cluster10
2407,JG27BNM5H,cluster1
2408,JZL4YIJCQ,cluster9
2409,UK5E6O9I9,cluster3
2410,0UCNYG5CK,cluster6
2411,T8VHB400A,cluster12
2412,EPS6ZMQ2C,cluster3
2413,RDCR8K03W,cluster8
2414,2SWZ2K5Q7,cluster3
2415,TP4HQ9Q6H,cluster12
2416,C1A6VHMXI,cluster5
2417,O31019F0L,cluster1
2418,H63E8IF3T,cluster16
2419,ZGLWI4VEG,cluster4
2420,DVUW3S5QD,cluster1
2421,DWGF8K38U,cluster1
2422,2XJ593VL8,cluster4
2423,IZ73XWLPN,cluster5
2424,50GI9L346,cluster3
2425,B3O94VEPH,cluster1
2426,764M47PHL,cluster5
2427,RKJZL4YOI,cluster3
2428,ET48C31OI,cluster15
2429,VMXYH0ZUF,cluster15
2430,5DYFBBO9Z,cluster4
2431,M2XO9OX71,cluster16
2432,S7Q2SK5BH,cluster15
2433,4S3SNRQT2,cluster5
2434,QQSBRIN6F,cluster5
2435,DTWBKR22K,cluster1
2436,Y5M49QUBA,cluster1
2437,VNB5K3HKO,cluster1
2438,SQXMNVXC6,cluster4
2439,BI247DUOC,cluster15
2440,WXBPO953W,cluster15
2441,6FGX0WQVB,cluster11
2442,0EHOVL3F8,cluster1
2443,EX8CKT6M5,cluster8
2444,8YCFJ9YOW,cluster3
2445,AY5XSBYCA,cluster5
2446,IFXK2IYGA,cluster6
2447,BT209IZ02,cluster1
2448,BR7NRENPL,cluster3
2449,0AI9JIZ2W,cluster4
2450,7O8FJYLYD,cluster10
2451,AHSRMK4RF,cluster11
2452,7S4KSYTON,cluster10
2453,H1ZNUETHI,cluster13
2454,U65POKKZS,cluster18
2455,KHEIQ9M5X,cluster2
2456,SQAQ8E20A,cluster1
2457,VFC3N0VEI,cluster6
2458,2TZN6OZZU,cluster2
2459,COF191ORE,cluster4
2460,CU3PZ91HW,cluster4
2461,PXIMKS7T9,cluster15
2462,SPEC9AN84,cluster1
2463,7P93HIBBU,cluster1
2464,J5MY1UZCZ,cluster1
2465,ZIIGQOPOB,cluster14
2466,VVG6I5N1B,cluster2
2467,FBUQXJ4SJ,cluster3
2468,S9HNNAIL1,cluster3
2469,R7101WYHU,cluster3
2470,14P6MK6IZ,cluster4
2471,09XH8H0OG,cluster9
2472,EIZ9W95AR,cluster9
2473,PEL708C8L,cluster2
2474,OEF5000C5,cluster4
2475,E34HEJWJN,cluster3
2476,R3TWGEV21,cluster10
2477,8TPXDG42T,cluster9
2478,PT0049KIG,cluster4
2479,T3XW07FDY,cluster1
2480,POWBOAB17,cluster8
2481,PRM8V76R3,cluster3
2482,1MV2UQXC4,cluster2
2483,2MMDJSTE5,cluster8
2484,SJM6KU2G5,cluster5
2485,02OAXUDJX,cluster2
2486,2O7D222FZ,cluster1
2487,2IZME9E4G,cluster6
2488,AZAQ6AU88,cluster1
2489,A1FVK6RPC,cluster5
2490,0PS3UG706,cluster3
2491,WPCIJLU3N,cluster3
2492,VEKCFL5VR,cluster11
2493,XZDCN05KY,cluster1
2494,PHLG69HPO,cluster1
2495,31P8EGL0Y,cluster1
2496,W3CG1Q130,cluster5
2497,ACZ1EXFDG,cluster7
2498,0Q50IAKUC,cluster1
2499,JKX6CNCJ2,cluster8
2500,9P4C8HLH3,cluster13
2501,7CG8O8XJ3,cluster1
2502,F0J3TGWYU,cluster1
2503,6ELPVNVR8,cluster16
2504,4XGF7EN0J,cluster16
2505,R4NPAD8ED,cluster14
2506,404AUWO4W,cluster5
2507,17U9V7NPR,cluster14
2508,GXT6M9R5B,cluster1
2509,HBLBQFAWT,cluster2
2510,9GQED606F,cluster1
2511,QX1PQ23IU,cluster5
2512,BPQZ6THJD,cluster5
2513,RIJPXQ6DN,cluster3
2514,XJGDAF7G6,cluster1
2515,H18NF1W7S,cluster1
2516,CVPJN3242,cluster3
2517,V3CIRS933,cluster10
2518,PAIM84T7X,cluster4
2519,YURJQXARU,cluster2
2520,8BGRVBD6P,cluster13
2521,VY1DWBJ4I,cluster13
2522,3F2TB1VFZ,cluster3
2523,CM3C7Q43L,cluster9
2524,LV91JF6Q5,cluster5
2525,YLURS3GCJ,cluster12
2526,5SW2OYSDM,cluster13
2527,CKTP9MZDP,cluster1
2528,SJ83J9M8W,cluster11
2529,8R9PYNMQ2,cluster6
2530,08RZWTGAI,cluster6
2531,WZ958R0HK,cluster3
2532,LS0MVABVH,cluster8
2533,WD5RH70B3,cluster8
2534,3FJJ89RU4,cluster1
2535,GB9U47F2W,cluster9
2536,QZ6XT2PKV,cluster9
2537,AU6WSDEUP,cluster2
2538,8S1KH4582,cluster2
2539,62E6KTMYD,cluster3
2540,Q4JG9LJV1,cluster2
2541,F6DB36ZVO,cluster7
2542,C7SAB7SNT,cluster6
2543,TZCLJP7KP,cluster3
2544,VFUIAWE31,cluster11
2545,OX2XRLFPK,cluster8
2546,L4060Z3W4,cluster1
2547,N1OE7VEQB,cluster4
2548,L1DWL3MMH,cluster7
2549,AQDRAUC0Y,cluster1
2550,914Y0S91B,cluster7
2551,5R1PN5IUU,cluster8
2552,VTAK1OW52,cluster7
2553,IBJKTO3HC,cluster2
2554,F7HR6981W,cluster3
2555,TF5MAG4U7,cluster5
2556,9KJQV484H,cluster5
2557,KITRRCAR3,cluster5
2558,64VOFJ31V,cluster8
2559,JI6QLSKHZ,cluster4
2560,HJ5MR2VO7,cluster5
2561,NYUP3YPIE,cluster8
2562,KMSV9L2XW,cluster5
2563,5TAREL6KW,cluster3
2564,860H86ITI,cluster1
2565,5B3Q17U56,cluster2
2566,0RTFSIQT0,cluster2
2567,WQ4RMKEH8,cluster4
2568,4SI5OA687,cluster4
2569,T9EP740S5,cluster2
2570,FJRGIPHUH,cluster1
2571,MT9URI32M,cluster1
2572,T0K1MQKB0,cluster11
2573,G6PVOBD0G,cluster5
2574,T6U1N6H8Y,cluster11
2575,KQQ07XAUP,cluster8
2576,VZZDTKCKH,cluster3
2577,40V3VXC61,cluster6
2578,QW3NRQD61,cluster2
2579,Z6LC71ALA,cluster13
2580,8H70N2069,cluster7
2581,B0MVC937S,cluster4
2582,Y1THA71IK,cluster4
2583,WRNMPSCTK,cluster5
2584,MKVWKQLC7,cluster2
2585,462LDEX3G,cluster6
2586,45JAJQR0T,cluster3
2587,GPA1ZGJNQ,cluster1
2588,8I5UXCO91,cluster8
2589,H43G8930O,cluster1
2590,CRPNAPNGN,cluster2
2591,HXCXKPSUS,cluster6
2592,DQU5XA4R7,cluster10
2593,IK0WQV4EZ,cluster9
2594,96VSVMV1D,cluster11
2595,MQQWLSYEK,cluster1
2596,DL8UCUOXI,cluster1
2597,717GUUQO5,cluster2
2598,OIH4S606V,cluster3
2599,DPWK3F3A7,cluster16
2600,Z6Q11HCQY,cluster11
2601,MLDCFFL0X,cluster11
2602,7A7TZMQPS,cluster13
2603,TA0TS1ZDA,cluster5
2604,UT2WF55CY,cluster1
2605,T473S9GAN,cluster2
2606,50UXOO6TD,cluster5
2607,D9RQ0RN9E,cluster15
2608,7GIODT53Z,cluster15
2609,YAPHJXREU,cluster3
2610,1ENZEYKXZ,cluster8
2611,G924N98WP,cluster1
2612,M3K3G0HHX,cluster1
2613,76O8C8WGT,cluster1
2614,EL4TBQ0WT,cluster1
2615,4K5RA81SE,cluster5
2616,VY1IQK701,cluster11
2617,9YYBD8TT0,cluster5
2618,D2OS9CN2S,cluster4
2619,AZBWJ9XPS,cluster1
2620,R8YUD8B7M,cluster12
2621,VY994CMFE,cluster4
2622,G0VVYN1G4,cluster3
2623,2BES6RGA2,cluster1
2624,PFZBR34MV,cluster3
2625,6HWAEXTQH,cluster3
2626,8ZNO8BIHL,cluster9
2627,Q4KUCIVNO,cluster6
2628,GTI2GZ6XF,cluster11
2629,00ZNUSEGA,cluster2
2630,TER22Y23C,cluster2
2631,067SBL2JV,cluster5
2632,6WDSSQYVM,cluster1
2633,7F5W3F1OX,cluster8
2634,8UD7JTX97,cluster2
2635,BGNLT927M,cluster5
2636,PU13QZ4JY,cluster8
2637,D1BRYFYJ6,cluster6
2638,2P8EFRQJL,cluster4
2639,FC9XW1CZT,cluster3
2640,L6QF8RH1K,cluster15
2641,8E8ZC6184,cluster12
2642,H9Y1CT6IB,cluster2
2643,EZFCOAIT9,cluster8
2644,CDYMS4URU,cluster5
2645,KTE6RXDPY,cluster1
2646,0UUG7BU8I,cluster1
2647,Y8275LJBI,cluster5
2648,254O3DSMI,cluster9
2649,JKE6NZH7E,cluster2
2650,216LPDEH4,cluster4
2651,C8D70IIXH,cluster4
2652,100UDECF2,cluster4
2653,20CKF3ZWL,cluster2
2654,0LTCPC9RM,cluster8
2655,ZY3D4GEPJ,cluster5
2656,NPF4Y5KBX,cluster1
2657,VG90BV6GT,cluster8
2658,CPOMMX40I,cluster8
2659,OQEKZ5VWC,cluster9
2660,Q8DV4FMAH,cluster5
2661,VGC01ZB0H,cluster5
2662,MH2ASXWHA,cluster1
2663,1BOD4FPSY,cluster1
2664,X5VG044C1,cluster4
2665,XAKI4E6XC,cluster4
2666,KLCY9ES1H,cluster1
2667,SVPT95V00,cluster1
2668,0UKSDIAP8,cluster2
2669,6SQJ1ZRRH,cluster1
2670,2Y6XYS12P,cluster8
2671,XIANW1HI3,cluster1
2672,1H950GYRD,cluster1
2673,S6I4R66FD,cluster15
2674,CFSEA1CI4,cluster15
2675,9GEBR8SH4,cluster6
2676,ZV6KY08RC,cluster4
2677,O2BJ89FW0,cluster1
2678,I390LDN9S,cluster6
2679,2CXRAOMMR,cluster2
2680,Z69KV5OXV,cluster1
2681,XMG240E95,cluster4
2682,K432YHQR9,cluster1
2683,UK9YVOPX8,cluster1
2684,E8A04E06X,cluster4
2685,VCD8JOI4W,cluster4
2686,58WZIK51Y,cluster10
2687,5IXBVPE9A,cluster1
2688,KYFDHAA0R,cluster6
2689,D7R3OMQIW,cluster1
2690,FEW1DRYSU,cluster6
2691,7CPMP6BDN,cluster11
2692,A8B55W5J3,cluster11
2693,2UF6VAUAJ,cluster3
2694,647NG17G3,cluster3
2695,9L2D3IE0O,cluster7
2696,DKN6A2OTX,cluster17
2697,2EBUVMLQZ,cluster13
2698,U3MARAWRW,cluster3
2699,IMEX0K73J,cluster1
2700,HILTOLDZZ,cluster10
2701,9K4J7STUU,cluster5
2702,UERR91Q2Z,cluster4
2703,IL1PD51JB,cluster6
2704,QOXZK323D,cluster6
2705,AMQRX23IB,cluster14
2706,O6TUQEDCW,cluster5
2707,CRMZ0AXQW,cluster1
2708,5R1FRRJH0,cluster11
2709,Q2ZFJZ5HS,cluster6
2710,F0AKTDLH4,cluster3
2711,MHBESWB72,cluster10
2712,FHKKURP18,cluster10
2713,S6MGZ0J9Y,cluster3
2714,G1H7U4NOD,cluster3
2715,XHDGYPN53,cluster1
2716,2IXEUSFW1,cluster1
2717,9SOZPQSLR,cluster5
2718,ZL6K349D9,cluster13
2719,0THOTAQ2B,cluster9
2720,8I92Q0L51,cluster1
2721,1NY9ZW0OL,cluster1
2722,J8R1TIFOU,cluster2
2723,06Y69D9P4,cluster3
2724,BKBU92OI9,cluster2
2725,BV2HR57AJ,cluster12
2726,4R7NEZUKL,cluster16
2727,21QW58OKO,cluster13
2728,29MGAQA86,cluster1
2729,GNOZOMKVT,cluster9
2730,5DVBG03XU,cluster1
2731,WGRI0UDU0,cluster2
2732,0BY8ZCY44,cluster5
2733,DN1DRMP1H,cluster6
2734,6MW2D0QMX,cluster1
2735,VULK1WUAB,cluster2
2736,U8EMJ67QR,cluster2
2737,37NA61AAI,cluster3
2738,1DRKQFEXF,cluster14
2739,1YUQIEPJ0,cluster4
2740,PPDG3O932,cluster9
2741,9XS4STZ9R,cluster3
2742,O7T7GAU7X,cluster3
2743,DWW5SV8NM,cluster2
2744,BQ1BYKOC5,cluster3
2745,EX66D0UD3,cluster9
2746,NKTSKIX3P,cluster1
2747,JFKBCAVBV,cluster7
2748,HRSZL42CO,cluster4
2749,HGWGSX9WI,cluster6
2750,K1EYASYE9,cluster11
2751,0E5EGY0CC,cluster18
2752,VVVGYCKIM,cluster1
2753,8YEB38794,cluster5
2754,IMTFIX05S,cluster6
2755,TN9ED892B,cluster8
2756,76D4IYYXB,cluster1
2757,TU1SLMR17,cluster7
2758,XPGWVQVMB,cluster1
2759,QTLEN772O,cluster5
2760,1Q7OBXMOT,cluster10
2761,5VEAJTL0I,cluster11
2762,XLEXPJGXV,cluster17
2763,LEQ02URM2,cluster17
2764,RN101K3DQ,cluster4
2765,V4MD9SB53,cluster1
2766,UG352XU4L,cluster12
2767,AY0YR38Q4,cluster18
2768,P8HHAJ4ZV,cluster5
2769,RN0P2YXM8,cluster2
2770,X4ALEOY6G,cluster2
2771,WRXGWXBSN,cluster1
2772,JFTFOBDUD,cluster5
2773,LCG7ZI0JV,cluster5
2774,MLZ6OR8A9,cluster5
2775,FQ8OTLEA4,cluster2
2776,P56TC1F01,cluster13
2777,B0O3137U5,cluster3
2778,Z99X9YIDA,cluster7
2779,3O0R0QMAS,cluster7
2780,21MUCWC8K,cluster2
2781,OPKYEYBV1,cluster3
2782,DH28OX6XY,cluster12
2783,VI3BKB0Z6,cluster4
2784,L11IF4M5B,cluster1
2785,12S0891J4,cluster5
2786,PI31DTH3Y,cluster10
2787,E2BWP92DQ,cluster10
2788,LA9IC3A1T,cluster4
2789,1Q9VKCPLD,cluster3
2790,ZRYWD91H6,cluster4
2791,OSCDEN7E7,cluster2
2792,HFCIK3UXG,cluster1
2793,H35MZZ2SY,cluster12
2794,LVKY5YG0U,cluster2
2795,Y95FQN0II,cluster13
2796,K83FTISQ6,cluster4
2797,60I7H2B6D,cluster3
2798,FMEZQH9K1,cluster18
2799,L9FHR2S1W,cluster14
2800,1SOLBJJN5,cluster14
2801,D33BMN0VX,cluster10
2802,P68G8PR0H,cluster4
2803,3L1T8T929,cluster1
2804,TRGNCZWOG,cluster1
2805,VCB0LZX7I,cluster6
2806,5WEF6TYF0,cluster16
2807,NLJ9HUO6K,cluster9
2808,OAHOSE1BX,cluster9
2809,AC7GRKJLV,cluster1
2810,E3BFJ0TTN,cluster16
2811,ZJ0WF81H8,cluster3
2812,S98H4TS1I,cluster1
2813,FUVYVPV9A,cluster4
2814,2Y7P8B0A3,cluster3
2815,NXLX2TYV6,cluster8
2816,G43HPP4GZ,cluster4
2817,BTKZX7UM1,cluster4
2818,G7MUUV0Z2,cluster7
2819,RADO18P2H,cluster18
2820,19OHQDUNK,cluster2
2821,ORI22S2IL,cluster2
2822,D9CZSI635,cluster5
2823,JT4XPCBRU,cluster3
2824,6C4QMQVFA,cluster10
2825,0XT29KL8L,cluster1
2826,17L13XIVU,cluster2
2827,7TR6A1MX5,cluster2
2828,IYZ5XNZU2,cluster13
2829,X5SUSM6FS,cluster4
2830,MTSUA7A1I,cluster5
2831,9FKXIF4DD,cluster3
2832,ZF44FQMSI,cluster1
2833,CYYUIDMU1,cluster1
2834,QX3MQ5TDI,cluster1
2835,C8Q0GQ45V,cluster1
2836,EGPU7UYXJ,cluster2
2837,T6MAUI3S0,cluster3
2838,DPB9A3VIJ,cluster5
2839,ZPOBBPUZ7,cluster3
2840,DIYWDD2PT,cluster1
2841,V0PDUL623,cluster9
2842,47T83X5F9,cluster4
2843,91JY21RI3,cluster1
2844,BSLK9A4T4,cluster3
2845,2IHLR0EPR,cluster19
2846,O8R5WQ8Y5,cluster2
2847,1Q3Q90SV2,cluster5
2848,XAGDRPIIQ,cluster2
2849,CC588I36Q,cluster3
2850,8ZT9ZPJDT,cluster2
2851,MSOUHBTW9,cluster2
2852,QUTX8OZW3,cluster11
2853,3B6HQ7361,cluster3
2854,2QWHN1P1O,cluster14
2855,WMVWX2QHI,cluster4
2856,H3BSKLPG3,cluster1
2857,DM789TUX8,cluster7
2858,765VQE9LM,cluster2
2859,WDOSK3RW7,cluster2
2860,UWRNLFYAU,cluster3
2861,53TVZQWLY,cluster3
2862,BKWZRMWPQ,cluster3
2863,OAE8PDQKR,cluster1
2864,RMZS3HYLM,cluster1
2865,2CPYLD0W6,cluster1
2866,RQPDOVUPN,cluster2
2867,2C6KNA6EJ,cluster7
2868,ML88UNYGY,cluster3
2869,VTJZT415X,cluster7
2870,5FGUOW834,cluster1
2871,JT2KS915K,cluster2
2872,SHWVI2VHN,cluster4
2873,170T6AR64,cluster7
2874,7ZLVSWD93,cluster3
2875,VYUPXTX8A,cluster2
2876,YE7U5FW01,cluster1
2877,8AGM3EMI3,cluster3
2878,N3HH11BQN,cluster4
2879,PIKAQ0438,cluster2
2880,N2HCX7HJV,cluster5
2881,RC8IBH0IC,cluster7
2882,X6YXGOANF,cluster2
2883,3WKXDXN9U,cluster3
2884,2EHY7HPK7,cluster1
2885,AH294VHRU,cluster2
2886,JQBGKP6W8,cluster4
2887,ANX90173O,cluster4
2888,WPI6QZIIO,cluster4
2889,8ELED7Y1B,cluster3
2890,T98HPNYP0,cluster3
2891,GJVDACICD,cluster5
2892,0UDIOCAYK,cluster5
2893,0MPV067EH,cluster17
2894,4RRKUNK5T,cluster4
2895,IJ87GPOBO,cluster11
2896,J1W7OB6VP,cluster4
2897,N4B5RI7LL,cluster3
2898,F7O7JP657,cluster2
2899,EB7QFUPAJ,cluster2
2900,0NJTBZZMA,cluster8
2901,9KN7FLB9N,cluster19
2902,GEXF8HSVA,cluster1
2903,ZRE65F504,cluster2
2904,X230HT4H1,cluster1
2905,GELIUCS8X,cluster1
2906,Y5KXCTNCC,cluster7
2907,0MNKSCBCB,cluster9
2908,G28YLWDK3,cluster12
2909,55DNOTPPG,cluster4
2910,25GVYZ6WS,cluster3
2911,ISJRFYV8V,cluster1
2912,ZCEA10045,cluster1
2913,1ET3RF36X,cluster1
2914,CQBNLIESX,cluster4
2915,6BLNEPG5W,cluster8
2916,OBT4O2J17,cluster2
2917,RQH6LZ1DN,cluster10
2918,C7KKETYY6,cluster2
2919,V35QO77IQ,cluster8
2920,XNVODJQAU,cluster4
2921,SSO3JAYO1,cluster7
2922,G3AK41ZMP,cluster5
2923,PTD4TSRK6,cluster1
2924,V10WQFO45,cluster2
2925,DWSBVSYS1,cluster2
2926,RTAM4EG9S,cluster2
2927,VZKZ4CJ7R,cluster1
2928,NY0K9NRO4,cluster5
2929,9THTV30XK,cluster1
2930,BT7PNDG4I,cluster9
2931,ESJLYIEW7,cluster1
2932,JUX1BZ6HY,cluster1
2933,47WO9B5T2,cluster5
2934,Y5PB8F9G1,cluster3
2935,5DOTKEORF,cluster17
2936,FXUIO6E16,cluster3
2937,2IQPKKF81,cluster4
2938,OE60TPELR,cluster7
2939,5ZJFYBS9V,cluster1
2940,3NKYK04VG,cluster2
2941,OO5QTTK4Q,cluster3
2942,04HXWXUA0,cluster13
2943,572DEFJON,cluster2
2944,FWVCCCNHW,cluster8
2945,3WSJ82GP2,cluster14
2946,2PIBMIKNM,cluster1
2947,WOL2W3Y8C,cluster9
2948,IBBKSYD65,cluster1
2949,7B3SHSNF3,cluster4
2950,1XY85SCY9,cluster6
2951,7OIFW6OLV,cluster10
2952,4XUZ8URGP,cluster4
2953,HLSG2YA1O,cluster5
2954,R4G98WU41,cluster5
2955,E2QJKN6TN,cluster2
2956,SEES50F33,cluster6
2957,Q0VTU3UO1,cluster16
2958,HANFTNNGW,cluster4
2959,JFZ241QQ1,cluster2
2960,OY2FABD0X,cluster9
2961,TTBELUESF,cluster1
2962,GD0C5YJZC,cluster6
2963,5FZ9R4AUU,cluster1
2964,NS0CE6Z7Y,cluster4
2965,1SS2HQWO1,cluster6
2966,ITTU8NNHX,cluster1
2967,TYNHPQ5LM,cluster5
2968,BUOA5O63N,cluster1
2969,TSE8VOHW1,cluster1
2970,1VULI5G25,cluster2
2971,IBHOBOJ9M,cluster2
2972,VIQ0MGD3P,cluster2
2973,CXMGWAJYV,cluster2
2974,78W5L68HB,cluster1
2975,BTVZU5CS5,cluster14
2976,P4YF91OON,cluster1
2977,PE56B2I61,cluster2
2978,4CDQZNQRW,cluster4
2979,ONU0BFDQG,cluster2
2980,IX4GV2NL9,cluster5
2981,L101FUOEM,cluster15
2982,WN6DC6P9M,cluster11
2983,Q0X9NFZ9X,cluster4
2984,926G1F4Z4,cluster11
2985,LHWQ2X3UV,cluster11
2986,4Y9506OEQ,cluster9
2987,IIOLP01IV,cluster9
2988,UMO6GFW5X,cluster5
2989,0UYS2C1S8,cluster7
2990,XL7Q0NF2I,cluster3
2991,PDYR07PTR,cluster3
2992,W1VNSW6KX,cluster5
2993,H9F0NUHZL,cluster5
2994,WS8H57TIM,cluster6
2995,ELDCP31GP,cluster1
2996,01L6VT7DN,cluster5
2997,A4NUZ22PL,cluster2
2998,QXJ5CFFZ8,cluster4
2999,4LSAW3CUS,cluster8
3000,7AK7E0AQB,cluster9
3001,0CSQHF5JX,cluster10
3002,GIXPWK16D,cluster9
3003,RUDQJY3C2,cluster4
3004,P9WAQ2YOO,cluster2
3005,ZBUAH8LBD,cluster2
3006,M4H38KW2T,cluster1
3007,S0JVTE8RA,cluster1
3008,YGPHYG01W,cluster11
3009,WK12FKP7L,cluster5
3010,J2QRFW5I1,cluster2
3011,8CTLQQSMJ,cluster3
3012,1YYH8H3XU,cluster8
3013,Y2RN3D23Q,cluster3
3014,RGMX8TPJR,cluster17
3015,KUSDZXLQX,cluster17
3016,3NLU0Y1NP,cluster17
3017,TG27Z1L4N,cluster1
3018,YQHW5JB3S,cluster2
3019,CBXQ07AEK,cluster6
3020,YMIBG1QJL,cluster5
3021,RXLF0C8WT,cluster4
3022,TCVLLIOUP,cluster5
3023,S2O5A4MCN,cluster6
3024,QPDP4NDIK,cluster10
3025,LRDZEYQZU,cluster5
3026,Y2VMWOG06,cluster2
3027,VCVRO0MII,cluster9
3028,PRXI9YEZC,cluster9
3029,ZXNHGFBPA,cluster3
3030,DECCY3FVB,cluster4
3031,EHDPWALT2,cluster7
3032,QMFPEGDU9,cluster6
3033,SBXCF06VU,cluster3
3034,M9FLOWVQ1,cluster1
3035,71K8MDKF5,cluster11
3036,AGONNB8P1,cluster7
3037,SE7LN0QOU,cluster1
3038,2259E44GO,cluster9
3039,ZDBVGIMAL,cluster2
3040,5MUYN7MPY,cluster5
3041,PPQL7113D,cluster3
3042,0FZ4NDK1V,cluster4
3043,Z5Q2D8HRQ,cluster4
3044,GPFHLUZOQ,cluster4
3045,IZEGIT959,cluster1
3046,N1WLKJOVT,cluster12
3047,CU9B42AVV,cluster1
3048,5I69BO46K,cluster1
3049,RW533BDLF,cluster2
3050,8D7U8QAEH,cluster4
3051,1KWVXP2IN,cluster1
3052,1185GI4QA,cluster1
3053,41QQ9YOP3,cluster1
3054,6DTLELS4F,cluster4
3055,KDL08X9Q3,cluster2
3056,EMU4DGEJG,cluster19
3057,CGZKJ70QT,cluster1
3058,79IK65LHE,cluster1
3059,VRC1Z0HPN,cluster5
3060,GD5JEBNLG,cluster1
3061,P2TDEEG17,cluster1
3062,R2GWDR6F7,cluster1
3063,X33VS3F66,cluster1
3064,6JTV0VQQC,cluster1
3065,E6PID6J5B,cluster18
3066,ANY6Y447P,cluster18
3067,3NELGF40V,cluster4
3068,RML6YR0NR,cluster7
3069,2WW8D50KT,cluster2
3070,0SPE7YKKI,cluster9
3071,TGF54HJRV,cluster1
3072,9GORYNJUQ,cluster4
3073,420PGVEBP,cluster1
3074,DVP4W2WRN,cluster6
3075,CZHEG8QIU,cluster6
3076,R6G3W05BD,cluster2
3077,66OUPN57G,cluster3
3078,VPGEFD68Q,cluster3
3079,GLRGWFBWL,cluster1
3080,EOKJHSBRU,cluster11
3081,1WS6CEO7Q,cluster1
3082,2S0OZNYLU,cluster11
3083,OE1V4CJ49,cluster12
3084,TKO46DUH6,cluster3
3085,4AK698XCY,cluster11
3086,XBZYV1PEB,cluster4
3087,1IU9K7P68,cluster4
3088,1522ZTYU2,cluster4
3089,502NWZIWA,cluster17
3090,RFZZEE3E0,cluster4
3091,UEZ1B3DNT,cluster4
3092,HVN4WCKNF,cluster1
3093,C0GNKM5PH,cluster5
3094,0QNEJ6921,cluster13
3095,FHIBQ89QE,cluster5
3096,IUDC3PI7I,cluster5
3097,YHCJSW3ZJ,cluster1
3098,SC7B1AT7J,cluster16
3099,9NCPTOLSR,cluster3
3100,C33J0EL5F,cluster1
3101,3KPSFODBV,cluster11
3102,24QWDYLOU,cluster7
3103,3VCEUFWI4,cluster4
3104,PUF2VXLFR,cluster4
3105,KWXYE3KBI,cluster1
3106,A9GUKCKLR,cluster1
3107,FZ3880212,cluster1
3108,FUM1OK9W6,cluster1
3109,OISBBWTDP,cluster5
3110,GKB3J869K,cluster9
3111,DCMP01YAI,cluster1
3112,5NBDOJ8GS,cluster1
3113,5QIQLV5JG,cluster5
3114,PLYLH7SHY,cluster4
3115,YQWWTEFF3,cluster1
3116,X3ULQW1IB,cluster7
3117,R68AFLEJ3,cluster3
3118,ZFYZ6ZARU,cluster3
3119,60I0IHY3Z,cluster11
3120,YA54L81JN,cluster9
3121,WJFRB8H3A,cluster7
3122,MBXTJ6Z3Y,cluster9
3123,VGKXD60WO,cluster6
3124,8JMYY60MW,cluster9
3125,7DKJ7RXT3,cluster15
3126,NSZ9O15GA,cluster1
3127,NGBS4GB0H,cluster3
3128,KJCAOAURA,cluster12
3129,6QFK42C9A,cluster10
3130,J8PANKDB0,cluster13
3131,KYM4V5TU0,cluster2
3132,94Y435G2Q,cluster14
3133,ZYK5H50D3,cluster5
3134,00OIKS2CV,cluster6
3135,VJKIITI2H,cluster6
3136,JSY41I3SX,cluster17
3137,AQ7KEPF6K,cluster11
3138,AULZ5AR4H,cluster5
3139,KE0CSLK6N,cluster2
3140,2TS5RQWDI,cluster12
3141,D6TVBEKXO,cluster1
3142,YGURXOOAR,cluster5
3143,I0LOG17WO,cluster1
3144,N89NNNU2F,cluster1
3145,Y2OFJTFUT,cluster1
3146,Z2GCOQ378,cluster7
3147,YH74W3DOQ,cluster4
3148,URUZRRD8D,cluster16
3149,0HONIRIPM,cluster11
3150,G9PCW8UM2,cluster3
3151,K63E1GC8C,cluster1
3152,GBA127MMT,cluster4
3153,47J8WO6ZE,cluster5
3154,43RMO9UUU,cluster5
3155,B4IV7TY4H,cluster3
3156,0EHLUQGHH,cluster3
3157,W33E7PXA5,cluster2
3158,IO8X35FXW,cluster1
3159,07LM4XOHL,cluster2
3160,KS2PCERTH,cluster8
3161,99UL4XM5J,cluster6
3162,TXE29HXOE,cluster1
3163,N1WEK9H71,cluster1
3164,A1PKWD0UC,cluster3
3165,S85BHWD0E,cluster16
3166,ILPWTRRAS,cluster19
3167,6F7AVXFXJ,cluster5
3168,RSW2E2KGO,cluster4
3169,OTWJRUAE1,cluster12
3170,ZD93S2EJG,cluster6
3171,RMJ33H96E,cluster6
3172,K38818GMI,cluster2
3173,LPDRJDCSV,cluster1
3174,EO4PZE0AL,cluster2
3175,IRRINXUZ9,cluster5
3176,0W3X17NT9,cluster5
3177,3RWUN227F,cluster1
3178,QP8JQ7RQD,cluster1
3179,6IYGN70ZT,cluster2
3180,09SWFPNN7,cluster7
3181,DYMBVDZOD,cluster5
3182,OKXCHQUTD,cluster12
3183,WA7J07X2J,cluster1
3184,64472BPQH,cluster3
3185,GRQ9SOOI3,cluster5
3186,STQ4ASTXU,cluster15
3187,AHVVF3J3R,cluster2
3188,HGH4GJ7CL,cluster12
3189,DFHVWC8K6,cluster9
3190,MH2FFA06B,cluster1
3191,X6TWD6EE2,cluster6
3192,6GM58OHEJ,cluster4
3193,01K2GNELV,cluster14
3194,Z3FCDXN0H,cluster9
3195,BIPK5ZAR1,cluster2
3196,UA9ALMGUE,cluster10
3197,6AUEWF3KL,cluster13
3198,WETFGK1XD,cluster13
3199,SL6638ECP,cluster6
3200,C1S6KOJNU,cluster6
3201,NOSXSVROU,cluster3
3202,QGTNPBBUQ,cluster1
3203,5R6JDDNFP,cluster5
3204,4DK9EQVWV,cluster2
3205,QD0LBRK7H,cluster9
3206,G7B2S6O4S,cluster4
3207,0NDKXU011,cluster1
3208,W7603N4R8,cluster1
3209,FPQ6W6U2B,cluster16
3210,AZXLPGDE6,cluster1
3211,6V6GNNDOW,cluster4
3212,6XQ2SJK99,cluster3
3213,YZYLQYOKH,cluster1
3214,3GRGFIRRE,cluster3
3215,NFPV28AOM,cluster8
3216,OY6QMFL84,cluster3
3217,SNXRZI2FH,cluster9
3218,J0RX9SBDE,cluster2
3219,7L2CBZMMZ,cluster4
3220,DZCZYOB1G,cluster5
3221,EY3KP5F01,cluster7
3222,TF6OP847I,cluster18
3223,P345SIQIU,cluster18
3224,RHPWXLY4I,cluster1
3225,N92QEPA3C,cluster5
3226,W4JMC4BQA,cluster7
3227,DPSJHDL6N,cluster7
3228,F2K0O5YF1,cluster3
3229,8EDG8VCDJ,cluster8
3230,3JU9FAUU3,cluster3
3231,ILPPF2Q5O,cluster6
3232,49OBHOEAA,cluster3
3233,L3NG1JIPA,cluster6
3234,X1BJXGOI1,cluster13
3235,YZ8KWNRK5,cluster5
3236,7J3RU826H,cluster1
3237,5KJWNAY41,cluster2
3238,4Z6PV7VGE,cluster3
3239,O8KHGAOIP,cluster3
3240,39CT32BOM,cluster4
3241,MTXWZ0XMV,cluster4
3242,Y6JQ71GUS,cluster1
3243,SKV8LMG6Z,cluster6
3244,ZPR3D3QEX,cluster5
3245,H5R2AKVEJ,cluster1
3246,G3Y4EADPK,cluster1
3247,KU8W4234J,cluster1
3248,A5TPTQ6ZM,cluster5
3249,PC7B884AO,cluster1
3250,5ZIUAFFN5,cluster2
3251,6LPDNEB9S,cluster2
3252,TI57LRHOO,cluster9
3253,9UL5HFSYC,cluster11
3254,H2ROAYDAF,cluster1
3255,GJFNQHU5H,cluster1
3256,6HV0M6JLW,cluster1
3257,U476NEJ0Y,cluster1
3258,2C4UUUHF1,cluster5
3259,RNFE2L77J,cluster12
3260,AWHBD9HUQ,cluster12
3261,5VH84JBT2,cluster13
3262,OG9OCXTZF,cluster1
3263,4L516TAQV,cluster1
3264,SOJZINKCE,cluster9
3265,GSG4LGYHU,cluster13
3266,7T0FU55JW,cluster3
3267,X11N9G88W,cluster1
3268,GW18ZD5P5,cluster3
3269,V07Q2V9I8,cluster6
3270,2C3YXFW4C,cluster1
3271,INPJZHXWK,cluster8
3272,W0IY378IE,cluster5
3273,I2AKR3JZO,cluster1
3274,CZ2VSGXG8,cluster9
3275,DOTDWT8J8,cluster7
3276,03J91L95B,cluster1
3277,V0L48ZOER,cluster10
3278,O1CDHBLRD,cluster1
3279,8F11DYPRB,cluster4
3280,IXX80YY6J,cluster5
3281,BX1VAF0QY,cluster2
3282,2SUVKHRE8,cluster14
3283,7DN8OIF2S,cluster3
3284,6A808LLJM,cluster4
3285,ND16QJ4X3,cluster4
3286,6US4KFWHQ,cluster2
3287,MLVH07E7G,cluster17
3288,CW95CSN93,cluster5
3289,OBH8HF2FE,cluster2
3290,ALJZLT27X,cluster9
3291,QLAU0VBIK,cluster7
3292,A8536G73V,cluster1
3293,WVI9Z910Y,cluster3
3294,2Z7F26GY8,cluster4
3295,8GZWB0CK7,cluster5
3296,5TWG6M09W,cluster3
3297,3N3NGFMP3,cluster13
3298,GX7QEX1C8,cluster1
3299,0C862NVTG,cluster2
3300,70IZI8N5P,cluster3
3301,RKCT07C4Y,cluster5
3302,YUTM0DBSN,cluster5
3303,4R2L9NYGB,cluster1
3304,LHH4XV8FY,cluster6
3305,9C0G8VRW0,cluster4
3306,EZKQK6KMG,cluster1
3307,11BVRL1R7,cluster1
3308,AE17A2P7E,cluster11
3309,86CV12UUT,cluster6
3310,14SIV6CRZ,cluster2
3311,GPNYDVFN9,cluster1
3312,E5AQSC74R,cluster7
3313,YX38NBFOF,cluster8
3314,FLRNBNBKC,cluster1
3315,JC6452OS1,cluster8
3316,E5R4E4Y6B,cluster2
3317,12NAGBXJ9,cluster11
3318,1BDO99XFL,cluster6
3319,7N3C08SC1,cluster8
3320,P2X3RW4FP,cluster2
3321,2EZGEPBMI,cluster11
3322,F5YV43TKH,cluster10
3323,6L3V7G2UG,cluster8
3324,OCIETL9YM,cluster2
3325,QWN0PG6PN,cluster4
3326,ANV3SXQ4P,cluster2
3327,YRCFEE3EV,cluster4
3328,0EJCHZJ3E,cluster11
3329,C9U0FYLY7,cluster8
3330,8JAGP5IIP,cluster2
3331,74KTS80ES,cluster1
3332,3URC69VD3,cluster3
3333,43MUE3J5A,cluster6
3334,0U1T7DNUE,cluster8
3335,OBRW61AUG,cluster12
3336,5QO4IHHFJ,cluster5
3337,6NYKUZ4UH,cluster2
3338,IGVHXMTDR,cluster8
3339,OQTLBLI41,cluster1
3340,0ZXZPXZMS,cluster3
3341,0OCWNH0V1,cluster10
3342,O419282TQ,cluster2
3343,84GJXMOHH,cluster3
3344,OUTOCEU1X,cluster8
3345,EMXET8687,cluster1
3346,4AS68XQQF,cluster1
3347,J6RZI5FWA,cluster14
3348,P0XHG4RPR,cluster3
3349,EI8PNO6EW,cluster2
3350,3U3JRVHSM,cluster9
3351,YP8834VZJ,cluster8
3352,S9195BADU,cluster1
3353,DMFY9ZDBE,cluster5
3354,XX15EPFFE,cluster4
3355,4OW21HHI7,cluster17
3356,ZXLLZQSMS,cluster17
3357,9C21RMGH1,cluster2
3358,EPCUF3BA4,cluster13
3359,55R9X4V1C,cluster16
3360,PZG77LWUH,cluster16
3361,OUKKEW8EO,cluster1
3362,PFBYZQV4E,cluster7
3363,E125PLIL6,cluster3
3364,0IPXPQBCS,cluster1
3365,4ZH7Y0QCW,cluster2
3366,CRE4KZO5H,cluster6
3367,4D3QAYA12,cluster8
3368,RZONKQ511,cluster10
3369,TPUOYHYM1,cluster3
3370,5702YWGJ5,cluster5
3371,P0CCHRB29,cluster5
3372,9VKBYMR7A,cluster2
3373,W199O5O1V,cluster1
3374,FWG94SE8L,cluster5
3375,7GYP25JMU,cluster3
3376,QUXQMNU7E,cluster3
3377,VX1G6CU03,cluster9
3378,QBTN338VD,cluster6
3379,AVBGC12JI,cluster4
3380,L5HOM1XK8,cluster6
3381,2Z2IKU9RE,cluster6
3382,R6EZ93DP0,cluster11
3383,47P6I6EGY,cluster5
3384,PKEB8HSLQ,cluster4
3385,VQVJKS9U2,cluster10
3386,C8ZM3TTB0,cluster18
3387,VXKSC4CP7,cluster15
3388,DX1X8VYOW,cluster9
3389,K2P465SGP,cluster14
3390,R72F5A9RI,cluster1
3391,PC7LZKQIC,cluster7
3392,664T8BYKI,cluster9
3393,1XXUTB2AV,cluster4
3394,Z05MDSGHZ,cluster4
3395,XBH4PAL5Z,cluster13
3396,9EM0VFU9U,cluster4
3397,C1XURX85P,cluster13
3398,9YH8HZTBO,cluster3
3399,UU5Q37C1D,cluster1
3400,ZJIWQM6K4,cluster1
3401,9LMQT0ZPL,cluster1
3402,7UE0ND7PM,cluster16
3403,EX5KEUXZJ,cluster16
3404,8DJ928G1U,cluster1
3405,TCPWWN9WC,cluster13
3406,IZNSUXZLE,cluster4
3407,NA82EJZOE,cluster4
3408,OLH8HEFJR,cluster6
3409,RRSO32LMP,cluster6
3410,IFV92MWK0,cluster10
3411,4B6RV5N8W,cluster1
3412,HT0ZU2875,cluster4
3413,0NX5HBGSX,cluster1
3414,PCMZEMW5O,cluster1
3415,8AS51UFN0,cluster1
3416,PX3V3TO12,cluster4
3417,C4GSH2NQ2,cluster4
3418,QFH3715U1,cluster1
3419,E3NIIVE5J,cluster17
3420,ZY7WMSR9M,cluster17
3421,J6OOFFTVI,cluster7
3422,J13O18TFA,cluster11
3423,KEMLHDDK9,cluster1
3424,6QFBAOK7W,cluster7
3425,A5BQ9XAVS,cluster8
3426,S78CVU0IR,cluster1
3427,EZQAOGOXW,cluster2
3428,Q5W5PVT0R,cluster1
3429,LBIVNIFPC,cluster5
3430,QIBFK1NR3,cluster5
3431,PMC02BOHM,cluster1
3432,UO9QZCVNL,cluster3
3433,RVY67OIBL,cluster6
3434,PXQ34KKLK,cluster6
3435,BQB9L31F0,cluster18
3436,OXTFH6EYU,cluster2
3437,R1KOF97IQ,cluster3
3438,CBORFM179,cluster2
3439,XO2IP210Q,cluster4
3440,NC3GPO9X3,cluster1
3441,K7ZFPZNNY,cluster4
3442,AE97CRRAR,cluster4
3443,I4T66QIO9,cluster10
3444,D40OFA49M,cluster1
3445,NKDX9I91Z,cluster2
3446,7WSD3V9RM,cluster2
3447,7Q95NNSJA,cluster2
3448,4QGB116GG,cluster8
3449,HGSWBHNDQ,cluster7
3450,6PVMAJZNA,cluster1
3451,ZGJGPF7LZ,cluster2
3452,NFUDH7BBV,cluster3
3453,ERDXD399K,cluster1
3454,HM80057AP,cluster5
3455,57YCR59QB,cluster1
3456,2LF91ADW1,cluster12
3457,NUK6MNLEY,cluster2
3458,QED1SWTVM,cluster3
3459,6I241ZLVX,cluster10
3460,WB3T56IPF,cluster3
3461,QZKPA0LHZ,cluster8
3462,24BCTKG8K,cluster1
3463,OV9SDQUZX,cluster4
3464,HHYPF3FXQ,cluster3
3465,31Z3H4U6E,cluster5
3466,C86A4TH2G,cluster5
3467,XNFMZDCSK,cluster3
3468,QXNMI979B,cluster2
3469,NOK9KVPIP,cluster5
3470,4V329RJJQ,cluster5
3471,W962SS9B7,cluster2
3472,D408BJMD3,cluster2
3473,XX4GJRQPR,cluster4
3474,BC83B56RY,cluster1
3475,OSE9JC7KL,cluster5
3476,APHLYVLC0,cluster18
3477,P8ZOI1FDJ,cluster1
3478,DL21V2944,cluster3
3479,HCFR7MC37,cluster8
3480,F4LOHO3OI,cluster2
3481,8PLZKRA35,cluster4
3482,LCC58ZS93,cluster9
3483,WFLETZM74,cluster5
3484,DH5VZHFA0,cluster7
3485,FKCC5J4PC,cluster2
3486,OYP0WKNSC,cluster2
3487,8GROQ4KGF,cluster6
3488,147RPSJH9,cluster10
3489,VN1U4STCV,cluster1
3490,AMSXA5IWX,cluster6
3491,8LQBCSJW0,cluster6
3492,E1XBNKN1A,cluster2
3493,YE2N76231,cluster5
3494,98PA17HR4,cluster2
3495,86J7YOH4T,cluster11
3496,09VKKIW3W,cluster4
3497,ZLVANQBHS,cluster7
3498,HA5MKS9N3,cluster3
3499,F9KXD93BZ,cluster1
3500,NKDLNYX6C,cluster1
3501,4VVIM8GFB,cluster7
3502,LHLYUFCTU,cluster5
3503,1S6ZLSGJS,cluster3
3504,NEWHW42C6,cluster5
3505,W4FFOFLYN,cluster1
3506,EGAI5DJFY,cluster2
3507,Y9O97G6DE,cluster3
3508,RQLWNLNML,cluster2
3509,GFS6AK0LS,cluster1
3510,2UNXG7Y1T,cluster5
3511,09TU7QK94,cluster2
3512,VLLSSEF6H,cluster4
3513,UJ8H8ISQ4,cluster1
3514,BKVLC6XTX,cluster11
3515,5MAAK7HSL,cluster10
3516,4Z0U96Q7Z,cluster13
3517,L3UVCN6CG,cluster10
3518,0MOZXD6MB,cluster1
3519,8IYDL89VL,cluster1
3520,C2SLVY7CX,cluster9
3521,R2ZPEM4D2,cluster4
3522,4KNM7U86A,cluster6
3523,W1O4PDDA2,cluster6
3524,2JOBPO3WL,cluster1
3525,EXC5AG9ZK,cluster9
3526,PZBC9U5AU,cluster4
3527,WD00JM2RA,cluster8
3528,R4T6TZDMW,cluster5
3529,GMR0TEAJD,cluster5
3530,FGD5N208G,cluster10
3531,VC4M83073,cluster3
3532,EOZ9R1YE2,cluster10
3533,6CTJTEE1A,cluster5
3534,UKXTBITF6,cluster16
3535,ADMGIKK1Z,cluster3
3536,Q758DGIMD,cluster9
3537,UK4ITPPBJ,cluster5
3538,OD99HQNAX,cluster1
3539,AB4ODGKNB,cluster1
3540,SZOJQY8X5,cluster5
3541,9CGMOJCD6,cluster3
3542,EH9RIUDQN,cluster9
3543,Q6DLRT8C5,cluster1
3544,9COYA01QB,cluster2
3545,XZ93WOEJF,cluster11
3546,4E3XFRKIV,cluster1
3547,I0XYN54L5,cluster4
3548,TU7LIF23C,cluster4
3549,ZO6CGREEZ,cluster19
3550,7CG1FRL8H,cluster14
3551,5F33JT7G5,cluster2
3552,S1BGWB729,cluster2
3553,ZFBZHRTO9,cluster8
3554,2DYTJJCIE,cluster1
3555,J6G5TK29Q,cluster4
3556,VCCPTOBWU,cluster8
3557,OLK4G5IF8,cluster1
3558,JSLE5JWX8,cluster14
3559,75HAP9Y2Q,cluster2
3560,70NBP772W,cluster8
3561,VITI6YYG5,cluster1
3562,ZCLZH9M01,cluster10
3563,TKPEYOQWF,cluster4
3564,P8P954GXN,cluster6
3565,96E32NU23,cluster2
3566,HEREGW8KL,cluster5
3567,O0P2DXO1D,cluster4
3568,HPE99IDBY,cluster1
3569,35CKHQGRD,cluster1
3570,R4A297EDE,cluster1
3571,CNJ9ME8AB,cluster1
3572,IFUCCYLG1,cluster15
3573,YJXWIU20J,cluster1
3574,9GOP344TK,cluster5
3575,B5CG06JLB,cluster2
3576,IDUPLNDDV,cluster15
3577,C5EUC9J12,cluster4
3578,E8RDHUM80,cluster1
3579,K5S1ADPLS,cluster4
3580,NM215U06W,cluster5
3581,GXETTZVTV,cluster13
3582,N8WX387CU,cluster13
3583,CK16JGVUY,cluster17
3584,85QL0RW9T,cluster1
3585,X0VYDQK96,cluster12
3586,9S0MIS8B7,cluster8
3587,GGRETSYZI,cluster1
3588,HF6FI367Q,cluster1
3589,RPSQ8IK5A,cluster7
3590,378VF7KKR,cluster1
3591,5BTY3PJFN,cluster5
3592,BI906IJ6Y,cluster9
3593,QG9IG1IKE,cluster1
3594,S8D8JYRZV,cluster8
3595,VU6V837OA,cluster1
3596,E4NU9CAQH,cluster1
3597,75T9ESW0B,cluster5
3598,SKL8TMPMD,cluster19
3599,88999H81I,cluster3
3600,BDR6TNXPX,cluster2
3601,ZQSOAJ2SB,cluster1
3602,BF8OAVE5Q,cluster19
3603,IANCOJV8T,cluster1
3604,4F0P61DQT,cluster11
3605,U4DPZV7GW,cluster7
3606,HAFAUGQ9Z,cluster4
3607,UBEVVMGTB,cluster3
3608,3674XT7SS,cluster4
3609,ORLE0RKYA,cluster14
3610,00V0FFSE6,cluster3
3611,N4UCKD014,cluster9
3612,T3NQ1BZMG,cluster2
3613,ZCBM316RK,cluster2
3614,ABCP1CAO5,cluster1
3615,BORW55NXN,cluster6
3616,M4U7J3QA8,cluster1
3617,UTPZKXF0B,cluster17
3618,0ZVILCC9S,cluster12
3619,YWP56IYPY,cluster8
3620,I7JXJZ6GM,cluster4
3621,417KTLGWB,cluster5
3622,WWYAO9QGY,cluster3
3623,OP50Z2MC5,cluster11
3624,PD0J1GEK0,cluster1
3625,6679M75LQ,cluster8
3626,WOX4EIZUW,cluster1
3627,1UMWS2SKT,cluster9
3628,YRZGUG2CB,cluster7
3629,5QM8ZTC4N,cluster3
3630,VCNNE54NS,cluster4
3631,9ICALHNP4,cluster2
3632,DF98ULTJ2,cluster1
3633,NU6KAVROA,cluster1
3634,SYIVUKWR5,cluster5
3635,Q2HNAA0TT,cluster4
3636,XKX6TUDOU,cluster3
3637,0PN093288,cluster1
3638,BJM9XAPNO,cluster8
3639,AQ69R055Z,cluster2
3640,8FMYDXYS8,cluster3
3641,3FX8WA778,cluster1
3642,MS0470NPU,cluster13
3643,CUCPMA7KN,cluster4
3644,ZIT8LJPOQ,cluster1
3645,9ZBH5ODR0,cluster12
3646,NPC0J3AA9,cluster4
3647,17L9QY8YL,cluster6
3648,6PZ3XOXRA,cluster17
3649,GZT7XE8ZD,cluster6
3650,CLLZNE13T,cluster10
3651,5IO7C214T,cluster1
3652,G204MHQNH,cluster4
3653,HP3485NMU,cluster5
3654,014RTH812,cluster1
3655,DYWPZLCXO,cluster1
3656,1ZSQX3IBW,cluster4
3657,9OSD8XQJ0,cluster11
3658,W168UCKAY,cluster3
3659,V8A8BQDRA,cluster2
3660,IGYQ0TFFJ,cluster1
3661,K8NM06TXR,cluster3
3662,03J9OZFUR,cluster3
3663,99EBZFQ1N,cluster8
3664,QK3QKFQHB,cluster14
3665,YZ0BZ2B3R,cluster1
3666,1E6XK2WIL,cluster18
3667,1TNOIAKEH,cluster2
3668,937QH94CS,cluster2
3669,PD3XAT4MT,cluster4
3670,KZKX7TCX5,cluster4
3671,BAT0N1VP9,cluster1
3672,9ZLJXV2MZ,cluster6
3673,7CWA7VB2T,cluster1
3674,YCM9TR32H,cluster7
3675,OJG306EM6,cluster1
3676,9G6VYCSMZ,cluster5
3677,NQEK55TTG,cluster11
3678,KQFNHYGUT,cluster1
3679,R5JI44RIE,cluster1
3680,9YEPBHRXR,cluster1
3681,6LLQ3GU6Z,cluster1
3682,LA90R0C4T,cluster6
3683,GDXBFCZWY,cluster1
3684,WW6ZXHPSX,cluster4
3685,DYN7C5QBU,cluster8
3686,53SUYI9JV,cluster2
3687,QDD18NG31,cluster1
3688,Y02JWE395,cluster4
3689,A1GTOG1CB,cluster7
3690,MNKBWBSIB,cluster6
3691,I476O0NI4,cluster2
3692,SPMECRMDW,cluster2
3693,UKYDQGBRA,cluster2
3694,BH8ZL9JCT,cluster1
3695,BP9486NWL,cluster12
3696,E0JF2BQ8X,cluster16
3697,BD8RDL69I,cluster1
3698,NQSW0LCBH,cluster2
3699,A97N8BX2T,cluster9
3700,PX8X6M1KJ,cluster1
3701,EC8NO2K6T,cluster2
3702,F648077AW,cluster16
3703,KD335ZPQP,cluster8
3704,KCHE5S1HR,cluster5
3705,B87VYG12U,cluster13
3706,JXYPTWNMF,cluster1
3707,8WPA4YOO1,cluster1
3708,6129UFQJW,cluster3
3709,PQQYGTJZN,cluster2
3710,9IIOSGCMD,cluster3
3711,CNM5GOEKP,cluster1
3712,438YCL6BW,cluster11
3713,BLLKKMSIH,cluster8
3714,K0SFSG83G,cluster3
3715,AWSR9J7A0,cluster7
3716,P6AWO6TRG,cluster1
3717,SNUMJJAV9,cluster1
3718,58QFP6IBB,cluster6
3719,RZEA6ZEM8,cluster1
3720,BCCR6CX97,cluster1
3721,CDBZE0LTM,cluster2
3722,RIREMVEK5,cluster3
3723,XF2SW6SXA,cluster7
3724,3YVR7EH44,cluster10
3725,BFSYESSOG,cluster2
3726,V6HHBY9B7,cluster8
3727,G1CZN3GPN,cluster1
3728,43D7M3TFY,cluster5
3729,B5SVURC6I,cluster13
3730,L9A2UBMV1,cluster13
3731,XY57EICCM,cluster8
3732,OQQTQDVSD,cluster3
3733,OSZO9N9SM,cluster7
3734,CA90S2HF9,cluster2
3735,Y6OJCN1M3,cluster14
3736,WUISBUE7G,cluster5
3737,RZK666GTI,cluster2
3738,WTORI8RU7,cluster7
3739,HTIOH2E7O,cluster3
3740,CDQ9YQFHD,cluster3
3741,AV21QLHB0,cluster3
3742,NJDV8UUAT,cluster3
3743,VX0CRYDVR,cluster5
3744,0UDP2YX7G,cluster4
3745,ZJ1WCCWV3,cluster10
3746,NORTPQLCA,cluster1
3747,KFGPCHSAU,cluster2
3748,13DM33AZG,cluster9
3749,Q9Z8WR5US,cluster3
3750,QJTOCB1ZC,cluster1
3751,ZMCHSFDKL,cluster1
3752,LUQFI5EOG,cluster11
3753,150GKITWD,cluster7
3754,ZZHCBMEVA,cluster9
3755,EWT67SH1S,cluster3
3756,NRSJ8XGKO,cluster2
3757,960KX9E65,cluster5
3758,IDJENR4C1,cluster1
3759,LVMT8UTVW,cluster2
3760,2L8METN0A,cluster12
3761,5BXYP93AX,cluster3
3762,75ETTFTX8,cluster6
3763,Y7BB6PXU4,cluster1
3764,T7XH3LD18,cluster5
3765,9F3FYSVL2,cluster2
3766,Y65KK06BE,cluster4
3767,3D9O9C0IC,cluster1
3768,15ZWR19LP,cluster2
3769,5IYYP3GMO,cluster12
3770,GNFG4AZLQ,cluster4
3771,3UV429SF4,cluster1
3772,916NJEN6U,cluster1
3773,W7RKGQI1V,cluster2
3774,8WHDJIYOI,cluster3
3775,6GJYBQSPY,cluster4
3776,TFKTIUH78,cluster1
3777,MVNOB8NO3,cluster4
3778,H88ZJ52GR,cluster13
3779,J60BR99HT,cluster2
3780,NFTKJ9C7U,cluster10
3781,UZFZPNAGD,cluster3
3782,VZZN6B20T,cluster1
3783,BUIEUTEGZ,cluster14
3784,FS0CMDC4T,cluster5
3785,NHX3PXVTY,cluster5
3786,F2YLD1ILM,cluster1
3787,8UQVFUUEO,cluster1
3788,GDHLQ26SW,cluster2
3789,48LC4O28T,cluster4
3790,WH3TSNVVD,cluster4
3791,LMGHSRHYV,cluster7
3792,HWSWHV7LX,cluster1
3793,X5HFEUO5P,cluster4
3794,7S0XEMHKC,cluster8
3795,FM0GWK4I6,cluster1
3796,XNLIYXD7V,cluster6
3797,XP0K0YYC3,cluster2
3798,NKY69RA79,cluster3
3799,L6RRQJ6LU,cluster1
3800,LAIGM33R9,cluster4
3801,45CI2KVJ0,cluster12
3802,XDT5I5L2D,cluster2
3803,B9ZHY4RRC,cluster2
3804,NELH61HPR,cluster5
3805,5Y8J20547,cluster4
3806,6FY7WQAZ0,cluster2
3807,37O1U32LI,cluster2
3808,TVA9U93ZZ,cluster5
3809,3DY2QGRWI,cluster3
3810,3JI5HNCNP,cluster4
3811,66BZIVHMQ,cluster10
3812,QPS71D9A8,cluster1
3813,XSYZQNEUQ,cluster7
3814,XPFC2D83Y,cluster8
3815,FUP96GNJX,cluster2
3816,5VI0MB00L,cluster10
3817,TOL9XY1BZ,cluster16
3818,LIQJ7G429,cluster16
3819,QHHWQ6FGB,cluster1
3820,UD13UO7CI,cluster2
3821,M5AIVQ0YF,cluster3
3822,NLBZYINB9,cluster3
3823,Z3I2FYFPG,cluster1
3824,ACHKETEQ5,cluster1
3825,KWEJ64MV6,cluster8
3826,I26IPHDR6,cluster5
3827,OIUXBDTO7,cluster3
3828,UKWYDNHOG,cluster5
3829,FISJP10HB,cluster1
3830,0B82D7G57,cluster1
3831,S164FSC96,cluster3
3832,G262CE1N2,cluster3
3833,0F87HXNCH,cluster10
3834,K9MQ0FMJ5,cluster3
3835,7V107B3HM,cluster6
3836,Y0ORGH2FO,cluster1
3837,U9OY9VC8K,cluster1
3838,N19OUFOYZ,cluster1
3839,I2PZVXPVT,cluster1
3840,ZA0Q93GD6,cluster5
3841,D4IXCIHDH,cluster4
3842,VQAL9UITS,cluster1
3843,XSV12UB19,cluster3
3844,GKI5VGXN6,cluster6
3845,ZB51RNYDZ,cluster4
3846,ZNXZFV76I,cluster1
3847,7F402J79A,cluster4
3848,JFR70J237,cluster18
3849,9KQVNDXQB,cluster1
3850,UJZGNXBMK,cluster9
3851,XE32R4ZCI,cluster1
3852,NTI22690V,cluster5
3853,GH180RVPT,cluster4
3854,1DZANG4PV,cluster11
3855,5MR608864,cluster1
3856,3X0CX3A2W,cluster1
3857,9DZBK80XQ,cluster4
3858,9F5NJZCCE,cluster1
3859,P0712ZVAA,cluster1
3860,9BR3C23AR,cluster8
3861,MNL1BX8BJ,cluster9
3862,50M1PFZV7,cluster9
3863,ZJNR277W0,cluster13
3864,FWU7UHA18,cluster6
3865,0J8C9USPJ,cluster9
3866,46TOC5QPR,cluster9
3867,TRR5543FP,cluster8
3868,6MVNVXABW,cluster1
3869,Y8MXZGL7R,cluster5
3870,O6R9BU1AE,cluster2
3871,RC6N6I6O1,cluster1
3872,1MT0VLC8Y,cluster1
3873,NCSKL2DYQ,cluster1
3874,993AEN1T1,cluster1
3875,QRT3B50PT,cluster2
3876,KX59J6PRG,cluster5
3877,RQG49IEDL,cluster1
3878,7UGXLCEZ5,cluster8
3879,EPWNLZUIU,cluster1
3880,3MY90S7ZT,cluster5
3881,UJWPQYN0A,cluster5
3882,E9S1BTHNN,cluster8
3883,3ZZC7WW5H,cluster14
3884,4QROSADST,cluster1
3885,S5M0P2439,cluster1
3886,EUC7KIEFH,cluster1
3887,MJW2G0JDF,cluster4
3888,WYIUQ0XZ5,cluster5
3889,CQKYF5NHS,cluster4
3890,UTY5EZLUX,cluster13
3891,AKUZ8GSAG,cluster1
3892,K2GA4TQQF,cluster4
3893,B8M70U2TX,cluster7
3894,KBVOE2X8Q,cluster10
3895,CIE6MWHGS,cluster2
3896,0SN4HYKQJ,cluster1
3897,CDK9LGXKG,cluster9
3898,166Z3D4GP,cluster1
3899,K5IFDBPOP,cluster1
3900,V26ELUPRX,cluster4
3901,8SQQMONO7,cluster8
3902,XF21U000I,cluster12
3903,AGQEHUNRX,cluster13
3904,1P7FSPNGD,cluster6
3905,8A69AAWEV,cluster3
3906,TINFYIC7L,cluster7
3907,CMVG1CP88,cluster5
3908,HDIPJEQMW,cluster3
3909,U07A2TG7S,cluster1
3910,1CU3H7WN0,cluster5
3911,HYDBP88DT,cluster1
3912,008HFHUAO,cluster19
3913,1JU4ZPU22,cluster7
3914,IA9ZHTXCX,cluster5
3915,RZH0FNQL9,cluster6
3916,XKKICXYZP,cluster1
3917,I1NMXJZ46,cluster3
3918,95C4NBCAA,cluster1
3919,J4OCZVGX7,cluster5
3920,Q1Q6V5ELI,cluster15
3921,S7Y2WYPID,cluster1
3922,X5X5J6EU9,cluster1
3923,NQMGL1EPT,cluster15
3924,5PTEWSWW5,cluster5
3925,BV0BE673Z,cluster5
3926,GTOLZAT85,cluster6
3927,DGLCIVHXQ,cluster1
3928,JW6IMREM1,cluster1
3929,ZF52VJTNQ,cluster6
3930,ACAXK3UOM,cluster1
3931,3O2YEUUU0,cluster12
3932,MFT3J8Z5S,cluster11
3933,ZI2M3BTFR,cluster18
3934,ZYETJ011Z,cluster1
3935,S7SV99FP4,cluster19
3936,EYE5ZDO4A,cluster6
3937,BY6CET79Y,cluster13
3938,EZQE675MM,cluster4
3939,AO3LPMJCP,cluster8
3940,A74J6KUP2,cluster19
3941,78KDFTD9M,cluster8
3942,EQK59036Y,cluster8
3943,R75Z25MUI,cluster4
3944,S5PMWAB4V,cluster2
3945,38DTCZOJ0,cluster8
3946,RCOEF9350,cluster5
3947,JCOEU04X6,cluster2
3948,3H6GJD85P,cluster6
3949,UL4IIIJH3,cluster4
3950,EBT8VQIL7,cluster15
3951,R28FWG0T4,cluster2
3952,6NVC12FZO,cluster1
3953,ONEXE23J7,cluster19
3954,3D7YVZWH3,cluster1
3955,ALH4OSR9I,cluster1
3956,07QRYNSR3,cluster12
3957,7NDEJ2RXG,cluster2
3958,HN7S2BST4,cluster5
3959,1G6C6AA74,cluster1
3960,X3MAU77XN,cluster1
3961,48U07QMN6,cluster2
3962,8YX4Z7AQ6,cluster11
3963,KDQVHHYYZ,cluster3
3964,6ODO2U567,cluster3
3965,CUFQRVRCW,cluster2
3966,ODL8OK481,cluster1
3967,57V1M5M89,cluster8
3968,SD8BLCE25,cluster3
3969,00HNEAGAJ,cluster2
3970,AOWELWELU,cluster9
3971,C7IB08VMR,cluster11
3972,9JSYLSJBN,cluster7
3973,AYJ3DMFC9,cluster1
3974,5FHHGJETL,cluster5
3975,XRETORMPJ,cluster1
3976,S4RQXSQ7Y,cluster18
3977,MIODZ1EP3,cluster1
3978,FNJDYM549,cluster7
3979,YVEFETQQG,cluster6
3980,GADDFEC69,cluster9
3981,0YT5JA8GW,cluster9
3982,X2T354IV3,cluster4
3983,BSKD66IUW,cluster2
3984,L8XK9Y20E,cluster19
3985,JD7KU243U,cluster1
3986,QC3QN1XQ0,cluster2
3987,F0RS3ZEEV,cluster2
3988,JMG6YT2L0,cluster6
3989,LWJ5KRSFO,cluster6
3990,PUZWEWVD8,cluster3
3991,VZMYRQTNA,cluster3
3992,WCNQGLB0N,cluster1
3993,RR04ELEYH,cluster9
3994,HH3U2173S,cluster1
3995,CHDDBHKGH,cluster18
3996,DPYSN7JLN,cluster1
3997,BVBXR9RU2,cluster2
3998,T4G85OXAM,cluster13
3999,3PMJW3ZSC,cluster15
4000,XI8FN3BVV,cluster9
4001,AJ5VH3T3S,cluster9
4002,W9NLUWUAE,cluster8
4003,PJ1PMZKCG,cluster1
4004,RCYSGYUBC,cluster3
4005,JLJN43PHX,cluster7
4006,O8D07TFUK,cluster2
4007,HXXBZ9MZT,cluster4
4008,6XP6OZKZ8,cluster2
4009,Q5EHPLYEH,cluster12
4010,88LHNKT82,cluster12
4011,WRLE5G8GG,cluster3
4012,J1UXNIE31,cluster12
4013,7J3QVR03S,cluster7
4014,XMQNGM1XJ,cluster17
4015,YPXQI0VEJ,cluster2
4016,2L29Z5ZZ9,cluster1
4017,T1IC0ZDN1,cluster3
4018,2QGTJ0ZTT,cluster1
4019,CUGGD2F8T,cluster2
4020,015PD8R4T,cluster11
4021,GHSZATVPT,cluster4
4022,Z7J4LXN79,cluster1
4023,USQX73C5W,cluster8
4024,U6OUHTXMC,cluster1
4025,II90IH0I5,cluster3
4026,1DL4CJHFX,cluster1
4027,W0IAVXWH4,cluster3
4028,X1ZAUSQP9,cluster2
4029,I212ID6J0,cluster15
4030,D4VBBNT9Y,cluster6
4031,RRGI61IG1,cluster1
4032,7Y4OK6WUE,cluster3
4033,4GDISCELB,cluster5
4034,ERFY4HKD7,cluster1
4035,TUY346SJ0,cluster4
4036,C4GJKB37X,cluster11
4037,XGMRH4ZHK,cluster1
4038,YFFCV9VMG,cluster7
4039,QFRP4CVQG,cluster4
4040,W1IEC2IM4,cluster2
4041,PBAJ2WWS1,cluster13
4042,GKM0KO65V,cluster19
4043,0WVP8I17C,cluster2
4044,4QYSG1JTI,cluster3
4045,8O56ZTGBK,cluster9
4046,56B4LB1BI,cluster9
4047,I0ARBWI0F,cluster4
4048,5IY69POY4,cluster2
4049,PZPGPKW6L,cluster3
4050,BR22N5IN1,cluster5
4051,0FANNGI4Q,cluster1
4052,NNBERVXPW,cluster1
4053,960H3ORVN,cluster11
4054,M22UJGYIL,cluster2
4055,P8FGL0H6D,cluster2
4056,IWFNZMU6R,cluster5
4057,HJ00K99WM,cluster2
4058,8CBAS1HE4,cluster1
4059,BE7XGNEPB,cluster12
4060,W4BEX6TN6,cluster8
4061,NNAOVOPX8,cluster3
4062,URMJB1TG3,cluster1
4063,Z5LWLCLGQ,cluster6
4064,AU1SWC3UG,cluster1
4065,HVUA7VXST,cluster1
4066,OLLT859TL,cluster14
4067,GMU81TU37,cluster1
4068,7KRNITS3W,cluster6
4069,0IDPT526P,cluster5
4070,5O3RN72QJ,cluster8
4071,XUFDPC5ML,cluster4
4072,8NKDKTZKJ,cluster6
4073,6CL6603P2,cluster11
4074,BLF5L4B03,cluster1
4075,GPKDIV7JP,cluster13
4076,16ELCVUDK,cluster10
4077,9L52CD0XW,cluster1
4078,N7JHHI49X,cluster2
4079,PAIE2YCZJ,cluster4
4080,0GQ2WHE8I,cluster1
4081,B4G6F49KX,cluster1
4082,LL24BQRMR,cluster1
4083,BL5WT40R7,cluster6
4084,Z53NBISQO,cluster6
4085,58CTIQHOO,cluster9
4086,O7D7V3HOB,cluster5
4087,7GI240JS9,cluster8
4088,CD1FTURPR,cluster3
4089,R4OO5FKFT,cluster1
4090,SRDPEWS6T,cluster9
4091,QPJFYSKXR,cluster16
4092,2DNU6W9MT,cluster2
4093,P8CZ7BDOG,cluster1
4094,IEN0T1YGJ,cluster8
4095,HDYORXUCQ,cluster4
4096,GDG3M2F44,cluster6
4097,YQSX2SZ4A,cluster14
4098,MDUMVKC8X,cluster5
4099,DB4SPYSC8,cluster1
4100,PIIF9E89G,cluster5
4101,QNONRPUJ0,cluster18
4102,DA47HX3M8,cluster14
4103,3J0OBTEB0,cluster11
4104,4SVHELMF1,cluster10
4105,SE2WZ5127,cluster8
4106,SBHOGJ8QF,cluster3
4107,1GOFXT1OV,cluster2
4108,TGJS01NXW,cluster9
4109,PXE0DNS9F,cluster16
4110,S1MK0KQ5O,cluster3
4111,2DX8Q04DD,cluster4
4112,YJAQ251V8,cluster7
4113,W58KF1QBN,cluster5
4114,DEBJQDLDE,cluster1
4115,VSVX2DQUN,cluster1
4116,09XZMSJTC,cluster4
4117,ZJAM0XJPT,cluster13
4118,I15SH5UWA,cluster9
4119,FMSQB3W07,cluster6
4120,KIIHMS0X3,cluster4
4121,6MWM1GGBO,cluster4
4122,F0NGEHRCJ,cluster5
4123,2P4EGKP1X,cluster1
4124,LFNL8U9MD,cluster9
4125,QP5JSEDZW,cluster2
4126,AMM053W06,cluster11
4127,8EOP9IJRD,cluster7
4128,7MJIDUG8M,cluster15
4129,R8UU3WWI1,cluster1
4130,A0XAR0HRD,cluster4
4131,PBX2M4E3U,cluster1
4132,B3D9AA04D,cluster1
4133,9E65CEBVX,cluster2
4134,TNN05SJTE,cluster3
4135,DV09GR27B,cluster9
4136,H9AF709JH,cluster3
4137,US6Y76NOS,cluster11
4138,495PTJRR8,cluster2
4139,K5U26TGZM,cluster1
4140,5UM5A60FW,cluster1
4141,BSS7B1YUR,cluster2
4142,G9WQS6ROE,cluster3
4143,XP4L6PVRP,cluster5
4144,U7NUNSDP3,cluster4
4145,9BQZPCDQ8,cluster3
4146,PXZB2HN2D,cluster4
4147,PL0EFVWNM,cluster3
4148,EDHZ3CEOM,cluster1
4149,JE80YJ1IN,cluster1
4150,5JZHWNJDZ,cluster3
4151,G08QEI2II,cluster8
4152,0MA3OFAXE,cluster1
4153,F2DLW68PX,cluster12
4154,PNA5QANRC,cluster3
4155,G7SJ3623S,cluster2
4156,CC4WLPF8K,cluster1
4157,HNXEDSRK1,cluster9
4158,KHUU6ZFNI,cluster2
4159,3CYOANV9Y,cluster3
4160,KUW2AAWGU,cluster5
4161,1YPUIFAPV,cluster1
4162,IJZWVEFQV,cluster4
4163,6G20IK99Y,cluster1
4164,L08ZG932H,cluster3
4165,CV070I07P,cluster3
4166,QG5VKARQI,cluster1
4167,N53884DUO,cluster9
4168,1ESVNPDVX,cluster6
4169,H1SG9Z087,cluster7
4170,YCKVOV39Z,cluster10
4171,8LHR6HU4G,cluster2
4172,U54PXPHMI,cluster5
4173,CFYOXEQBX,cluster1
4174,UDUSNWBP0,cluster3
4175,UKV9HCFBY,cluster4
4176,N3MXTNXT0,cluster17
4177,4IRVEVHOR,cluster5
4178,W544PQMFH,cluster13
4179,2J8DSEJDE,cluster11
4180,NXA4QJHWS,cluster1
4181,Z3FHRIQ8A,cluster1
4182,BMUZKMRTP,cluster14
4183,M2GOEXY1U,cluster6
4184,VPUPPU1WC,cluster6
4185,8YN39CMXQ,cluster10
4186,NY0SKMQWF,cluster5
4187,YWMW9H334,cluster1
4188,BCFIYP6KF,cluster4
4189,LGDVKN9AC,cluster1
4190,IPKOJ3RGJ,cluster12
4191,YQNXVBEDU,cluster3
4192,3GI2QLVLE,cluster11
4193,PJGEJG64N,cluster7
4194,3TJNK1JGV,cluster4
4195,JILJ1R1W1,cluster4
4196,8PMEF5IUD,cluster4
4197,34Z4ZWATJ,cluster4
4198,PN5CICY73,cluster1
4199,RXHQXSSUQ,cluster5
4200,M57VCDEVW,cluster3
4201,PPV6HRLW8,cluster4
4202,OJLFDPTH5,cluster6
4203,0LI615BKM,cluster7
4204,AV5EZ7CAN,cluster4
4205,EGS0AXAC7,cluster7
4206,9UVB6GG5K,cluster1
4207,R81ZY76R7,cluster11
4208,S01ZLJCVZ,cluster1
4209,PEBQG1VOE,cluster8
4210,JPKJAH97P,cluster5
4211,GW22XF6MX,cluster4
4212,8WWQYBOF3,cluster2
4213,II8J7EL7S,cluster5
4214,X209AN2MT,cluster5
4215,IYADT21NL,cluster2
4216,6NISA79S0,cluster2
4217,7ZZGOPW8O,cluster1
4218,L37D3JZDF,cluster3
4219,L2TT1DM9J,cluster4
4220,W5KQJMXJ0,cluster8
4221,H163SOIQR,cluster1
4222,IXKT8MJYC,cluster6
4223,89YLNFCG1,cluster6
4224,L0SF67HA0,cluster5
4225,5EOOJIN5Z,cluster1
4226,0XE17GMR9,cluster10
4227,I2PJ9B2YL,cluster4
4228,OSMTKUZHP,cluster9
4229,KYRYZNYU5,cluster6
4230,BZY2PLVEA,cluster3
4231,5KWAU2ONJ,cluster2
4232,COSPY80KE,cluster2
4233,VCUF1DQ0X,cluster4
4234,8AGAMTD54,cluster9
4235,QUSW34RX6,cluster1
4236,1NL6XRXSD,cluster1
4237,VEQR0IVBO,cluster9
4238,7179L2J0A,cluster1
4239,NEZ0FNG5P,cluster6
4240,O94KZFED0,cluster4
4241,Z22YBNNI7,cluster17
4242,AVMITZV93,cluster17
4243,BCFXTDHY2,cluster2
4244,1IJBXC6II,cluster11
4245,M20R85TO4,cluster3
4246,P73IH8A92,cluster2
4247,PJBRBY480,cluster4
4248,W4IYGT60O,cluster3
4249,UP5SVX63M,cluster8
4250,49MQDSG26,cluster4
4251,WR4WTP7EG,cluster2
4252,LN842KM7D,cluster7
4253,23K4JUOKD,cluster2
4254,Q50PU00IJ,cluster1
4255,RFYHEDOM2,cluster4
4256,MMTB1NVWU,cluster10
4257,OHY822OZA,cluster13
4258,CG9OAYO36,cluster2
4259,NSKEXFW35,cluster16
4260,UKXZCIEQK,cluster5
4261,6M2CJ717C,cluster1
4262,70B2MHHNK,cluster2
4263,3FMBDY1X6,cluster5
4264,PVCQ5ZDZ2,cluster3
4265,C6CDHZ5DP,cluster3
4266,ULE1UR269,cluster6
4267,U4WRCH96S,cluster2
4268,6LRLNJ4KT,cluster5
4269,ZHTIS6MYW,cluster5
4270,THEKPNZ5F,cluster10
4271,CEXL1NVZL,cluster1
4272,H10VP2ZJO,cluster1
4273,1KMUOH47I,cluster6
4274,7Q1COC0ZE,cluster3
4275,PAA49EBGO,cluster2
4276,6QZVSGDVO,cluster8
4277,FXCW41GRH,cluster13
4278,A9FD08ODO,cluster1
4279,GF6L0O7WN,cluster11
4280,9JP7QYBAC,cluster1
4281,3NB7D9BF9,cluster1
4282,COVZ4R0CO,cluster5
4283,53XPU1VKD,cluster1
4284,H1VRQSE41,cluster1
4285,AUW7EDGP0,cluster2
4286,U3C7ZIW2K,cluster1
4287,9DJQEKAW8,cluster1
4288,WDDWBEISI,cluster18
4289,21E9ENISY,cluster1
4290,46PK6FKX2,cluster7
4291,B5N64H8ZF,cluster9
4292,IGSGRF4HP,cluster1
4293,WD37AWF2U,cluster2
4294,5FIPYRP0I,cluster1
4295,N9E9DV1RO,cluster1
4296,6PT4GVO2I,cluster13
4297,W8Q903OX1,cluster6
4298,J8ZVMAM1F,cluster5
4299,O3OVROOWA,cluster12
4300,6Z7Z9L9LE,cluster3
4301,ONMAGI65E,cluster2
4302,CPEUKOEDD,cluster1
4303,KNSYXCE5T,cluster7
4304,Q7AE33JY2,cluster9
4305,CDUN8HIWC,cluster9
4306,DGFN3V7NW,cluster1
4307,EJVIWVZ5R,cluster4
4308,571Q3QYVT,cluster3
4309,356B3X6AX,cluster2
4310,OCJ28715E,cluster3
4311,NSFZAIGAJ,cluster17
4312,PPS5758VE,cluster2
4313,LTNDHIDGF,cluster2
4314,28CIATE5C,cluster4
4315,SAAFEF39K,cluster4
4316,40ASY5YB5,cluster1
4317,OR36V7MA8,cluster1
4318,7DP57Q89T,cluster2
4319,VU77ZRGZ5,cluster1
4320,79V5CB4FP,cluster2
4321,MVRGT1YDQ,cluster2
4322,4O8PLJHPP,cluster2
4323,Z1KZI8B0I,cluster11
4324,ZXDJ0V9NH,cluster13
4325,97TTMR49G,cluster9
4326,FOEYL5VB8,cluster1
4327,4ZI78GJRR,cluster8
4328,H6D20CLN8,cluster6
4329,MGK4E7S5A,cluster6
4330,FRIX50RVK,cluster7
4331,TNWFLKG1G,cluster6
4332,Y6E6Q2JYR,cluster4
4333,RP3U6KX6Y,cluster19
4334,YBEZ9JBXM,cluster19
4335,K4P9SRW3A,cluster15
4336,FTIEHI44T,cluster1
4337,Q10REUHRK,cluster2
4338,XS30IM286,cluster1
4339,VJV5BOSOZ,cluster5
4340,JX1EBOHZC,cluster1
4341,V6LPASE4B,cluster3
4342,O9T3N5FL8,cluster14
4343,K6BTYYHSG,cluster3
4344,YT8YHOFCD,cluster18
4345,F5XV9W3MJ,cluster12
4346,U30WN0G4I,cluster5
4347,KXZU6NE5A,cluster11
4348,ZNTS816DN,cluster3
4349,RHB9N1X6I,cluster8
4350,U5O7QSXSB,cluster7
4351,Y073DQJ9U,cluster3
4352,V31UKHQQF,cluster4
4353,1UM208190,cluster1
4354,2IMSE99HH,cluster8
4355,019LUBUPB,cluster4
4356,BGCXZAN0K,cluster6
4357,U5VYB75UQ,cluster6
4358,ZVFCXN7SP,cluster11
4359,X8EZ2BSLI,cluster16
4360,K4O8EDLUB,cluster3
4361,DQ7BZVSY5,cluster19
4362,8WWJ3UD7Z,cluster3
4363,OAZX5FS9Z,cluster5
4364,ZNWW73JMS,cluster5
4365,GEBEURCQ2,cluster5
4366,LQGBAEJTA,cluster2
4367,9U8HQ9DWK,cluster7
4368,PPCR0Y8B9,cluster1
4369,9ITVA4OER,cluster9
4370,IPZTD57Z2,cluster2
4371,BTUIX6VOW,cluster1
4372,KMF37I9IU,cluster6
4373,H6LGVLQGV,cluster6
4374,QSBK1B8GI,cluster8
4375,W3K7SFXQW,cluster10
4376,938DK27XZ,cluster1
4377,AVJD6OACK,cluster5
4378,Q08SLNQF5,cluster2
4379,CRPUQ97OJ,cluster1
4380,7DSQZYEP9,cluster5
4381,QC22E5Q6K,cluster4
4382,93PZ95G4H,cluster1
4383,YY0B94UU2,cluster4
4384,MPAMNAV58,cluster2
4385,BXU5OTEG6,cluster10
4386,OWQ8DW76K,cluster10
4387,BE5BA7753,cluster2
4388,OAWACT71S,cluster1
4389,BEFAMCMBL,cluster4
4390,XIMQS3VUQ,cluster4
4391,IB4MNZ1WJ,cluster1
4392,UJ8E7PS6A,cluster11
4393,YBK40APML,cluster2
4394,CH0542EXW,cluster6
4395,APXSKOORX,cluster19
4396,PBM9AEGVI,cluster12
4397,YFAWJZARS,cluster10
4398,732BFNZUD,cluster5
4399,MPI6QYLRO,cluster2
4400,15X6N1894,cluster5
4401,2GVPVBI5G,cluster4
4402,YAAD828WC,cluster3
4403,KEPBE4NJ8,cluster6
4404,QQ6BD4D2D,cluster4
4405,ECZL2ITF8,cluster13
4406,9RXS5C6VD,cluster6
4407,J2QC1CQ7I,cluster15
4408,XBSFRVZVP,cluster3
4409,HEUB69WR2,cluster1
4410,VBBCSIIAG,cluster8
4411,QWCC4M5X9,cluster9
4412,48G629OPD,cluster4
4413,ZDVV5WDFL,cluster9
4414,QB1PXP5ZC,cluster9
4415,38KBSPIHZ,cluster1
4416,WU37UFUXE,cluster9
4417,QDX9MVXUR,cluster9
4418,49ID8D1DU,cluster8
4419,26NYOB40D,cluster9
4420,4ACS5E32K,cluster2
4421,13O90TQMR,cluster2
4422,RWOD27488,cluster1
4423,15T7DRU0Z,cluster1
4424,W4XXV8ZMX,cluster1
4425,BF1U3SVND,cluster2
4426,38IK4RBVB,cluster3
4427,4L3QRDJBQ,cluster18
4428,CRFJITIYR,cluster8
4429,1CY9S48VJ,cluster14
4430,KRGP4PXL9,cluster6
4431,I3FNQT7K0,cluster17
4432,LISFMEBAG,cluster1
4433,5LS9YO2V8,cluster3
4434,8U8YJACFX,cluster1
4435,JMEFUQTCY,cluster11
4436,UIY56OQ4S,cluster4
4437,QZZFU5SKW,cluster6
4438,6SIAZT33B,cluster7
4439,BFNXQ94L4,cluster2
4440,V5W3MQ3VA,cluster1
4441,XUSKBCDT9,cluster2
4442,UI49C1JFF,cluster7
4443,1BIJCVFRR,cluster4
4444,YE9AZU8JK,cluster3
4445,J1ZPKLT6F,cluster15
4446,C4YJ2FZWX,cluster12
4447,GVFZ58Q5P,cluster4
4448,E26EVHUZP,cluster8
4449,TSF7JT2RN,cluster6
4450,GPIEJ4URD,cluster1
4451,RQMCG0JKG,cluster4
4452,P7LSNM56S,cluster3
4453,QRRN7CSHX,cluster11
4454,YZG57BPS5,cluster11
4455,LYRVOX2LE,cluster8
4456,E8IBJI86I,cluster9
4457,KCG4A3L3Q,cluster12
4458,TWK2OX9FU,cluster8
4459,JZ7JIB5OH,cluster1
4460,JNZ6OMRZO,cluster3
4461,Y2WDRVD7J,cluster8
4462,U15X0G1YW,cluster4
4463,SWVC5ZAMC,cluster2
4464,IHFE57ODH,cluster2
4465,7HHTPPF4Y,cluster3
4466,HBDXHP70I,cluster5
4467,NUGX79UF8,cluster13
4468,N3UB8Z30Q,cluster6
4469,8GMZVCRWJ,cluster15
4470,O91DBDEW4,cluster7
4471,65U18SG3Y,cluster1
4472,J63I7URWU,cluster1
4473,6UGGU05NX,cluster3
4474,W7BHYXD6C,cluster3
4475,MO0BVGTG3,cluster4
4476,L38KQYSKO,cluster9
4477,LE5RBKG9Y,cluster9
4478,V5VALHZF1,cluster3
4479,0KPY4X5K4,cluster1
4480,3JLGF3G1T,cluster13
4481,ORENZJYN3,cluster1
4482,I2KELSFQQ,cluster1
4483,3KKUXN41G,cluster1
4484,X14H8J69X,cluster2
4485,8TSCH925W,cluster4
4486,2BS7I8FCK,cluster10
4487,52EEXN2DV,cluster4
4488,X5XZ3QOUZ,cluster13
4489,PMWYEUPS7,cluster1
4490,OPU4HYPX2,cluster1
4491,T30YRNP8U,cluster1
4492,UOFOF50I7,cluster1
4493,RQCAYNN76,cluster1
4494,3R7Q2SJMP,cluster1
4495,MOTWOB6H9,cluster6
4496,HZQZC0B4V,cluster8
4497,52UMYZ0AQ,cluster3
4498,M4TOR4LS6,cluster8
4499,VBCIW7U2E,cluster5
4500,OSA6IKU39,cluster4
4501,3KOYA14UR,cluster1
4502,EELR1A0G2,cluster4
4503,44H1XLUIA,cluster2
4504,20GH359KK,cluster2
4505,RMDFAFMW4,cluster7
4506,PWUDG0ZA3,cluster1
4507,24A0VCVVT,cluster1
4508,PL8JZZT45,cluster1
4509,LE83AW8JH,cluster7
4510,L249WZI1O,cluster7
4511,7IM5X9N78,cluster14
4512,ECINN61OR,cluster8
4513,5GO9RSA8M,cluster12
4514,VV868A5P7,cluster1
4515,0W2WVMOW1,cluster1
4516,1RG7PD40J,cluster9
4517,Q1NCST0I1,cluster3
4518,JXYR64CUJ,cluster4
4519,I8IUF9O21,cluster2
4520,UN0RLFGEZ,cluster4
4521,6PCLCKGBI,cluster2
4522,E35CA97B9,cluster1
4523,SR0LO6B6O,cluster1
4524,BE7MYKYLQ,cluster3
4525,LCWGFSO4L,cluster1
4526,ZT85N1DIO,cluster1
4527,SMLDV04CP,cluster8
4528,UD47FBTUJ,cluster2
4529,48SQTCB8C,cluster8
4530,A8ZDJ5PDE,cluster8
4531,3F7MRZH6K,cluster2
4532,282HYXY0Z,cluster1
4533,HR2U9KPW6,cluster8
4534,VNRCDQ7G3,cluster6
4535,MQK4N941E,cluster3
4536,RQ04RMEH1,cluster6
4537,MOR56CYCO,cluster4
4538,2AD7RUBNV,cluster4
4539,11N2ZAK8K,cluster1
4540,WX691AEUB,cluster6
4541,R7XPZ6JV5,cluster6
4542,KSI5CG897,cluster6
4543,I60NCVDT6,cluster9
4544,2DHUU9QXQ,cluster6
4545,MCKMRY75Z,cluster3
4546,VHXB0SMSE,cluster9
4547,4SSJWS6FO,cluster1
4548,N8AGKMYU5,cluster1
4549,B6QVWTDA9,cluster1
4550,TOGRFV5RZ,cluster17
4551,053FYUX8T,cluster7
4552,B84CI76ND,cluster11
4553,ILFD302RC,cluster12
4554,1BEZPHK02,cluster11
4555,GAZXQ4TGY,cluster3
4556,YJI7023Z3,cluster1
4557,444NLKTZ3,cluster8
4558,BYWFSALBA,cluster1
4559,8II0UTFNU,cluster9
4560,1WUGH0AHU,cluster4
4561,M0BXAR51R,cluster1
4562,HQX7RUCJH,cluster3
4563,WE7AJ7CTB,cluster1
4564,V7LRGP5A0,cluster2
4565,2Q8DKRGBM,cluster13
4566,Z3CZOSVGI,cluster1
4567,Y3GMHIFX3,cluster5
4568,2U1M5T5WK,cluster7
4569,OJHERS2M2,cluster11
4570,YO5IJESAO,cluster16
4571,WYMD5QOC4,cluster16
4572,PWEOR1D3H,cluster4
4573,P72N65WXO,cluster4
4574,XJC5EIYZD,cluster1
4575,ITU0XYXOS,cluster12
4576,LQ3XNJLA9,cluster3
4577,ZG5ORYXDS,cluster1
4578,Z84JZ9FSV,cluster1
4579,4GWPIK06L,cluster1
4580,CKCBJ7VLK,cluster11
4581,SF5Z8M52N,cluster1
4582,8K9YF66DG,cluster3
4583,1JCSCF2QV,cluster1
4584,RDB1T3CPV,cluster10
4585,UMISOEOOE,cluster1
4586,6QO6876Y4,cluster4
4587,PM752BBT8,cluster1
4588,L8DLJSDV1,cluster1
4589,XBZYWRJI0,cluster16
4590,91TW6HFPZ,cluster1
4591,IEXENGUQN,cluster3
4592,LBDEH1N5B,cluster1
4593,EHGPFQWVW,cluster14
4594,WJ6C6U36P,cluster4
4595,OE3EUY8EY,cluster2
4596,4O4LU2LTS,cluster1
4597,ZZQCE5JMU,cluster1
4598,EECQ0TIEN,cluster5
4599,OGIASXLTS,cluster4
4600,LWT9LIQ4Q,cluster4
4601,4QP89Z6QQ,cluster3
4602,TPDLC2WZB,cluster12
4603,8WBUVD1PJ,cluster16
4604,5XYBWGN1P,cluster7
4605,0XSUM7NEL,cluster10
4606,NRKTLCX24,cluster19
4607,39ZTZCVXY,cluster9
4608,JVPESCQIR,cluster1
4609,V4LEFOLA6,cluster1
4610,X32KSJOMI,cluster7
4611,1MMQOHTU7,cluster8
4612,D2GPI82Z3,cluster12
4613,QC33NVXSR,cluster1
4614,G2I7EBFP0,cluster3
4615,BV21OPAM3,cluster2
4616,VFGFLAP3R,cluster4
4617,OVUVZ98DC,cluster3
4618,1XFHQA1E8,cluster1
4619,TMMLL8NZ3,cluster1
4620,7DG90FS5T,cluster9
4621,C7CUO304E,cluster11
4622,OCEFOPNA4,cluster1
4623,7VEDVBM9T,cluster9
4624,A04LLXW0L,cluster13
4625,3QXFET4MS,cluster5
4626,PGIIOS38H,cluster2
4627,GHG4OYG06,cluster1
4628,GPBMDFOBB,cluster2
4629,954JT6NK0,cluster10
4630,3N867Y7ZT,cluster4
4631,AYKNFV0IM,cluster1
4632,07O8SMJ0A,cluster8
4633,2572ZCL7F,cluster8
4634,XIG6T9S76,cluster2
4635,YPXHYZC9X,cluster5
4636,0QKH5AUNX,cluster19
4637,G32DNATLX,cluster1
4638,EVW9D3G53,cluster5
4639,QJHF8SQ1M,cluster1
4640,0JD932QW0,cluster2
4641,F83VXGZ2P,cluster3
4642,2JIU81QBO,cluster5
4643,CF3P9IAZO,cluster4
4644,P0AY216J3,cluster16
4645,WW3A4EG4D,cluster10
4646,S940GWSF0,cluster9
4647,CFART0RCO,cluster9
4648,IA09AYWK1,cluster5
4649,OHZ475ARZ,cluster2
4650,GFJP6Z9Z1,cluster1
4651,14DU9AMYQ,cluster3
4652,348QOHWGE,cluster4
4653,L97V7ZXN6,cluster1
4654,J1A11L1FK,cluster6
4655,0NTBWXI0O,cluster3
4656,YII53CS5B,cluster3
4657,YSN1P1BPD,cluster1
4658,VXKZFVSGT,cluster1
4659,Y3GJF5Y41,cluster3
4660,M3TZNCQ39,cluster4
4661,32EHA10U1,cluster1
4662,DBFVB22MQ,cluster1
4663,QNEU72F9Y,cluster2
4664,GTD8TSSL6,cluster14
4665,7T9HKPRDO,cluster6
4666,SEI813EG1,cluster1
4667,QTPFO9SY0,cluster2
4668,QURDMG9K3,cluster2
4669,AYHOYBKKM,cluster5
4670,LTWX9LJVV,cluster19
4671,9GOPE3OWX,cluster5
4672,LE29F9994,cluster1
4673,04X9QCJ7N,cluster1
4674,QLGI3QNXB,cluster9
4675,XTILED38T,cluster3
4676,ZBLZIXJDM,cluster11
4677,2V42SGGVA,cluster1
4678,XUHVK10MD,cluster9
4679,OGUFW7XVF,cluster4
4680,4PRF1MVHM,cluster9
4681,94A8LPYD7,cluster3
4682,U2WI354NK,cluster1
4683,8SSABDSF2,cluster1
4684,8TZY34ORJ,cluster1
4685,68BR5A3QN,cluster4
4686,A3TR69WIQ,cluster10
4687,E4WE0ES3E,cluster17
4688,G8U2M9WTE,cluster4
4689,N07YB249X,cluster5
4690,HW00BSNH2,cluster5
4691,NEJ2S89ZU,cluster1
4692,JLJ51G693,cluster15
4693,NPD8NBR6O,cluster1
4694,IAODR5YEZ,cluster1
4695,YN8A37CFR,cluster6
4696,QYFWPEZ3Q,cluster5
4697,T29NXQQU6,cluster2
4698,QFRSR06RO,cluster1
4699,6T6CZTR6R,cluster5
4700,G10QQQNFN,cluster8
4701,6RQLSX3L1,cluster4
4702,HITZ53MHE,cluster9
4703,KCIUBU2AJ,cluster12
4704,O31MT0T5C,cluster13
4705,JARD45K98,cluster7
4706,M9KTG9BP0,cluster13
4707,HJL9II3CK,cluster2
4708,2LN8GHWFF,cluster9
4709,ZITS5U2BV,cluster7
4710,3WCVZAB05,cluster14
4711,O6FBJIJM9,cluster1
4712,0K0BP0VF5,cluster15
4713,I334SWG1R,cluster1
4714,YXSWVY18V,cluster2
4715,S7R053NRO,cluster6
4716,ETIWXZZYZ,cluster12
4717,75R11WEZY,cluster8
4718,DGFR3HFCZ,cluster1
4719,T0FSBQQLM,cluster2
4720,9WM21XO5C,cluster2
4721,EUWITH4MW,cluster18
4722,VF0A5M8KL,cluster1
4723,UUNJ1MHOV,cluster3
4724,DX3ZUW43F,cluster3
4725,JW6UY9IJX,cluster1
4726,FY3HVPMWI,cluster1
4727,MK01ZI3EW,cluster7
4728,RA64WOQYJ,cluster6
4729,32MY47HGQ,cluster4
4730,OPBZB963E,cluster9
4731,WAN2SS5YD,cluster6
4732,ULWD6U6EG,cluster5
4733,88YI06B6K,cluster16
4734,PR2087AOS,cluster11
4735,B8RBE7THP,cluster9
4736,RBIW8LGTZ,cluster4
4737,IOJPBLNLK,cluster16
4738,73P7U0ZKX,cluster4
4739,PAV6AJOLA,cluster1
4740,L7PPSK6HS,cluster4
4741,25SR1WIMW,cluster10
4742,C96Q5XIYN,cluster2
4743,IZ2NNPL1R,cluster2
4744,XXR92IEM4,cluster1
4745,YMCS39KT0,cluster13
4746,8753DEQQA,cluster6
4747,JYFPFXLKJ,cluster1
4748,VHLAWVW15,cluster1
4749,0J1YGZZS1,cluster3
4750,2UXBT5P43,cluster13
4751,5NRS9H3XY,cluster9
4752,M5YB4H9ZB,cluster2
4753,LJ24G0R65,cluster2
4754,33ICXQ3Z6,cluster6
4755,G7M5OIBA4,cluster1
4756,QN3Z7Q71O,cluster19
4757,NFJNEONHW,cluster1
4758,6TL6Z4IG9,cluster1
4759,VNU6O9Y9L,cluster7
4760,GQD8RPGWW,cluster17
4761,ZBV56HA4E,cluster2
4762,Q6CHRMGJ9,cluster10
4763,C169GYLI7,cluster1
4764,JNSSX960K,cluster1
4765,1G5W0PJX8,cluster7
4766,ICFIALE2G,cluster5
4767,ELZQ5IKO9,cluster3
4768,TKTY2RIXG,cluster2
4769,U4ZP5IBLT,cluster1
4770,6JKO1XILD,cluster1
4771,F6P8CZ5UF,cluster3
4772,S959F8OPX,cluster1
4773,LUEVYG6KY,cluster12
4774,5KAHHKDGB,cluster2
4775,ND1K5J5WA,cluster5
4776,5HK3O16J7,cluster1
4777,CPDDFKY5G,cluster11
4778,D4CZQOUXM,cluster7
4779,ZIP3YD3G6,cluster4
4780,N2EBDRM5G,cluster6
4781,IHVP8DZLU,cluster18
4782,X0K65GTS8,cluster1
4783,PDNZZP1AR,cluster11
4784,2FJH5GHUO,cluster2
4785,L4G6AVLHK,cluster3
4786,KLTXRHVAA,cluster4
4787,UVL3BHMRW,cluster2
4788,IIL1XOSUO,cluster4
4789,WB2G9MHFC,cluster5
4790,Y4XN27Q2X,cluster2
4791,6FFA6GPVB,cluster17
4792,CXMR2A9ZN,cluster2
4793,31T4JHBSQ,cluster1
4794,8UWD8NARB,cluster1
4795,LNID9833A,cluster6
4796,A7FHPBQ0C,cluster4
4797,1XASX87CP,cluster5
4798,O4SNLDY4A,cluster1
4799,HPM9WVCQK,cluster3
4800,A8CUZITJ9,cluster1
4801,9CK3RRJ8E,cluster7
4802,VCRKNGEJD,cluster1
4803,9I8YZGJVI,cluster4
4804,LPVYS7HBI,cluster4
4805,3PT3EKEGD,cluster1
4806,CUB4KX5IR,cluster4
4807,KOP9MC76I,cluster1
4808,3TDO4IICR,cluster9
4809,R5WHL6T1R,cluster1
4810,K87OLBVZ6,cluster7
4811,KFEYED12C,cluster16
4812,D0WK9NOGA,cluster4
4813,41DQ5QXYV,cluster3
4814,PLXEXJZYT,cluster1
4815,S4GLOFWWO,cluster1
4816,TXY9YAF4Y,cluster9
4817,D5I6PXCIW,cluster7
4818,5G4CYNF3U,cluster5
4819,R86P5GVYG,cluster2
4820,GYGQ3AV6C,cluster7
4821,XF3RJUPFY,cluster2
4822,HXYM9F2JM,cluster3
4823,IDWR5SN78,cluster1
4824,E5TOEBLR0,cluster5
4825,YAOS6ESRV,cluster3
4826,HZ5720BS5,cluster7
4827,XJYQLNQX4,cluster1
4828,OMD7IWJG4,cluster2
4829,2N3JT554R,cluster2
4830,86RUBRW9F,cluster1
4831,OHT45FQH0,cluster4
4832,2KHI20P5A,cluster6
4833,NWYZ4RHEO,cluster4
4834,TD5GSWE30,cluster5
4835,QVSMGKLJ6,cluster1
4836,HQWNQ605N,cluster7
4837,92MHZWZGT,cluster2
4838,JLBVF9X2I,cluster6
4839,58KIWNKKW,cluster3
4840,DGTL2V03P,cluster17
4841,EQL5VXW8R,cluster1
4842,ED59MSNTM,cluster3
4843,RXBQD02FK,cluster10
4844,JCP5LZOC4,cluster12
4845,5T8X4AEHT,cluster4
4846,MD9WJ4T2T,cluster10
4847,H02007F2P,cluster12
4848,9ISIFK2IR,cluster3
4849,JK4AAAKB3,cluster8
4850,Y0ZSGOH76,cluster11
4851,B971G4H6S,cluster6
4852,IILW8SKRQ,cluster4
4853,1MYH8F041,cluster3
4854,14BGCNY25,cluster8
4855,9DQ2WADQP,cluster16
4856,V0X3S9DDN,cluster2
4857,FFMCTZ0LH,cluster8
4858,JX8HGDKOF,cluster5
4859,GPTN2254F,cluster1
4860,A6FNDLBR0,cluster2
4861,XE18ERB3G,cluster5
4862,KFTBYSJUJ,cluster5
4863,SXEL7ODTH,cluster1
4864,W36PMUJ1O,cluster15
4865,S8FN1QDF1,cluster1
4866,BYPTGV1R7,cluster2
4867,OLWCFAVGL,cluster1
4868,KTQQXTMCE,cluster3
4869,ANMCMR7SP,cluster5
4870,YE2H36TNE,cluster9
4871,EPDYFI8OF,cluster3
4872,YCGM7UB9G,cluster2
4873,T6CDCPVVF,cluster19
4874,FWSZ2EOGL,cluster2
4875,TJ9HK2J1K,cluster3
4876,FX13U0K3Z,cluster14
4877,EV8EY8E26,cluster3
4878,PUFLU05QW,cluster2
4879,9M4KI7VJT,cluster5
4880,YXWMD7TKP,cluster2
4881,7C1CNT3N8,cluster7
4882,TDA13JFS7,cluster5
4883,CVOC6II89,cluster11
4884,OL8YQZN53,cluster7
4885,H1P772POB,cluster6
4886,BPD362WTZ,cluster1
4887,A5HLF0LRX,cluster15
4888,XATC2NQYV,cluster1
4889,DC23XSEOT,cluster11
4890,9C2J34CFN,cluster2
4891,APT1WC4DZ,cluster1
4892,KS37YICFW,cluster11
4893,E6O8SE32U,cluster11
4894,B72PRUK02,cluster13
4895,6VH2ZQ017,cluster5
4896,Q3YYEHNL1,cluster7
4897,T3BD5FENO,cluster3
4898,Q5MSSH44F,cluster2
4899,6RT79SKI4,cluster11
4900,W6XCJ37PU,cluster11
4901,LHMAP5E4J,cluster1
4902,3CCB4PALG,cluster11
4903,OTW8YQ0HI,cluster3
4904,LRV44BD5W,cluster10
4905,PPO446CPW,cluster15
4906,WSLBISFE3,cluster11
4907,AAJF6EH9R,cluster15
4908,EK987AXLP,cluster3
4909,S7O77RSEB,cluster7
4910,E49DIA1O7,cluster19
4911,V7NKL671S,cluster5
4912,W9Z1HWII6,cluster17
4913,9YWW6CHT4,cluster2
4914,JM7AC4F2U,cluster4
4915,FTQS4WZEI,cluster8
4916,QRJX9T4KM,cluster3
4917,P3IH6D2BO,cluster3
4918,CPIVNAPLW,cluster2
4919,VQUC2NFP6,cluster1
4920,T9K6WPR17,cluster2
4921,9GATHOORZ,cluster9
4922,CHKSQ1WY7,cluster1
4923,GWLCKXDEZ,cluster8
4924,ZWOG1G0E4,cluster1
4925,YCKU33WFQ,cluster5
4926,G92FMIZ7D,cluster2
4927,N6ITNW4PA,cluster14
4928,O9URGI6L9,cluster1
4929,MOXJUP3CE,cluster2
4930,7C6IEQ71G,cluster15
4931,D7JYMOQBD,cluster3
4932,FPIB9HJ68,cluster15
4933,XXM4PK0HF,cluster4
4934,PTL1BVY23,cluster2
4935,7FMKGX23M,cluster1
4936,56FQ5RAZX,cluster1
4937,I44WSY6LH,cluster4
4938,C6AOV2KOG,cluster16
4939,33UHM1FX7,cluster4
4940,RN9SPAI4Q,cluster3
4941,670LV9T53,cluster4
4942,TG1JUIHIT,cluster12
4943,WJNQO1E1L,cluster5
4944,TR0J6NDUF,cluster7
4945,RGSJ3OBCD,cluster13
4946,23GVZIQNB,cluster14
4947,3E6PW5UTH,cluster1
4948,44VVJX2RL,cluster1
4949,IUE89V0X2,cluster2
4950,PJ9WJSD57,cluster3
4951,GLSKUY5UX,cluster3
4952,D5C9X4ASX,cluster3
4953,6M7EFX8AW,cluster1
4954,TFRF77LSL,cluster2
4955,7S4TAFRC4,cluster3
4956,D25SCGVLZ,cluster1
4957,VDPV4O4UE,cluster12
4958,MGO7I4Q3I,cluster2
4959,CH48RQZ5K,cluster2
4960,2CX7YK00P,cluster2
4961,4RXO82F0K,cluster12
4962,SADYISCB0,cluster1
4963,4LH9VVXJJ,cluster4
4964,4T9D08THI,cluster2
4965,I1V05BI8P,cluster5
4966,VTNM1USZM,cluster1
4967,Z0Q7YPYBR,cluster6
4968,K0OBTRSAA,cluster3
4969,779ZJ916N,cluster1
4970,OKKNXFVU3,cluster3
4971,OZGQ9SEUW,cluster11
4972,55P76QZAD,cluster3
4973,L6BYCLUDX,cluster2
4974,LQM40GBLL,cluster5
4975,MZSXTM9H1,cluster1
4976,XCLV8PQF8,cluster6
4977,JQ2HYFQJ7,cluster1
4978,UWYVN9AOB,cluster11
4979,Q6J70EUF3,cluster6
4980,5ZGAE7H0W,cluster2
4981,4I7I06K53,cluster4
4982,CYPL6AY9G,cluster4
4983,T4ILPJ2RK,cluster1
4984,9B3BKOGA2,cluster18
4985,ZTFEIZHWM,cluster1
4986,TPMZXA58Q,cluster4
4987,ZCPMXY7BX,cluster2
4988,WQN2R7MUX,cluster1
4989,QS42ANXZJ,cluster15
4990,Y5MBOU7M9,cluster10
4991,U2YEJC182,cluster2
4992,50N4XTO87,cluster2
4993,CZLDOX4HZ,cluster4
4994,CBYAGXLI6,cluster1
4995,YJR6LKWT7,cluster1
4996,TVZZ35YG5,cluster17
4997,OWNVFSGEN,cluster9
4998,RQL5BRBQO,cluster1
4999,KXOM8JOCH,cluster4
5000,0WN56Y0R9,cluster15
5001,SHF4EBY5K,cluster4
5002,4LEFUC1U0,cluster11
5003,3XW1RWVDT,cluster15
5004,AYXCC6BVF,cluster4
5005,55YYXPY68,cluster4
5006,GHC4Y3U9D,cluster3
5007,35NK0E173,cluster1
5008,BB4Y666SJ,cluster1
5009,1S83JR996,cluster3
5010,BY8RWCCGY,cluster11
5011,RRZIGIRXQ,cluster12
5012,FLBMYJKL4,cluster14
5013,6KBV1DTUT,cluster10
5014,M1660P4SL,cluster13
5015,Q6V0AAFT1,cluster1
5016,8PURZGAHN,cluster3
5017,Q988BOGZH,cluster1
5018,ETYMG4J9N,cluster1
5019,854ZOA1HA,cluster15
5020,X7UBENKNT,cluster12
5021,A4O5GGDM3,cluster3
5022,LA5XD6IST,cluster8
5023,WX0HR49CI,cluster4
5024,R9097B7AH,cluster6
5025,U2GLL6EDX,cluster6
5026,8WNHXLTYH,cluster2
5027,Q1KAKKFVG,cluster1
5028,VBAIPMPSC,cluster15
5029,X7PXMKK58,cluster2
5030,7VA9D8XUQ,cluster2
5031,8WLUOONGF,cluster9
5032,6GZWUM8DI,cluster1
5033,4ZJR8DLK5,cluster1
5034,703MRAOY6,cluster1
5035,N0HO63E36,cluster11
5036,2OLQMBC72,cluster10
5037,LQU3TPFOM,cluster6
5038,A0E06219H,cluster8
5039,DWY2PWCQ2,cluster4
5040,Q3V3JFQHZ,cluster7
5041,R0JDVT05C,cluster1
5042,XHBFN6HV1,cluster2
5043,UY1LK1BTA,cluster17
5044,CHFQDTUTW,cluster2
5045,JNM5QE0FH,cluster10
5046,RJY8TEY2E,cluster5
5047,7FLEXA6I8,cluster1
5048,K943IBGSF,cluster2
5049,BUKH0MT1E,cluster1
5050,7U7G04S8U,cluster12
5051,R1RQ19EN4,cluster1
5052,M85LHZILJ,cluster11
5053,43DZWDYZB,cluster3
5054,AS5W3SKSC,cluster1
5055,IORN88PWY,cluster14
5056,8E57SPTIO,cluster1
5057,XAC5FU0KD,cluster6
5058,OO9DGXL0Y,cluster5
5059,VLL9DG4OC,cluster4
5060,J6JPPIDD4,cluster17
5061,T8JZBTXBP,cluster11
5062,KSHYQF6D7,cluster4
5063,UCEZ7NQ0V,cluster8
5064,MTOP930IY,cluster1
5065,XX3HP5XZH,cluster1
5066,2IK8IZYRS,cluster1
5067,OTO4SGEB0,cluster2
5068,YFJ40FE2Y,cluster3
5069,J438H24D4,cluster12
5070,KL0G9Y6YM,cluster1
5071,8U6UQDQIY,cluster1
5072,50VTB57S2,cluster3
5073,7LLKQZUAR,cluster2
5074,2R7J1B3FI,cluster1
5075,JW2FLQPYR,cluster10
5076,PQS6F5XOK,cluster1
5077,8G5JA5SUQ,cluster14
5078,JZBX19HNJ,cluster5
5079,4GTUKCE9N,cluster12
5080,6PBXLQMBI,cluster5
5081,FBWRVYJTV,cluster5
5082,FZFPLENM6,cluster1
5083,PW50UMB6U,cluster18
5084,FVBVMCJA7,cluster2
5085,4VSQPL3PF,cluster2
5086,1A07YN91K,cluster6
5087,ETGHECTWF,cluster9
5088,YTWDK6299,cluster3
5089,H74BB1XQD,cluster15
5090,V15948NER,cluster2
5091,E28NEHVEW,cluster3
5092,8WE050UV4,cluster4
5093,JMAHUWC2D,cluster6
5094,M2EOUPM59,cluster6
5095,6Y7NNFSBN,cluster1
5096,JLEBRU5LF,cluster17
5097,DBP7NP5YE,cluster3
5098,H0BRPPXFS,cluster8
5099,JTVJ58Z7G,cluster2
5100,22Q1W4CDU,cluster16
5101,44BQJ0DTY,cluster4
5102,BL5OLTJLL,cluster2
5103,UH46U6MIY,cluster6
5104,RF4805G0V,cluster1
5105,CR4DLZ6DM,cluster14
5106,CMIRI84EZ,cluster3
5107,4BJMEMKZK,cluster4
5108,XVMFOPI6H,cluster15
5109,BRCQFI6IZ,cluster5
5110,CQ5MRTVRC,cluster4
5111,02O652459,cluster5
5112,SSZXIC0H9,cluster1
5113,623MIIMOY,cluster1
5114,LS2NSKQ3M,cluster10
5115,XXV5VAAH1,cluster1
5116,SERJEBNAH,cluster1
5117,KLPNLTF25,cluster10
5118,ANEUP74HJ,cluster1
5119,ZVLVDYJKB,cluster1
5120,6F5161JR2,cluster12
5121,46K3SFJR3,cluster1
5122,ZAMGRQD8B,cluster3
5123,GCCDBUGKK,cluster1
5124,W49WAB2H0,cluster11
5125,GAHH76Q7E,cluster2
5126,Q5TR2DS36,cluster6
5127,CO1O78IB3,cluster19
5128,XT677UEAB,cluster1
5129,9KPAMVDQ3,cluster1
5130,Q84P8S048,cluster18
5131,AZB66ZE59,cluster2
5132,6DO8RFVKP,cluster16
5133,TGOOPO2RP,cluster1
5134,KYCTX3WBN,cluster1
5135,U2AVW1XJO,cluster19
5136,WE685Y6KV,cluster1
5137,G3LTHB3KR,cluster1
5138,KCVXG7PXF,cluster9
5139,DV9WKF3HV,cluster1
5140,8KD2PB1PE,cluster17
5141,MXRFD5UYO,cluster2
5142,TDCN2FS5S,cluster2
5143,329JG4UUJ,cluster15
5144,S75T7FZ92,cluster8
5145,WRXLDFXGU,cluster19
5146,PDKW7GYEM,cluster2
