id,xxx,prediction
0,MAL944N3R,clust14
1,2P070I351,clust14
2,LPAXLZS35,clust1
3,2IUMVXWR8,clust1
4,IYMKO9LF4,clust15
5,017MQ4ZTB,clust15
6,6CJFVPO4U,clust2
7,P86LCJZFV,clust2
8,LBTT9SRNJ,clust3
9,DYH3UPRT6,clust3
10,JZ6Q6V0R5,clust17
11,T250BTXXU,clust17
12,IFX93GJK8,clust2
13,OSPYXC9U4,clust2
14,A7TW4V5CD,clust1
15,B6FEXDXUO,clust1
16,ZYFR256H1,clust6
17,3JSN2VWV7,clust6
18,Q37JRFXTW,clust2
19,28M7DYGEP,clust4
20,PZNPQ46RS,clust4
21,UBUXH9NLV,clust6
22,9FUNHOUC1,clust6
23,VWYSAPVHO,clust2
24,QJ5DSH3NY,clust9
25,QDXK2JS22,clust1
26,IXX3IKOLV,clust1
27,QLEGK1JTE,clust1
28,21WBF7ZRC,clust14
29,55ZLDFLEC,clust14
30,A8NJNTUAP,clust2
31,L50Q4BX30,clust2
32,1ZNPP2DQE,clust16
33,NLMNS6ZBE,clust22
34,MN3WX5TYR,clust6
35,SLTDQXECZ,clust6
36,HCBBUEXAT,clust1
37,FZ3B6KUNV,clust1
38,SN8IXBGNC,clust1
39,U95UK89JI,clust2
40,YWRQWOGXY,clust2
41,C7D87FBF8,clust6
42,HX89G50GS,clust6
43,N837YTFXG,clust3
44,9RVD407AX,clust9
45,FJMB2DUMK,clust14
46,JZCDWEAFX,clust14
47,Q1AIGEI4G,clust6
48,QLKMDFD8J,clust2
49,D27WFS9HE,clust14
50,JGZKYHQQ8,clust2
51,ICWF42WLO,clust2
52,MWXMABNZK,clust14
53,W4T6O8VCZ,clust2
54,DRDJGTRDZ,clust2
55,N2YG5HP59,clust5
56,M79RIKP8D,clust5
57,33M5Q585D,clust1
58,00SK4UT8M,clust1
59,EBAGR7X75,clust2
60,DBFCCYYS4,clust2
61,KD322MLPI,clust14
62,PMYWGHUJG,clust1
63,8EWRF1FAR,clust4
64,DAML1TID0,clust4
65,WCCA61EH1,clust5
66,CMUEVJW0P,clust5
67,H4T9MGXW6,clust1
68,00F9SUPIE,clust1
69,M7CXWXMI8,clust6
70,W6KAUB60U,clust6
71,CT81VZQHM,clust2
72,A38G94T89,clust1
73,9TO1710J1,clust2
74,VU8K4HIKU,clust2
75,1SIOSK3RQ,clust1
76,9EGN42LFZ,clust1
77,6CLGIDKDE,clust2
78,DESG1GPOI,clust7
79,OQNZ7MT3K,clust7
80,3AOMVJBWC,clust5
81,ZR6UKXQT7,clust1
82,SPXYNOXP8,clust2
83,R6EFWUJ57,clust15
84,KUBMFWFWK,clust15
85,7A2M7R91A,clust1
86,9J54DZNB2,clust2
87,6PNOSRLW5,clust2
88,4XQ7K0KZ4,clust11
89,2PIOEK39W,clust11
90,8VO3K0A4V,clust2
91,WQ5WOSPR2,clust2
92,AM1HY9ZZF,clust1
93,G5E6EIY5Y,clust1
94,ER0BXUH1P,clust6
95,CIIY6FYTC,clust6
96,NTXRP29S4,clust14
97,U20T1HOBI,clust13
98,0E8P6F42T,clust13
99,4I5BTPI3U,clust2
100,4WEL1FJC8,clust13
101,0UK1EIE7N,clust19
102,QV99CFKKN,clust19
103,7XINWEX8P,clust2
104,4NAVDNPBG,clust3
105,2OOGRPW7I,clust3
106,PUNM7CED7,clust4
107,JAHZ2S8RS,clust4
108,27FLMZ4FU,clust15
109,X13HPGM1A,clust5
110,J9W1YQQVX,clust5
111,M80Z17WRZ,clust15
112,FDNF85AG3,clust14
113,9B7N4GELX,clust8
114,AHFNG5I4S,clust8
115,TCPXODIXU,clust10
116,7NCV2WZ9N,clust10
117,KABHQO8NF,clust7
118,AZXGTEGIK,clust7
119,MY1O6518R,clust1
120,MB191I9EC,clust1
121,XXNH3JJVK,clust1
122,OJ5PQDQUW,clust1
123,6HULUHKMX,clust1
124,R6V1TNN7B,clust1
125,7WEV0ZEB8,clust1
126,XISFL3YUG,clust8
127,30FRMZYF9,clust2
128,WJLUI16NL,clust11
129,M9SW83497,clust4
130,6CD6417QN,clust2
131,ZJSOJ58C3,clust2
132,XI2CS5HAU,clust2
133,B1YGO6HY5,clust5
134,37YO8EC7I,clust5
135,06SPYT6SI,clust11
136,SLV0YAQJD,clust11
137,NEQQJQLMX,clust1
138,QKTKWITVY,clust1
139,D07O9SC39,clust2
140,4D9LE0URH,clust2
141,WEDFFKDV9,clust22
142,6FMQC45LR,clust22
143,HXEDAYCK4,clust17
144,GCP8I5V5Z,clust17
145,7CFUO3TTO,clust6
146,BIH11LGQT,clust5
147,5NWE9939I,clust17
148,0TNSH90RC,clust1
149,L5ZBXMDFM,clust2
150,PWW6BD5J1,clust2
151,GPJKNUQVI,clust15
152,VIUD8PJ2B,clust15
153,0TS3YTURI,clust5
154,7YILPSOR5,clust1
155,SJFPKKUP3,clust4
156,62F1O3JOL,clust4
157,NCJQPS7R8,clust2
158,PF8568C0P,clust4
159,23CMQO02D,clust4
160,P92KHSCR9,clust5
161,BKTQSOYUT,clust3
162,Q7XV1H4NJ,clust6
163,JPIE0G45N,clust11
164,XGBF3U7ED,clust2
165,ZLMP694S2,clust2
166,NFOW326ZP,clust5
167,93QRG8MC3,clust5
168,TZDJVCWYI,clust14
169,N7Z0CMBBV,clust3
170,Y50UUF1BF,clust3
171,N9WZIHAHL,clust6
172,M17PZO0LV,clust6
173,WBCU2I5M5,clust6
174,W62U4S9K0,clust11
175,E4QULMSGB,clust2
176,ERW4WTC2U,clust2
177,JB3JJ9PCY,clust4
178,ZU6DIC1W4,clust4
179,SJ8QBGE8I,clust13
180,URKNTTCHQ,clust13
181,BZANIWG4T,clust11
182,65BPO4J8N,clust5
183,0IY0TWDEE,clust10
184,XYWTWP7AP,clust14
185,RUN3U9FDF,clust1
186,YRBTIVKDS,clust1
187,KFFYJ83IG,clust5
188,5SXEP0WKI,clust5
189,AKZF7OC2N,clust17
190,7QQLMOT8Z,clust17
191,N2FOPRLZ9,clust2
192,8AUEFDGUY,clust4
193,LEC6317S4,clust4
194,TXSUAB058,clust7
195,VVW0CF2P9,clust7
196,VF4AYYH7U,clust1
197,ZIXYHD5EM,clust25
198,VM0HYDI1A,clust25
199,9APULMSM6,clust9
200,HFFZL47FF,clust4
201,9X358TFYA,clust2
202,0NCC0YI6F,clust25
203,EUG4PK2AG,clust25
204,5L4613R0F,clust2
205,CEIRCYRSG,clust1
206,1TIT6QD69,clust1
207,P2IX1394Z,clust4
208,D69XQBUC1,clust19
209,LJ49H6XDQ,clust4
210,0MOVLUNHE,clust15
211,WQD8F0OC3,clust1
212,NL6GPHWMS,clust1
213,05QASMQVD,clust2
214,8YROK63YG,clust6
215,455ENEIP0,clust6
216,RWG1I5ZO8,clust2
217,VB74OMFU7,clust6
218,DZR84R00R,clust11
219,P6W0IAN91,clust11
220,S58A8ZKA2,clust2
221,8M8AMIVK1,clust15
222,BFIGXUL23,clust2
223,U1UZCMXC0,clust19
224,ZNE8CX26J,clust19
225,IXVZCMGBJ,clust1
226,J20JO79EW,clust1
227,EARBVAFK3,clust12
228,KJ2FIFE0U,clust5
229,9WYECR5DV,clust1
230,W4EFPUG6F,clust12
231,A3UG14R86,clust5
232,11B5KCEFB,clust4
233,EX4EK5H91,clust4
234,XWRE600NK,clust2
235,4G7VWTPRJ,clust1
236,DZHTPUTP1,clust6
237,QLXZEGRSL,clust7
238,JGE2HRFPU,clust7
239,37RLD2ML9,clust2
240,U26SKSQG2,clust4
241,MFQ4622VP,clust4
242,1G7S047H0,clust4
243,M3YOVE3HM,clust2
244,E1Z1KLTJN,clust7
245,HVDYNMC2W,clust7
246,H1KKE2PL1,clust2
247,UYAJIF26P,clust2
248,3YALIU3WG,clust14
249,7MCAD9DVJ,clust2
250,2YW6ZSV78,clust8
251,LBXY2XIQG,clust8
252,W9UWPXWOW,clust4
253,600D7NIRV,clust9
254,F1FJJZEKQ,clust9
255,EX2O0XL13,clust2
256,YYJY2UU4Z,clust2
257,H275S4FI9,clust2
258,9HC7101P7,clust1
259,SXY37C8KJ,clust1
260,5451O4ZEB,clust1
261,3IWOO3K78,clust2
262,NFGCTK79K,clust4
263,EK1RG5ZOR,clust14
264,HCCKRGJ5X,clust6
265,SUO1FNYVL,clust9
266,9BKVUMH09,clust10
267,S0FM2OJSY,clust11
268,GFCAQS5UT,clust14
269,ATAY2N4IY,clust14
270,O3QA5CJCU,clust6
271,V1BUMJ5H0,clust11
272,P7KYVXN06,clust11
273,TFV5JS8NC,clust1
274,R2T87O3FO,clust5
275,3L3IT9CV2,clust5
276,2MCBRC1DJ,clust7
277,1CU0WCP2D,clust4
278,9MBCVN538,clust24
279,Y42FJY7MM,clust24
280,KZZ6HXNK4,clust4
281,LP85A7B2X,clust4
282,50RTA78XQ,clust17
283,QCG6FU21M,clust17
284,D50NL3I0Y,clust8
285,S112UXT5G,clust8
286,R0DHVRXDG,clust1
287,MSW5TZ03V,clust1
288,EEK5TH68S,clust10
289,CCQ6YPN2O,clust10
290,CTHBJ7F3V,clust4
291,PYXZ30RVI,clust4
292,RPYMY7XJD,clust13
293,LTBGDNSS7,clust7
294,IPUGU8QFX,clust7
295,MYOT2VXMK,clust4
296,Q7B0V1Z9D,clust2
297,BXOB21ORK,clust6
298,S29S5IGMC,clust5
299,75K6EWA63,clust19
300,LKU53F7JV,clust2
301,BC4V5QVWP,clust2
302,7259I6NCQ,clust17
303,1ZDGC65B2,clust17
304,EW7CKRMH8,clust1
305,WJBCEWRE7,clust2
306,JDS9ZJ6MZ,clust19
307,V0ON56ZYZ,clust1
308,JU7GOETDB,clust1
309,R3CVQVF4J,clust4
310,BB8OSHJ11,clust4
311,VMHN3FN5K,clust11
312,SWDADG6WG,clust6
313,3Z3QJM6AE,clust11
314,PWMZV8MTW,clust1
315,R6J33YF30,clust1
316,F7027G42M,clust13
317,JGQI0EM1R,clust13
318,4UOH9RU86,clust4
319,3SO8XCROM,clust4
320,NEBSSW9AD,clust3
321,C9USI74UA,clust3
322,BGUFELJ2L,clust6
323,UCSE57GD7,clust6
324,YOD8YZGSW,clust17
325,LWJA5A4IW,clust5
326,S9P3QOPMG,clust1
327,TXINM8RH6,clust5
328,7EOSTUJE2,clust5
329,2RA8MCQPG,clust1
330,J990U0DYZ,clust11
331,2CWQPKMAH,clust15
332,9E69PE8EO,clust2
333,2W7W34KLQ,clust1
334,WL5DG6T5B,clust1
335,EMFURT241,clust5
336,5KFMHS1NT,clust4
337,ICBJ1ZHDG,clust14
338,XO8M953X5,clust14
339,ONMOY7P98,clust13
340,SCXIVJQ6M,clust13
341,RXLVFVCNB,clust1
342,9X0451TQD,clust1
343,RHCUW4ARP,clust25
344,Q93XW7IA9,clust25
345,1623NEYFB,clust5
346,ZE04CY3OG,clust5
347,RZU53UFAL,clust2
348,JXZ0UW3JR,clust2
349,I89RQY8MN,clust18
350,L1N6K48H8,clust18
351,6B9XZZF3X,clust4
352,XHULOFY37,clust14
353,52WWWRQDD,clust4
354,5NWUG7MQW,clust2
355,42TDUH6PP,clust14
356,N71FMDKJN,clust14
357,RU56EAKPX,clust2
358,L44ZTIPX4,clust1
359,YA15LYT1W,clust12
360,E87HE5EWW,clust1
361,38QLB5M28,clust11
362,I5468V3OU,clust6
363,LAP0GI2WE,clust6
364,2AV2BWNYL,clust12
365,KTMU1ZTR0,clust12
366,3GJPR4QJK,clust5
367,41OC5TJSH,clust3
368,38RQSQ142,clust3
369,MN78V0SH2,clust11
370,J3B9JRMCQ,clust18
371,S59GQAPEE,clust18
372,D9RBDIOL0,clust5
373,8M0098QBY,clust5
374,G9GQ5PTCK,clust10
375,KKWQ76MZO,clust1
376,K3PLWJPJ1,clust27
377,AMI3P6GLB,clust4
378,J6T3XR6FN,clust4
379,R2PL1ZM5A,clust10
380,4QGUFR9KA,clust10
381,RGKM56JVZ,clust5
382,BW12H79AU,clust8
383,Q5K7GGHPN,clust26
384,Y98WEC0SV,clust26
385,MZV7A5KTQ,clust15
386,J1IFQUEAW,clust15
387,VA4SXLLR5,clust2
388,K35JWESH7,clust2
389,P336D43FX,clust11
390,B6Z8IEYC7,clust11
391,RQQQNNX87,clust2
392,IZLUUBW3X,clust11
393,8MVROEODW,clust4
394,P2TZRS49C,clust5
395,LF8P9IZKR,clust5
396,H1KCHA137,clust5
397,J7VMQ0943,clust7
398,LOUJKC0NZ,clust10
399,XG0PL3U4W,clust1
400,F829PX0SK,clust11
401,3H4H6AUFN,clust11
402,MM2IPHEJ8,clust7
403,EK1KLQEJ7,clust6
404,7ILFQN0TV,clust6
405,DKGXTI6H0,clust19
406,YWZ25FXWV,clust19
407,9QW4X6PHO,clust1
408,YM8OVQA1Y,clust7
409,T7PSOYQHL,clust1
410,9XKWK37VB,clust10
411,K7RWOUSTI,clust10
412,15OK1L1LV,clust2
413,RC266IYJ7,clust14
414,540XQSYU5,clust14
415,6MAY0L21C,clust4
416,Z0EIKAHHZ,clust1
417,N0ZZKWWAU,clust1
418,T72K2ZE0S,clust4
419,O0Q57RUY3,clust2
420,4IXQIPKUA,clust15
421,I7KE0BGPN,clust24
422,70LWOPU5A,clust1
423,A0TE32MZR,clust7
424,188TL6NB1,clust7
425,YS0G9EFU5,clust1
426,FEV12S3CP,clust7
427,J1N38RYRE,clust14
428,Z8030OUYJ,clust13
429,HB5OY2IT3,clust13
430,EP2YAV5IV,clust9
431,8FJQNMXDB,clust9
432,P89UNXKHE,clust17
433,V42FVAMY6,clust12
434,A61B2HGWI,clust2
435,DQG4I21KC,clust19
436,XSTZWGI4U,clust7
437,O4I9YAAJV,clust5
438,2DU54AUSC,clust5
439,456FKKD59,clust1
440,48RAJA79Z,clust4
441,8TJ99VS3F,clust6
442,XM80MZZMF,clust1
443,1AUEUH2VR,clust1
444,BJAC28F3Q,clust1
445,RVNP6KNO4,clust9
446,T500BIM8W,clust9
447,T3IOACU1G,clust1
448,67DKRN9PE,clust5
449,5PIX41VH9,clust5
450,L4PMQLN8U,clust6
451,OHXON5AY7,clust2
452,9B8OLU1ZN,clust13
453,OR8882JPW,clust13
454,YOICYEQCG,clust3
455,VELHKTP64,clust3
456,MSTMHYBD5,clust17
457,W79UW50XA,clust3
458,VK0D7KPVG,clust3
459,9AR0R3FV9,clust14
460,K5PYKHSK7,clust3
461,1J2M5GPOX,clust6
462,YCPWB4JI9,clust11
463,7IRE1CCCC,clust2
464,DSP38FJ92,clust2
465,GP36CH06D,clust4
466,WE04ZECCM,clust8
467,IPDK3TDCZ,clust1
468,ZNGIB0MH5,clust11
469,1USVWBEQM,clust11
470,NP3Q2EYWB,clust7
471,22SF7NNU2,clust11
472,V29FKBV8M,clust4
473,NFJEM1ACM,clust1
474,3BHYBK3PE,clust4
475,G67UHNIAU,clust4
476,9AYO63O3G,clust3
477,EZC4ADRZR,clust3
478,QKNZUBZGG,clust15
479,PPGQBGHR6,clust15
480,RYG51FHWD,clust4
481,QN0JPA8LY,clust1
482,FZB0LZY0C,clust1
483,OL4DZ8JZR,clust5
484,AFG65A31G,clust2
485,B7T3CDWHT,clust10
486,B3E32RCRU,clust10
487,J4LV723GA,clust1
488,305NONSNX,clust1
489,UEVUEDHLJ,clust1
490,YXK8RQ4Q8,clust2
491,ATWK8UA94,clust4
492,XCTUOFBHU,clust14
493,D3DJPOV8E,clust4
494,J6T81KBR1,clust1
495,HH4PDIMEP,clust1
496,GBE0U6T83,clust12
497,TFRZI0E6S,clust4
498,F9MCMB72Z,clust4
499,F4XUBHYF6,clust1
500,NA0EJ2UF6,clust1
501,44BWRZM4N,clust2
502,9JZKPTONV,clust1
503,9T5KNHU4E,clust5
504,DRRAYBV01,clust16
505,8YV2R4V85,clust16
506,LYS7DMT6E,clust1
507,9S1Z9YXUT,clust1
508,BHYDJ8BNB,clust1
509,0X5BKRSLA,clust17
510,L8TOW6TNA,clust5
511,O5PELMVMC,clust25
512,DT9G80YZK,clust25
513,KALQSKQ7H,clust14
514,37V9HMFT7,clust4
515,WHK61V4IT,clust17
516,E3FOZWXLP,clust17
517,FCN9GU6GA,clust2
518,KTERVK8OL,clust2
519,WXVD1SW4X,clust2
520,IEETGQY5O,clust6
521,91EKDHH8W,clust6
522,WEO9CJWN4,clust17
523,651593GM5,clust14
524,LJ3POS60G,clust2
525,DHMYPMCDU,clust17
526,UXE07OVJQ,clust2
527,A72XQIZVX,clust2
528,T72R7A2E1,clust1
529,BVLFT8B9B,clust2
530,3BUCTTUCC,clust12
531,86Q6XRZ1I,clust1
532,SM4ZKT1KY,clust11
533,636M8M9LA,clust4
534,C5MEGDVHH,clust8
535,6HGVX1Y4S,clust8
536,4UZEBYB2P,clust17
537,EZSK70065,clust17
538,PUPOXDI7T,clust6
539,RJS48FL6D,clust2
540,JC3ZIOOCE,clust2
541,MVWN87X9W,clust1
542,OQQS7RNA7,clust1
543,MQWIMTD30,clust11
544,11CD3QEGM,clust2
545,Z56LL49SV,clust2
546,T4H5XJDSA,clust2
547,KJA8WJIEB,clust1
548,TL5OO5R8X,clust2
549,XKRB7PK76,clust14
550,JFD32DOYY,clust14
551,85GKX35QF,clust18
552,MUF93AH55,clust2
553,NGFH45AUD,clust10
554,LARZMDZS5,clust27
555,DPTOLHJTI,clust6
556,XIPS5QW64,clust6
557,B7SRWFJ8Z,clust26
558,GKRC20GJD,clust1
559,MMA6B9X2R,clust3
560,M4E5LIUZ1,clust3
561,B8U7WU0GZ,clust5
562,I8AMAQLM5,clust5
563,L4RRS7OX8,clust3
564,TSD65RCZ5,clust3
565,94J6OKYJ2,clust17
566,0TKIDG5WP,clust17
567,37KPFQ7C9,clust24
568,HDXMSZVMA,clust2
569,55ZO4CT0N,clust11
570,89000TIJO,clust26
571,AGSWUDX7I,clust11
572,EJAXJ0WV6,clust11
573,JINIZLSMG,clust7
574,OFK6VFTXF,clust18
575,VI2BZ9UHW,clust2
576,LN1I65AFO,clust2
577,OKTSR09LB,clust2
578,LH6DFB5F6,clust5
579,38ASYVXJX,clust1
580,DD10CFEBD,clust1
581,PLOUVV54Y,clust26
582,W60JWGELS,clust4
583,4T254YTUU,clust2
584,7UCX3S7H2,clust6
585,2JO5SGPFV,clust2
586,FESCNY3VU,clust1
587,USLIKXCCJ,clust3
588,OWHPEHZHB,clust6
589,G2LIQ5OT9,clust1
590,51XIGHQ5C,clust1
591,70NMZRDT3,clust1
592,IWFO0P95B,clust1
593,IWUX9HXVG,clust1
594,1LCD9W7FA,clust10
595,753NYLY8N,clust10
596,CB2TH3XZL,clust1
597,T9MEHI3E7,clust4
598,AY9P1761Z,clust4
599,WFQ474MEK,clust6
600,PE4G15GR1,clust2
601,WQTL5M9UL,clust10
602,K005OBOBH,clust10
603,SF4XUZ8GF,clust10
604,W4COISFMV,clust12
605,ZRMCEEM8Q,clust12
606,C78FD878R,clust6
607,AWU4WBHIO,clust6
608,4WK5AWN01,clust5
609,8VAWAYQ85,clust5
610,C7R9TT6ZD,clust6
611,AGU07KG2I,clust3
612,UC66AO0U4,clust12
613,03VBM4ZUC,clust19
614,XGT6BYDRZ,clust16
615,0P2LDQ0CD,clust7
616,U4QDMHEUM,clust4
617,3M5YH47XM,clust4
618,O4UQAQWKH,clust17
619,MEKD7VKBL,clust17
620,YS2CP5T8G,clust1
621,WZ1C13Z0W,clust4
622,60B1JVMBC,clust2
623,9U8U1CYQD,clust2
624,T8FKRQIOT,clust12
625,TIYJAIXHO,clust4
626,487Q5O8JW,clust7
627,5EG6NHQJ0,clust25
628,AYQSX61V4,clust2
629,MRY77HYIJ,clust17
630,VMWGOL1ME,clust11
631,EJ1NZUZ28,clust3
632,1T59G1WU2,clust3
633,ITHGU8SBT,clust6
634,KCHOBK8DZ,clust7
635,CBL5VF3IL,clust7
636,ZIDR3VFH2,clust1
637,0PJCST3OJ,clust4
638,ITIS9LG80,clust4
639,BWLBELBZO,clust2
640,0W90EG9PK,clust2
641,KX7PDIOE5,clust14
642,QPW71MW7T,clust14
643,LR6BN61P1,clust10
644,QIFFCYOXT,clust2
645,CNCE42ENB,clust5
646,ITPOF5VY8,clust11
647,I1P8SAZTC,clust6
648,R2XGPA6X9,clust1
649,80ZMB8C4U,clust2
650,1BXJCLIEE,clust6
651,6DSW7IUY7,clust14
652,2XVJF88ZV,clust8
653,7I8RGMTZM,clust19
654,8LV6Z4WO2,clust12
655,TT6GXRXWU,clust12
656,LSYI86AYA,clust5
657,D1YV3TPGO,clust3
658,DZ4CK41U3,clust3
659,I4FY2TL2Y,clust4
660,OCVZ3I5SI,clust2
661,1G37V39ZK,clust11
662,4E4S5QF2T,clust5
663,P9T3GAF6P,clust5
664,AK456NNIP,clust6
665,D652B10Z0,clust1
666,DK2QS68IR,clust3
667,2H1K8MQK4,clust11
668,2J9NNED6E,clust5
669,0Z9QEXRCO,clust8
670,5KKXQHRZ8,clust1
671,QQ234PERN,clust6
672,TE548IX6S,clust1
673,H40S0VFTW,clust2
674,AIQPUUAWK,clust11
675,C6KG77TQ4,clust21
676,SYX5GNJYZ,clust21
677,S79GK1YW1,clust1
678,162BYSS4Z,clust1
679,2AS1JDWNN,clust8
680,RKMAZMDQI,clust8
681,8KEECSGBB,clust4
682,GA45I7N1S,clust14
683,TH749UJX1,clust6
684,7U859QCRF,clust13
685,4BCPC14CD,clust4
686,QJB2837V6,clust5
687,6P9YZOYE3,clust13
688,7C7OJXCBF,clust13
689,PLMP64CC7,clust2
690,Q494N6FBH,clust4
691,XA8CR6H86,clust10
692,SLIS7ORBY,clust16
693,WEF0NK0S7,clust16
694,8FLYHFAX2,clust1
695,TDEV4PXK7,clust1
696,EGT7X3I77,clust1
697,V8FC7ER34,clust8
698,5JS30PYB1,clust8
699,WQPH687BS,clust2
700,K10MRURRC,clust4
701,QKQCHAJWK,clust16
702,E0UZQH1FW,clust16
703,6M16PPENP,clust5
704,WJV2GV4EP,clust5
705,WEE16FBA0,clust5
706,2IPSJY9DA,clust1
707,I27D04LDU,clust7
708,VSJ3PM8SE,clust4
709,PVAK1RD6J,clust5
710,WTBPV1YZ5,clust2
711,KGN33M335,clust15
712,YWHX5IDW5,clust15
713,16J0MBDG0,clust1
714,HS7QLVBAI,clust1
715,JQ2IMTK88,clust2
716,56EJQ5MFK,clust2
717,1XOFUXCF6,clust1
718,3880WXTEW,clust1
719,H2TIRKQKJ,clust6
720,0P11YV236,clust6
721,XUGE22VOG,clust6
722,8DPCQY3O3,clust14
723,6C0SO5YUT,clust2
724,Y5PDTHSF3,clust5
725,V30P651SL,clust5
726,TRNWFF3VH,clust11
727,O13H0RXRS,clust10
728,6PDQ9VAK9,clust1
729,0W4FAMWLU,clust1
730,3IF5WN5M3,clust10
731,FZA0QFMI3,clust2
732,P0ZDTZAOS,clust2
733,2X8WUM7WU,clust20
734,DCZIP3NUC,clust20
735,LXYEB8KVT,clust8
736,BHGZ9GJ6M,clust8
737,RRUIJFKST,clust2
738,9UMRMJB37,clust1
739,W4Q0OQCUW,clust5
740,IZZ9T36FD,clust3
741,IO819H46B,clust3
742,GVNVMXGLT,clust8
743,T273G1Q6I,clust14
744,E138UOKWB,clust11
745,JDHSK7VG7,clust11
746,RVWR9ZXYU,clust6
747,ZWQJ44G69,clust6
748,DXLD3REW9,clust16
749,URLR6VCDY,clust16
750,V8X66Y12W,clust6
751,JHLV1D8S1,clust6
752,K6OY56766,clust4
753,SPKSNI4LM,clust6
754,9ZHW0CU4M,clust6
755,YAGWP5YJB,clust6
756,SZT4TDQDU,clust9
757,GKDETY22W,clust4
758,WQNGLB4Y0,clust4
759,0GWBOE0N5,clust4
760,GT60UZBI3,clust6
761,LRQYY97HS,clust4
762,1WZXYEJI8,clust10
763,BNOOK6QGT,clust15
764,9PGUHLEYI,clust4
765,G49P8U91T,clust2
766,8R5ECXFU4,clust2
767,FSKS34LIT,clust17
768,94UL7H0N6,clust5
769,B5IGOF9LI,clust1
770,GVFVEN6T0,clust14
771,J5JU0BYUA,clust23
772,CQUCQYMX8,clust23
773,2V3G99H4C,clust7
774,XHXF5YXJE,clust7
775,J5XGQ0VWB,clust5
776,I3PC8TKYJ,clust9
777,YK8ZLVFS2,clust8
778,RISQLVJYG,clust16
779,J4NHAWKIP,clust12
780,TLISWRYZ6,clust17
781,62QH4UY7P,clust17
782,D3H6LF6I7,clust4
783,TQFHR51Z6,clust4
784,0NZC796D1,clust11
785,5IHJMBG5D,clust11
786,V11DSNP45,clust11
787,W1GU28Q7Z,clust4
788,O67EOV6IC,clust4
789,FWF3U6BZO,clust6
790,BPPKCGQ9S,clust6
791,3FX5CP8G6,clust5
792,BROV8LRJB,clust17
793,UUP3TPX2W,clust1
794,LFHSOC91Y,clust5
795,IBCGWJRBI,clust5
796,ORTHIT565,clust9
797,FZGA6N8S6,clust17
798,KHLNS5UVZ,clust17
799,1ENMPOL38,clust12
800,PMAOT65L6,clust1
801,BFW7MHOXY,clust1
802,ZF93046DP,clust21
803,JWMQHGBXA,clust21
804,8OOZT94SC,clust23
805,KPK295O6W,clust23
806,94IV059FE,clust4
807,IGBW4J1CC,clust4
808,APYSMTSKM,clust14
809,ETFSASDJ0,clust14
810,4QQJ9Z8J7,clust12
811,J436DVDLW,clust9
812,PFJ8ZXQDZ,clust10
813,2DZV9JKCF,clust10
814,GOODE9IYN,clust10
815,DDPK4WFA6,clust17
816,EGRYJP6L6,clust8
817,E4PALJWI4,clust19
818,F1SACQKO7,clust10
819,NQ13L073P,clust16
820,S3FCRASTS,clust16
821,PLMZBUNET,clust19
822,B0YN5ID1A,clust2
823,H0P9RP70K,clust15
824,VNG67ZZHB,clust1
825,0SPFULQB2,clust3
826,Q3OZJII7Q,clust11
827,SZMMINPSU,clust2
828,5SL06JMDP,clust1
829,Q3NMSKWLU,clust1
830,BAR9AGK7L,clust1
831,2OKP3L987,clust1
832,QHEFVIXIA,clust1
833,5NJUNEM55,clust2
834,PNN04VV8I,clust2
835,74ULNRKJ7,clust12
836,RF56WDO8Y,clust4
837,0326C8TTD,clust7
838,PU0MRQWUW,clust7
839,HTOOP5BP9,clust1
840,3D5D5BHB6,clust15
841,ZJ3Z5EF6F,clust1
842,I7XP4XLUT,clust1
843,DF65JRUMD,clust1
844,VONX880X0,clust5
845,UEODF2X7A,clust5
846,3EABU17WR,clust4
847,D9WNGM6K0,clust11
848,63MCVUJD0,clust11
849,KE3WYB1V3,clust11
850,FLRQCU1TA,clust7
851,JAML71MGF,clust7
852,IUH5GQIL0,clust5
853,QSCYM1HYV,clust1
854,233S4VIJO,clust1
855,TDLT452DF,clust4
856,WW6WD6UZI,clust4
857,3FGDJGQWL,clust11
858,QAOWE6IB3,clust4
859,1G5JMPFMO,clust1
860,YDT2GADLI,clust16
861,LU5M88NT3,clust7
862,A8D87UMSZ,clust6
863,X3E1QL9QC,clust23
864,JUHO9C7TO,clust11
865,J6XB7FQHV,clust1
866,UQB9OT0OP,clust1
867,QBCWTXMJZ,clust18
868,SH1PRTADN,clust18
869,5E59DFOTS,clust10
870,ILCPGBT05,clust7
871,0TQO6AJI3,clust7
872,FV2F7NSJZ,clust8
873,CSMP5TYXJ,clust8
874,TQAYDPSQR,clust3
875,61APPLE8R,clust3
876,2Z08R9AC2,clust8
877,40PXXNB2D,clust8
878,2WL6BQKSD,clust7
879,73XEL1JDL,clust4
880,3H6LG8I9R,clust23
881,AWGC5SU5W,clust23
882,VHO3W9YP6,clust2
883,DTJPUCMI0,clust8
884,TBILXYV16,clust4
885,I7QJZ4CDM,clust7
886,Q4WLOC83Z,clust7
887,I2IYPBLKR,clust1
888,4522CAHDW,clust1
889,VEXANA8Y2,clust7
890,2ZRNKV335,clust7
891,1W6LJ9DT2,clust9
892,PY0NSO3OY,clust9
893,0FU2L6HFK,clust14
894,DJGFBIJYV,clust3
895,GZRSY3DQZ,clust16
896,J3KHAGGD1,clust2
897,63POERV3P,clust10
898,IDSOHNVMB,clust7
899,IEOR1SXLA,clust2
900,XZZ1D4ZJE,clust6
901,T2MKQ79FV,clust3
902,4N9A32TWT,clust2
903,W9F42IV2E,clust2
904,ZFAS23QLR,clust17
905,KIEBJRDDM,clust5
906,ADMQFHZK2,clust5
907,0X6OKXG9A,clust20
908,Q9EPVFMM0,clust3
909,W3QSK48AV,clust3
910,RCOT86UJO,clust6
911,FIRX7HRL5,clust7
912,XV6RWFXRK,clust18
913,2NSKJRKBR,clust5
914,OD63HCLXI,clust3
915,GT7UAORXU,clust5
916,9PULZU9PQ,clust8
917,XDQTSQQ84,clust8
918,2J8RSO0YD,clust7
919,ICLN4XUZG,clust6
920,VXUAHFB56,clust3
921,WEHQ2O99T,clust3
922,YAGZ4YXFN,clust14
923,A7JHC2535,clust4
924,I8HBNQZK3,clust4
925,0DFGW53W7,clust6
926,HT6R8TZVN,clust6
927,IKZY8EQ45,clust14
928,WDJZYI0Y6,clust5
929,RSJUZAUX2,clust2
930,RQPEXPM4L,clust5
931,VG19PWYHN,clust14
932,LFZF5Q57M,clust4
933,3ABA286V3,clust8
934,3TQ3ND64E,clust8
935,91AXDYCC8,clust5
936,J394SUZ7S,clust5
937,V29T6EYLG,clust17
938,BHQO2K64K,clust8
939,0DO9GAYQH,clust8
940,GAWBPSFFD,clust1
941,2KDA2DQ3W,clust4
942,4BXK8HUUX,clust11
943,I2EDWLV5I,clust11
944,DDKTE829Y,clust17
945,7AR7GT3NR,clust17
946,G1E1VI9PT,clust6
947,38UN7LPCU,clust6
948,0BTDNQZF1,clust4
949,J3HR7I7S1,clust4
950,FLTTHM6QA,clust9
951,NPPM52Y56,clust9
952,8S4L511UD,clust1
953,I0EGOX3ZE,clust7
954,HM4XIJIOY,clust9
955,BYRG8RT2G,clust6
956,I6J5JNTAW,clust4
957,7HPYSOOLT,clust2
958,A3KUZS9E3,clust8
959,EVQL8C6F7,clust2
960,W4NLROMOW,clust4
961,GEG50F523,clust2
962,02T929S8A,clust16
963,8HVRCS22W,clust16
964,PNS59CS6A,clust12
965,A9D8K3P9O,clust12
966,94KZZ7QVO,clust13
967,A1FGOVRFM,clust13
968,PY0MULE82,clust4
969,9R9947M37,clust2
970,9JZRKJWQF,clust6
971,WBG4E79C0,clust6
972,H66AUDKPD,clust6
973,CG3WLRJAX,clust8
974,EJ1W1N2JG,clust3
975,Y2KQSDGMR,clust2
976,6J48QCWNO,clust2
977,ZA1JL79KC,clust2
978,GCBFZZAXR,clust11
979,10CG1WLLW,clust12
980,G3QWSZQIV,clust4
981,M7TRE6B9L,clust8
982,5RGGF4TYL,clust8
983,AT1V59O2N,clust3
984,GJLBBOZXF,clust6
985,B0P34IA4L,clust6
986,09144M14F,clust23
987,S1NCEXVDW,clust23
988,MYIIVVADE,clust2
989,8VTQ3CDJH,clust10
990,ZR7S7G4XE,clust5
991,ELF1P6N9C,clust1
992,GFAC2KXQ9,clust3
993,FBIQ8BKWK,clust3
994,BM1WQTLBL,clust15
995,2JCTKZRRU,clust5
996,FTQ9UPKGG,clust14
997,NIAYIA334,clust14
998,0O0NVIY7X,clust5
999,7U57IRG3X,clust6
1000,8G5ES3JED,clust5
1001,X6XAGFMOS,clust8
1002,EA6BCEMKX,clust4
1003,KFG4GOX4F,clust6
1004,NB2MPJ0JU,clust7
1005,QW2JN8GWB,clust2
1006,0L6R4Z252,clust2
1007,VG359LT0A,clust2
1008,DC2D9HYYI,clust4
1009,9KMD8KQ8O,clust4
1010,RRC8Q3SGP,clust3
1011,O9ZRKLVIG,clust16
1012,3SD8DN2AW,clust2
1013,QMSX9CKU9,clust18
1014,TQOT0QRJ9,clust12
1015,XUGH1JYRN,clust1
1016,MQKSRT81K,clust10
1017,46YJQPY6F,clust2
1018,H55E2QHFW,clust21
1019,MFU1GZNOH,clust21
1020,6U3TML73E,clust2
1021,5CCZ5W2PG,clust12
1022,4QOGQBU7G,clust12
1023,SU3FHIVRL,clust2
1024,A5W3EPD9R,clust1
1025,J4GN0JLOP,clust4
1026,ZFP8MREI3,clust1
1027,ZEQ0VL9LO,clust7
1028,DS78QQXGW,clust19
1029,IRU794JV7,clust19
1030,2PCCPT4DK,clust20
1031,2A3TTQRAQ,clust10
1032,VWQ5YL6RW,clust1
1033,96ILRR19K,clust2
1034,8NDIDIMV6,clust1
1035,ONG75LV4C,clust2
1036,0DKLFN1IG,clust25
1037,Y92LQ1Z0W,clust2
1038,CXE51PK85,clust2
1039,C7B1QSOQ9,clust4
1040,4ETKI3K99,clust4
1041,TSAK25MPS,clust1
1042,U1H2QVYBX,clust1
1043,8TPQ9WRR1,clust6
1044,R7IVYDQ3U,clust23
1045,K57QSFTDR,clust4
1046,FR5QYZVYN,clust14
1047,KJ19T3NU1,clust2
1048,GB00704SX,clust7
1049,P6OD3RGKS,clust1
1050,54LTJ1A35,clust11
1051,TRFTF4BO0,clust13
1052,M8ALRXRAO,clust10
1053,2IMH970NB,clust19
1054,90XHISVT2,clust4
1055,5G68EQAQ2,clust18
1056,FKOJPWUQE,clust17
1057,WQFDUXPN3,clust7
1058,ZKSSPA3YX,clust18
1059,EUDIR1RMW,clust18
1060,A8TFAIADS,clust7
1061,OUIQT6JVJ,clust10
1062,WRHFK5UY9,clust10
1063,J72MUUFEE,clust22
1064,XGOLDMNAB,clust22
1065,AKLEQY0KF,clust4
1066,0PH2JG9AV,clust3
1067,WSNLLY46C,clust7
1068,3S2B35GDS,clust3
1069,FCSRCZSCK,clust5
1070,4J81EWKZZ,clust5
1071,WJK2PU882,clust3
1072,M5XR7XLW7,clust3
1073,N1RDMV0J3,clust5
1074,WV35U8368,clust8
1075,IR45F85CN,clust14
1076,5HDA907C9,clust10
1077,SXSKUMS84,clust14
1078,YSNDX9WTD,clust10
1079,W1VV8ENCG,clust10
1080,VGTXQ3CC3,clust2
1081,VS45T7TWT,clust1
1082,T4QBEXK66,clust9
1083,VH7PNZKKA,clust17
1084,VYG4GFN0F,clust3
1085,Y1ALZ9RCA,clust3
1086,59WQYLSGT,clust18
1087,MAD1WK2HN,clust6
1088,VHSHC61I8,clust15
1089,EA87RASFM,clust5
1090,YPJSQB1NK,clust8
1091,DYUHAOPGV,clust14
1092,GGEMBVL29,clust14
1093,SIHDDXBVF,clust6
1094,WCQEM5NSX,clust5
1095,TFI08FFRX,clust5
1096,LQ0OOXHHH,clust8
1097,PZ7V9JAXA,clust22
1098,ZOR7XTMRM,clust22
1099,Z2MJCX3SP,clust8
1100,CEZHF3OFV,clust8
1101,A279OWZWW,clust14
1102,5G7I418Y2,clust10
1103,R3BEXKV91,clust4
1104,81Z5QZ9HC,clust10
1105,JN5XWTAKJ,clust8
1106,0L38MD7OZ,clust2
1107,3R2KT4VO1,clust14
1108,CJZ8Q30JX,clust4
1109,PWYGWZNRD,clust17
1110,LQCQKH7UC,clust17
1111,UUBUMC0RV,clust17
1112,MRP5VAJJ0,clust3
1113,YQ5FWQW30,clust1
1114,QPH5NT6I1,clust14
1115,T2SIDXUXU,clust14
1116,NNPE4NV1P,clust1
1117,BPTINWHF1,clust2
1118,TUC1XI6UV,clust20
1119,YGWF8BZ0Q,clust2
1120,2NSKWGEB8,clust4
1121,V3Y242ECC,clust9
1122,WDHU54I0D,clust3
1123,E60FLYGPS,clust1
1124,BWLPU90DP,clust8
1125,8M658OJUY,clust14
1126,5EFXOSYSO,clust2
1127,2BLIN19ZY,clust7
1128,22JL9JMXL,clust8
1129,96XJ98FXZ,clust8
1130,HYHKBYFA8,clust11
1131,ZFO4UV2TC,clust1
1132,UIDIIK8WB,clust16
1133,CSVH2PL9J,clust2
1134,JVE1OMBAJ,clust2
1135,V9DJVD88F,clust20
1136,VB8HOK11F,clust20
1137,S07YY053D,clust8
1138,LMGZ9KFB9,clust8
1139,DKMMN9QRL,clust8
1140,DXAYPKAPS,clust7
1141,3280TEBZ5,clust2
1142,6CMZ6E3AF,clust6
1143,JOBXDG9RL,clust11
1144,2RAY55SWP,clust5
1145,FL3LN55XK,clust7
1146,968AW7QHU,clust8
1147,0TM1E7MT1,clust8
1148,FMNC45UG6,clust15
1149,G0V4B06LC,clust5
1150,RYXCO0OU2,clust12
1151,YCML2IX0Q,clust3
1152,NGUJEFI3P,clust3
1153,MYAV8UT8O,clust3
1154,2OQK3AZFH,clust3
1155,TJW3JYR3F,clust10
1156,UHXQ6MTTG,clust27
1157,YNO7AYBQO,clust27
1158,CDVQRDWGS,clust4
1159,CN76TLXFL,clust4
1160,SYIV46EIO,clust2
1161,BIAFRGAMC,clust9
1162,S1K1G9PDC,clust15
1163,1K7656RTV,clust2
1164,3NV4CFU6B,clust4
1165,UF1CDORWV,clust3
1166,WWF7CWHPD,clust3
1167,FGLKSXWT4,clust3
1168,L6VQFILMQ,clust14
1169,N9YFNRX7E,clust5
1170,E79826B66,clust17
1171,085CUSBL9,clust25
1172,6D3RRG9JV,clust6
1173,IY9MMORQ9,clust5
1174,Z7CWWW8YL,clust20
1175,VTK98SUTY,clust11
1176,RGDJCZRVD,clust2
1177,KCZG2B7NS,clust2
1178,F2VUHLT0C,clust5
1179,AKN62WKD5,clust5
1180,ZCDUH5LFF,clust3
1181,8SXHIPHMP,clust14
1182,RABYQUAW3,clust3
1183,7WPDH8BRA,clust4
1184,8C0IKRKYL,clust7
1185,2FSSRVL3Y,clust21
1186,K5Z8IX6W1,clust9
1187,4LTUWUYQF,clust17
1188,M4DXAGNGQ,clust12
1189,UOLZ4ML7N,clust1
1190,JY6Y5RI7G,clust1
1191,OVVEV5X7D,clust4
1192,8NAX0KMZL,clust5
1193,AHVBZ9AFN,clust4
1194,Z3GCZB0RO,clust4
1195,K4XQI78Z2,clust1
1196,G3U7V5VJ7,clust2
1197,ZVQE50CPI,clust6
1198,BAGDGTSS4,clust6
1199,A0JIX6DID,clust6
1200,AF71AX646,clust11
1201,7PNINTR6X,clust11
1202,PTNXFN33L,clust17
1203,IL3S75BRO,clust8
1204,TRN942L56,clust23
1205,08SWALY0B,clust2
1206,OI45PVOH2,clust1
1207,TIPNQ27UW,clust7
1208,GBF8X9QJD,clust22
1209,O8VAFU8HK,clust22
1210,CH1K8ER54,clust10
1211,W1LDR5U99,clust19
1212,KO3LP82BS,clust3
1213,FPWQATGFJ,clust7
1214,6G5DRQMOQ,clust10
1215,OEOOHG0VL,clust10
1216,656YYA481,clust2
1217,94FQ83FZN,clust11
1218,PTXZLVPHB,clust15
1219,YLBW4SKLD,clust11
1220,KYTIFAIAQ,clust6
1221,SH3ALDP42,clust6
1222,NTNG5JEYM,clust11
1223,DUKCTPUNA,clust15
1224,T0IGY4HQ3,clust5
1225,G4GZSNRMZ,clust5
1226,C7P6UFCWU,clust4
1227,WTBIIC2XE,clust23
1228,JQOBBRHVS,clust23
1229,72Y3PMFXT,clust2
1230,FH74R5WRD,clust11
1231,PZBUK794B,clust4
1232,0TQ8LVL6A,clust1
1233,6KCFS034O,clust1
1234,J5NNLLKSD,clust4
1235,KX5A55XAZ,clust4
1236,R8NT6NZ77,clust7
1237,3GE5FQX4R,clust7
1238,Q82RZARP7,clust10
1239,JP32N8MRJ,clust4
1240,Z0OFIRP1B,clust4
1241,PF1C4INCH,clust1
1242,F7SE9JHWY,clust15
1243,HR3YI4IEL,clust12
1244,OE8J8D5YU,clust5
1245,JS38VI3FM,clust10
1246,R32UVHC5R,clust12
1247,9BOWSV27U,clust8
1248,PT3P8SXJY,clust22
1249,C2AVS2S94,clust2
1250,FPSPUM957,clust8
1251,F82WJA7OS,clust5
1252,NR4NCZBSY,clust4
1253,S8AFQUHAD,clust8
1254,QONBEH8A5,clust4
1255,PSVL9IGP4,clust2
1256,FUT8EVSM0,clust5
1257,U3VUGIIJ4,clust8
1258,TA8TB1GUB,clust8
1259,BKS6SKZYM,clust1
1260,1ZQSIGKJV,clust18
1261,8P4EDJX9M,clust17
1262,8KB73HSAX,clust21
1263,HEXIYT3HQ,clust13
1264,ILOSFKZPC,clust7
1265,H1CLR80F0,clust3
1266,XF8SSL04N,clust16
1267,RXQID79Z5,clust14
1268,EDCYGYVE8,clust4
1269,J9K54VM4G,clust7
1270,IC8AX1WKL,clust12
1271,OGFU3JGAO,clust11
1272,NW7QCSIA3,clust4
1273,YZM3MZR95,clust5
1274,NRZO6E5PR,clust5
1275,BUQH4I2NS,clust1
1276,63BPPB3UW,clust1
1277,KLNWOMOQW,clust16
1278,QVMZD9RW5,clust4
1279,BY8PZMXJ0,clust8
1280,YZUU04KGA,clust2
1281,COPZ50GID,clust2
1282,CYSDM7MZD,clust1
1283,H0O2T7CYY,clust14
1284,BNVM8TMLJ,clust10
1285,1EY2L1ICG,clust1
1286,X6FNEN1W9,clust1
1287,L2D8CUCVK,clust2
1288,O7Y8SDLA4,clust11
1289,V9BOKZCHW,clust4
1290,TIEIGUGDF,clust4
1291,I2MVWHNIS,clust24
1292,DBVY8RJZF,clust14
1293,DUWXXTTMG,clust6
1294,LG1SAJ4NC,clust4
1295,DNHJI3YC7,clust23
1296,QY8VOMWGS,clust23
1297,HB1Y0TE89,clust15
1298,MWX6VP7YQ,clust7
1299,E97F72DOF,clust11
1300,H01F1N9TH,clust11
1301,J2Y03B5WM,clust1
1302,32XQH8YEQ,clust7
1303,FJUNS4X8V,clust7
1304,1UQSED86Q,clust8
1305,HSQ4HN8Q9,clust17
1306,0HH3EZI1W,clust1
1307,W64EY9YKU,clust6
1308,1JOBREZ2K,clust12
1309,HOTDT9WWS,clust9
1310,NREGCIXS4,clust5
1311,EZI2PA1LO,clust5
1312,2PDBI37G1,clust5
1313,LDPU5ODDE,clust1
1314,VAX30EVGN,clust3
1315,ZKT766FQS,clust7
1316,MJUYSRSNH,clust9
1317,NEZ1K4YH2,clust9
1318,EV7792JQT,clust6
1319,GAV3J70K8,clust14
1320,WXP93N45J,clust16
1321,1PAG2LH5P,clust16
1322,P9Z0K9YIX,clust2
1323,VS7UP8Q2B,clust4
1324,XRITEY6PT,clust1
1325,LRLS60N0M,clust1
1326,H5MURHYV8,clust3
1327,E0TTAI0SE,clust1
1328,70405GTT4,clust4
1329,KX2SQX9I5,clust5
1330,OFC4M9CNH,clust15
1331,N41PO563U,clust15
1332,M69GV4PBZ,clust1
1333,IOFC45OII,clust10
1334,5N1A6XOAG,clust11
1335,1O7GLLIT8,clust2
1336,ECL1OM9TW,clust12
1337,KJCL9AAPZ,clust12
1338,8WYV44HVQ,clust2
1339,Z7L25A3HK,clust6
1340,6VNFWU62I,clust3
1341,NGAAON2L9,clust3
1342,IXK1CISFX,clust2
1343,322H18CTM,clust8
1344,377B6FIP0,clust4
1345,7NM61HCQ2,clust4
1346,0RETU2IQZ,clust16
1347,34UEWKEEH,clust5
1348,LIH0J8WDG,clust5
1349,5LYFOIPMB,clust1
1350,O0MUAW76H,clust5
1351,5SKRKJY2M,clust5
1352,LDN37CDIQ,clust12
1353,8KRS6841B,clust8
1354,XFJI3GNSJ,clust8
1355,OFHM78QPM,clust2
1356,3JX0GQAVK,clust3
1357,Q02MDGL7X,clust11
1358,W3KPOCF8E,clust6
1359,IMDKN4F2L,clust4
1360,XKAJ06NMX,clust3
1361,2GAMGZICD,clust4
1362,J39ZB2IN6,clust3
1363,J3ZNQB4K0,clust16
1364,AI1ZF2O1Y,clust8
1365,AMZMVXFW8,clust1
1366,2KFBHLOA8,clust4
1367,OLTF95274,clust4
1368,Q732J20ZZ,clust4
1369,4CR1F7H1D,clust17
1370,UB8CG96RK,clust4
1371,AH6MWL3ES,clust5
1372,OEOIJQ7CY,clust10
1373,ESQPU6YGN,clust1
1374,M66R608QF,clust1
1375,I28N7QA41,clust1
1376,JI5MI9OYJ,clust17
1377,RGS1PUZ5X,clust17
1378,NQDHKIQXT,clust6
1379,S2WUAPSR3,clust6
1380,8BIJBG28L,clust10
1381,3TQ0SIWVH,clust10
1382,93QYQUHI9,clust11
1383,VPAHMWE6Y,clust1
1384,BYU9V9NER,clust3
1385,NR9D8RGOO,clust1
1386,DK066VKXX,clust14
1387,PYTKK0WJJ,clust1
1388,9FR12V0NC,clust8
1389,O893081J5,clust2
1390,R1CJAC272,clust1
1391,92HJ1N39X,clust9
1392,BFLC0Q8UM,clust9
1393,6R0H5509Q,clust3
1394,4JXE6A4NR,clust8
1395,KVI9WUCXC,clust8
1396,3X44JMKH5,clust5
1397,MFSM5P3B9,clust3
1398,RZZXSND13,clust4
1399,GBGNAS7MH,clust7
1400,JSWR2TXEU,clust11
1401,WK4116TNL,clust15
1402,CCCLI4R7W,clust12
1403,HQTQKCU0M,clust12
1404,6GEMPKMEP,clust8
1405,I8SH50ZUI,clust15
1406,DAHMMMFFR,clust6
1407,6L185X52Y,clust2
1408,5E6SHXR2A,clust2
1409,4WNMT60TT,clust11
1410,FPBGROCYD,clust1
1411,3WEZIGC5U,clust3
1412,OES459Y5W,clust2
1413,RBRSYFQVI,clust6
1414,HHEXOYDST,clust2
1415,LS89N6TQP,clust4
1416,CGP0VT25P,clust15
1417,MH70GIIJF,clust10
1418,2YBFJNL9H,clust10
1419,HYS4EJG6J,clust2
1420,Z8LARA559,clust6
1421,T7JMD6HPP,clust12
1422,A5WYIRJ3T,clust11
1423,0QAK1YG5M,clust11
1424,9LMEW7KHW,clust7
1425,WWCU0LCJV,clust6
1426,56WANC4UY,clust4
1427,PQURO1DT8,clust2
1428,6KCUIX852,clust2
1429,68B0XO7WL,clust5
1430,Q10YY0GLA,clust3
1431,C0EGKB5L0,clust11
1432,LAXNH3SX6,clust25
1433,B9DS2O6MW,clust16
1434,MMDUXK5YB,clust16
1435,NSN6MVWCZ,clust11
1436,6JD23QDD9,clust3
1437,XDMNA3512,clust3
1438,RCO07B19Q,clust10
1439,DYDGSDDWH,clust10
1440,T0XYC3PKH,clust3
1441,PBCTI0PHJ,clust2
1442,DXLP0Y284,clust2
1443,AVCG12N2L,clust5
1444,DSUA04JFH,clust7
1445,INY4B5OPF,clust6
1446,ME37PTZO2,clust6
1447,93SSMJ7F4,clust5
1448,JZYQQEUT3,clust7
1449,PTIN3BKVO,clust9
1450,ATROOD57N,clust9
1451,PUMQJTWLW,clust6
1452,0S7GTH14J,clust9
1453,5MCM9FLFB,clust3
1454,68415MB54,clust3
1455,ESTK7T6P1,clust1
1456,P5OPW9UDV,clust3
1457,Q96HVE0RT,clust19
1458,A19CWC6ZT,clust3
1459,BD5WQIU7U,clust3
1460,7M16BJS8D,clust16
1461,U1CJPMH9F,clust2
1462,1IU9QLCUS,clust7
1463,BYFC668ZY,clust20
1464,AQF6SWRXN,clust1
1465,F22RSUKV0,clust10
1466,9Q01II1W6,clust1
1467,184Q1P3KK,clust2
1468,28SOW18CC,clust16
1469,5HLIG588M,clust12
1470,CP5XYUUIJ,clust9
1471,2JLTZ1G2K,clust3
1472,31UGXKB6I,clust23
1473,PEA0ALU5K,clust15
1474,XB3R77XVN,clust10
1475,E6QYXW2L0,clust3
1476,ASB70JT03,clust12
1477,0POWRJY1E,clust12
1478,STSDO7166,clust10
1479,ZQ9EZDS00,clust15
1480,QE3N79929,clust1
1481,VXGFRB5WD,clust4
1482,YMGNNNVFR,clust1
1483,N40AOJDZ7,clust1
1484,DQK7NXZP3,clust2
1485,FGJMKVP9H,clust4
1486,8GV5AWFVM,clust3
1487,ZJAJTIOUK,clust17
1488,5PVOIK3N0,clust2
1489,4JM9JKUES,clust2
1490,38QI7SUWC,clust8
1491,306W2RCX0,clust1
1492,2I9I6MHND,clust8
1493,7MK1U2IF6,clust1
1494,8VXQLFMEW,clust15
1495,ICVX6ORN3,clust5
1496,2AMP3066Z,clust14
1497,SY19G1B3S,clust14
1498,V6KKEOHA9,clust1
1499,4730B5LT9,clust1
1500,UBLN3DEFN,clust4
1501,9PLJF2EHL,clust12
1502,CRHMCI8NF,clust3
1503,T1DE1F1EQ,clust6
1504,4MUO7NBMJ,clust6
1505,0WEXJ4502,clust1
1506,OJQ2KT0JB,clust4
1507,V7V9YN87V,clust4
1508,27S5SBBGJ,clust21
1509,T4H6I8OL9,clust21
1510,COVEMZID3,clust17
1511,VCFAHKOTU,clust8
1512,A7W289IA3,clust14
1513,LDH4HB0I9,clust14
1514,RWTXNMOZB,clust2
1515,P8DBOIHIG,clust11
1516,Q45T029IO,clust3
1517,YW1SWBHY4,clust1
1518,5YILQZE5D,clust9
1519,ORGS022F3,clust17
1520,IIO55NSRS,clust17
1521,MI10E6L7O,clust1
1522,743YJ0V0T,clust1
1523,437HR0O4H,clust9
1524,IQH3P06P4,clust9
1525,3NLG6HN7K,clust4
1526,E1ODN2U53,clust4
1527,5DH23OSZY,clust3
1528,H94B2U1ZB,clust3
1529,LUISMZKLL,clust4
1530,OLWGOZSN8,clust5
1531,UAZ6E01FA,clust5
1532,PHIWXAP8U,clust1
1533,PLAB18JJE,clust1
1534,SBPOI6HYL,clust5
1535,RYUC7KZJY,clust4
1536,IDCSB0YRL,clust4
1537,RJKT6G6NX,clust19
1538,X6TPDSNVU,clust6
1539,3FTBUMIFB,clust6
1540,T6E5VASGM,clust8
1541,29VY3IBY8,clust17
1542,0LOFBXUAD,clust13
1543,3KSE9ZIBO,clust4
1544,OZMQY633F,clust14
1545,D78KKG0TF,clust14
1546,82GDXPMT7,clust19
1547,LSWIEUH5F,clust19
1548,I58T9MNZV,clust11
1549,XC6E2MH2K,clust10
1550,F9TQQ2XFY,clust3
1551,72UU4209T,clust5
1552,C2HZAQN0N,clust7
1553,RE4DW7JY2,clust7
1554,AM943NIR1,clust4
1555,LCAR4C2AC,clust4
1556,3Y5HB21CW,clust2
1557,EWQ16YLWM,clust20
1558,TS6QVDCQE,clust20
1559,PAFB8GTAC,clust3
1560,MCZ1CUG59,clust14
1561,UU7FP1N2N,clust26
1562,L0AH57QDM,clust11
1563,N7ZYD8MOV,clust2
1564,GCKRVBPPJ,clust6
1565,J8MKL6AHO,clust1
1566,OPISHSU02,clust7
1567,IL9E41V7L,clust12
1568,4QY2DEA9C,clust5
1569,IX15A0P43,clust9
1570,3RBPW3X7V,clust7
1571,DNH3KM42S,clust3
1572,GQPZ9HJVJ,clust10
1573,52Z256MML,clust10
1574,7MCTKS8IG,clust6
1575,AW3KGEK8S,clust2
1576,DCLOYZCYV,clust2
1577,29ZWXBWPX,clust11
1578,RX2001QL6,clust17
1579,B5I8ZG5HT,clust19
1580,VKGK0DKIQ,clust14
1581,5Y7RO6UEB,clust9
1582,TEFP6XYSL,clust3
1583,I7JLMNXGJ,clust7
1584,Z0ACR55AD,clust1
1585,N9NBJXESL,clust1
1586,3QGUZXD8B,clust5
1587,2S532FU9P,clust4
1588,7VYSICOAI,clust2
1589,HM36ISKS2,clust8
1590,4A13SQMP4,clust9
1591,0NGL44T99,clust9
1592,7VGHW39R2,clust1
1593,U6QXRAPBY,clust2
1594,W0U4K9QC8,clust19
1595,8WS3MV0OU,clust19
1596,2S8127RUU,clust17
1597,X9T27A6KS,clust17
1598,UUJ58FTID,clust8
1599,5W9726LZP,clust13
1600,SPHYBFVE9,clust19
1601,GC9BYCMNM,clust19
1602,FFXO1EGIA,clust1
1603,IPE0ZQ5VD,clust6
1604,C71RQR5FW,clust11
1605,5M4WPGW7U,clust10
1606,V2OGK19VV,clust11
1607,CYF0PH9UI,clust11
1608,P2I73UM98,clust2
1609,HOGJPGIZZ,clust5
1610,BFHDN9S5T,clust11
1611,28QNVWHGS,clust3
1612,AV4CDOJA6,clust11
1613,37DWPVUUB,clust4
1614,EC9ZIHFHY,clust21
1615,DMW4R2J1A,clust21
1616,AURRBWW5Z,clust15
1617,OHTK2TP52,clust5
1618,9S67P57VH,clust15
1619,BCFONXUHN,clust2
1620,MQ2W5MRSQ,clust17
1621,LF4ZASO36,clust12
1622,LRHNN5956,clust2
1623,103G16JVZ,clust11
1624,A8MM24OW4,clust11
1625,4KYDN84EO,clust4
1626,BEHVOEKQA,clust10
1627,45HJJTZOK,clust10
1628,VQDPXNLNJ,clust19
1629,YV2LY9136,clust19
1630,TWYOS3XA5,clust8
1631,I3YU5KFHC,clust13
1632,MQ9Q35CEN,clust6
1633,Y5DMQCTQJ,clust6
1634,OUEWOEYE1,clust4
1635,NI6KI10H0,clust5
1636,C2Z0M4972,clust3
1637,OSVG1CERG,clust3
1638,FVPISM9IW,clust7
1639,8JRIGLKCF,clust23
1640,RATJ2RTGK,clust23
1641,GZ7JYSEG3,clust1
1642,QQPIB6WCS,clust3
1643,1L9BJ36D5,clust3
1644,RZ8GWMHIQ,clust3
1645,MET0LO2VH,clust8
1646,7PL28AX8V,clust9
1647,L0J1PLQG3,clust16
1648,N3DPQ5Z9R,clust9
1649,C1DYLQCOH,clust7
1650,72VFAOJHQ,clust12
1651,VRXMUJ4K8,clust22
1652,1CURYBT12,clust1
1653,0MRLB05RG,clust11
1654,RGO52Y4YD,clust3
1655,BX48GOZDP,clust5
1656,JWTKF61NC,clust1
1657,4GZKRJA02,clust5
1658,G4NF9PU2F,clust13
1659,ILR30DIVW,clust9
1660,48W25WZ1W,clust1
1661,DP50U6HDY,clust5
1662,F4L7ASD1T,clust7
1663,4IE21ZJND,clust13
1664,B115LLG89,clust4
1665,Y43OLAP2U,clust4
1666,CD21IVVHG,clust4
1667,GXDRJ4TRK,clust4
1668,EX3RN5RW3,clust9
1669,29A1DUBTP,clust3
1670,P8P8U2SK9,clust3
1671,XDJ0ZXD2Y,clust26
1672,U7H3YXT6R,clust4
1673,F75LQHROT,clust8
1674,B5LA7P290,clust8
1675,LBMB0NC3A,clust4
1676,40SNWBK5A,clust7
1677,QGFKZWI23,clust6
1678,1DEN2AA8C,clust6
1679,0KEY4R3OK,clust16
1680,OWGDOM8GD,clust16
1681,4SZX4CTN1,clust2
1682,9GJRMA20J,clust26
1683,CGVWH11CO,clust25
1684,R7H4DMX6L,clust25
1685,4IXRHILMV,clust8
1686,AJN82Q9WI,clust7
1687,EJGLSR732,clust5
1688,CY3O0RO8T,clust5
1689,27R4S68ZV,clust3
1690,K9KIPEDU3,clust10
1691,SIPID7J26,clust6
1692,WC7DZ4L1M,clust6
1693,TG9IJ7PCZ,clust16
1694,47ZBJ4DR2,clust16
1695,E3D8DMUQ8,clust1
1696,6UR1EV27A,clust1
1697,1HMGH3YXQ,clust10
1698,S90IPM1KZ,clust8
1699,8HJLGEVK4,clust7
1700,3FFQLKBWX,clust6
1701,Q5MGC57P6,clust14
1702,3ALH6OGW7,clust1
1703,MNNCFYLAT,clust7
1704,KV3LO2HXS,clust8
1705,9KFWPFK84,clust10
1706,2L60MII10,clust1
1707,FY9JULY8S,clust14
1708,USMLMZ7BG,clust14
1709,W9FEJ4FDC,clust6
1710,DP4I0YH4L,clust2
1711,P6ZQSNJMJ,clust2
1712,UPK734MI2,clust8
1713,35M1DUKYX,clust3
1714,YH6KHAJ5Y,clust24
1715,K8XDG0BWO,clust12
1716,PZOR9APOI,clust9
1717,R2WJUOLW4,clust4
1718,Y1U8NW56J,clust2
1719,EHNM530RQ,clust3
1720,7N3BJRNLO,clust7
1721,R4FWF70AZ,clust11
1722,4TIY54I12,clust4
1723,1UHQXTIZH,clust4
1724,U8MNY0NK9,clust19
1725,ZMG62TFTN,clust21
1726,YV94FB1QZ,clust23
1727,TJ4T22OUO,clust7
1728,DNMW2NWJU,clust6
1729,NZGS8524L,clust19
1730,FDYII5NKN,clust6
1731,1GCK8TU9H,clust4
1732,D6NSJJ8E4,clust26
1733,CJWPXWMKB,clust26
1734,G1B3MKHLL,clust23
1735,RAPY4TK0Q,clust16
1736,GM479136B,clust1
1737,YVF8GV2DY,clust4
1738,5MROBRYMU,clust4
1739,7YZLQ791Y,clust3
1740,UMFVK350C,clust7
1741,5IJT4U9ZD,clust8
1742,7A65C7KHR,clust4
1743,BI2GXU2WX,clust15
1744,IISWCHF1A,clust1
1745,YTU0BHNGB,clust1
1746,INXWQHS6V,clust6
1747,S5CBFCY9E,clust6
1748,LU98V5WZF,clust9
1749,4X413047Q,clust2
1750,B2WY34XT8,clust1
1751,9WENS76Z5,clust9
1752,HXKQYVDMA,clust9
1753,D07MKXUNJ,clust2
1754,63ROGLUN4,clust2
1755,A79O1V7GK,clust3
1756,9C42Z2RFL,clust3
1757,22O405X13,clust4
1758,BRJZOLKTB,clust4
1759,4OGGARN02,clust20
1760,P5B8K2FP7,clust20
1761,BABD9B734,clust1
1762,0XPMPFCUS,clust8
1763,Q5USF5XSD,clust8
1764,JPWVWWKBK,clust4
1765,O6A7T6A6R,clust15
1766,77ILGQC3Z,clust15
1767,5C1GPZ9KM,clust15
1768,DJLHV5A2Y,clust6
1769,8OK7TTPNR,clust6
1770,FAKO7TSUG,clust2
1771,JSWTM8J9Z,clust1
1772,3VUUVKG9O,clust1
1773,KR1R1HAKS,clust17
1774,S8P71RGIF,clust2
1775,5CY0MCBWT,clust10
1776,V9HXW3QUQ,clust2
1777,2HRTYHFG6,clust7
1778,L6MHDE4QK,clust13
1779,JDN12FVDI,clust12
1780,REM2E9E3X,clust1
1781,8LGGFXJYW,clust10
1782,AAFWJV8V6,clust6
1783,WQVTZCD54,clust11
1784,68VVPRF5O,clust4
1785,CFSFIH899,clust4
1786,OKZOPO312,clust22
1787,9F2SOC2C3,clust2
1788,9FVJVE6ZL,clust3
1789,0GOD0JXOI,clust11
1790,32FJUQPFU,clust9
1791,G02ENMCSK,clust2
1792,86UWY1A4I,clust3
1793,AWPN1KVEW,clust1
1794,KOCP4JT11,clust1
1795,0EA6OAAPM,clust25
1796,EVLR7R7GD,clust4
1797,4Z3W2RMJG,clust2
1798,NWVZWPHGI,clust26
1799,4NFGG35RI,clust7
1800,QH0MW0OX8,clust2
1801,CS58EJSB5,clust23
1802,G19FYGBGX,clust6
1803,VPEI880H5,clust8
1804,V6CEHJHO2,clust2
1805,52X36CKDO,clust5
1806,4C3JV88FZ,clust7
1807,ULM8661PA,clust24
1808,CKQAO2YRU,clust8
1809,U20ZGTQI4,clust4
1810,N52RWW9J4,clust1
1811,H04PWJIU4,clust1
1812,F30P59PHN,clust12
1813,33FAAZ1UW,clust4
1814,N7XPCVVBV,clust19
1815,7S65YADH6,clust3
1816,IQ1PZFEPJ,clust20
1817,EUQ38P31C,clust2
1818,8NOWELQV0,clust3
1819,FCEBA6IMH,clust3
1820,3QOPI1K8Q,clust15
1821,0V3VHYJOZ,clust9
1822,SKXVAIPW8,clust9
1823,P2L9UN6IW,clust4
1824,5UF6GH9I1,clust17
1825,EHH20XHM9,clust17
1826,9AFPNOKIM,clust2
1827,YF41U5FY6,clust5
1828,2Z66WDDQN,clust2
1829,52TXJZGR3,clust11
1830,TJHQAX7BO,clust1
1831,VOIKOVGVQ,clust3
1832,NKTE3KUA2,clust22
1833,0BT29GG3F,clust1
1834,ZETB5M01K,clust1
1835,58CEMZR2U,clust1
1836,PR6GQULA3,clust10
1837,HK5RA8VN2,clust4
1838,NZBH2GA0C,clust22
1839,AOM8W58KM,clust22
1840,9AHRGIKQ1,clust24
1841,JRIT07PV7,clust14
1842,TE6IOI2CW,clust10
1843,35N5502MV,clust2
1844,563I60QTS,clust2
1845,CFBZS3IE2,clust19
1846,ACYIDQAEZ,clust1
1847,6IZCOG4XI,clust2
1848,FIM2AXUBH,clust3
1849,GRBZP9AMN,clust5
1850,CCWA0JZBH,clust6
1851,H4JWZRI6O,clust4
1852,H7DF829NM,clust3
1853,PSQS4ZTRK,clust3
1854,R0OENM5B3,clust14
1855,570AFADEP,clust15
1856,9N7FV77E0,clust7
1857,SVBHE33Z1,clust5
1858,EPKWQTJCD,clust5
1859,RT2NQSGPE,clust7
1860,Y02Y3WVQ0,clust7
1861,41RKVQXC0,clust7
1862,5JQLC1ZGS,clust7
1863,CSD42N7XG,clust2
1864,QFIJ5HOHW,clust9
1865,FJXI0CYKV,clust24
1866,IMK18X5DW,clust9
1867,7J5OVVBUS,clust9
1868,K24MFVA0C,clust26
1869,5XJYAA5FV,clust10
1870,LZ6UWB8XA,clust23
1871,KWL5YZJX1,clust4
1872,IT6RBDMOX,clust8
1873,ES4CNEWFW,clust17
1874,M9Y1T5SHC,clust1
1875,DQCQXJ95E,clust6
1876,OG7L0GB6F,clust10
1877,BQS2NF24X,clust7
1878,GFRR5NKSM,clust17
1879,0QLAO7185,clust21
1880,PW35TRXU6,clust21
1881,5M75UPLYH,clust3
1882,DNQFZGBCK,clust24
1883,YC01VXB32,clust11
1884,P5WBCUCRK,clust1
1885,MHA57B0CZ,clust1
1886,8BFHH12MB,clust4
1887,GD0GBEZ4X,clust2
1888,QUP3FLPFF,clust3
1889,YK8J6Y9ZS,clust3
1890,XKMMKYAOK,clust4
1891,UM3BHP5UX,clust4
1892,97OE6POUI,clust4
1893,GGKEVSJF6,clust16
1894,U6TR55MOY,clust19
1895,R5Y0G4MSB,clust5
1896,O5YRQSNWR,clust8
1897,TMUVPMO8S,clust13
1898,SG4A9BGKL,clust13
1899,29LP5LYGX,clust2
1900,MBVY8ZOXM,clust15
1901,Y80865P36,clust3
1902,E2XXBG9SD,clust10
1903,M5MC2U9I6,clust10
1904,4AMC75PTB,clust18
1905,VZF1YA17E,clust18
1906,BOG8GTODY,clust1
1907,5F16TBEKF,clust1
1908,RGQG98XAC,clust3
1909,S1ZRRSSXK,clust23
1910,DH1VCW2ZK,clust1
1911,6MXSGOUV1,clust13
1912,6HJRE94VG,clust7
1913,KAVSQ04R4,clust8
1914,8XOPBOGK5,clust1
1915,92NJXQ6CC,clust21
1916,UJ8GRPVWC,clust7
1917,0PMUNN0JV,clust7
1918,LFEU98C84,clust1
1919,SHBB7UABV,clust7
1920,I6640UWBI,clust8
1921,K3Y4M840K,clust10
1922,UOPJY4VGT,clust6
1923,K8MT2XJXV,clust6
1924,FGYS11P8Q,clust7
1925,VLVNQC7ZL,clust4
1926,DERRIF41X,clust4
1927,UY8PKVPO0,clust1
1928,HF6FBYY47,clust5
1929,9G321944W,clust9
1930,ZNZTUU7CG,clust9
1931,HU5LTUPUB,clust3
1932,DSG96I4OY,clust1
1933,SB9FBWK9A,clust19
1934,NM1VGEFKF,clust8
1935,RB5GWP2OT,clust4
1936,5O4YPUUK6,clust7
1937,K8P8RECEC,clust3
1938,HHKQUYEUM,clust13
1939,V7N310RX9,clust3
1940,IXADCJ1EH,clust3
1941,G85CF2LIG,clust10
1942,8WMYW80L6,clust21
1943,A5YFOHS4V,clust8
1944,LTYW0T9IG,clust7
1945,19FBZ40NF,clust7
1946,ZICB9ZKKR,clust2
1947,9OLTBPQWB,clust2
1948,A8TIPBG1A,clust27
1949,RDCY4GQ21,clust27
1950,VOE2GCISB,clust2
1951,VECYBBEJN,clust6
1952,J9KKWIGFE,clust19
1953,BJOSFV6B5,clust4
1954,VM668C4RA,clust10
1955,H1IM6FBH7,clust1
1956,ORTU9035E,clust4
1957,M8MLDCE7W,clust2
1958,FUTZ1N3F1,clust6
1959,C0A976TEJ,clust22
1960,E0RK9CE85,clust22
1961,CRPERKIJ6,clust6
1962,KGVN9IHFT,clust6
1963,YYL8GZXMD,clust4
1964,MV137QA43,clust6
1965,MT2RHGD80,clust5
1966,Q9CUN5ZLF,clust13
1967,OW1D3AST5,clust3
1968,B216RPXJ7,clust17
1969,LQMDBO06W,clust21
1970,X1OVWR5ZU,clust21
1971,DQGR15TYR,clust5
1972,DIYM7EOHN,clust20
1973,VVHC2IES5,clust2
1974,LJKV30DQC,clust3
1975,PN3H9IUVI,clust10
1976,PQSETLS5J,clust11
1977,AQKE781QN,clust4
1978,75RAEPRC3,clust7
1979,H8C8V4AOO,clust7
1980,13C6YPE65,clust11
1981,OCB0AH68Z,clust8
1982,BVGVZAPY8,clust8
1983,PQGC70NFX,clust20
1984,J1W8M52IQ,clust12
1985,48Y0CLOJ6,clust11
1986,CY6V88Q8U,clust16
1987,E6ZQXKPC9,clust4
1988,RW9XKYP0A,clust2
1989,0N1HWVISQ,clust6
1990,8IYKWEFOX,clust18
1991,OPDE4I6YT,clust11
1992,W3B739UFB,clust6
1993,SE2SOE0HB,clust7
1994,5OOCMOOTC,clust10
1995,S8JIH40OC,clust5
1996,AX06QA4Y8,clust9
1997,YSSXWLFZM,clust9
1998,4OGQURG0I,clust7
1999,48HF96K4H,clust16
2000,MDRI7P1GR,clust7
2001,FELAFAV51,clust7
2002,GPIDQPVJ9,clust7
2003,40EX21V8O,clust5
2004,T6NO95PQV,clust10
2005,53AYU9YKY,clust23
2006,RMLESOLFC,clust23
2007,JHXTF5E0M,clust11
2008,QS46Q84PG,clust23
2009,GKNYLUWIV,clust10
2010,TMV0ASWC5,clust5
2011,V2GR08KV6,clust5
2012,0Y3R461XC,clust3
2013,2K2C2KVHE,clust3
2014,LUYUP9ZCK,clust12
2015,3P5CHAZ3M,clust7
2016,HWDUMNU4B,clust7
2017,TDJASA1GT,clust7
2018,WBGKN6VX7,clust15
2019,XRA2G7FIB,clust13
2020,53FXCBQYV,clust11
2021,MN97P3QRD,clust27
2022,ZXXK84CS4,clust4
2023,P8ZKYXCL1,clust9
2024,HIX8J8CW5,clust2
2025,4R2EL15QS,clust5
2026,B7Y08JTJM,clust7
2027,HBJASTGPG,clust7
2028,BTBG919XV,clust3
2029,RVDYPE0TO,clust12
2030,5BR2GD2XN,clust6
2031,II01ZFP2B,clust3
2032,9N41FA5E0,clust7
2033,ONTOZCQEW,clust14
2034,S957G790I,clust5
2035,QXBJFU671,clust28
2036,NXCOOZT4D,clust28
2037,BST1SNJSE,clust16
2038,LERWL9NEO,clust22
2039,7Z29IAFKI,clust4
2040,MO4PZXJ8Y,clust8
2041,YUSYZD6KG,clust8
2042,S3CA9KLX4,clust2
2043,U3F0GZZ9L,clust6
2044,QG3JVQ9GU,clust6
2045,VVFAM0N2S,clust5
2046,K5QBKBTCT,clust5
2047,7W23B7HFS,clust1
2048,MYI6H8VUT,clust12
2049,SCE3X6T4Z,clust9
2050,3OI8NBCAH,clust7
2051,TJ2ASIJ3N,clust4
2052,19ZVCASP2,clust7
2053,H67O4P7SJ,clust25
2054,99OZHEY9V,clust16
2055,ER2TROSSO,clust1
2056,ULF370FAT,clust17
2057,P118961KC,clust14
2058,MU2HSK45C,clust18
2059,O7PMFT0XD,clust4
2060,TTSNRO8LU,clust8
2061,U1YLDJT5L,clust4
2062,ELHQQ4CWH,clust10
2063,INPNXKDHR,clust15
2064,Q75HSO1RB,clust10
2065,FJ7IVNK17,clust10
2066,SH5MDSJ4N,clust4
2067,KQDM2HLBN,clust5
2068,BCKTBELXH,clust1
2069,083BYIC9N,clust2
2070,2F4DU2HFG,clust6
2071,U418749W3,clust11
2072,0SNNRAIBB,clust16
2073,9J8PQZ17Q,clust4
2074,SOS9PS94Q,clust26
2075,T88R8BGHK,clust9
2076,6C7PTHNPU,clust5
2077,0XW5RZ0Z6,clust18
2078,2B3O856Y2,clust18
2079,EE1ISMFAC,clust2
2080,1G9RT02TG,clust4
2081,CGT5V070P,clust1
2082,CL229SGS8,clust3
2083,62J7MXC2B,clust4
2084,7HJ27I4W2,clust4
2085,63QLSDXRK,clust3
2086,6Q42KMY10,clust12
2087,VP3OQJ0H7,clust10
2088,54TT61HMP,clust8
2089,JBIK0HF1A,clust8
2090,XYLU5VLWW,clust6
2091,2DXHJLWUW,clust20
2092,HFSDFMLW1,clust20
2093,RQ3BC3QF0,clust9
2094,3PHZRMFNP,clust16
2095,A7KZJJ7SK,clust1
2096,MJHJCMXEH,clust3
2097,JRQANLB7T,clust3
2098,1FV2F2834,clust27
2099,9M62TV8LI,clust21
2100,DIET1VJ4G,clust7
2101,OOCANZJ4I,clust2
2102,O7QI7KHC6,clust3
2103,WL7XITQU5,clust3
2104,FZXP16Z58,clust1
2105,G4BMQ5KTD,clust1
2106,WMO18VJIG,clust11
2107,6E8SC2CUA,clust4
2108,M9NLHVZ55,clust11
2109,BQGJBDP2J,clust4
2110,ZS91Y46I3,clust15
2111,EC111JBFI,clust18
2112,A478I2540,clust4
2113,G7GZP8ZU3,clust11
2114,LD5XLTHUG,clust5
2115,2OZIC9XOJ,clust3
2116,YYI3R87YH,clust4
2117,N17C5XHRH,clust4
2118,HK7H00B64,clust7
2119,XCE93OMEB,clust19
2120,7RYYN39Y6,clust15
2121,ZK2HYWGQA,clust1
2122,1UJL5Z6WC,clust6
2123,O3Q8VAY4F,clust12
2124,QP80TJIK0,clust12
2125,VH96SIUKR,clust12
2126,0QVQI4ZZI,clust8
2127,0P09TUI04,clust5
2128,VAHRUDUJ6,clust5
2129,1BZG1KE0Y,clust5
2130,YYPYTFK3Q,clust10
2131,147XGVNGF,clust10
2132,05PW6XUB0,clust18
2133,77JRBFF8Y,clust18
2134,MRTCS4ZVN,clust3
2135,ELYPQ8JIG,clust17
2136,3RQGB2PH5,clust9
2137,E416S7D6T,clust7
2138,K1MBWILKR,clust5
2139,X5YF0B20X,clust6
2140,ZU7QPX9ZH,clust1
2141,IYGPSCGED,clust1
2142,AB0BGY2SS,clust5
2143,C5TY8KO0M,clust5
2144,HQDZOCWVC,clust8
2145,HIQ7IQBYA,clust7
2146,HWDKX8EYA,clust7
2147,C2SQUWWQT,clust10
2148,CLTMZZ3F0,clust4
2149,PT6NXEX9T,clust19
2150,VRZXHI8SD,clust2
2151,D8QAFWQOD,clust5
2152,JFRUYGW40,clust12
2153,OWD7ZF57J,clust8
2154,E0C5B8H7Y,clust11
2155,USZWE3AUZ,clust5
2156,VX22RSEG1,clust17
2157,P9HKU2WNC,clust17
2158,BGMB7DVEB,clust3
2159,H6LZ1GGWJ,clust16
2160,DVFWFPLU0,clust8
2161,XQBAXY918,clust8
2162,WPP9ZOG5E,clust6
2163,9ZTMNJBFI,clust6
2164,U1MAET94L,clust4
2165,FNANH6ANF,clust6
2166,POXFU6NFH,clust6
2167,DTKH8QTCA,clust8
2168,0AOHQ93AI,clust2
2169,Y2Q157JLT,clust5
2170,MGVWP8JXP,clust10
2171,ZKHZT7GA2,clust2
2172,A9B55OMVS,clust5
2173,78U40577Y,clust5
2174,4CGYQ9C3J,clust3
2175,ZB4E0WLFM,clust17
2176,0WMRHW2DM,clust1
2177,ZXQ8D090T,clust3
2178,80XZVQD55,clust10
2179,3G9UIGWN6,clust5
2180,LD1SWN70J,clust15
2181,QBKVQPOKG,clust2
2182,LCSBHB2EX,clust23
2183,P93GFKODM,clust4
2184,Q0P7WFXWD,clust10
2185,D4CRIJTRV,clust4
2186,RBPC7BMHU,clust11
2187,9X4ZL24HE,clust14
2188,7WIB7Z9XA,clust8
2189,AK2SA3PIJ,clust8
2190,45AMGIS8L,clust1
2191,Y5RXSUFCD,clust2
2192,CTN9R9XMM,clust2
2193,G2HHQPWU6,clust6
2194,CKW9QEHDH,clust11
2195,Z0Z4S5VOR,clust12
2196,LDIKOQTH0,clust5
2197,OJ0JNBQ6H,clust7
2198,RFCB0637W,clust3
2199,TEADIOMZH,clust1
2200,E5ABO2TQ8,clust6
2201,DWGKSVQP7,clust16
2202,5JXUMYW6W,clust5
2203,XWK2BVVNJ,clust5
2204,WR25B6DV2,clust17
2205,1LJQXTYSD,clust4
2206,O42VD87AT,clust4
2207,6KGC8SIUC,clust13
2208,7MR5E9Z9W,clust13
2209,X8HG1JCOS,clust3
2210,6SEVLY07C,clust4
2211,01X4T9KQB,clust9
2212,05YV2XV9D,clust9
2213,844F9U0UZ,clust4
2214,G3BWQ5ALB,clust17
2215,E486I4H0T,clust1
2216,QN9IVQUIB,clust6
2217,G4DG2KL3W,clust7
2218,CP4X8I3WU,clust18
2219,SCJK4NA2O,clust5
2220,HYDRDQX13,clust5
2221,T7MGAAGCE,clust8
2222,0UWUOIFXT,clust20
2223,CY5LBDB8Z,clust3
2224,2S22XYY9X,clust24
2225,0DLBG00RA,clust24
2226,DJRQL3C1E,clust7
2227,GQQ8ESILR,clust1
2228,H5T7T4TF3,clust4
2229,18QLKQ421,clust14
2230,VQLA6L4E6,clust16
2231,5HGI13SCO,clust1
2232,YFWFR9PED,clust1
2233,6R95XSO8N,clust5
2234,62ENDR8PC,clust2
2235,LEX6Y9O3C,clust2
2236,3490JYGVM,clust4
2237,WPN10EHQT,clust2
2238,0GX24IEE5,clust9
2239,5GP1AA81E,clust12
2240,HW7IOEA2V,clust7
2241,MGX8Y07BI,clust6
2242,RATKB0CKG,clust3
2243,RVO4YJ9TC,clust5
2244,JG7L7P863,clust2
2245,Y5IGXKN7M,clust22
2246,6SGKV8V8U,clust22
2247,J9RZGVIDL,clust13
2248,LLBON7IA4,clust6
2249,GYKX5H581,clust2
2250,0ACE4365L,clust16
2251,C9DKBNIFR,clust7
2252,6B18Y4AEP,clust1
2253,JRA8NQELS,clust22
2254,JHU69XW38,clust15
2255,MMO1GG1P3,clust9
2256,WHY3SQDCZ,clust6
2257,2Q87KTVG0,clust2
2258,YNIYSUIQR,clust4
2259,UYGDG7OD0,clust1
2260,2JF1YPZ32,clust14
2261,Q2KT5V0AK,clust13
2262,33CXCDWPD,clust9
2263,CEQXULY5U,clust8
2264,W3LNSZ6BB,clust2
2265,KA9JD8A2M,clust10
2266,IP20GTMDF,clust19
2267,FU1N4TYF2,clust4
2268,V9GHUVRBU,clust17
2269,3GEYQOSVR,clust11
2270,AQBMTSENV,clust8
2271,1CWENCQ7A,clust12
2272,FBLVZKGZV,clust17
2273,FD34W9WKY,clust8
2274,N6YJR0WSP,clust6
2275,RYY2R1Z8Q,clust2
2276,6PR6BYZN2,clust5
2277,87L9DET68,clust16
2278,NGRC0OTK8,clust26
2279,0JB0HTVND,clust7
2280,V94O1FJ39,clust4
2281,SA3XPAPMN,clust7
2282,PE5H6KEDF,clust1
2283,C9OT0R0NC,clust10
2284,O27NHYVFH,clust3
2285,KPT6T2NAL,clust3
2286,U1NPYBHW0,clust8
2287,AB50GU0I7,clust10
2288,3QIXSEUHG,clust14
2289,0WBE8JFIW,clust3
2290,3LWY1U86F,clust8
2291,WQZKTFG50,clust4
2292,1RNBEAPED,clust7
2293,TT1QQIYZ9,clust7
2294,R4Y8ORGHO,clust4
2295,V9DTWOZZJ,clust3
2296,L7LPK9VKX,clust11
2297,S3EG3S95N,clust10
2298,63IKQ1PAL,clust6
2299,ZU2GFACJK,clust6
2300,9JISZW2D3,clust17
2301,T9TXC7QGO,clust6
2302,E6WWM9JQW,clust6
2303,FVYHRK21K,clust8
2304,CPQJSV7R0,clust1
2305,1WG2PCW38,clust8
2306,83R935AQJ,clust3
2307,4T3ZO96L4,clust8
2308,WOMU4P58B,clust3
2309,TN8FZHNOI,clust1
2310,LYJ8AAPOE,clust2
2311,NDJNO107V,clust1
2312,U8E886BHZ,clust8
2313,PZUKC3O9R,clust7
2314,TNPD5P8SZ,clust7
2315,IFKYE4RO1,clust14
2316,5SKDDYDEM,clust16
2317,9BAY3YUPS,clust6
2318,YPPF74DXK,clust9
2319,K1VC9HHNU,clust6
2320,ST9I8JS7A,clust3
2321,TQZ3RU0AM,clust7
2322,0783RDZU5,clust12
2323,REYRUOHXE,clust8
2324,O9MZ1Z7ET,clust12
2325,W49N8KKOQ,clust12
2326,9RAWZTTH7,clust7
2327,98D012AQA,clust4
2328,1FG9K1OX1,clust2
2329,8ZGA5U6UA,clust9
2330,BZP0PNLYQ,clust9
2331,FPH47KAPA,clust12
2332,MQQBHNUP2,clust12
2333,JPNOCJ5FC,clust3
2334,IGNRI5LX8,clust20
2335,KOBD1ACGV,clust20
2336,9JQC5DWW7,clust11
2337,IU3KN7VOM,clust1
2338,4MH6YFPVM,clust5
2339,2SDVI9WQ3,clust4
2340,2LUBJZJ09,clust8
2341,R8U3SEZC8,clust7
2342,7BHS5LCJG,clust17
2343,CBRHZ5VX6,clust17
2344,F0UH9O0VE,clust8
2345,NB6DY5XZC,clust6
2346,SXGPLAQAJ,clust3
2347,ES8WQBS9G,clust10
2348,DVMMJX5E9,clust2
2349,8X3I7ZB8Y,clust2
2350,WSYT34X7Q,clust5
2351,943VQK1KS,clust19
2352,LSWFMG0IS,clust15
2353,XOJ838V1M,clust2
2354,RX3AOHSHS,clust2
2355,E6GPUZ1AK,clust5
2356,UHLJDIRZD,clust5
2357,GZ8IPL53J,clust7
2358,RIWBESDG5,clust7
2359,3Z3PQBJBD,clust3
2360,Q6YRBVJNF,clust3
2361,WVL1ORWMH,clust11
2362,3393Y2BIK,clust8
2363,PVUADJF5D,clust8
2364,WQE7LYNXX,clust11
2365,ABUTWMMA4,clust7
2366,BPS1XI2OD,clust5
2367,6YE4ZOQXW,clust7
2368,27ODROZW4,clust6
2369,9F90Q8J2C,clust7
2370,BXUZHRY8G,clust4
2371,5DK8S60AX,clust7
2372,5ATBUHR1C,clust8
2373,N87YKYI06,clust1
2374,NSSC2LXOY,clust20
2375,OFV0CW2AK,clust1
2376,60SX68370,clust7
2377,UYWF1XUQA,clust6
2378,LKA554BEI,clust6
2379,N5UOS56KQ,clust8
2380,DN6XW72NA,clust3
2381,YBJLF3EZ2,clust10
2382,S0V51A7E6,clust10
2383,IKCKP4VAC,clust3
2384,OUEAYD3V3,clust12
2385,SOJVJK3XQ,clust12
2386,0OAUESIHK,clust2
2387,1EO68GM51,clust8
2388,TKQAP5WCA,clust23
2389,WOSNKWG1Y,clust4
2390,429KSW6FZ,clust4
2391,K3TA15LSJ,clust12
2392,8J39KSY4Z,clust9
2393,DB87K7VQ6,clust6
2394,06MW1SZGC,clust2
2395,RUVKU1215,clust4
2396,MKA8MAKIE,clust6
2397,VV7R28SAZ,clust2
2398,N2M8LUAII,clust1
2399,M502IBG2Q,clust2
2400,PFSA75PZE,clust2
2401,80YNW006Z,clust2
2402,OX4FT35SF,clust2
2403,DBKNL1DWF,clust20
2404,ICDNLFSGW,clust14
2405,W4OYN7XHT,clust10
2406,XGP8QQ9PY,clust11
2407,JG27BNM5H,clust20
2408,JZL4YIJCQ,clust20
2409,UK5E6O9I9,clust2
2410,0UCNYG5CK,clust4
2411,T8VHB400A,clust17
2412,EPS6ZMQ2C,clust2
2413,RDCR8K03W,clust3
2414,2SWZ2K5Q7,clust6
2415,TP4HQ9Q6H,clust17
2416,C1A6VHMXI,clust10
2417,O31019F0L,clust8
2418,H63E8IF3T,clust18
2419,ZGLWI4VEG,clust8
2420,DVUW3S5QD,clust4
2421,DWGF8K38U,clust8
2422,2XJ593VL8,clust3
2423,IZ73XWLPN,clust8
2424,50GI9L346,clust2
2425,B3O94VEPH,clust8
2426,764M47PHL,clust8
2427,RKJZL4YOI,clust2
2428,ET48C31OI,clust23
2429,VMXYH0ZUF,clust23
2430,5DYFBBO9Z,clust2
2431,M2XO9OX71,clust18
2432,S7Q2SK5BH,clust25
2433,4S3SNRQT2,clust10
2434,QQSBRIN6F,clust3
2435,DTWBKR22K,clust9
2436,Y5M49QUBA,clust9
2437,VNB5K3HKO,clust8
2438,SQXMNVXC6,clust10
2439,BI247DUOC,clust25
2440,WXBPO953W,clust25
2441,6FGX0WQVB,clust8
2442,0EHOVL3F8,clust3
2443,EX8CKT6M5,clust3
2444,8YCFJ9YOW,clust2
2445,AY5XSBYCA,clust10
2446,IFXK2IYGA,clust3
2447,BT209IZ02,clust14
2448,BR7NRENPL,clust1
2449,0AI9JIZ2W,clust1
2450,7O8FJYLYD,clust11
2451,AHSRMK4RF,clust13
2452,7S4KSYTON,clust11
2453,H1ZNUETHI,clust2
2454,U65POKKZS,clust2
2455,KHEIQ9M5X,clust20
2456,SQAQ8E20A,clust10
2457,VFC3N0VEI,clust11
2458,2TZN6OZZU,clust1
2459,COF191ORE,clust1
2460,CU3PZ91HW,clust4
2461,PXIMKS7T9,clust20
2462,SPEC9AN84,clust16
2463,7P93HIBBU,clust7
2464,J5MY1UZCZ,clust14
2465,ZIIGQOPOB,clust3
2466,VVG6I5N1B,clust12
2467,FBUQXJ4SJ,clust6
2468,S9HNNAIL1,clust6
2469,R7101WYHU,clust12
2470,14P6MK6IZ,clust1
2471,09XH8H0OG,clust9
2472,EIZ9W95AR,clust9
2473,PEL708C8L,clust6
2474,OEF5000C5,clust1
2475,E34HEJWJN,clust2
2476,R3TWGEV21,clust18
2477,8TPXDG42T,clust18
2478,PT0049KIG,clust1
2479,T3XW07FDY,clust3
2480,POWBOAB17,clust3
2481,PRM8V76R3,clust2
2482,1MV2UQXC4,clust5
2483,2MMDJSTE5,clust7
2484,SJM6KU2G5,clust9
2485,02OAXUDJX,clust5
2486,2O7D222FZ,clust4
2487,2IZME9E4G,clust6
2488,AZAQ6AU88,clust7
2489,A1FVK6RPC,clust14
2490,0PS3UG706,clust5
2491,WPCIJLU3N,clust2
2492,VEKCFL5VR,clust8
2493,XZDCN05KY,clust11
2494,PHLG69HPO,clust7
2495,31P8EGL0Y,clust4
2496,W3CG1Q130,clust8
2497,ACZ1EXFDG,clust4
2498,0Q50IAKUC,clust3
2499,JKX6CNCJ2,clust3
2500,9P4C8HLH3,clust10
2501,7CG8O8XJ3,clust3
2502,F0J3TGWYU,clust4
2503,6ELPVNVR8,clust18
2504,4XGF7EN0J,clust18
2505,R4NPAD8ED,clust14
2506,404AUWO4W,clust21
2507,17U9V7NPR,clust8
2508,GXT6M9R5B,clust13
2509,HBLBQFAWT,clust5
2510,9GQED606F,clust13
2511,QX1PQ23IU,clust13
2512,BPQZ6THJD,clust14
2513,RIJPXQ6DN,clust2
2514,XJGDAF7G6,clust9
2515,H18NF1W7S,clust9
2516,CVPJN3242,clust2
2517,V3CIRS933,clust11
2518,PAIM84T7X,clust1
2519,YURJQXARU,clust13
2520,8BGRVBD6P,clust13
2521,VY1DWBJ4I,clust10
2522,3F2TB1VFZ,clust2
2523,CM3C7Q43L,clust9
2524,LV91JF6Q5,clust10
2525,YLURS3GCJ,clust17
2526,5SW2OYSDM,clust6
2527,CKTP9MZDP,clust8
2528,SJ83J9M8W,clust8
2529,8R9PYNMQ2,clust6
2530,08RZWTGAI,clust6
2531,WZ958R0HK,clust2
2532,LS0MVABVH,clust3
2533,WD5RH70B3,clust3
2534,3FJJ89RU4,clust15
2535,GB9U47F2W,clust21
2536,QZ6XT2PKV,clust18
2537,AU6WSDEUP,clust5
2538,8S1KH4582,clust5
2539,62E6KTMYD,clust2
2540,Q4JG9LJV1,clust5
2541,F6DB36ZVO,clust16
2542,C7SAB7SNT,clust6
2543,TZCLJP7KP,clust2
2544,VFUIAWE31,clust8
2545,OX2XRLFPK,clust10
2546,L4060Z3W4,clust1
2547,N1OE7VEQB,clust1
2548,L1DWL3MMH,clust4
2549,AQDRAUC0Y,clust11
2550,914Y0S91B,clust4
2551,5R1PN5IUU,clust3
2552,VTAK1OW52,clust5
2553,IBJKTO3HC,clust12
2554,F7HR6981W,clust2
2555,TF5MAG4U7,clust10
2556,9KJQV484H,clust20
2557,KITRRCAR3,clust20
2558,64VOFJ31V,clust7
2559,JI6QLSKHZ,clust1
2560,HJ5MR2VO7,clust8
2561,NYUP3YPIE,clust3
2562,KMSV9L2XW,clust8
2563,5TAREL6KW,clust2
2564,860H86ITI,clust4
2565,5B3Q17U56,clust13
2566,0RTFSIQT0,clust13
2567,WQ4RMKEH8,clust1
2568,4SI5OA687,clust1
2569,T9EP740S5,clust18
2570,FJRGIPHUH,clust8
2571,MT9URI32M,clust21
2572,T0K1MQKB0,clust21
2573,G6PVOBD0G,clust7
2574,T6U1N6H8Y,clust13
2575,KQQ07XAUP,clust3
2576,VZZDTKCKH,clust2
2577,40V3VXC61,clust6
2578,QW3NRQD61,clust6
2579,Z6LC71ALA,clust5
2580,8H70N2069,clust4
2581,B0MVC937S,clust1
2582,Y1THA71IK,clust2
2583,WRNMPSCTK,clust3
2584,MKVWKQLC7,clust8
2585,462LDEX3G,clust6
2586,45JAJQR0T,clust2
2587,GPA1ZGJNQ,clust3
2588,8I5UXCO91,clust3
2589,H43G8930O,clust8
2590,CRPNAPNGN,clust12
2591,HXCXKPSUS,clust6
2592,DQU5XA4R7,clust11
2593,IK0WQV4EZ,clust5
2594,96VSVMV1D,clust8
2595,MQQWLSYEK,clust16
2596,DL8UCUOXI,clust16
2597,717GUUQO5,clust5
2598,OIH4S606V,clust2
2599,DPWK3F3A7,clust11
2600,Z6Q11HCQY,clust8
2601,MLDCFFL0X,clust10
2602,7A7TZMQPS,clust10
2603,TA0TS1ZDA,clust13
2604,UT2WF55CY,clust10
2605,T473S9GAN,clust9
2606,50UXOO6TD,clust7
2607,D9RQ0RN9E,clust25
2608,7GIODT53Z,clust25
2609,YAPHJXREU,clust5
2610,1ENZEYKXZ,clust3
2611,G924N98WP,clust5
2612,M3K3G0HHX,clust5
2613,76O8C8WGT,clust2
2614,EL4TBQ0WT,clust8
2615,4K5RA81SE,clust3
2616,VY1IQK701,clust8
2617,9YYBD8TT0,clust7
2618,D2OS9CN2S,clust26
2619,AZBWJ9XPS,clust7
2620,R8YUD8B7M,clust19
2621,VY994CMFE,clust1
2622,G0VVYN1G4,clust5
2623,2BES6RGA2,clust8
2624,PFZBR34MV,clust2
2625,6HWAEXTQH,clust2
2626,8ZNO8BIHL,clust20
2627,Q4KUCIVNO,clust6
2628,GTI2GZ6XF,clust8
2629,00ZNUSEGA,clust12
2630,TER22Y23C,clust6
2631,067SBL2JV,clust8
2632,6WDSSQYVM,clust3
2633,7F5W3F1OX,clust3
2634,8UD7JTX97,clust12
2635,BGNLT927M,clust7
2636,PU13QZ4JY,clust3
2637,D1BRYFYJ6,clust1
2638,2P8EFRQJL,clust8
2639,FC9XW1CZT,clust8
2640,L6QF8RH1K,clust25
2641,8E8ZC6184,clust17
2642,H9Y1CT6IB,clust5
2643,EZFCOAIT9,clust15
2644,CDYMS4URU,clust13
2645,KTE6RXDPY,clust8
2646,0UUG7BU8I,clust8
2647,Y8275LJBI,clust3
2648,254O3DSMI,clust9
2649,JKE6NZH7E,clust5
2650,216LPDEH4,clust1
2651,C8D70IIXH,clust1
2652,100UDECF2,clust1
2653,20CKF3ZWL,clust5
2654,0LTCPC9RM,clust10
2655,ZY3D4GEPJ,clust13
2656,NPF4Y5KBX,clust4
2657,VG90BV6GT,clust15
2658,CPOMMX40I,clust3
2659,OQEKZ5VWC,clust20
2660,Q8DV4FMAH,clust8
2661,VGC01ZB0H,clust7
2662,MH2ASXWHA,clust8
2663,1BOD4FPSY,clust12
2664,X5VG044C1,clust1
2665,XAKI4E6XC,clust1
2666,KLCY9ES1H,clust9
2667,SVPT95V00,clust9
2668,0UKSDIAP8,clust5
2669,6SQJ1ZRRH,clust7
2670,2Y6XYS12P,clust10
2671,XIANW1HI3,clust10
2672,1H950GYRD,clust8
2673,S6I4R66FD,clust25
2674,CFSEA1CI4,clust25
2675,9GEBR8SH4,clust6
2676,ZV6KY08RC,clust1
2677,O2BJ89FW0,clust7
2678,I390LDN9S,clust6
2679,2CXRAOMMR,clust5
2680,Z69KV5OXV,clust1
2681,XMG240E95,clust1
2682,K432YHQR9,clust4
2683,UK9YVOPX8,clust8
2684,E8A04E06X,clust1
2685,VCD8JOI4W,clust1
2686,58WZIK51Y,clust11
2687,5IXBVPE9A,clust9
2688,KYFDHAA0R,clust6
2689,D7R3OMQIW,clust16
2690,FEW1DRYSU,clust16
2691,7CPMP6BDN,clust3
2692,A8B55W5J3,clust8
2693,2UF6VAUAJ,clust6
2694,647NG17G3,clust2
2695,9L2D3IE0O,clust4
2696,DKN6A2OTX,clust22
2697,2EBUVMLQZ,clust10
2698,U3MARAWRW,clust12
2699,IMEX0K73J,clust12
2700,HILTOLDZZ,clust1
2701,9K4J7STUU,clust14
2702,UERR91Q2Z,clust10
2703,IL1PD51JB,clust6
2704,QOXZK323D,clust6
2705,AMQRX23IB,clust14
2706,O6TUQEDCW,clust10
2707,CRMZ0AXQW,clust7
2708,5R1FRRJH0,clust8
2709,Q2ZFJZ5HS,clust6
2710,F0AKTDLH4,clust3
2711,MHBESWB72,clust11
2712,FHKKURP18,clust11
2713,S6MGZ0J9Y,clust2
2714,G1H7U4NOD,clust3
2715,XHDGYPN53,clust4
2716,2IXEUSFW1,clust8
2717,9SOZPQSLR,clust8
2718,ZL6K349D9,clust10
2719,0THOTAQ2B,clust11
2720,8I92Q0L51,clust9
2721,1NY9ZW0OL,clust13
2722,J8R1TIFOU,clust12
2723,06Y69D9P4,clust2
2724,BKBU92OI9,clust24
2725,BV2HR57AJ,clust24
2726,4R7NEZUKL,clust18
2727,21QW58OKO,clust12
2728,29MGAQA86,clust20
2729,GNOZOMKVT,clust20
2730,5DVBG03XU,clust3
2731,WGRI0UDU0,clust10
2732,0BY8ZCY44,clust8
2733,DN1DRMP1H,clust6
2734,6MW2D0QMX,clust14
2735,VULK1WUAB,clust5
2736,U8EMJ67QR,clust5
2737,37NA61AAI,clust5
2738,1DRKQFEXF,clust14
2739,1YUQIEPJ0,clust10
2740,PPDG3O932,clust9
2741,9XS4STZ9R,clust2
2742,O7T7GAU7X,clust2
2743,DWW5SV8NM,clust2
2744,BQ1BYKOC5,clust20
2745,EX66D0UD3,clust20
2746,NKTSKIX3P,clust4
2747,JFKBCAVBV,clust4
2748,HRSZL42CO,clust1
2749,HGWGSX9WI,clust11
2750,K1EYASYE9,clust8
2751,0E5EGY0CC,clust15
2752,VVVGYCKIM,clust26
2753,8YEB38794,clust8
2754,IMTFIX05S,clust6
2755,TN9ED892B,clust3
2756,76D4IYYXB,clust10
2757,TU1SLMR17,clust4
2758,XPGWVQVMB,clust8
2759,QTLEN772O,clust10
2760,1Q7OBXMOT,clust11
2761,5VEAJTL0I,clust8
2762,XLEXPJGXV,clust22
2763,LEQ02URM2,clust22
2764,RN101K3DQ,clust1
2765,V4MD9SB53,clust9
2766,UG352XU4L,clust19
2767,AY0YR38Q4,clust5
2768,P8HHAJ4ZV,clust10
2769,RN0P2YXM8,clust20
2770,X4ALEOY6G,clust5
2771,WRXGWXBSN,clust9
2772,JFTFOBDUD,clust8
2773,LCG7ZI0JV,clust15
2774,MLZ6OR8A9,clust10
2775,FQ8OTLEA4,clust9
2776,P56TC1F01,clust10
2777,B0O3137U5,clust8
2778,Z99X9YIDA,clust4
2779,3O0R0QMAS,clust4
2780,21MUCWC8K,clust2
2781,OPKYEYBV1,clust2
2782,DH28OX6XY,clust17
2783,VI3BKB0Z6,clust1
2784,L11IF4M5B,clust5
2785,12S0891J4,clust7
2786,PI31DTH3Y,clust11
2787,E2BWP92DQ,clust11
2788,LA9IC3A1T,clust1
2789,1Q9VKCPLD,clust17
2790,ZRYWD91H6,clust1
2791,OSCDEN7E7,clust5
2792,HFCIK3UXG,clust9
2793,H35MZZ2SY,clust11
2794,LVKY5YG0U,clust5
2795,Y95FQN0II,clust7
2796,K83FTISQ6,clust14
2797,60I7H2B6D,clust2
2798,FMEZQH9K1,clust15
2799,L9FHR2S1W,clust14
2800,1SOLBJJN5,clust10
2801,D33BMN0VX,clust11
2802,P68G8PR0H,clust1
2803,3L1T8T929,clust7
2804,TRGNCZWOG,clust4
2805,VCB0LZX7I,clust6
2806,5WEF6TYF0,clust18
2807,NLJ9HUO6K,clust9
2808,OAHOSE1BX,clust9
2809,AC7GRKJLV,clust15
2810,E3BFJ0TTN,clust18
2811,ZJ0WF81H8,clust2
2812,S98H4TS1I,clust8
2813,FUVYVPV9A,clust1
2814,2Y7P8B0A3,clust2
2815,NXLX2TYV6,clust3
2816,G43HPP4GZ,clust5
2817,BTKZX7UM1,clust5
2818,G7MUUV0Z2,clust16
2819,RADO18P2H,clust15
2820,19OHQDUNK,clust28
2821,ORI22S2IL,clust28
2822,D9CZSI635,clust10
2823,JT4XPCBRU,clust2
2824,6C4QMQVFA,clust6
2825,0XT29KL8L,clust3
2826,17L13XIVU,clust12
2827,7TR6A1MX5,clust6
2828,IYZ5XNZU2,clust5
2829,X5SUSM6FS,clust1
2830,MTSUA7A1I,clust10
2831,9FKXIF4DD,clust13
2832,ZF44FQMSI,clust9
2833,CYYUIDMU1,clust6
2834,QX3MQ5TDI,clust9
2835,C8Q0GQ45V,clust9
2836,EGPU7UYXJ,clust9
2837,T6MAUI3S0,clust10
2838,DPB9A3VIJ,clust10
2839,ZPOBBPUZ7,clust6
2840,DIYWDD2PT,clust19
2841,V0PDUL623,clust12
2842,47T83X5F9,clust1
2843,91JY21RI3,clust10
2844,BSLK9A4T4,clust2
2845,2IHLR0EPR,clust27
2846,O8R5WQ8Y5,clust13
2847,1Q3Q90SV2,clust8
2848,XAGDRPIIQ,clust12
2849,CC588I36Q,clust2
2850,8ZT9ZPJDT,clust9
2851,MSOUHBTW9,clust5
2852,QUTX8OZW3,clust9
2853,3B6HQ7361,clust2
2854,2QWHN1P1O,clust14
2855,WMVWX2QHI,clust9
2856,H3BSKLPG3,clust9
2857,DM789TUX8,clust4
2858,765VQE9LM,clust5
2859,WDOSK3RW7,clust5
2860,UWRNLFYAU,clust5
2861,53TVZQWLY,clust2
2862,BKWZRMWPQ,clust2
2863,OAE8PDQKR,clust24
2864,RMZS3HYLM,clust16
2865,2CPYLD0W6,clust10
2866,RQPDOVUPN,clust12
2867,2C6KNA6EJ,clust4
2868,ML88UNYGY,clust6
2869,VTJZT415X,clust16
2870,5FGUOW834,clust9
2871,JT2KS915K,clust4
2872,SHWVI2VHN,clust1
2873,170T6AR64,clust4
2874,7ZLVSWD93,clust5
2875,VYUPXTX8A,clust5
2876,YE7U5FW01,clust21
2877,8AGM3EMI3,clust5
2878,N3HH11BQN,clust1
2879,PIKAQ0438,clust17
2880,N2HCX7HJV,clust10
2881,RC8IBH0IC,clust4
2882,X6YXGOANF,clust5
2883,3WKXDXN9U,clust15
2884,2EHY7HPK7,clust15
2885,AH294VHRU,clust7
2886,JQBGKP6W8,clust1
2887,ANX90173O,clust1
2888,WPI6QZIIO,clust1
2889,8ELED7Y1B,clust2
2890,T98HPNYP0,clust2
2891,GJVDACICD,clust3
2892,0UDIOCAYK,clust10
2893,0MPV067EH,clust22
2894,4RRKUNK5T,clust1
2895,IJ87GPOBO,clust8
2896,J1W7OB6VP,clust1
2897,N4B5RI7LL,clust17
2898,F7O7JP657,clust6
2899,EB7QFUPAJ,clust12
2900,0NJTBZZMA,clust3
2901,9KN7FLB9N,clust27
2902,GEXF8HSVA,clust5
2903,ZRE65F504,clust5
2904,X230HT4H1,clust10
2905,GELIUCS8X,clust7
2906,Y5KXCTNCC,clust13
2907,0MNKSCBCB,clust20
2908,G28YLWDK3,clust17
2909,55DNOTPPG,clust1
2910,25GVYZ6WS,clust2
2911,ISJRFYV8V,clust10
2912,ZCEA10045,clust16
2913,1ET3RF36X,clust3
2914,CQBNLIESX,clust21
2915,6BLNEPG5W,clust3
2916,OBT4O2J17,clust5
2917,RQH6LZ1DN,clust2
2918,C7KKETYY6,clust15
2919,V35QO77IQ,clust3
2920,XNVODJQAU,clust1
2921,SSO3JAYO1,clust16
2922,G3AK41ZMP,clust4
2923,PTD4TSRK6,clust4
2924,V10WQFO45,clust6
2925,DWSBVSYS1,clust5
2926,RTAM4EG9S,clust6
2927,VZKZ4CJ7R,clust4
2928,NY0K9NRO4,clust8
2929,9THTV30XK,clust11
2930,BT7PNDG4I,clust15
2931,ESJLYIEW7,clust3
2932,JUX1BZ6HY,clust5
2933,47WO9B5T2,clust7
2934,Y5PB8F9G1,clust6
2935,5DOTKEORF,clust22
2936,FXUIO6E16,clust2
2937,2IQPKKF81,clust4
2938,OE60TPELR,clust4
2939,5ZJFYBS9V,clust3
2940,3NKYK04VG,clust6
2941,OO5QTTK4Q,clust6
2942,04HXWXUA0,clust10
2943,572DEFJON,clust3
2944,FWVCCCNHW,clust7
2945,3WSJ82GP2,clust3
2946,2PIBMIKNM,clust4
2947,WOL2W3Y8C,clust9
2948,IBBKSYD65,clust3
2949,7B3SHSNF3,clust8
2950,1XY85SCY9,clust6
2951,7OIFW6OLV,clust11
2952,4XUZ8URGP,clust1
2953,HLSG2YA1O,clust8
2954,R4G98WU41,clust24
2955,E2QJKN6TN,clust9
2956,SEES50F33,clust13
2957,Q0VTU3UO1,clust18
2958,HANFTNNGW,clust1
2959,JFZ241QQ1,clust5
2960,OY2FABD0X,clust20
2961,TTBELUESF,clust8
2962,GD0C5YJZC,clust6
2963,5FZ9R4AUU,clust10
2964,NS0CE6Z7Y,clust2
2965,1SS2HQWO1,clust6
2966,ITTU8NNHX,clust8
2967,TYNHPQ5LM,clust10
2968,BUOA5O63N,clust9
2969,TSE8VOHW1,clust9
2970,1VULI5G25,clust5
2971,IBHOBOJ9M,clust5
2972,VIQ0MGD3P,clust5
2973,CXMGWAJYV,clust5
2974,78W5L68HB,clust10
2975,BTVZU5CS5,clust7
2976,P4YF91OON,clust17
2977,PE56B2I61,clust5
2978,4CDQZNQRW,clust1
2979,ONU0BFDQG,clust7
2980,IX4GV2NL9,clust7
2981,L101FUOEM,clust25
2982,WN6DC6P9M,clust8
2983,Q0X9NFZ9X,clust1
2984,926G1F4Z4,clust6
2985,LHWQ2X3UV,clust13
2986,4Y9506OEQ,clust9
2987,IIOLP01IV,clust6
2988,UMO6GFW5X,clust10
2989,0UYS2C1S8,clust4
2990,XL7Q0NF2I,clust12
2991,PDYR07PTR,clust24
2992,W1VNSW6KX,clust7
2993,H9F0NUHZL,clust3
2994,WS8H57TIM,clust3
2995,ELDCP31GP,clust4
2996,01L6VT7DN,clust8
2997,A4NUZ22PL,clust5
2998,QXJ5CFFZ8,clust1
2999,4LSAW3CUS,clust3
3000,7AK7E0AQB,clust10
3001,0CSQHF5JX,clust19
3002,GIXPWK16D,clust3
3003,RUDQJY3C2,clust10
3004,P9WAQ2YOO,clust5
3005,ZBUAH8LBD,clust5
3006,M4H38KW2T,clust7
3007,S0JVTE8RA,clust9
3008,YGPHYG01W,clust10
3009,WK12FKP7L,clust10
3010,J2QRFW5I1,clust5
3011,8CTLQQSMJ,clust2
3012,1YYH8H3XU,clust10
3013,Y2RN3D23Q,clust6
3014,RGMX8TPJR,clust22
3015,KUSDZXLQX,clust22
3016,3NLU0Y1NP,clust22
3017,TG27Z1L4N,clust16
3018,YQHW5JB3S,clust16
3019,CBXQ07AEK,clust6
3020,YMIBG1QJL,clust7
3021,RXLF0C8WT,clust1
3022,TCVLLIOUP,clust8
3023,S2O5A4MCN,clust6
3024,QPDP4NDIK,clust11
3025,LRDZEYQZU,clust7
3026,Y2VMWOG06,clust26
3027,VCVRO0MII,clust9
3028,PRXI9YEZC,clust9
3029,ZXNHGFBPA,clust17
3030,DECCY3FVB,clust21
3031,EHDPWALT2,clust21
3032,QMFPEGDU9,clust6
3033,SBXCF06VU,clust20
3034,M9FLOWVQ1,clust16
3035,71K8MDKF5,clust5
3036,AGONNB8P1,clust4
3037,SE7LN0QOU,clust9
3038,2259E44GO,clust9
3039,ZDBVGIMAL,clust7
3040,5MUYN7MPY,clust8
3041,PPQL7113D,clust2
3042,0FZ4NDK1V,clust1
3043,Z5Q2D8HRQ,clust1
3044,GPFHLUZOQ,clust1
3045,IZEGIT959,clust8
3046,N1WLKJOVT,clust15
3047,CU9B42AVV,clust16
3048,5I69BO46K,clust5
3049,RW533BDLF,clust2
3050,8D7U8QAEH,clust1
3051,1KWVXP2IN,clust7
3052,1185GI4QA,clust7
3053,41QQ9YOP3,clust15
3054,6DTLELS4F,clust1
3055,KDL08X9Q3,clust13
3056,EMU4DGEJG,clust27
3057,CGZKJ70QT,clust7
3058,79IK65LHE,clust16
3059,VRC1Z0HPN,clust3
3060,GD5JEBNLG,clust13
3061,P2TDEEG17,clust14
3062,R2GWDR6F7,clust10
3063,X33VS3F66,clust6
3064,6JTV0VQQC,clust4
3065,E6PID6J5B,clust15
3066,ANY6Y447P,clust15
3067,3NELGF40V,clust8
3068,RML6YR0NR,clust16
3069,2WW8D50KT,clust12
3070,0SPE7YKKI,clust20
3071,TGF54HJRV,clust8
3072,9GORYNJUQ,clust1
3073,420PGVEBP,clust3
3074,DVP4W2WRN,clust3
3075,CZHEG8QIU,clust3
3076,R6G3W05BD,clust5
3077,66OUPN57G,clust20
3078,VPGEFD68Q,clust20
3079,GLRGWFBWL,clust10
3080,EOKJHSBRU,clust8
3081,1WS6CEO7Q,clust9
3082,2S0OZNYLU,clust10
3083,OE1V4CJ49,clust4
3084,TKO46DUH6,clust2
3085,4AK698XCY,clust8
3086,XBZYV1PEB,clust1
3087,1IU9K7P68,clust14
3088,1522ZTYU2,clust1
3089,502NWZIWA,clust22
3090,RFZZEE3E0,clust1
3091,UEZ1B3DNT,clust1
3092,HVN4WCKNF,clust7
3093,C0GNKM5PH,clust5
3094,0QNEJ6921,clust13
3095,FHIBQ89QE,clust7
3096,IUDC3PI7I,clust10
3097,YHCJSW3ZJ,clust16
3098,SC7B1AT7J,clust18
3099,9NCPTOLSR,clust9
3100,C33J0EL5F,clust7
3101,3KPSFODBV,clust8
3102,24QWDYLOU,clust4
3103,3VCEUFWI4,clust1
3104,PUF2VXLFR,clust1
3105,KWXYE3KBI,clust17
3106,A9GUKCKLR,clust11
3107,FZ3880212,clust18
3108,FUM1OK9W6,clust8
3109,OISBBWTDP,clust7
3110,GKB3J869K,clust9
3111,DCMP01YAI,clust3
3112,5NBDOJ8GS,clust14
3113,5QIQLV5JG,clust10
3114,PLYLH7SHY,clust1
3115,YQWWTEFF3,clust4
3116,X3ULQW1IB,clust4
3117,R68AFLEJ3,clust6
3118,ZFYZ6ZARU,clust6
3119,60I0IHY3Z,clust8
3120,YA54L81JN,clust9
3121,WJFRB8H3A,clust21
3122,MBXTJ6Z3Y,clust21
3123,VGKXD60WO,clust6
3124,8JMYY60MW,clust2
3125,7DKJ7RXT3,clust25
3126,NSZ9O15GA,clust3
3127,NGBS4GB0H,clust7
3128,KJCAOAURA,clust17
3129,6QFK42C9A,clust26
3130,J8PANKDB0,clust12
3131,KYM4V5TU0,clust7
3132,94Y435G2Q,clust14
3133,ZYK5H50D3,clust7
3134,00OIKS2CV,clust6
3135,VJKIITI2H,clust6
3136,JSY41I3SX,clust16
3137,AQ7KEPF6K,clust8
3138,AULZ5AR4H,clust7
3139,KE0CSLK6N,clust23
3140,2TS5RQWDI,clust23
3141,D6TVBEKXO,clust7
3142,YGURXOOAR,clust21
3143,I0LOG17WO,clust9
3144,N89NNNU2F,clust9
3145,Y2OFJTFUT,clust3
3146,Z2GCOQ378,clust16
3147,YH74W3DOQ,clust1
3148,URUZRRD8D,clust18
3149,0HONIRIPM,clust8
3150,G9PCW8UM2,clust2
3151,K63E1GC8C,clust2
3152,GBA127MMT,clust1
3153,47J8WO6ZE,clust3
3154,43RMO9UUU,clust8
3155,B4IV7TY4H,clust3
3156,0EHLUQGHH,clust4
3157,W33E7PXA5,clust5
3158,IO8X35FXW,clust26
3159,07LM4XOHL,clust12
3160,KS2PCERTH,clust3
3161,99UL4XM5J,clust23
3162,TXE29HXOE,clust7
3163,N1WEK9H71,clust9
3164,A1PKWD0UC,clust2
3165,S85BHWD0E,clust17
3166,ILPWTRRAS,clust15
3167,6F7AVXFXJ,clust7
3168,RSW2E2KGO,clust1
3169,OTWJRUAE1,clust19
3170,ZD93S2EJG,clust13
3171,RMJ33H96E,clust13
3172,K38818GMI,clust5
3173,LPDRJDCSV,clust3
3174,EO4PZE0AL,clust17
3175,IRRINXUZ9,clust11
3176,0W3X17NT9,clust7
3177,3RWUN227F,clust15
3178,QP8JQ7RQD,clust3
3179,6IYGN70ZT,clust4
3180,09SWFPNN7,clust5
3181,DYMBVDZOD,clust9
3182,OKXCHQUTD,clust4
3183,WA7J07X2J,clust14
3184,64472BPQH,clust4
3185,GRQ9SOOI3,clust10
3186,STQ4ASTXU,clust9
3187,AHVVF3J3R,clust17
3188,HGH4GJ7CL,clust17
3189,DFHVWC8K6,clust4
3190,MH2FFA06B,clust9
3191,X6TWD6EE2,clust3
3192,6GM58OHEJ,clust1
3193,01K2GNELV,clust10
3194,Z3FCDXN0H,clust9
3195,BIPK5ZAR1,clust5
3196,UA9ALMGUE,clust11
3197,6AUEWF3KL,clust10
3198,WETFGK1XD,clust10
3199,SL6638ECP,clust6
3200,C1S6KOJNU,clust6
3201,NOSXSVROU,clust6
3202,QGTNPBBUQ,clust4
3203,5R6JDDNFP,clust4
3204,4DK9EQVWV,clust18
3205,QD0LBRK7H,clust15
3206,G7B2S6O4S,clust2
3207,0NDKXU011,clust3
3208,W7603N4R8,clust4
3209,FPQ6W6U2B,clust18
3210,AZXLPGDE6,clust9
3211,6V6GNNDOW,clust1
3212,6XQ2SJK99,clust2
3213,YZYLQYOKH,clust14
3214,3GRGFIRRE,clust4
3215,NFPV28AOM,clust3
3216,OY6QMFL84,clust12
3217,SNXRZI2FH,clust9
3218,J0RX9SBDE,clust5
3219,7L2CBZMMZ,clust21
3220,DZCZYOB1G,clust21
3221,EY3KP5F01,clust4
3222,TF6OP847I,clust15
3223,P345SIQIU,clust15
3224,RHPWXLY4I,clust7
3225,N92QEPA3C,clust7
3226,W4JMC4BQA,clust4
3227,DPSJHDL6N,clust4
3228,F2K0O5YF1,clust2
3229,8EDG8VCDJ,clust3
3230,3JU9FAUU3,clust5
3231,ILPPF2Q5O,clust6
3232,49OBHOEAA,clust16
3233,L3NG1JIPA,clust6
3234,X1BJXGOI1,clust1
3235,YZ8KWNRK5,clust10
3236,7J3RU826H,clust8
3237,5KJWNAY41,clust5
3238,4Z6PV7VGE,clust2
3239,O8KHGAOIP,clust6
3240,39CT32BOM,clust1
3241,MTXWZ0XMV,clust1
3242,Y6JQ71GUS,clust3
3243,SKV8LMG6Z,clust6
3244,ZPR3D3QEX,clust7
3245,H5R2AKVEJ,clust6
3246,G3Y4EADPK,clust10
3247,KU8W4234J,clust7
3248,A5TPTQ6ZM,clust9
3249,PC7B884AO,clust8
3250,5ZIUAFFN5,clust12
3251,6LPDNEB9S,clust2
3252,TI57LRHOO,clust9
3253,9UL5HFSYC,clust8
3254,H2ROAYDAF,clust26
3255,GJFNQHU5H,clust3
3256,6HV0M6JLW,clust3
3257,U476NEJ0Y,clust4
3258,2C4UUUHF1,clust7
3259,RNFE2L77J,clust17
3260,AWHBD9HUQ,clust17
3261,5VH84JBT2,clust10
3262,OG9OCXTZF,clust3
3263,4L516TAQV,clust7
3264,SOJZINKCE,clust7
3265,GSG4LGYHU,clust10
3266,7T0FU55JW,clust13
3267,X11N9G88W,clust3
3268,GW18ZD5P5,clust6
3269,V07Q2V9I8,clust6
3270,2C3YXFW4C,clust3
3271,INPJZHXWK,clust15
3272,W0IY378IE,clust13
3273,I2AKR3JZO,clust3
3274,CZ2VSGXG8,clust13
3275,DOTDWT8J8,clust4
3276,03J91L95B,clust16
3277,V0L48ZOER,clust12
3278,O1CDHBLRD,clust7
3279,8F11DYPRB,clust7
3280,IXX80YY6J,clust7
3281,BX1VAF0QY,clust5
3282,2SUVKHRE8,clust14
3283,7DN8OIF2S,clust2
3284,6A808LLJM,clust1
3285,ND16QJ4X3,clust1
3286,6US4KFWHQ,clust2
3287,MLVH07E7G,clust22
3288,CW95CSN93,clust7
3289,OBH8HF2FE,clust5
3290,ALJZLT27X,clust20
3291,QLAU0VBIK,clust4
3292,A8536G73V,clust4
3293,WVI9Z910Y,clust6
3294,2Z7F26GY8,clust8
3295,8GZWB0CK7,clust13
3296,5TWG6M09W,clust7
3297,3N3NGFMP3,clust13
3298,GX7QEX1C8,clust4
3299,0C862NVTG,clust2
3300,70IZI8N5P,clust2
3301,RKCT07C4Y,clust7
3302,YUTM0DBSN,clust9
3303,4R2L9NYGB,clust4
3304,LHH4XV8FY,clust6
3305,9C0G8VRW0,clust1
3306,EZKQK6KMG,clust3
3307,11BVRL1R7,clust18
3308,AE17A2P7E,clust5
3309,86CV12UUT,clust5
3310,14SIV6CRZ,clust5
3311,GPNYDVFN9,clust7
3312,E5AQSC74R,clust16
3313,YX38NBFOF,clust7
3314,FLRNBNBKC,clust21
3315,JC6452OS1,clust3
3316,E5R4E4Y6B,clust7
3317,12NAGBXJ9,clust7
3318,1BDO99XFL,clust6
3319,7N3C08SC1,clust3
3320,P2X3RW4FP,clust18
3321,2EZGEPBMI,clust8
3322,F5YV43TKH,clust11
3323,6L3V7G2UG,clust3
3324,OCIETL9YM,clust28
3325,QWN0PG6PN,clust1
3326,ANV3SXQ4P,clust1
3327,YRCFEE3EV,clust1
3328,0EJCHZJ3E,clust8
3329,C9U0FYLY7,clust3
3330,8JAGP5IIP,clust5
3331,74KTS80ES,clust3
3332,3URC69VD3,clust2
3333,43MUE3J5A,clust6
3334,0U1T7DNUE,clust15
3335,OBRW61AUG,clust17
3336,5QO4IHHFJ,clust7
3337,6NYKUZ4UH,clust5
3338,IGVHXMTDR,clust3
3339,OQTLBLI41,clust8
3340,0ZXZPXZMS,clust6
3341,0OCWNH0V1,clust11
3342,O419282TQ,clust20
3343,84GJXMOHH,clust5
3344,OUTOCEU1X,clust9
3345,EMXET8687,clust4
3346,4AS68XQQF,clust9
3347,J6RZI5FWA,clust14
3348,P0XHG4RPR,clust5
3349,EI8PNO6EW,clust5
3350,3U3JRVHSM,clust12
3351,YP8834VZJ,clust3
3352,S9195BADU,clust7
3353,DMFY9ZDBE,clust13
3354,XX15EPFFE,clust7
3355,4OW21HHI7,clust22
3356,ZXLLZQSMS,clust19
3357,9C21RMGH1,clust5
3358,EPCUF3BA4,clust13
3359,55R9X4V1C,clust18
3360,PZG77LWUH,clust18
3361,OUKKEW8EO,clust4
3362,PFBYZQV4E,clust16
3363,E125PLIL6,clust24
3364,0IPXPQBCS,clust8
3365,4ZH7Y0QCW,clust16
3366,CRE4KZO5H,clust6
3367,4D3QAYA12,clust1
3368,RZONKQ511,clust12
3369,TPUOYHYM1,clust2
3370,5702YWGJ5,clust21
3371,P0CCHRB29,clust10
3372,9VKBYMR7A,clust12
3373,W199O5O1V,clust1
3374,FWG94SE8L,clust8
3375,7GYP25JMU,clust2
3376,QUXQMNU7E,clust2
3377,VX1G6CU03,clust9
3378,QBTN338VD,clust9
3379,AVBGC12JI,clust1
3380,L5HOM1XK8,clust16
3381,2Z2IKU9RE,clust17
3382,R6EZ93DP0,clust10
3383,47P6I6EGY,clust3
3384,PKEB8HSLQ,clust3
3385,VQVJKS9U2,clust11
3386,C8ZM3TTB0,clust15
3387,VXKSC4CP7,clust23
3388,DX1X8VYOW,clust9
3389,K2P465SGP,clust14
3390,R72F5A9RI,clust7
3391,PC7LZKQIC,clust4
3392,664T8BYKI,clust9
3393,1XXUTB2AV,clust7
3394,Z05MDSGHZ,clust1
3395,XBH4PAL5Z,clust10
3396,9EM0VFU9U,clust1
3397,C1XURX85P,clust10
3398,9YH8HZTBO,clust2
3399,UU5Q37C1D,clust15
3400,ZJIWQM6K4,clust3
3401,9LMQT0ZPL,clust7
3402,7UE0ND7PM,clust9
3403,EX5KEUXZJ,clust9
3404,8DJ928G1U,clust9
3405,TCPWWN9WC,clust13
3406,IZNSUXZLE,clust8
3407,NA82EJZOE,clust5
3408,OLH8HEFJR,clust6
3409,RRSO32LMP,clust6
3410,IFV92MWK0,clust25
3411,4B6RV5N8W,clust3
3412,HT0ZU2875,clust1
3413,0NX5HBGSX,clust4
3414,PCMZEMW5O,clust3
3415,8AS51UFN0,clust9
3416,PX3V3TO12,clust1
3417,C4GSH2NQ2,clust11
3418,QFH3715U1,clust3
3419,E3NIIVE5J,clust22
3420,ZY7WMSR9M,clust22
3421,J6OOFFTVI,clust4
3422,J13O18TFA,clust13
3423,KEMLHDDK9,clust1
3424,6QFBAOK7W,clust15
3425,A5BQ9XAVS,clust11
3426,S78CVU0IR,clust3
3427,EZQAOGOXW,clust8
3428,Q5W5PVT0R,clust7
3429,LBIVNIFPC,clust8
3430,QIBFK1NR3,clust10
3431,PMC02BOHM,clust3
3432,UO9QZCVNL,clust1
3433,RVY67OIBL,clust6
3434,PXQ34KKLK,clust12
3435,BQB9L31F0,clust15
3436,OXTFH6EYU,clust5
3437,R1KOF97IQ,clust5
3438,CBORFM179,clust12
3439,XO2IP210Q,clust7
3440,NC3GPO9X3,clust7
3441,K7ZFPZNNY,clust1
3442,AE97CRRAR,clust1
3443,I4T66QIO9,clust8
3444,D40OFA49M,clust4
3445,NKDX9I91Z,clust28
3446,7WSD3V9RM,clust17
3447,7Q95NNSJA,clust12
3448,4QGB116GG,clust3
3449,HGSWBHNDQ,clust4
3450,6PVMAJZNA,clust4
3451,ZGJGPF7LZ,clust13
3452,NFUDH7BBV,clust12
3453,ERDXD399K,clust12
3454,HM80057AP,clust7
3455,57YCR59QB,clust24
3456,2LF91ADW1,clust24
3457,NUK6MNLEY,clust5
3458,QED1SWTVM,clust4
3459,6I241ZLVX,clust20
3460,WB3T56IPF,clust2
3461,QZKPA0LHZ,clust3
3462,24BCTKG8K,clust8
3463,OV9SDQUZX,clust1
3464,HHYPF3FXQ,clust2
3465,31Z3H4U6E,clust7
3466,C86A4TH2G,clust3
3467,XNFMZDCSK,clust2
3468,QXNMI979B,clust5
3469,NOK9KVPIP,clust7
3470,4V329RJJQ,clust7
3471,W962SS9B7,clust5
3472,D408BJMD3,clust8
3473,XX4GJRQPR,clust3
3474,BC83B56RY,clust14
3475,OSE9JC7KL,clust7
3476,APHLYVLC0,clust15
3477,P8ZOI1FDJ,clust10
3478,DL21V2944,clust2
3479,HCFR7MC37,clust3
3480,F4LOHO3OI,clust8
3481,8PLZKRA35,clust1
3482,LCC58ZS93,clust4
3483,WFLETZM74,clust10
3484,DH5VZHFA0,clust16
3485,FKCC5J4PC,clust5
3486,OYP0WKNSC,clust13
3487,8GROQ4KGF,clust17
3488,147RPSJH9,clust17
3489,VN1U4STCV,clust7
3490,AMSXA5IWX,clust12
3491,8LQBCSJW0,clust6
3492,E1XBNKN1A,clust3
3493,YE2N76231,clust7
3494,98PA17HR4,clust5
3495,86J7YOH4T,clust19
3496,09VKKIW3W,clust1
3497,ZLVANQBHS,clust4
3498,HA5MKS9N3,clust2
3499,F9KXD93BZ,clust5
3500,NKDLNYX6C,clust7
3501,4VVIM8GFB,clust4
3502,LHLYUFCTU,clust10
3503,1S6ZLSGJS,clust2
3504,NEWHW42C6,clust9
3505,W4FFOFLYN,clust15
3506,EGAI5DJFY,clust15
3507,Y9O97G6DE,clust6
3508,RQLWNLNML,clust6
3509,GFS6AK0LS,clust1
3510,2UNXG7Y1T,clust8
3511,09TU7QK94,clust28
3512,VLLSSEF6H,clust1
3513,UJ8H8ISQ4,clust9
3514,BKVLC6XTX,clust8
3515,5MAAK7HSL,clust11
3516,4Z0U96Q7Z,clust10
3517,L3UVCN6CG,clust15
3518,0MOZXD6MB,clust9
3519,8IYDL89VL,clust3
3520,C2SLVY7CX,clust4
3521,R2ZPEM4D2,clust8
3522,4KNM7U86A,clust15
3523,W1O4PDDA2,clust6
3524,2JOBPO3WL,clust4
3525,EXC5AG9ZK,clust2
3526,PZBC9U5AU,clust5
3527,WD00JM2RA,clust3
3528,R4T6TZDMW,clust7
3529,GMR0TEAJD,clust8
3530,FGD5N208G,clust3
3531,VC4M83073,clust2
3532,EOZ9R1YE2,clust11
3533,6CTJTEE1A,clust8
3534,UKXTBITF6,clust13
3535,ADMGIKK1Z,clust5
3536,Q758DGIMD,clust9
3537,UK4ITPPBJ,clust7
3538,OD99HQNAX,clust3
3539,AB4ODGKNB,clust21
3540,SZOJQY8X5,clust7
3541,9CGMOJCD6,clust2
3542,EH9RIUDQN,clust9
3543,Q6DLRT8C5,clust16
3544,9COYA01QB,clust16
3545,XZ93WOEJF,clust8
3546,4E3XFRKIV,clust8
3547,I0XYN54L5,clust1
3548,TU7LIF23C,clust1
3549,ZO6CGREEZ,clust9
3550,7CG1FRL8H,clust14
3551,5F33JT7G5,clust12
3552,S1BGWB729,clust12
3553,ZFBZHRTO9,clust3
3554,2DYTJJCIE,clust3
3555,J6G5TK29Q,clust1
3556,VCCPTOBWU,clust15
3557,OLK4G5IF8,clust10
3558,JSLE5JWX8,clust14
3559,75HAP9Y2Q,clust5
3560,70NBP772W,clust3
3561,VITI6YYG5,clust3
3562,ZCLZH9M01,clust15
3563,TKPEYOQWF,clust1
3564,P8P954GXN,clust6
3565,96E32NU23,clust15
3566,HEREGW8KL,clust7
3567,O0P2DXO1D,clust19
3568,HPE99IDBY,clust7
3569,35CKHQGRD,clust16
3570,R4A297EDE,clust16
3571,CNJ9ME8AB,clust3
3572,IFUCCYLG1,clust25
3573,YJXWIU20J,clust9
3574,9GOP344TK,clust21
3575,B5CG06JLB,clust2
3576,IDUPLNDDV,clust16
3577,C5EUC9J12,clust4
3578,E8RDHUM80,clust16
3579,K5S1ADPLS,clust1
3580,NM215U06W,clust7
3581,GXETTZVTV,clust9
3582,N8WX387CU,clust9
3583,CK16JGVUY,clust22
3584,85QL0RW9T,clust3
3585,X0VYDQK96,clust5
3586,9S0MIS8B7,clust15
3587,GGRETSYZI,clust5
3588,HF6FI367Q,clust4
3589,RPSQ8IK5A,clust4
3590,378VF7KKR,clust9
3591,5BTY3PJFN,clust10
3592,BI906IJ6Y,clust7
3593,QG9IG1IKE,clust3
3594,S8D8JYRZV,clust3
3595,VU6V837OA,clust3
3596,E4NU9CAQH,clust18
3597,75T9ESW0B,clust7
3598,SKL8TMPMD,clust27
3599,88999H81I,clust2
3600,BDR6TNXPX,clust17
3601,ZQSOAJ2SB,clust4
3602,BF8OAVE5Q,clust3
3603,IANCOJV8T,clust26
3604,4F0P61DQT,clust13
3605,U4DPZV7GW,clust4
3606,HAFAUGQ9Z,clust2
3607,UBEVVMGTB,clust2
3608,3674XT7SS,clust1
3609,ORLE0RKYA,clust13
3610,00V0FFSE6,clust2
3611,N4UCKD014,clust9
3612,T3NQ1BZMG,clust6
3613,ZCBM316RK,clust1
3614,ABCP1CAO5,clust6
3615,BORW55NXN,clust8
3616,M4U7J3QA8,clust13
3617,UTPZKXF0B,clust22
3618,0ZVILCC9S,clust8
3619,YWP56IYPY,clust3
3620,I7JXJZ6GM,clust1
3621,417KTLGWB,clust8
3622,WWYAO9QGY,clust2
3623,OP50Z2MC5,clust5
3624,PD0J1GEK0,clust14
3625,6679M75LQ,clust9
3626,WOX4EIZUW,clust20
3627,1UMWS2SKT,clust20
3628,YRZGUG2CB,clust16
3629,5QM8ZTC4N,clust11
3630,VCNNE54NS,clust1
3631,9ICALHNP4,clust20
3632,DF98ULTJ2,clust4
3633,NU6KAVROA,clust9
3634,SYIVUKWR5,clust21
3635,Q2HNAA0TT,clust1
3636,XKX6TUDOU,clust2
3637,0PN093288,clust3
3638,BJM9XAPNO,clust3
3639,AQ69R055Z,clust5
3640,8FMYDXYS8,clust5
3641,3FX8WA778,clust15
3642,MS0470NPU,clust13
3643,CUCPMA7KN,clust13
3644,ZIT8LJPOQ,clust3
3645,9ZBH5ODR0,clust16
3646,NPC0J3AA9,clust4
3647,17L9QY8YL,clust23
3648,6PZ3XOXRA,clust5
3649,GZT7XE8ZD,clust6
3650,CLLZNE13T,clust12
3651,5IO7C214T,clust12
3652,G204MHQNH,clust1
3653,HP3485NMU,clust8
3654,014RTH812,clust5
3655,DYWPZLCXO,clust5
3656,1ZSQX3IBW,clust1
3657,9OSD8XQJ0,clust8
3658,W168UCKAY,clust4
3659,V8A8BQDRA,clust5
3660,IGYQ0TFFJ,clust10
3661,K8NM06TXR,clust2
3662,03J9OZFUR,clust2
3663,99EBZFQ1N,clust3
3664,QK3QKFQHB,clust14
3665,YZ0BZ2B3R,clust15
3666,1E6XK2WIL,clust15
3667,1TNOIAKEH,clust16
3668,937QH94CS,clust13
3669,PD3XAT4MT,clust9
3670,KZKX7TCX5,clust7
3671,BAT0N1VP9,clust7
3672,9ZLJXV2MZ,clust6
3673,7CWA7VB2T,clust7
3674,YCM9TR32H,clust4
3675,OJG306EM6,clust7
3676,9G6VYCSMZ,clust7
3677,NQEK55TTG,clust8
3678,KQFNHYGUT,clust20
3679,R5JI44RIE,clust9
3680,9YEPBHRXR,clust10
3681,6LLQ3GU6Z,clust5
3682,LA90R0C4T,clust6
3683,GDXBFCZWY,clust10
3684,WW6ZXHPSX,clust1
3685,DYN7C5QBU,clust10
3686,53SUYI9JV,clust5
3687,QDD18NG31,clust16
3688,Y02JWE395,clust1
3689,A1GTOG1CB,clust1
3690,MNKBWBSIB,clust6
3691,I476O0NI4,clust5
3692,SPMECRMDW,clust5
3693,UKYDQGBRA,clust12
3694,BH8ZL9JCT,clust8
3695,BP9486NWL,clust24
3696,E0JF2BQ8X,clust1
3697,BD8RDL69I,clust7
3698,NQSW0LCBH,clust5
3699,A97N8BX2T,clust8
3700,PX8X6M1KJ,clust10
3701,EC8NO2K6T,clust12
3702,F648077AW,clust18
3703,KD335ZPQP,clust3
3704,KCHE5S1HR,clust7
3705,B87VYG12U,clust10
3706,JXYPTWNMF,clust4
3707,8WPA4YOO1,clust5
3708,6129UFQJW,clust20
3709,PQQYGTJZN,clust11
3710,9IIOSGCMD,clust2
3711,CNM5GOEKP,clust16
3712,438YCL6BW,clust8
3713,BLLKKMSIH,clust3
3714,K0SFSG83G,clust2
3715,AWSR9J7A0,clust4
3716,P6AWO6TRG,clust16
3717,SNUMJJAV9,clust12
3718,58QFP6IBB,clust16
3719,RZEA6ZEM8,clust16
3720,BCCR6CX97,clust3
3721,CDBZE0LTM,clust5
3722,RIREMVEK5,clust2
3723,XF2SW6SXA,clust16
3724,3YVR7EH44,clust15
3725,BFSYESSOG,clust12
3726,V6HHBY9B7,clust3
3727,G1CZN3GPN,clust2
3728,43D7M3TFY,clust5
3729,B5SVURC6I,clust12
3730,L9A2UBMV1,clust12
3731,XY57EICCM,clust3
3732,OQQTQDVSD,clust1
3733,OSZO9N9SM,clust4
3734,CA90S2HF9,clust11
3735,Y6OJCN1M3,clust7
3736,WUISBUE7G,clust10
3737,RZK666GTI,clust4
3738,WTORI8RU7,clust16
3739,HTIOH2E7O,clust6
3740,CDQ9YQFHD,clust9
3741,AV21QLHB0,clust14
3742,NJDV8UUAT,clust2
3743,VX0CRYDVR,clust8
3744,0UDP2YX7G,clust1
3745,ZJ1WCCWV3,clust11
3746,NORTPQLCA,clust12
3747,KFGPCHSAU,clust12
3748,13DM33AZG,clust4
3749,Q9Z8WR5US,clust8
3750,QJTOCB1ZC,clust1
3751,ZMCHSFDKL,clust9
3752,LUQFI5EOG,clust13
3753,150GKITWD,clust4
3754,ZZHCBMEVA,clust20
3755,EWT67SH1S,clust2
3756,NRSJ8XGKO,clust11
3757,960KX9E65,clust8
3758,IDJENR4C1,clust3
3759,LVMT8UTVW,clust1
3760,2L8METN0A,clust28
3761,5BXYP93AX,clust13
3762,75ETTFTX8,clust5
3763,Y7BB6PXU4,clust10
3764,T7XH3LD18,clust8
3765,9F3FYSVL2,clust5
3766,Y65KK06BE,clust4
3767,3D9O9C0IC,clust20
3768,15ZWR19LP,clust5
3769,5IYYP3GMO,clust17
3770,GNFG4AZLQ,clust2
3771,3UV429SF4,clust8
3772,916NJEN6U,clust3
3773,W7RKGQI1V,clust12
3774,8WHDJIYOI,clust5
3775,6GJYBQSPY,clust3
3776,TFKTIUH78,clust1
3777,MVNOB8NO3,clust1
3778,H88ZJ52GR,clust10
3779,J60BR99HT,clust9
3780,NFTKJ9C7U,clust3
3781,UZFZPNAGD,clust9
3782,VZZN6B20T,clust13
3783,BUIEUTEGZ,clust14
3784,FS0CMDC4T,clust9
3785,NHX3PXVTY,clust8
3786,F2YLD1ILM,clust9
3787,8UQVFUUEO,clust1
3788,GDHLQ26SW,clust2
3789,48LC4O28T,clust1
3790,WH3TSNVVD,clust1
3791,LMGHSRHYV,clust4
3792,HWSWHV7LX,clust9
3793,X5HFEUO5P,clust1
3794,7S0XEMHKC,clust3
3795,FM0GWK4I6,clust10
3796,XNLIYXD7V,clust6
3797,XP0K0YYC3,clust13
3798,NKY69RA79,clust5
3799,L6RRQJ6LU,clust3
3800,LAIGM33R9,clust10
3801,45CI2KVJ0,clust24
3802,XDT5I5L2D,clust6
3803,B9ZHY4RRC,clust9
3804,NELH61HPR,clust7
3805,5Y8J20547,clust1
3806,6FY7WQAZ0,clust9
3807,37O1U32LI,clust13
3808,TVA9U93ZZ,clust13
3809,3DY2QGRWI,clust16
3810,3JI5HNCNP,clust9
3811,66BZIVHMQ,clust11
3812,QPS71D9A8,clust3
3813,XSYZQNEUQ,clust4
3814,XPFC2D83Y,clust4
3815,FUP96GNJX,clust12
3816,5VI0MB00L,clust18
3817,TOL9XY1BZ,clust18
3818,LIQJ7G429,clust18
3819,QHHWQ6FGB,clust23
3820,UD13UO7CI,clust2
3821,M5AIVQ0YF,clust2
3822,NLBZYINB9,clust5
3823,Z3I2FYFPG,clust3
3824,ACHKETEQ5,clust3
3825,KWEJ64MV6,clust3
3826,I26IPHDR6,clust7
3827,OIUXBDTO7,clust11
3828,UKWYDNHOG,clust3
3829,FISJP10HB,clust15
3830,0B82D7G57,clust4
3831,S164FSC96,clust2
3832,G262CE1N2,clust2
3833,0F87HXNCH,clust4
3834,K9MQ0FMJ5,clust9
3835,7V107B3HM,clust6
3836,Y0ORGH2FO,clust7
3837,U9OY9VC8K,clust7
3838,N19OUFOYZ,clust8
3839,I2PZVXPVT,clust21
3840,ZA0Q93GD6,clust14
3841,D4IXCIHDH,clust13
3842,VQAL9UITS,clust8
3843,XSV12UB19,clust2
3844,GKI5VGXN6,clust6
3845,ZB51RNYDZ,clust1
3846,ZNXZFV76I,clust7
3847,7F402J79A,clust13
3848,JFR70J237,clust15
3849,9KQVNDXQB,clust19
3850,UJZGNXBMK,clust9
3851,XE32R4ZCI,clust3
3852,NTI22690V,clust9
3853,GH180RVPT,clust1
3854,1DZANG4PV,clust13
3855,5MR608864,clust7
3856,3X0CX3A2W,clust21
3857,9DZBK80XQ,clust23
3858,9F5NJZCCE,clust22
3859,P0712ZVAA,clust3
3860,9BR3C23AR,clust3
3861,MNL1BX8BJ,clust9
3862,50M1PFZV7,clust20
3863,ZJNR277W0,clust10
3864,FWU7UHA18,clust6
3865,0J8C9USPJ,clust10
3866,46TOC5QPR,clust12
3867,TRR5543FP,clust3
3868,6MVNVXABW,clust14
3869,Y8MXZGL7R,clust7
3870,O6R9BU1AE,clust5
3871,RC6N6I6O1,clust3
3872,1MT0VLC8Y,clust1
3873,NCSKL2DYQ,clust3
3874,993AEN1T1,clust9
3875,QRT3B50PT,clust19
3876,KX59J6PRG,clust10
3877,RQG49IEDL,clust16
3878,7UGXLCEZ5,clust3
3879,EPWNLZUIU,clust4
3880,3MY90S7ZT,clust21
3881,UJWPQYN0A,clust2
3882,E9S1BTHNN,clust3
3883,3ZZC7WW5H,clust14
3884,4QROSADST,clust9
3885,S5M0P2439,clust9
3886,EUC7KIEFH,clust3
3887,MJW2G0JDF,clust13
3888,WYIUQ0XZ5,clust10
3889,CQKYF5NHS,clust1
3890,UTY5EZLUX,clust10
3891,AKUZ8GSAG,clust3
3892,K2GA4TQQF,clust1
3893,B8M70U2TX,clust12
3894,KBVOE2X8Q,clust11
3895,CIE6MWHGS,clust16
3896,0SN4HYKQJ,clust10
3897,CDK9LGXKG,clust9
3898,166Z3D4GP,clust13
3899,K5IFDBPOP,clust9
3900,V26ELUPRX,clust1
3901,8SQQMONO7,clust3
3902,XF21U000I,clust17
3903,AGQEHUNRX,clust18
3904,1P7FSPNGD,clust6
3905,8A69AAWEV,clust2
3906,TINFYIC7L,clust4
3907,CMVG1CP88,clust7
3908,HDIPJEQMW,clust2
3909,U07A2TG7S,clust19
3910,1CU3H7WN0,clust10
3911,HYDBP88DT,clust27
3912,008HFHUAO,clust27
3913,1JU4ZPU22,clust5
3914,IA9ZHTXCX,clust8
3915,RZH0FNQL9,clust9
3916,XKKICXYZP,clust10
3917,I1NMXJZ46,clust5
3918,95C4NBCAA,clust8
3919,J4OCZVGX7,clust13
3920,Q1Q6V5ELI,clust15
3921,S7Y2WYPID,clust4
3922,X5X5J6EU9,clust21
3923,NQMGL1EPT,clust25
3924,5PTEWSWW5,clust7
3925,BV0BE673Z,clust7
3926,GTOLZAT85,clust6
3927,DGLCIVHXQ,clust24
3928,JW6IMREM1,clust9
3929,ZF52VJTNQ,clust6
3930,ACAXK3UOM,clust4
3931,3O2YEUUU0,clust17
3932,MFT3J8Z5S,clust5
3933,ZI2M3BTFR,clust15
3934,ZYETJ011Z,clust3
3935,S7SV99FP4,clust27
3936,EYE5ZDO4A,clust6
3937,BY6CET79Y,clust13
3938,EZQE675MM,clust17
3939,AO3LPMJCP,clust23
3940,A74J6KUP2,clust27
3941,78KDFTD9M,clust3
3942,EQK59036Y,clust15
3943,R75Z25MUI,clust1
3944,S5PMWAB4V,clust5
3945,38DTCZOJ0,clust6
3946,RCOEF9350,clust14
3947,JCOEU04X6,clust12
3948,3H6GJD85P,clust13
3949,UL4IIIJH3,clust8
3950,EBT8VQIL7,clust13
3951,R28FWG0T4,clust5
3952,6NVC12FZO,clust9
3953,ONEXE23J7,clust27
3954,3D7YVZWH3,clust3
3955,ALH4OSR9I,clust4
3956,07QRYNSR3,clust19
3957,7NDEJ2RXG,clust7
3958,HN7S2BST4,clust7
3959,1G6C6AA74,clust11
3960,X3MAU77XN,clust3
3961,48U07QMN6,clust19
3962,8YX4Z7AQ6,clust19
3963,KDQVHHYYZ,clust17
3964,6ODO2U567,clust2
3965,CUFQRVRCW,clust19
3966,ODL8OK481,clust7
3967,57V1M5M89,clust3
3968,SD8BLCE25,clust22
3969,00HNEAGAJ,clust13
3970,AOWELWELU,clust18
3971,C7IB08VMR,clust13
3972,9JSYLSJBN,clust4
3973,AYJ3DMFC9,clust7
3974,5FHHGJETL,clust7
3975,XRETORMPJ,clust16
3976,S4RQXSQ7Y,clust15
3977,MIODZ1EP3,clust16
3978,FNJDYM549,clust16
3979,YVEFETQQG,clust6
3980,GADDFEC69,clust10
3981,0YT5JA8GW,clust9
3982,X2T354IV3,clust1
3983,BSKD66IUW,clust11
3984,L8XK9Y20E,clust27
3985,JD7KU243U,clust4
3986,QC3QN1XQ0,clust11
3987,F0RS3ZEEV,clust3
3988,JMG6YT2L0,clust6
3989,LWJ5KRSFO,clust6
3990,PUZWEWVD8,clust27
3991,VZMYRQTNA,clust18
3992,WCNQGLB0N,clust9
3993,RR04ELEYH,clust9
3994,HH3U2173S,clust27
3995,CHDDBHKGH,clust15
3996,DPYSN7JLN,clust4
3997,BVBXR9RU2,clust10
3998,T4G85OXAM,clust1
3999,3PMJW3ZSC,clust5
4000,XI8FN3BVV,clust20
4001,AJ5VH3T3S,clust20
4002,W9NLUWUAE,clust3
4003,PJ1PMZKCG,clust7
4004,RCYSGYUBC,clust7
4005,JLJN43PHX,clust13
4006,O8D07TFUK,clust11
4007,HXXBZ9MZT,clust11
4008,6XP6OZKZ8,clust4
4009,Q5EHPLYEH,clust24
4010,88LHNKT82,clust17
4011,WRLE5G8GG,clust2
4012,J1UXNIE31,clust24
4013,7J3QVR03S,clust4
4014,XMQNGM1XJ,clust22
4015,YPXQI0VEJ,clust22
4016,2L29Z5ZZ9,clust15
4017,T1IC0ZDN1,clust9
4018,2QGTJ0ZTT,clust4
4019,CUGGD2F8T,clust13
4020,015PD8R4T,clust13
4021,GHSZATVPT,clust8
4022,Z7J4LXN79,clust8
4023,USQX73C5W,clust3
4024,U6OUHTXMC,clust1
4025,II90IH0I5,clust1
4026,1DL4CJHFX,clust3
4027,W0IAVXWH4,clust7
4028,X1ZAUSQP9,clust2
4029,I212ID6J0,clust16
4030,D4VBBNT9Y,clust6
4031,RRGI61IG1,clust7
4032,7Y4OK6WUE,clust2
4033,4GDISCELB,clust2
4034,ERFY4HKD7,clust3
4035,TUY346SJ0,clust1
4036,C4GJKB37X,clust23
4037,XGMRH4ZHK,clust10
4038,YFFCV9VMG,clust4
4039,QFRP4CVQG,clust19
4040,W1IEC2IM4,clust10
4041,PBAJ2WWS1,clust12
4042,GKM0KO65V,clust27
4043,0WVP8I17C,clust12
4044,4QYSG1JTI,clust2
4045,8O56ZTGBK,clust9
4046,56B4LB1BI,clust9
4047,I0ARBWI0F,clust5
4048,5IY69POY4,clust26
4049,PZPGPKW6L,clust9
4050,BR22N5IN1,clust4
4051,0FANNGI4Q,clust12
4052,NNBERVXPW,clust7
4053,960H3ORVN,clust8
4054,M22UJGYIL,clust9
4055,P8FGL0H6D,clust12
4056,IWFNZMU6R,clust8
4057,HJ00K99WM,clust12
4058,8CBAS1HE4,clust15
4059,BE7XGNEPB,clust17
4060,W4BEX6TN6,clust3
4061,NNAOVOPX8,clust6
4062,URMJB1TG3,clust3
4063,Z5LWLCLGQ,clust6
4064,AU1SWC3UG,clust3
4065,HVUA7VXST,clust7
4066,OLLT859TL,clust14
4067,GMU81TU37,clust7
4068,7KRNITS3W,clust2
4069,0IDPT526P,clust9
4070,5O3RN72QJ,clust15
4071,XUFDPC5ML,clust1
4072,8NKDKTZKJ,clust13
4073,6CL6603P2,clust13
4074,BLF5L4B03,clust12
4075,GPKDIV7JP,clust13
4076,16ELCVUDK,clust20
4077,9L52CD0XW,clust9
4078,N7JHHI49X,clust5
4079,PAIE2YCZJ,clust1
4080,0GQ2WHE8I,clust8
4081,B4G6F49KX,clust3
4082,LL24BQRMR,clust14
4083,BL5WT40R7,clust12
4084,Z53NBISQO,clust6
4085,58CTIQHOO,clust12
4086,O7D7V3HOB,clust2
4087,7GI240JS9,clust3
4088,CD1FTURPR,clust2
4089,R4OO5FKFT,clust26
4090,SRDPEWS6T,clust18
4091,QPJFYSKXR,clust18
4092,2DNU6W9MT,clust12
4093,P8CZ7BDOG,clust14
4094,IEN0T1YGJ,clust3
4095,HDYORXUCQ,clust1
4096,GDG3M2F44,clust6
4097,YQSX2SZ4A,clust5
4098,MDUMVKC8X,clust24
4099,DB4SPYSC8,clust3
4100,PIIF9E89G,clust3
4101,QNONRPUJ0,clust15
4102,DA47HX3M8,clust14
4103,3J0OBTEB0,clust13
4104,4SVHELMF1,clust15
4105,SE2WZ5127,clust15
4106,SBHOGJ8QF,clust16
4107,1GOFXT1OV,clust5
4108,TGJS01NXW,clust10
4109,PXE0DNS9F,clust18
4110,S1MK0KQ5O,clust2
4111,2DX8Q04DD,clust1
4112,YJAQ251V8,clust15
4113,W58KF1QBN,clust13
4114,DEBJQDLDE,clust8
4115,VSVX2DQUN,clust4
4116,09XZMSJTC,clust1
4117,ZJAM0XJPT,clust13
4118,I15SH5UWA,clust15
4119,FMSQB3W07,clust6
4120,KIIHMS0X3,clust21
4121,6MWM1GGBO,clust1
4122,F0NGEHRCJ,clust14
4123,2P4EGKP1X,clust5
4124,LFNL8U9MD,clust9
4125,QP5JSEDZW,clust17
4126,AMM053W06,clust17
4127,8EOP9IJRD,clust15
4128,7MJIDUG8M,clust3
4129,R8UU3WWI1,clust14
4130,A0XAR0HRD,clust9
4131,PBX2M4E3U,clust18
4132,B3D9AA04D,clust9
4133,9E65CEBVX,clust6
4134,TNN05SJTE,clust2
4135,DV09GR27B,clust9
4136,H9AF709JH,clust6
4137,US6Y76NOS,clust8
4138,495PTJRR8,clust12
4139,K5U26TGZM,clust16
4140,5UM5A60FW,clust10
4141,BSS7B1YUR,clust8
4142,G9WQS6ROE,clust2
4143,XP4L6PVRP,clust2
4144,U7NUNSDP3,clust1
4145,9BQZPCDQ8,clust14
4146,PXZB2HN2D,clust1
4147,PL0EFVWNM,clust5
4148,EDHZ3CEOM,clust21
4149,JE80YJ1IN,clust12
4150,5JZHWNJDZ,clust20
4151,G08QEI2II,clust16
4152,0MA3OFAXE,clust11
4153,F2DLW68PX,clust4
4154,PNA5QANRC,clust2
4155,G7SJ3623S,clust5
4156,CC4WLPF8K,clust9
4157,HNXEDSRK1,clust9
4158,KHUU6ZFNI,clust5
4159,3CYOANV9Y,clust23
4160,KUW2AAWGU,clust8
4161,1YPUIFAPV,clust3
4162,IJZWVEFQV,clust15
4163,6G20IK99Y,clust3
4164,L08ZG932H,clust2
4165,CV070I07P,clust2
4166,QG5VKARQI,clust21
4167,N53884DUO,clust2
4168,1ESVNPDVX,clust6
4169,H1SG9Z087,clust2
4170,YCKVOV39Z,clust26
4171,8LHR6HU4G,clust12
4172,U54PXPHMI,clust10
4173,CFYOXEQBX,clust9
4174,UDUSNWBP0,clust6
4175,UKV9HCFBY,clust11
4176,N3MXTNXT0,clust22
4177,4IRVEVHOR,clust7
4178,W544PQMFH,clust13
4179,2J8DSEJDE,clust13
4180,NXA4QJHWS,clust3
4181,Z3FHRIQ8A,clust16
4182,BMUZKMRTP,clust14
4183,M2GOEXY1U,clust6
4184,VPUPPU1WC,clust6
4185,8YN39CMXQ,clust11
4186,NY0SKMQWF,clust8
4187,YWMW9H334,clust7
4188,BCFIYP6KF,clust5
4189,LGDVKN9AC,clust5
4190,IPKOJ3RGJ,clust19
4191,YQNXVBEDU,clust2
4192,3GI2QLVLE,clust8
4193,PJGEJG64N,clust9
4194,3TJNK1JGV,clust1
4195,JILJ1R1W1,clust1
4196,8PMEF5IUD,clust2
4197,34Z4ZWATJ,clust1
4198,PN5CICY73,clust8
4199,RXHQXSSUQ,clust1
4200,M57VCDEVW,clust6
4201,PPV6HRLW8,clust1
4202,OJLFDPTH5,clust3
4203,0LI615BKM,clust4
4204,AV5EZ7CAN,clust28
4205,EGS0AXAC7,clust4
4206,9UVB6GG5K,clust7
4207,R81ZY76R7,clust8
4208,S01ZLJCVZ,clust7
4209,PEBQG1VOE,clust3
4210,JPKJAH97P,clust7
4211,GW22XF6MX,clust1
4212,8WWQYBOF3,clust6
4213,II8J7EL7S,clust8
4214,X209AN2MT,clust9
4215,IYADT21NL,clust2
4216,6NISA79S0,clust13
4217,7ZZGOPW8O,clust7
4218,L37D3JZDF,clust2
4219,L2TT1DM9J,clust1
4220,W5KQJMXJ0,clust3
4221,H163SOIQR,clust11
4222,IXKT8MJYC,clust17
4223,89YLNFCG1,clust6
4224,L0SF67HA0,clust13
4225,5EOOJIN5Z,clust3
4226,0XE17GMR9,clust9
4227,I2PJ9B2YL,clust12
4228,OSMTKUZHP,clust9
4229,KYRYZNYU5,clust6
4230,BZY2PLVEA,clust2
4231,5KWAU2ONJ,clust12
4232,COSPY80KE,clust12
4233,VCUF1DQ0X,clust1
4234,8AGAMTD54,clust9
4235,QUSW34RX6,clust19
4236,1NL6XRXSD,clust1
4237,VEQR0IVBO,clust12
4238,7179L2J0A,clust2
4239,NEZ0FNG5P,clust6
4240,O94KZFED0,clust7
4241,Z22YBNNI7,clust22
4242,AVMITZV93,clust22
4243,BCFXTDHY2,clust2
4244,1IJBXC6II,clust13
4245,M20R85TO4,clust2
4246,P73IH8A92,clust5
4247,PJBRBY480,clust1
4248,W4IYGT60O,clust3
4249,UP5SVX63M,clust7
4250,49MQDSG26,clust1
4251,WR4WTP7EG,clust12
4252,LN842KM7D,clust4
4253,23K4JUOKD,clust18
4254,Q50PU00IJ,clust23
4255,RFYHEDOM2,clust1
4256,MMTB1NVWU,clust11
4257,OHY822OZA,clust13
4258,CG9OAYO36,clust16
4259,NSKEXFW35,clust18
4260,UKXZCIEQK,clust2
4261,6M2CJ717C,clust3
4262,70B2MHHNK,clust8
4263,3FMBDY1X6,clust7
4264,PVCQ5ZDZ2,clust2
4265,C6CDHZ5DP,clust2
4266,ULE1UR269,clust13
4267,U4WRCH96S,clust12
4268,6LRLNJ4KT,clust10
4269,ZHTIS6MYW,clust5
4270,THEKPNZ5F,clust26
4271,CEXL1NVZL,clust8
4272,H10VP2ZJO,clust2
4273,1KMUOH47I,clust6
4274,7Q1COC0ZE,clust2
4275,PAA49EBGO,clust5
4276,6QZVSGDVO,clust3
4277,FXCW41GRH,clust13
4278,A9FD08ODO,clust24
4279,GF6L0O7WN,clust19
4280,9JP7QYBAC,clust19
4281,3NB7D9BF9,clust9
4282,COVZ4R0CO,clust8
4283,53XPU1VKD,clust9
4284,H1VRQSE41,clust5
4285,AUW7EDGP0,clust12
4286,U3C7ZIW2K,clust16
4287,9DJQEKAW8,clust16
4288,WDDWBEISI,clust15
4289,21E9ENISY,clust13
4290,46PK6FKX2,clust16
4291,B5N64H8ZF,clust2
4292,IGSGRF4HP,clust20
4293,WD37AWF2U,clust2
4294,5FIPYRP0I,clust15
4295,N9E9DV1RO,clust8
4296,6PT4GVO2I,clust10
4297,W8Q903OX1,clust6
4298,J8ZVMAM1F,clust20
4299,O3OVROOWA,clust19
4300,6Z7Z9L9LE,clust23
4301,ONMAGI65E,clust21
4302,CPEUKOEDD,clust4
4303,KNSYXCE5T,clust9
4304,Q7AE33JY2,clust9
4305,CDUN8HIWC,clust9
4306,DGFN3V7NW,clust10
4307,EJVIWVZ5R,clust1
4308,571Q3QYVT,clust6
4309,356B3X6AX,clust5
4310,OCJ28715E,clust2
4311,NSFZAIGAJ,clust22
4312,PPS5758VE,clust5
4313,LTNDHIDGF,clust7
4314,28CIATE5C,clust9
4315,SAAFEF39K,clust4
4316,40ASY5YB5,clust11
4317,OR36V7MA8,clust5
4318,7DP57Q89T,clust12
4319,VU77ZRGZ5,clust3
4320,79V5CB4FP,clust11
4321,MVRGT1YDQ,clust6
4322,4O8PLJHPP,clust6
4323,Z1KZI8B0I,clust5
4324,ZXDJ0V9NH,clust15
4325,97TTMR49G,clust2
4326,FOEYL5VB8,clust3
4327,4ZI78GJRR,clust3
4328,H6D20CLN8,clust6
4329,MGK4E7S5A,clust6
4330,FRIX50RVK,clust4
4331,TNWFLKG1G,clust6
4332,Y6E6Q2JYR,clust16
4333,RP3U6KX6Y,clust27
4334,YBEZ9JBXM,clust27
4335,K4P9SRW3A,clust14
4336,FTIEHI44T,clust16
4337,Q10REUHRK,clust5
4338,XS30IM286,clust2
4339,VJV5BOSOZ,clust7
4340,JX1EBOHZC,clust3
4341,V6LPASE4B,clust2
4342,O9T3N5FL8,clust14
4343,K6BTYYHSG,clust16
4344,YT8YHOFCD,clust15
4345,F5XV9W3MJ,clust24
4346,U30WN0G4I,clust3
4347,KXZU6NE5A,clust8
4348,ZNTS816DN,clust2
4349,RHB9N1X6I,clust3
4350,U5O7QSXSB,clust4
4351,Y073DQJ9U,clust6
4352,V31UKHQQF,clust1
4353,1UM208190,clust7
4354,2IMSE99HH,clust3
4355,019LUBUPB,clust21
4356,BGCXZAN0K,clust6
4357,U5VYB75UQ,clust6
4358,ZVFCXN7SP,clust8
4359,X8EZ2BSLI,clust18
4360,K4O8EDLUB,clust2
4361,DQ7BZVSY5,clust27
4362,8WWJ3UD7Z,clust15
4363,OAZX5FS9Z,clust7
4364,ZNWW73JMS,clust9
4365,GEBEURCQ2,clust21
4366,LQGBAEJTA,clust7
4367,9U8HQ9DWK,clust12
4368,PPCR0Y8B9,clust7
4369,9ITVA4OER,clust9
4370,IPZTD57Z2,clust18
4371,BTUIX6VOW,clust3
4372,KMF37I9IU,clust6
4373,H6LGVLQGV,clust6
4374,QSBK1B8GI,clust3
4375,W3K7SFXQW,clust12
4376,938DK27XZ,clust21
4377,AVJD6OACK,clust2
4378,Q08SLNQF5,clust22
4379,CRPUQ97OJ,clust7
4380,7DSQZYEP9,clust7
4381,QC22E5Q6K,clust1
4382,93PZ95G4H,clust20
4383,YY0B94UU2,clust8
4384,MPAMNAV58,clust24
4385,BXU5OTEG6,clust11
4386,OWQ8DW76K,clust26
4387,BE5BA7753,clust5
4388,OAWACT71S,clust3
4389,BEFAMCMBL,clust1
4390,XIMQS3VUQ,clust9
4391,IB4MNZ1WJ,clust5
4392,UJ8E7PS6A,clust11
4393,YBK40APML,clust6
4394,CH0542EXW,clust6
4395,APXSKOORX,clust7
4396,PBM9AEGVI,clust24
4397,YFAWJZARS,clust7
4398,732BFNZUD,clust10
4399,MPI6QYLRO,clust5
4400,15X6N1894,clust3
4401,2GVPVBI5G,clust1
4402,YAAD828WC,clust2
4403,KEPBE4NJ8,clust6
4404,QQ6BD4D2D,clust1
4405,ECZL2ITF8,clust5
4406,9RXS5C6VD,clust6
4407,J2QC1CQ7I,clust13
4408,XBSFRVZVP,clust2
4409,HEUB69WR2,clust21
4410,VBBCSIIAG,clust3
4411,QWCC4M5X9,clust20
4412,48G629OPD,clust1
4413,ZDVV5WDFL,clust9
4414,QB1PXP5ZC,clust9
4415,38KBSPIHZ,clust3
4416,WU37UFUXE,clust17
4417,QDX9MVXUR,clust4
4418,49ID8D1DU,clust15
4419,26NYOB40D,clust12
4420,4ACS5E32K,clust5
4421,13O90TQMR,clust15
4422,RWOD27488,clust9
4423,15T7DRU0Z,clust8
4424,W4XXV8ZMX,clust3
4425,BF1U3SVND,clust5
4426,38IK4RBVB,clust2
4427,4L3QRDJBQ,clust19
4428,CRFJITIYR,clust3
4429,1CY9S48VJ,clust14
4430,KRGP4PXL9,clust6
4431,I3FNQT7K0,clust22
4432,LISFMEBAG,clust15
4433,5LS9YO2V8,clust18
4434,8U8YJACFX,clust8
4435,JMEFUQTCY,clust15
4436,UIY56OQ4S,clust8
4437,QZZFU5SKW,clust6
4438,6SIAZT33B,clust4
4439,BFNXQ94L4,clust1
4440,V5W3MQ3VA,clust9
4441,XUSKBCDT9,clust5
4442,UI49C1JFF,clust4
4443,1BIJCVFRR,clust19
4444,YE9AZU8JK,clust2
4445,J1ZPKLT6F,clust25
4446,C4YJ2FZWX,clust19
4447,GVFZ58Q5P,clust14
4448,E26EVHUZP,clust3
4449,TSF7JT2RN,clust3
4450,GPIEJ4URD,clust9
4451,RQMCG0JKG,clust3
4452,P7LSNM56S,clust2
4453,QRRN7CSHX,clust19
4454,YZG57BPS5,clust19
4455,LYRVOX2LE,clust3
4456,E8IBJI86I,clust9
4457,KCG4A3L3Q,clust24
4458,TWK2OX9FU,clust12
4459,JZ7JIB5OH,clust7
4460,JNZ6OMRZO,clust5
4461,Y2WDRVD7J,clust3
4462,U15X0G1YW,clust5
4463,SWVC5ZAMC,clust2
4464,IHFE57ODH,clust4
4465,7HHTPPF4Y,clust2
4466,HBDXHP70I,clust9
4467,NUGX79UF8,clust13
4468,N3UB8Z30Q,clust6
4469,8GMZVCRWJ,clust22
4470,O91DBDEW4,clust4
4471,65U18SG3Y,clust11
4472,J63I7URWU,clust7
4473,6UGGU05NX,clust5
4474,W7BHYXD6C,clust2
4475,MO0BVGTG3,clust1
4476,L38KQYSKO,clust9
4477,LE5RBKG9Y,clust6
4478,V5VALHZF1,clust2
4479,0KPY4X5K4,clust8
4480,3JLGF3G1T,clust13
4481,ORENZJYN3,clust3
4482,I2KELSFQQ,clust8
4483,3KKUXN41G,clust8
4484,X14H8J69X,clust5
4485,8TSCH925W,clust4
4486,2BS7I8FCK,clust11
4487,52EEXN2DV,clust1
4488,X5XZ3QOUZ,clust13
4489,PMWYEUPS7,clust9
4490,OPU4HYPX2,clust14
4491,T30YRNP8U,clust3
4492,UOFOF50I7,clust13
4493,RQCAYNN76,clust9
4494,3R7Q2SJMP,clust4
4495,MOTWOB6H9,clust13
4496,HZQZC0B4V,clust3
4497,52UMYZ0AQ,clust2
4498,M4TOR4LS6,clust3
4499,VBCIW7U2E,clust10
4500,OSA6IKU39,clust9
4501,3KOYA14UR,clust9
4502,EELR1A0G2,clust1
4503,44H1XLUIA,clust2
4504,20GH359KK,clust9
4505,RMDFAFMW4,clust5
4506,PWUDG0ZA3,clust21
4507,24A0VCVVT,clust3
4508,PL8JZZT45,clust6
4509,LE83AW8JH,clust4
4510,L249WZI1O,clust4
4511,7IM5X9N78,clust14
4512,ECINN61OR,clust3
4513,5GO9RSA8M,clust17
4514,VV868A5P7,clust7
4515,0W2WVMOW1,clust14
4516,1RG7PD40J,clust12
4517,Q1NCST0I1,clust5
4518,JXYR64CUJ,clust21
4519,I8IUF9O21,clust7
4520,UN0RLFGEZ,clust1
4521,6PCLCKGBI,clust5
4522,E35CA97B9,clust21
4523,SR0LO6B6O,clust9
4524,BE7MYKYLQ,clust2
4525,LCWGFSO4L,clust3
4526,ZT85N1DIO,clust10
4527,SMLDV04CP,clust3
4528,UD47FBTUJ,clust15
4529,48SQTCB8C,clust3
4530,A8ZDJ5PDE,clust3
4531,3F7MRZH6K,clust13
4532,282HYXY0Z,clust18
4533,HR2U9KPW6,clust3
4534,VNRCDQ7G3,clust6
4535,MQK4N941E,clust2
4536,RQ04RMEH1,clust4
4537,MOR56CYCO,clust1
4538,2AD7RUBNV,clust1
4539,11N2ZAK8K,clust20
4540,WX691AEUB,clust6
4541,R7XPZ6JV5,clust20
4542,KSI5CG897,clust6
4543,I60NCVDT6,clust10
4544,2DHUU9QXQ,clust6
4545,MCKMRY75Z,clust12
4546,VHXB0SMSE,clust13
4547,4SSJWS6FO,clust3
4548,N8AGKMYU5,clust9
4549,B6QVWTDA9,clust20
4550,TOGRFV5RZ,clust12
4551,053FYUX8T,clust12
4552,B84CI76ND,clust8
4553,ILFD302RC,clust18
4554,1BEZPHK02,clust1
4555,GAZXQ4TGY,clust13
4556,YJI7023Z3,clust5
4557,444NLKTZ3,clust3
4558,BYWFSALBA,clust19
4559,8II0UTFNU,clust20
4560,1WUGH0AHU,clust7
4561,M0BXAR51R,clust15
4562,HQX7RUCJH,clust2
4563,WE7AJ7CTB,clust23
4564,V7LRGP5A0,clust28
4565,2Q8DKRGBM,clust12
4566,Z3CZOSVGI,clust21
4567,Y3GMHIFX3,clust10
4568,2U1M5T5WK,clust4
4569,OJHERS2M2,clust13
4570,YO5IJESAO,clust18
4571,WYMD5QOC4,clust18
4572,PWEOR1D3H,clust1
4573,P72N65WXO,clust1
4574,XJC5EIYZD,clust8
4575,ITU0XYXOS,clust24
4576,LQ3XNJLA9,clust2
4577,ZG5ORYXDS,clust16
4578,Z84JZ9FSV,clust1
4579,4GWPIK06L,clust10
4580,CKCBJ7VLK,clust19
4581,SF5Z8M52N,clust12
4582,8K9YF66DG,clust2
4583,1JCSCF2QV,clust10
4584,RDB1T3CPV,clust19
4585,UMISOEOOE,clust15
4586,6QO6876Y4,clust3
4587,PM752BBT8,clust4
4588,L8DLJSDV1,clust20
4589,XBZYWRJI0,clust18
4590,91TW6HFPZ,clust7
4591,IEXENGUQN,clust5
4592,LBDEH1N5B,clust4
4593,EHGPFQWVW,clust10
4594,WJ6C6U36P,clust1
4595,OE3EUY8EY,clust13
4596,4O4LU2LTS,clust8
4597,ZZQCE5JMU,clust3
4598,EECQ0TIEN,clust7
4599,OGIASXLTS,clust1
4600,LWT9LIQ4Q,clust3
4601,4QP89Z6QQ,clust2
4602,TPDLC2WZB,clust24
4603,8WBUVD1PJ,clust18
4604,5XYBWGN1P,clust4
4605,0XSUM7NEL,clust9
4606,NRKTLCX24,clust27
4607,39ZTZCVXY,clust5
4608,JVPESCQIR,clust8
4609,V4LEFOLA6,clust7
4610,X32KSJOMI,clust6
4611,1MMQOHTU7,clust3
4612,D2GPI82Z3,clust11
4613,QC33NVXSR,clust4
4614,G2I7EBFP0,clust2
4615,BV21OPAM3,clust5
4616,VFGFLAP3R,clust13
4617,OVUVZ98DC,clust7
4618,1XFHQA1E8,clust20
4619,TMMLL8NZ3,clust4
4620,7DG90FS5T,clust2
4621,C7CUO304E,clust8
4622,OCEFOPNA4,clust15
4623,7VEDVBM9T,clust9
4624,A04LLXW0L,clust10
4625,3QXFET4MS,clust7
4626,PGIIOS38H,clust8
4627,GHG4OYG06,clust7
4628,GPBMDFOBB,clust5
4629,954JT6NK0,clust11
4630,3N867Y7ZT,clust21
4631,AYKNFV0IM,clust9
4632,07O8SMJ0A,clust3
4633,2572ZCL7F,clust15
4634,XIG6T9S76,clust8
4635,YPXHYZC9X,clust10
4636,0QKH5AUNX,clust27
4637,G32DNATLX,clust8
4638,EVW9D3G53,clust8
4639,QJHF8SQ1M,clust9
4640,0JD932QW0,clust5
4641,F83VXGZ2P,clust10
4642,2JIU81QBO,clust7
4643,CF3P9IAZO,clust9
4644,P0AY216J3,clust18
4645,WW3A4EG4D,clust28
4646,S940GWSF0,clust9
4647,CFART0RCO,clust9
4648,IA09AYWK1,clust12
4649,OHZ475ARZ,clust6
4650,GFJP6Z9Z1,clust4
4651,14DU9AMYQ,clust12
4652,348QOHWGE,clust1
4653,L97V7ZXN6,clust13
4654,J1A11L1FK,clust2
4655,0NTBWXI0O,clust20
4656,YII53CS5B,clust2
4657,YSN1P1BPD,clust16
4658,VXKZFVSGT,clust15
4659,Y3GJF5Y41,clust4
4660,M3TZNCQ39,clust1
4661,32EHA10U1,clust2
4662,DBFVB22MQ,clust3
4663,QNEU72F9Y,clust20
4664,GTD8TSSL6,clust14
4665,7T9HKPRDO,clust11
4666,SEI813EG1,clust12
4667,QTPFO9SY0,clust12
4668,QURDMG9K3,clust9
4669,AYHOYBKKM,clust3
4670,LTWX9LJVV,clust22
4671,9GOPE3OWX,clust14
4672,LE29F9994,clust20
4673,04X9QCJ7N,clust3
4674,QLGI3QNXB,clust15
4675,XTILED38T,clust2
4676,ZBLZIXJDM,clust18
4677,2V42SGGVA,clust8
4678,XUHVK10MD,clust9
4679,OGUFW7XVF,clust9
4680,4PRF1MVHM,clust9
4681,94A8LPYD7,clust1
4682,U2WI354NK,clust8
4683,8SSABDSF2,clust9
4684,8TZY34ORJ,clust9
4685,68BR5A3QN,clust16
4686,A3TR69WIQ,clust12
4687,E4WE0ES3E,clust13
4688,G8U2M9WTE,clust1
4689,N07YB249X,clust7
4690,HW00BSNH2,clust19
4691,NEJ2S89ZU,clust3
4692,JLJ51G693,clust25
4693,NPD8NBR6O,clust9
4694,IAODR5YEZ,clust9
4695,YN8A37CFR,clust6
4696,QYFWPEZ3Q,clust10
4697,T29NXQQU6,clust2
4698,QFRSR06RO,clust3
4699,6T6CZTR6R,clust8
4700,G10QQQNFN,clust3
4701,6RQLSX3L1,clust9
4702,HITZ53MHE,clust18
4703,KCIUBU2AJ,clust24
4704,O31MT0T5C,clust13
4705,JARD45K98,clust2
4706,M9KTG9BP0,clust10
4707,HJL9II3CK,clust18
4708,2LN8GHWFF,clust19
4709,ZITS5U2BV,clust4
4710,3WCVZAB05,clust8
4711,O6FBJIJM9,clust3
4712,0K0BP0VF5,clust2
4713,I334SWG1R,clust11
4714,YXSWVY18V,clust17
4715,S7R053NRO,clust6
4716,ETIWXZZYZ,clust24
4717,75R11WEZY,clust3
4718,DGFR3HFCZ,clust9
4719,T0FSBQQLM,clust28
4720,9WM21XO5C,clust15
4721,EUWITH4MW,clust15
4722,VF0A5M8KL,clust2
4723,UUNJ1MHOV,clust1
4724,DX3ZUW43F,clust2
4725,JW6UY9IJX,clust8
4726,FY3HVPMWI,clust9
4727,MK01ZI3EW,clust12
4728,RA64WOQYJ,clust6
4729,32MY47HGQ,clust1
4730,OPBZB963E,clust9
4731,WAN2SS5YD,clust3
4732,ULWD6U6EG,clust21
4733,88YI06B6K,clust18
4734,PR2087AOS,clust13
4735,B8RBE7THP,clust20
4736,RBIW8LGTZ,clust1
4737,IOJPBLNLK,clust18
4738,73P7U0ZKX,clust1
4739,PAV6AJOLA,clust3
4740,L7PPSK6HS,clust1
4741,25SR1WIMW,clust11
4742,C96Q5XIYN,clust5
4743,IZ2NNPL1R,clust7
4744,XXR92IEM4,clust4
4745,YMCS39KT0,clust13
4746,8753DEQQA,clust11
4747,JYFPFXLKJ,clust7
4748,VHLAWVW15,clust3
4749,0J1YGZZS1,clust20
4750,2UXBT5P43,clust13
4751,5NRS9H3XY,clust9
4752,M5YB4H9ZB,clust5
4753,LJ24G0R65,clust5
4754,33ICXQ3Z6,clust6
4755,G7M5OIBA4,clust3
4756,QN3Z7Q71O,clust27
4757,NFJNEONHW,clust5
4758,6TL6Z4IG9,clust7
4759,VNU6O9Y9L,clust4
4760,GQD8RPGWW,clust14
4761,ZBV56HA4E,clust5
4762,Q6CHRMGJ9,clust5
4763,C169GYLI7,clust7
4764,JNSSX960K,clust3
4765,1G5W0PJX8,clust4
4766,ICFIALE2G,clust4
4767,ELZQ5IKO9,clust2
4768,TKTY2RIXG,clust23
4769,U4ZP5IBLT,clust3
4770,6JKO1XILD,clust2
4771,F6P8CZ5UF,clust6
4772,S959F8OPX,clust8
4773,LUEVYG6KY,clust19
4774,5KAHHKDGB,clust9
4775,ND1K5J5WA,clust16
4776,5HK3O16J7,clust4
4777,CPDDFKY5G,clust3
4778,D4CZQOUXM,clust3
4779,ZIP3YD3G6,clust1
4780,N2EBDRM5G,clust6
4781,IHVP8DZLU,clust15
4782,X0K65GTS8,clust8
4783,PDNZZP1AR,clust19
4784,2FJH5GHUO,clust9
4785,L4G6AVLHK,clust26
4786,KLTXRHVAA,clust14
4787,UVL3BHMRW,clust9
4788,IIL1XOSUO,clust1
4789,WB2G9MHFC,clust14
4790,Y4XN27Q2X,clust9
4791,6FFA6GPVB,clust4
4792,CXMR2A9ZN,clust7
4793,31T4JHBSQ,clust10
4794,8UWD8NARB,clust1
4795,LNID9833A,clust1
4796,A7FHPBQ0C,clust1
4797,1XASX87CP,clust8
4798,O4SNLDY4A,clust11
4799,HPM9WVCQK,clust2
4800,A8CUZITJ9,clust3
4801,9CK3RRJ8E,clust10
4802,VCRKNGEJD,clust9
4803,9I8YZGJVI,clust17
4804,LPVYS7HBI,clust1
4805,3PT3EKEGD,clust7
4806,CUB4KX5IR,clust1
4807,KOP9MC76I,clust8
4808,3TDO4IICR,clust18
4809,R5WHL6T1R,clust7
4810,K87OLBVZ6,clust4
4811,KFEYED12C,clust18
4812,D0WK9NOGA,clust28
4813,41DQ5QXYV,clust2
4814,PLXEXJZYT,clust4
4815,S4GLOFWWO,clust2
4816,TXY9YAF4Y,clust9
4817,D5I6PXCIW,clust3
4818,5G4CYNF3U,clust15
4819,R86P5GVYG,clust16
4820,GYGQ3AV6C,clust4
4821,XF3RJUPFY,clust5
4822,HXYM9F2JM,clust2
4823,IDWR5SN78,clust3
4824,E5TOEBLR0,clust12
4825,YAOS6ESRV,clust19
4826,HZ5720BS5,clust15
4827,XJYQLNQX4,clust3
4828,OMD7IWJG4,clust24
4829,2N3JT554R,clust10
4830,86RUBRW9F,clust8
4831,OHT45FQH0,clust1
4832,2KHI20P5A,clust2
4833,NWYZ4RHEO,clust16
4834,TD5GSWE30,clust21
4835,QVSMGKLJ6,clust1
4836,HQWNQ605N,clust12
4837,92MHZWZGT,clust6
4838,JLBVF9X2I,clust8
4839,58KIWNKKW,clust11
4840,DGTL2V03P,clust22
4841,EQL5VXW8R,clust11
4842,ED59MSNTM,clust5
4843,RXBQD02FK,clust9
4844,JCP5LZOC4,clust19
4845,5T8X4AEHT,clust1
4846,MD9WJ4T2T,clust1
4847,H02007F2P,clust12
4848,9ISIFK2IR,clust5
4849,JK4AAAKB3,clust15
4850,Y0ZSGOH76,clust19
4851,B971G4H6S,clust9
4852,IILW8SKRQ,clust11
4853,1MYH8F041,clust2
4854,14BGCNY25,clust15
4855,9DQ2WADQP,clust18
4856,V0X3S9DDN,clust2
4857,FFMCTZ0LH,clust3
4858,JX8HGDKOF,clust18
4859,GPTN2254F,clust3
4860,A6FNDLBR0,clust9
4861,XE18ERB3G,clust7
4862,KFTBYSJUJ,clust8
4863,SXEL7ODTH,clust26
4864,W36PMUJ1O,clust5
4865,S8FN1QDF1,clust11
4866,BYPTGV1R7,clust13
4867,OLWCFAVGL,clust21
4868,KTQQXTMCE,clust11
4869,ANMCMR7SP,clust7
4870,YE2H36TNE,clust9
4871,EPDYFI8OF,clust20
4872,YCGM7UB9G,clust5
4873,T6CDCPVVF,clust27
4874,FWSZ2EOGL,clust12
4875,TJ9HK2J1K,clust2
4876,FX13U0K3Z,clust14
4877,EV8EY8E26,clust2
4878,PUFLU05QW,clust5
4879,9M4KI7VJT,clust8
4880,YXWMD7TKP,clust18
4881,7C1CNT3N8,clust21
4882,TDA13JFS7,clust14
4883,CVOC6II89,clust2
4884,OL8YQZN53,clust9
4885,H1P772POB,clust13
4886,BPD362WTZ,clust16
4887,A5HLF0LRX,clust25
4888,XATC2NQYV,clust9
4889,DC23XSEOT,clust7
4890,9C2J34CFN,clust15
4891,APT1WC4DZ,clust18
4892,KS37YICFW,clust15
4893,E6O8SE32U,clust19
4894,B72PRUK02,clust12
4895,6VH2ZQ017,clust7
4896,Q3YYEHNL1,clust3
4897,T3BD5FENO,clust2
4898,Q5MSSH44F,clust11
4899,6RT79SKI4,clust13
4900,W6XCJ37PU,clust12
4901,LHMAP5E4J,clust19
4902,3CCB4PALG,clust3
4903,OTW8YQ0HI,clust2
4904,LRV44BD5W,clust6
4905,PPO446CPW,clust10
4906,WSLBISFE3,clust17
4907,AAJF6EH9R,clust18
4908,EK987AXLP,clust2
4909,S7O77RSEB,clust21
4910,E49DIA1O7,clust27
4911,V7NKL671S,clust9
4912,W9Z1HWII6,clust22
4913,9YWW6CHT4,clust21
4914,JM7AC4F2U,clust2
4915,FTQS4WZEI,clust3
4916,QRJX9T4KM,clust9
4917,P3IH6D2BO,clust5
4918,CPIVNAPLW,clust7
4919,VQUC2NFP6,clust21
4920,T9K6WPR17,clust23
4921,9GATHOORZ,clust3
4922,CHKSQ1WY7,clust15
4923,GWLCKXDEZ,clust3
4924,ZWOG1G0E4,clust7
4925,YCKU33WFQ,clust8
4926,G92FMIZ7D,clust16
4927,N6ITNW4PA,clust14
4928,O9URGI6L9,clust21
4929,MOXJUP3CE,clust18
4930,7C6IEQ71G,clust16
4931,D7JYMOQBD,clust5
4932,FPIB9HJ68,clust25
4933,XXM4PK0HF,clust1
4934,PTL1BVY23,clust8
4935,7FMKGX23M,clust4
4936,56FQ5RAZX,clust2
4937,I44WSY6LH,clust15
4938,C6AOV2KOG,clust18
4939,33UHM1FX7,clust13
4940,RN9SPAI4Q,clust9
4941,670LV9T53,clust4
4942,TG1JUIHIT,clust19
4943,WJNQO1E1L,clust7
4944,TR0J6NDUF,clust6
4945,RGSJ3OBCD,clust11
4946,23GVZIQNB,clust14
4947,3E6PW5UTH,clust12
4948,44VVJX2RL,clust15
4949,IUE89V0X2,clust18
4950,PJ9WJSD57,clust7
4951,GLSKUY5UX,clust9
4952,D5C9X4ASX,clust3
4953,6M7EFX8AW,clust9
4954,TFRF77LSL,clust2
4955,7S4TAFRC4,clust3
4956,D25SCGVLZ,clust9
4957,VDPV4O4UE,clust20
4958,MGO7I4Q3I,clust12
4959,CH48RQZ5K,clust26
4960,2CX7YK00P,clust17
4961,4RXO82F0K,clust24
4962,SADYISCB0,clust7
4963,4LH9VVXJJ,clust1
4964,4T9D08THI,clust5
4965,I1V05BI8P,clust26
4966,VTNM1USZM,clust21
4967,Z0Q7YPYBR,clust15
4968,K0OBTRSAA,clust2
4969,779ZJ916N,clust5
4970,OKKNXFVU3,clust13
4971,OZGQ9SEUW,clust7
4972,55P76QZAD,clust2
4973,L6BYCLUDX,clust12
4974,LQM40GBLL,clust10
4975,MZSXTM9H1,clust3
4976,XCLV8PQF8,clust5
4977,JQ2HYFQJ7,clust21
4978,UWYVN9AOB,clust13
4979,Q6J70EUF3,clust5
4980,5ZGAE7H0W,clust16
4981,4I7I06K53,clust11
4982,CYPL6AY9G,clust1
4983,T4ILPJ2RK,clust3
4984,9B3BKOGA2,clust15
4985,ZTFEIZHWM,clust7
4986,TPMZXA58Q,clust19
4987,ZCPMXY7BX,clust9
4988,WQN2R7MUX,clust13
4989,QS42ANXZJ,clust25
4990,Y5MBOU7M9,clust19
4991,U2YEJC182,clust5
4992,50N4XTO87,clust12
4993,CZLDOX4HZ,clust22
4994,CBYAGXLI6,clust20
4995,YJR6LKWT7,clust10
4996,TVZZ35YG5,clust22
4997,OWNVFSGEN,clust9
4998,RQL5BRBQO,clust9
4999,KXOM8JOCH,clust1
5000,0WN56Y0R9,clust25
5001,SHF4EBY5K,clust1
5002,4LEFUC1U0,clust13
5003,3XW1RWVDT,clust25
5004,AYXCC6BVF,clust3
5005,55YYXPY68,clust1
5006,GHC4Y3U9D,clust15
5007,35NK0E173,clust19
5008,BB4Y666SJ,clust8
5009,1S83JR996,clust16
5010,BY8RWCCGY,clust19
5011,RRZIGIRXQ,clust24
5012,FLBMYJKL4,clust1
5013,6KBV1DTUT,clust11
5014,M1660P4SL,clust2
5015,Q6V0AAFT1,clust3
5016,8PURZGAHN,clust26
5017,Q988BOGZH,clust3
5018,ETYMG4J9N,clust9
5019,854ZOA1HA,clust25
5020,X7UBENKNT,clust21
5021,A4O5GGDM3,clust2
5022,LA5XD6IST,clust3
5023,WX0HR49CI,clust10
5024,R9097B7AH,clust2
5025,U2GLL6EDX,clust6
5026,8WNHXLTYH,clust13
5027,Q1KAKKFVG,clust8
5028,VBAIPMPSC,clust7
5029,X7PXMKK58,clust18
5030,7VA9D8XUQ,clust13
5031,8WLUOONGF,clust13
5032,6GZWUM8DI,clust6
5033,4ZJR8DLK5,clust8
5034,703MRAOY6,clust20
5035,N0HO63E36,clust13
5036,2OLQMBC72,clust11
5037,LQU3TPFOM,clust6
5038,A0E06219H,clust13
5039,DWY2PWCQ2,clust22
5040,Q3V3JFQHZ,clust16
5041,R0JDVT05C,clust9
5042,XHBFN6HV1,clust5
5043,UY1LK1BTA,clust7
5044,CHFQDTUTW,clust11
5045,JNM5QE0FH,clust16
5046,RJY8TEY2E,clust20
5047,7FLEXA6I8,clust4
5048,K943IBGSF,clust10
5049,BUKH0MT1E,clust9
5050,7U7G04S8U,clust5
5051,R1RQ19EN4,clust7
5052,M85LHZILJ,clust13
5053,43DZWDYZB,clust17
5054,AS5W3SKSC,clust7
5055,IORN88PWY,clust7
5056,8E57SPTIO,clust9
5057,XAC5FU0KD,clust19
5058,OO9DGXL0Y,clust10
5059,VLL9DG4OC,clust18
5060,J6JPPIDD4,clust22
5061,T8JZBTXBP,clust9
5062,KSHYQF6D7,clust28
5063,UCEZ7NQ0V,clust3
5064,MTOP930IY,clust1
5065,XX3HP5XZH,clust2
5066,2IK8IZYRS,clust17
5067,OTO4SGEB0,clust5
5068,YFJ40FE2Y,clust13
5069,J438H24D4,clust2
5070,KL0G9Y6YM,clust21
5071,8U6UQDQIY,clust3
5072,50VTB57S2,clust11
5073,7LLKQZUAR,clust12
5074,2R7J1B3FI,clust4
5075,JW2FLQPYR,clust4
5076,PQS6F5XOK,clust16
5077,8G5JA5SUQ,clust14
5078,JZBX19HNJ,clust7
5079,4GTUKCE9N,clust4
5080,6PBXLQMBI,clust7
5081,FBWRVYJTV,clust7
5082,FZFPLENM6,clust3
5083,PW50UMB6U,clust7
5084,FVBVMCJA7,clust5
5085,4VSQPL3PF,clust5
5086,1A07YN91K,clust12
5087,ETGHECTWF,clust18
5088,YTWDK6299,clust12
5089,H74BB1XQD,clust16
5090,V15948NER,clust12
5091,E28NEHVEW,clust12
5092,8WE050UV4,clust14
5093,JMAHUWC2D,clust6
5094,M2EOUPM59,clust19
5095,6Y7NNFSBN,clust14
5096,JLEBRU5LF,clust22
5097,DBP7NP5YE,clust12
5098,H0BRPPXFS,clust3
5099,JTVJ58Z7G,clust7
5100,22Q1W4CDU,clust18
5101,44BQJ0DTY,clust1
5102,BL5OLTJLL,clust9
5103,UH46U6MIY,clust6
5104,RF4805G0V,clust6
5105,CR4DLZ6DM,clust17
5106,CMIRI84EZ,clust9
5107,4BJMEMKZK,clust4
5108,XVMFOPI6H,clust24
5109,BRCQFI6IZ,clust4
5110,CQ5MRTVRC,clust1
5111,02O652459,clust19
5112,SSZXIC0H9,clust13
5113,623MIIMOY,clust18
5114,LS2NSKQ3M,clust11
5115,XXV5VAAH1,clust14
5116,SERJEBNAH,clust12
5117,KLPNLTF25,clust26
5118,ANEUP74HJ,clust25
5119,ZVLVDYJKB,clust19
5120,6F5161JR2,clust17
5121,46K3SFJR3,clust5
5122,ZAMGRQD8B,clust2
5123,GCCDBUGKK,clust4
5124,W49WAB2H0,clust8
5125,GAHH76Q7E,clust2
5126,Q5TR2DS36,clust10
5127,CO1O78IB3,clust4
5128,XT677UEAB,clust2
5129,9KPAMVDQ3,clust3
5130,Q84P8S048,clust16
5131,AZB66ZE59,clust2
5132,6DO8RFVKP,clust7
5133,TGOOPO2RP,clust20
5134,KYCTX3WBN,clust14
5135,U2AVW1XJO,clust15
5136,WE685Y6KV,clust7
5137,G3LTHB3KR,clust1
5138,KCVXG7PXF,clust22
5139,DV9WKF3HV,clust15
5140,8KD2PB1PE,clust10
5141,MXRFD5UYO,clust9
5142,TDCN2FS5S,clust5
5143,329JG4UUJ,clust13
5144,S75T7FZ92,clust25
5145,WRXLDFXGU,clust27
5146,PDKW7GYEM,clust9
