id,xxx,prediction
0,W4FFOFLYN,clust1
1,H9AF709JH,clust1
2,FUM1OK9W6,clust1
3,VCB0LZX7I,clust1
4,SBPOI6HYL,clust1
5,BH8ZL9JCT,clust1
6,7MCTKS8IG,clust1
7,QSBK1B8GI,clust1
8,2P070I351,clust1
9,N3UB8Z30Q,clust1
10,BX1VAF0QY,clust1
11,PTNXFN33L,clust1
12,2Z66WDDQN,clust1
13,YUSYZD6KG,clust1
14,MMTB1NVWU,clust1
15,ZL6K349D9,clust1
16,TG9IJ7PCZ,clust1
17,RCOEF9350,clust1
18,50N4XTO87,clust1
19,9GOPE3OWX,clust1
20,AU6WSDEUP,clust1
21,KPK295O6W,clust1
22,ZR7S7G4XE,clust1
23,VFC3N0VEI,clust1
24,9F3FYSVL2,clust1
25,RC266IYJ7,clust2
26,7ILFQN0TV,clust2
27,RVY67OIBL,clust2
28,P8CZ7BDOG,clust2
29,HEREGW8KL,clust2
30,V9GHUVRBU,clust2
31,BOG8GTODY,clust2
32,D7R3OMQIW,clust2
33,16ELCVUDK,clust2
34,53AYU9YKY,clust2
35,LPAXLZS35,clust2
36,5702YWGJ5,clust2
37,99OZHEY9V,clust2
38,31Z3H4U6E,clust2
39,YPJSQB1NK,clust2
40,PUMQJTWLW,clust2
41,JPKJAH97P,clust2
42,UY1LK1BTA,clust2
43,XUSKBCDT9,clust2
44,EELR1A0G2,clust3
45,QQ6BD4D2D,clust3
46,S9P3QOPMG,clust3
47,E8A04E06X,clust3
48,CQ5MRTVRC,clust3
49,J20JO79EW,clust3
50,GW22XF6MX,clust3
51,9X0451TQD,clust3
52,8D7U8QAEH,clust3
53,QHEFVIXIA,clust3
54,XUFDPC5ML,clust3
55,S79GK1YW1,clust3
56,Z0EIKAHHZ,clust3
57,FZ3B6KUNV,clust3
58,6GZWUM8DI,clust3
59,CKQAO2YRU,clust3
60,AM1HY9ZZF,clust3
61,AE97CRRAR,clust3
62,UEVUEDHLJ,clust3
63,2IUMVXWR8,clust3
64,N0ZZKWWAU,clust3
65,6DTLELS4F,clust3
66,VCD8JOI4W,clust3
67,4SI5OA687,clust3
68,EW7CKRMH8,clust3
69,5Y8J20547,clust3
70,LP85A7B2X,clust3
71,3VCEUFWI4,clust3
72,WH3TSNVVD,clust3
73,A1GTOG1CB,clust3
74,TDEV4PXK7,clust3
75,C4GSH2NQ2,clust3
76,GBA127MMT,clust3
77,IIL1XOSUO,clust3
78,E87HE5EWW,clust3
79,1UJL5Z6WC,clust3
80,AYXCC6BVF,clust3
81,R6V1TNN7B,clust3
82,ZR6UKXQT7,clust3
83,T72R7A2E1,clust3
84,NFJEM1ACM,clust3
85,PWMZV8MTW,clust3
86,UIY56OQ4S,clust3
87,IYMKO9LF4,clust4
88,LD1SWN70J,clust4
89,H66AUDKPD,clust4
90,M9FLOWVQ1,clust4
91,CY3O0RO8T,clust4
92,E6PID6J5B,clust4
93,6G20IK99Y,clust4
94,SKL8TMPMD,clust4
95,BJOSFV6B5,clust4
96,A0XAR0HRD,clust4
97,RYG51FHWD,clust4
98,C2HZAQN0N,clust4
99,W4XXV8ZMX,clust4
100,QRRN7CSHX,clust4
101,C71RQR5FW,clust4
102,IPDK3TDCZ,clust4
103,4C3JV88FZ,clust4
104,V2GR08KV6,clust4
105,LDH4HB0I9,clust4
106,6LLQ3GU6Z,clust4
107,W3K7SFXQW,clust4
108,6I241ZLVX,clust5
109,VEQR0IVBO,clust5
110,HHEXOYDST,clust5
111,7CFUO3TTO,clust5
112,I26IPHDR6,clust5
113,A1PKWD0UC,clust5
114,47ZBJ4DR2,clust5
115,017MQ4ZTB,clust5
116,WQVTZCD54,clust5
117,1E6XK2WIL,clust5
118,8M8AMIVK1,clust5
119,TF6OP847I,clust5
120,LQ3XNJLA9,clust5
121,HM4XIJIOY,clust5
122,E6GPUZ1AK,clust5
123,5NWUG7MQW,clust5
124,58CTIQHOO,clust5
125,D33BMN0VX,clust5
126,W1IEC2IM4,clust5
127,9B3BKOGA2,clust5
128,P345SIQIU,clust5
129,FMEZQH9K1,clust5
130,48HF96K4H,clust5
131,9L52CD0XW,clust5
132,VJV5BOSOZ,clust5
133,E0UZQH1FW,clust5
134,BFSYESSOG,clust5
135,Z3FCDXN0H,clust6
136,NSFZAIGAJ,clust6
137,YS0G9EFU5,clust6
138,XJC5EIYZD,clust6
139,CVPJN3242,clust6
140,H02007F2P,clust6
141,1TNOIAKEH,clust6
142,8CTLQQSMJ,clust6
143,PR2087AOS,clust6
144,DWY2PWCQ2,clust6
145,14BGCNY25,clust6
146,BDR6TNXPX,clust6
147,ZTFEIZHWM,clust6
148,FY3HVPMWI,clust6
149,7AK7E0AQB,clust6
150,FNJDYM549,clust6
151,AHFNG5I4S,clust6
152,D7JYMOQBD,clust6
153,DBP7NP5YE,clust6
154,OXTFH6EYU,clust6
155,6CJFVPO4U,clust6
156,184Q1P3KK,clust6
157,00F9SUPIE,clust6
158,Q5EHPLYEH,clust6
159,6LLQ3GU6Z,clust6
160,670LV9T53,clust6
161,KCZG2B7NS,clust7
162,EZQAOGOXW,clust7
163,D4VBBNT9Y,clust7
164,37DWPVUUB,clust7
165,WQN2R7MUX,clust7
166,WQD8F0OC3,clust7
167,Y2RN3D23Q,clust7
168,FOEYL5VB8,clust7
169,OL8YQZN53,clust7
170,EXC5AG9ZK,clust7
171,P6OD3RGKS,clust7
172,0KPY4X5K4,clust7
173,O419282TQ,clust7
174,P0XHG4RPR,clust7
175,3U3JRVHSM,clust7
176,6UR1EV27A,clust7
177,XPFC2D83Y,clust7
178,1IJBXC6II,clust7
179,UG352XU4L,clust7
180,2EHY7HPK7,clust7
181,O42VD87AT,clust7
182,K35JWESH7,clust7
183,9J54DZNB2,clust7
184,RQ3BC3QF0,clust7
185,TQZ3RU0AM,clust7
186,P86LCJZFV,clust7
187,L38KQYSKO,clust7
188,O7PMFT0XD,clust7
189,DBFCCYYS4,clust7
190,CXE51PK85,clust7
191,YCML2IX0Q,clust8
192,VITI6YYG5,clust8
193,703MRAOY6,clust8
194,RHPWXLY4I,clust8
195,QS46Q84PG,clust8
196,5DVBG03XU,clust8
197,HXXBZ9MZT,clust8
198,CO1O78IB3,clust8
199,TQFHR51Z6,clust8
200,SY19G1B3S,clust8
201,IBBKSYD65,clust8
202,XB3R77XVN,clust8
203,BORW55NXN,clust8
204,417KTLGWB,clust8
205,HN7S2BST4,clust8
206,3FX8WA778,clust8
207,TGOOPO2RP,clust8
208,LBTT9SRNJ,clust8
209,TMMLL8NZ3,clust8
210,FD34W9WKY,clust8
211,XQBAXY918,clust8
212,QK3QKFQHB,clust8
213,GKM0KO65V,clust8
214,R4OO5FKFT,clust8
215,JAML71MGF,clust8
216,5ZJFYBS9V,clust8
217,HWDUMNU4B,clust8
218,UT2WF55CY,clust8
219,NEBSSW9AD,clust8
220,3FJJ89RU4,clust8
221,8YX4Z7AQ6,clust8
222,A8CUZITJ9,clust8
223,9AR0R3FV9,clust8
224,6SGKV8V8U,clust8
225,OUTOCEU1X,clust8
226,D9WNGM6K0,clust8
227,5E59DFOTS,clust8
228,URMJB1TG3,clust8
229,UU5Q37C1D,clust8
230,PJ1PMZKCG,clust8
231,EUWITH4MW,clust8
232,VOIKOVGVQ,clust8
233,TQAYDPSQR,clust8
234,014RTH812,clust8
235,DIYM7EOHN,clust8
236,2OOGRPW7I,clust8
237,TFKTIUH78,clust8
238,XY57EICCM,clust8
239,DTKH8QTCA,clust9
240,KCIUBU2AJ,clust9
241,SM4ZKT1KY,clust9
242,FVPISM9IW,clust9
243,RDB1T3CPV,clust9
244,SB9FBWK9A,clust9
245,CYYUIDMU1,clust9
246,QC3QN1XQ0,clust9
247,DYH3UPRT6,clust9
248,CY5LBDB8Z,clust9
249,EX4EK5H91,clust9
250,D1YV3TPGO,clust9
251,LLBON7IA4,clust9
252,NW7QCSIA3,clust9
253,7UE0ND7PM,clust9
254,1WS6CEO7Q,clust9
255,CKCBJ7VLK,clust9
256,QMSX9CKU9,clust9
257,PN5CICY73,clust9
258,968AW7QHU,clust9
259,QGTNPBBUQ,clust9
260,BHQO2K64K,clust10
261,JZ6Q6V0R5,clust10
262,SHWVI2VHN,clust10
263,AHVBZ9AFN,clust10
264,D3DJPOV8E,clust10
265,ZG5ORYXDS,clust10
266,4GTUKCE9N,clust10
267,09SWFPNN7,clust10
268,HK7H00B64,clust10
269,BYWFSALBA,clust10
270,PL0EFVWNM,clust10
271,CFBZS3IE2,clust10
272,G85CF2LIG,clust10
273,PU13QZ4JY,clust10
274,I7JXJZ6GM,clust10
275,TP4HQ9Q6H,clust10
276,P8DBOIHIG,clust10
277,ZXXK84CS4,clust10
278,XIMQS3VUQ,clust10
279,K57QSFTDR,clust10
280,QC33NVXSR,clust10
281,EOZ9R1YE2,clust10
282,V3Y242ECC,clust10
283,XI8FN3BVV,clust10
284,37RLD2ML9,clust10
285,CIE6MWHGS,clust10
286,BNOOK6QGT,clust10
287,2CXRAOMMR,clust10
288,WVL1ORWMH,clust11
289,0XW5RZ0Z6,clust11
290,G28YLWDK3,clust11
291,J1A11L1FK,clust11
292,38IK4RBVB,clust11
293,GDG3M2F44,clust11
294,A478I2540,clust11
295,T250BTXXU,clust11
296,I2PJ9B2YL,clust11
297,ZXNHGFBPA,clust11
298,TGJS01NXW,clust11
299,HOGJPGIZZ,clust11
300,S0V51A7E6,clust11
301,0UDIOCAYK,clust11
302,EV7792JQT,clust11
303,2V3G99H4C,clust11
304,5HDA907C9,clust11
305,3KPSFODBV,clust11
306,QGFKZWI23,clust11
307,5SXEP0WKI,clust11
308,5NRS9H3XY,clust11
309,KFFYJ83IG,clust11
310,J9W1YQQVX,clust11
311,YNIYSUIQR,clust11
312,XMQNGM1XJ,clust11
313,X8EZ2BSLI,clust12
314,8SQQMONO7,clust12
315,RX3AOHSHS,clust12
316,B3D9AA04D,clust12
317,7MJIDUG8M,clust12
318,CPIVNAPLW,clust12
319,J9K54VM4G,clust12
320,RSW2E2KGO,clust12
321,BYU9V9NER,clust12
322,103G16JVZ,clust12
323,EVQL8C6F7,clust12
324,O0MUAW76H,clust12
325,82GDXPMT7,clust12
326,ZPR3D3QEX,clust12
327,ITHGU8SBT,clust12
328,B5I8ZG5HT,clust12
329,EVW9D3G53,clust12
330,2HRTYHFG6,clust12
331,G9WQS6ROE,clust12
332,MH2FFA06B,clust12
333,IFX93GJK8,clust12
334,PR6GQULA3,clust12
335,6QZVSGDVO,clust12
336,05PW6XUB0,clust12
337,OX4FT35SF,clust13
338,Y92LQ1Z0W,clust13
339,D07MKXUNJ,clust13
340,7HPYSOOLT,clust13
341,RZU53UFAL,clust13
342,CSVH2PL9J,clust13
343,5TAREL6KW,clust13
344,WRLE5G8GG,clust13
345,SBHOGJ8QF,clust13
346,JGZKYHQQ8,clust13
347,H275S4FI9,clust13
348,BZY2PLVEA,clust13
349,JC3ZIOOCE,clust13
350,ICWF42WLO,clust13
351,I2MVWHNIS,clust13
352,OSPYXC9U4,clust13
353,2LF91ADW1,clust13
354,Y5RXSUFCD,clust13
355,9X358TFYA,clust13
356,XI2CS5HAU,clust13
357,29LP5LYGX,clust13
358,A61B2HGWI,clust13
359,UK5E6O9I9,clust13
360,3IWOO3K78,clust13
361,VHO3W9YP6,clust13
362,5E6SHXR2A,clust13
363,YF41U5FY6,clust13
364,5TWG6M09W,clust13
365,T3BD5FENO,clust13
366,63ROGLUN4,clust13
367,10CG1WLLW,clust13
368,ERW4WTC2U,clust13
369,0AOHQ93AI,clust13
370,TR0J6NDUF,clust13
371,O0Q57RUY3,clust13
372,L5ZBXMDFM,clust13
373,6CD6417QN,clust13
374,DCLOYZCYV,clust13
375,NJDV8UUAT,clust13
376,45CI2KVJ0,clust13
377,L50Q4BX30,clust13
378,BPTINWHF1,clust13
379,LRHNN5956,clust13
380,NLBZYINB9,clust13
381,MCKMRY75Z,clust13
382,SPXYNOXP8,clust13
383,4JM9JKUES,clust13
384,ADMGIKK1Z,clust13
385,4Z3W2RMJG,clust13
386,30FRMZYF9,clust13
387,VZMYRQTNA,clust13
388,45JAJQR0T,clust13
389,HDXMSZVMA,clust13
390,PUZWEWVD8,clust13
391,W3LNSZ6BB,clust13
392,OCJ28715E,clust13
393,5JZHWNJDZ,clust13
394,L2D8CUCVK,clust13
395,7HHTPPF4Y,clust13
396,YZUU04KGA,clust13
397,RU56EAKPX,clust13
398,G3U7V5VJ7,clust13
399,FXUIO6E16,clust13
400,6PNOSRLW5,clust13
401,VRZXHI8SD,clust13
402,AFG65A31G,clust13
403,6C0SO5YUT,clust13
404,TUC1XI6UV,clust13
405,0PJCST3OJ,clust14
406,H1KCHA137,clust14
407,9ZBH5ODR0,clust14
408,58KIWNKKW,clust14
409,AB0BGY2SS,clust14
410,9ZHW0CU4M,clust14
411,9ZLJXV2MZ,clust14
412,6HWAEXTQH,clust14
413,GQQ8ESILR,clust14
414,XMG240E95,clust14
415,1NY9ZW0OL,clust14
416,VULK1WUAB,clust14
417,TIYJAIXHO,clust14
418,XF3RJUPFY,clust14
419,1XXUTB2AV,clust14
420,BE5BA7753,clust14
421,AMZMVXFW8,clust14
422,YAPHJXREU,clust14
423,J6JPPIDD4,clust14
424,QPW71MW7T,clust15
425,2SUVKHRE8,clust15
426,EK1RG5ZOR,clust15
427,LBIVNIFPC,clust15
428,UJZGNXBMK,clust15
429,NIAYIA334,clust15
430,0FU2L6HFK,clust15
431,T2SIDXUXU,clust15
432,3IF5WN5M3,clust15
433,8YEB38794,clust15
434,18QLKQ421,clust15
435,OLLT859TL,clust15
436,N71FMDKJN,clust15
437,9OSD8XQJ0,clust15
438,VVW0CF2P9,clust15
439,BMUZKMRTP,clust15
440,JSLE5JWX8,clust15
441,9X4ZL24HE,clust15
442,GFJP6Z9Z1,clust15
443,540XQSYU5,clust15
444,JFD32DOYY,clust15
445,21WBF7ZRC,clust15
446,XHULOFY37,clust15
447,ONTOZCQEW,clust15
448,B6FEXDXUO,clust15
449,55ZLDFLEC,clust15
450,2J8RSO0YD,clust15
451,8G5JA5SUQ,clust15
452,9FUNHOUC1,clust16
453,8LQBCSJW0,clust16
454,HT6R8TZVN,clust16
455,1J2M5GPOX,clust16
456,96XJ98FXZ,clust16
457,9RXS5C6VD,clust16
458,ILPPF2Q5O,clust16
459,27ODROZW4,clust16
460,L4PMQLN8U,clust16
461,I5468V3OU,clust16
462,GD0C5YJZC,clust16
463,Q2ZFJZ5HS,clust16
464,ZYFR256H1,clust16
465,S7R053NRO,clust16
466,WWCU0LCJV,clust16
467,MGK4E7S5A,clust16
468,PPS5758VE,clust16
469,AK456NNIP,clust16
470,POXFU6NFH,clust16
471,8NKDKTZKJ,clust16
472,926G1F4Z4,clust16
473,8OK7TTPNR,clust16
474,DB87K7VQ6,clust16
475,XIPS5QW64,clust16
476,GKI5VGXN6,clust16
477,INXWQHS6V,clust16
478,CBXQ07AEK,clust16
479,C7IB08VMR,clust16
480,LWJ5KRSFO,clust16
481,9BAY3YUPS,clust16
482,3H6GJD85P,clust16
483,MNKBWBSIB,clust16
484,91EKDHH8W,clust16
485,YN8A37CFR,clust16
486,CCWA0JZBH,clust16
487,ULE1UR269,clust16
488,UBUXH9NLV,clust16
489,9KN7FLB9N,clust16
490,BAGDGTSS4,clust16
491,RCOT86UJO,clust16
492,H6LGVLQGV,clust16
493,2H1K8MQK4,clust16
494,ECZL2ITF8,clust16
495,2DHUU9QXQ,clust16
496,LAP0GI2WE,clust16
497,OLH8HEFJR,clust16
498,JHLV1D8S1,clust16
499,W64EY9YKU,clust16
500,3FTBUMIFB,clust16
501,X6TPDSNVU,clust16
502,PXQ34KKLK,clust16
503,DZHTPUTP1,clust16
504,DN1DRMP1H,clust16
505,CIIY6FYTC,clust16
506,AI1ZF2O1Y,clust16
507,YMCS39KT0,clust16
508,1ESVNPDVX,clust16
509,AWU4WBHIO,clust16
510,3JSN2VWV7,clust16
511,33CXCDWPD,clust16
512,55YYXPY68,clust16
513,38DTCZOJ0,clust16
514,O3QA5CJCU,clust16
515,SEES50F33,clust16
516,QG3JVQ9GU,clust16
517,A8D87UMSZ,clust16
518,50M1PFZV7,clust17
519,RGDJCZRVD,clust17
520,7DG90FS5T,clust17
521,4N9A32TWT,clust17
522,RIREMVEK5,clust17
523,RZH0FNQL9,clust17
524,M5AIVQ0YF,clust17
525,6J48QCWNO,clust17
526,P8ZKYXCL1,clust17
527,OLWCFAVGL,clust17
528,K0OBTRSAA,clust17
529,H74BB1XQD,clust17
530,WQ5WOSPR2,clust17
531,4SZX4CTN1,clust17
532,62E6KTMYD,clust17
533,HYS4EJG6J,clust17
534,P2I73UM98,clust17
535,6CLGIDKDE,clust17
536,UXE07OVJQ,clust17
537,J3KHAGGD1,clust17
538,YAOS6ESRV,clust17
539,0L6R4Z252,clust17
540,58CTIQHOO,clust17
541,A4O5GGDM3,clust17
542,1K7656RTV,clust17
543,CT81VZQHM,clust17
544,3URC69VD3,clust17
545,N9E9DV1RO,clust17
546,4I5BTPI3U,clust17
547,2K2C2KVHE,clust17
548,RKJZL4YOI,clust17
549,PEL708C8L,clust17
550,8VO3K0A4V,clust17
551,C7P6UFCWU,clust17
552,0TS3YTURI,clust17
553,6U3TML73E,clust17
554,COPZ50GID,clust17
555,Y0ZSGOH76,clust17
556,Q37JRFXTW,clust17
557,JFRUYGW40,clust17
558,DDKTE829Y,clust18
559,0WMRHW2DM,clust18
560,OG9OCXTZF,clust18
561,ZNGIB0MH5,clust18
562,28M7DYGEP,clust18
563,GELIUCS8X,clust18
564,IXADCJ1EH,clust18
565,PXE0DNS9F,clust18
566,3GE5FQX4R,clust18
567,JPNOCJ5FC,clust18
568,KSHYQF6D7,clust18
569,6Y7NNFSBN,clust18
570,DKGXTI6H0,clust18
571,9N7FV77E0,clust18
572,OQNZ7MT3K,clust18
573,2QGTJ0ZTT,clust18
574,DB4SPYSC8,clust18
575,4A13SQMP4,clust19
576,RZONKQ511,clust19
577,DVP4W2WRN,clust19
578,XGT6BYDRZ,clust19
579,RGQG98XAC,clust19
580,JG27BNM5H,clust19
581,3FMBDY1X6,clust19
582,PZNPQ46RS,clust19
583,BB8OSHJ11,clust19
584,J13O18TFA,clust19
585,BKTQSOYUT,clust19
586,KPT6T2NAL,clust19
587,UJ8H8ISQ4,clust19
588,ACZ1EXFDG,clust19
589,6SIAZT33B,clust19
590,KJCL9AAPZ,clust19
591,6BLNEPG5W,clust19
592,I7JLMNXGJ,clust19
593,R4Y8ORGHO,clust19
594,C7B1QSOQ9,clust20
595,DQU5XA4R7,clust20
596,V1BUMJ5H0,clust20
597,OAE8PDQKR,clust20
598,Y6OJCN1M3,clust20
599,PKEB8HSLQ,clust20
600,BUKH0MT1E,clust20
601,GB9U47F2W,clust20
602,HWSWHV7LX,clust20
603,VV868A5P7,clust20
604,GVFZ58Q5P,clust20
605,XPFC2D83Y,clust20
606,TDLT452DF,clust20
607,PWYGWZNRD,clust20
608,K24MFVA0C,clust20
609,1KWVXP2IN,clust20
610,XHXF5YXJE,clust20
611,01K2GNELV,clust20
612,KSI5CG897,clust20
613,VWYSAPVHO,clust20
614,HZQZC0B4V,clust21
615,Z8030OUYJ,clust21
616,QJ5DSH3NY,clust21
617,A72XQIZVX,clust21
618,ZAMGRQD8B,clust21
619,779ZJ916N,clust21
620,2CX7YK00P,clust21
621,IO8X35FXW,clust21
622,JQ2IMTK88,clust21
623,9TO1710J1,clust21
624,M3YOVE3HM,clust21
625,XDJ0ZXD2Y,clust21
626,AWHBD9HUQ,clust21
627,BWLBELBZO,clust21
628,Q50PU00IJ,clust21
629,MJUYSRSNH,clust21
630,F9TQQ2XFY,clust21
631,7S0XEMHKC,clust21
632,C6KG77TQ4,clust21
633,YURJQXARU,clust21
634,ED59MSNTM,clust22
635,7ZLVSWD93,clust22
636,H4T9MGXW6,clust22
637,NDJNO107V,clust22
638,JUHO9C7TO,clust22
639,CG3WLRJAX,clust22
640,JWTKF61NC,clust22
641,X4ALEOY6G,clust22
642,95C4NBCAA,clust22
643,ZMCHSFDKL,clust22
644,DC2D9HYYI,clust22
645,R68AFLEJ3,clust22
646,XJGDAF7G6,clust22
647,4CDQZNQRW,clust22
648,YY0B94UU2,clust22
649,E486I4H0T,clust22
650,OCIETL9YM,clust22
651,PL8JZZT45,clust22
652,NRSJ8XGKO,clust22
653,PU0MRQWUW,clust22
654,TKTY2RIXG,clust22
655,QDXK2JS22,clust22
656,JLJN43PHX,clust22
657,YAGZ4YXFN,clust22
658,E35CA97B9,clust22
659,O9ZRKLVIG,clust22
660,0E8P6F42T,clust22
661,YPPF74DXK,clust22
662,XX4GJRQPR,clust22
663,26NYOB40D,clust22
664,JXYPTWNMF,clust22
665,2JF1YPZ32,clust22
666,F9KXD93BZ,clust22
667,A5W3EPD9R,clust22
668,KR1R1HAKS,clust22
669,21MUCWC8K,clust22
670,7YILPSOR5,clust22
671,LOUJKC0NZ,clust23
672,UOFOF50I7,clust23
673,0XSUM7NEL,clust23
674,LQM40GBLL,clust23
675,MHA57B0CZ,clust23
676,3BHYBK3PE,clust23
677,OQQS7RNA7,clust23
678,V26ELUPRX,clust23
679,EI8PNO6EW,clust23
680,OUKKEW8EO,clust23
681,K943IBGSF,clust23
682,BQB9L31F0,clust23
683,DVUW3S5QD,clust23
684,U2YEJC182,clust23
685,IXX3IKOLV,clust23
686,EGS0AXAC7,clust23
687,B4IV7TY4H,clust23
688,MZSXTM9H1,clust23
689,VF4AYYH7U,clust23
690,FJXI0CYKV,clust23
691,Z69KV5OXV,clust23
692,JLBVF9X2I,clust24
693,RZU53UFAL,clust24
694,EC8NO2K6T,clust24
695,HXCXKPSUS,clust24
696,50RTA78XQ,clust24
697,WN6DC6P9M,clust24
698,H1IM6FBH7,clust24
699,DWW5SV8NM,clust24
700,Z8LARA559,clust24
701,1FG9K1OX1,clust24
702,5E6SHXR2A,clust24
703,Q2HNAA0TT,clust24
704,NRZO6E5PR,clust24
705,8S1KH4582,clust24
706,TZCLJP7KP,clust24
707,MCKMRY75Z,clust24
708,2DZV9JKCF,clust24
709,AVBGC12JI,clust24
710,RGKM56JVZ,clust24
711,QLEGK1JTE,clust24
712,S6MGZ0J9Y,clust24
713,NA82EJZOE,clust24
714,M5YB4H9ZB,clust24
715,VTAK1OW52,clust24
716,ML88UNYGY,clust25
717,SLTDQXECZ,clust25
718,Z56LL49SV,clust25
719,RBRSYFQVI,clust25
720,Y50UUF1BF,clust25
721,W9F42IV2E,clust25
722,WQTL5M9UL,clust25
723,DRDJGTRDZ,clust25
724,72Y3PMFXT,clust25
725,UBEVVMGTB,clust25
726,58CEMZR2U,clust25
727,9JQC5DWW7,clust25
728,O6TUQEDCW,clust25
729,PNS59CS6A,clust25
730,BPTINWHF1,clust25
731,LRHNN5956,clust25
732,BFIGXUL23,clust25
733,T4ILPJ2RK,clust25
734,WQPH687BS,clust25
735,S8P71RGIF,clust25
736,A8NJNTUAP,clust25
737,HDXMSZVMA,clust25
738,AAFWJV8V6,clust25
739,9AHRGIKQ1,clust25
740,RRZIGIRXQ,clust25
741,V0L48ZOER,clust25
742,OFHM78QPM,clust25
743,T98HPNYP0,clust25
744,1S6ZLSGJS,clust25
745,MOTWOB6H9,clust25
746,4QP89Z6QQ,clust25
747,ZLMP694S2,clust25
748,Y42FJY7MM,clust25
749,2YW6ZSV78,clust25
750,ZFYZ6ZARU,clust25
751,UKXZCIEQK,clust25
752,RU56EAKPX,clust25
753,VRZXHI8SD,clust25
754,UDUSNWBP0,clust25
755,WEF0NK0S7,clust26
756,C0A976TEJ,clust26
757,YFAWJZARS,clust26
758,1ZNPP2DQE,clust26
759,0MPV067EH,clust26
760,EY3KP5F01,clust26
761,502NWZIWA,clust26
762,LERWL9NEO,clust26
763,ZOR7XTMRM,clust26
764,E0RK9CE85,clust26
765,5DOTKEORF,clust26
766,KUSDZXLQX,clust26
767,UTPZKXF0B,clust26
768,VTJZT415X,clust26
769,5BTY3PJFN,clust26
770,AY9P1761Z,clust26
771,JLEBRU5LF,clust26
772,N3MXTNXT0,clust26
773,8KD2PB1PE,clust26
774,NKTE3KUA2,clust26
775,NLMNS6ZBE,clust26
776,AOM8W58KM,clust26
777,23GVZIQNB,clust26
778,Q5TR2DS36,clust26
779,GBF8X9QJD,clust26
780,O8VAFU8HK,clust26
781,LTWX9LJVV,clust26
782,H5T7T4TF3,clust26
783,M1660P4SL,clust26
784,XGOLDMNAB,clust26
785,UYWF1XUQA,clust27
786,MRY77HYIJ,clust27
787,IUDC3PI7I,clust27
788,QPH5NT6I1,clust27
789,E3FOZWXLP,clust27
790,IL9E41V7L,clust27
791,IIO55NSRS,clust27
792,356B3X6AX,clust27
793,S1BGWB729,clust27
794,VIQ0MGD3P,clust27
795,VNRCDQ7G3,clust27
796,MN3WX5TYR,clust27
797,PFSA75PZE,clust27
798,QTLEN772O,clust27
799,3B6HQ7361,clust27
800,AF71AX646,clust28
801,11BVRL1R7,clust28
802,WS8H57TIM,clust28
803,VTNM1USZM,clust28
804,OEOOHG0VL,clust28
805,L0J1PLQG3,clust28
806,48LC4O28T,clust28
807,7MK1U2IF6,clust28
808,OG7L0GB6F,clust28
809,CFSFIH899,clust28
810,HCBBUEXAT,clust28
811,H18NF1W7S,clust28
812,N53884DUO,clust28
813,PIKAQ0438,clust28
814,9GQED606F,clust28
815,VOE2GCISB,clust28
816,K3TA15LSJ,clust28
817,I2PZVXPVT,clust28
818,FFXO1EGIA,clust28
819,JQBGKP6W8,clust28
820,7I8RGMTZM,clust28
821,7C1CNT3N8,clust28
822,SXY37C8KJ,clust28
823,AX06QA4Y8,clust28
824,WJ6C6U36P,clust28
825,CB2TH3XZL,clust28
826,Z05MDSGHZ,clust29
827,GZ7JYSEG3,clust29
828,QXJ5CFFZ8,clust29
829,ESQPU6YGN,clust29
830,9B8OLU1ZN,clust29
831,0XPMPFCUS,clust29
832,P2TZRS49C,clust29
833,Q7B0V1Z9D,clust29
834,9S1Z9YXUT,clust29
835,0EHLUQGHH,clust29
836,SN8IXBGNC,clust29
837,LUYUP9ZCK,clust29
838,S957G790I,clust29
839,TINFYIC7L,clust29
840,FPBGROCYD,clust29
841,DDPK4WFA6,clust29
842,IP20GTMDF,clust29
843,4BCPC14CD,clust30
844,U3F0GZZ9L,clust30
845,MTOP930IY,clust30
846,94KZZ7QVO,clust30
847,8R9PYNMQ2,clust30
848,VVG6I5N1B,clust30
849,QJB2837V6,clust30
850,CEIRCYRSG,clust30
851,2PCCPT4DK,clust30
852,37O1U32LI,clust30
853,VQAL9UITS,clust30
854,CLLZNE13T,clust30
855,70B2MHHNK,clust30
856,17U9V7NPR,clust30
857,P8P954GXN,clust30
858,U95UK89JI,clust30
859,W3B739UFB,clust30
860,LCG7ZI0JV,clust30
861,ZFBZHRTO9,clust30
862,7259I6NCQ,clust31
863,86Q6XRZ1I,clust31
864,47P6I6EGY,clust31
865,0Q50IAKUC,clust31
866,VX0CRYDVR,clust31
867,LQU3TPFOM,clust31
868,8EOP9IJRD,clust31
869,5JXUMYW6W,clust31
870,GXT6M9R5B,clust31
871,AYQSX61V4,clust31
872,647NG17G3,clust31
873,0O0NVIY7X,clust31
874,C2Z0M4972,clust31
875,XWRE600NK,clust31
876,OGIASXLTS,clust31
877,ZIIGQOPOB,clust31
878,UPK734MI2,clust31
879,CDVQRDWGS,clust31
880,6HULUHKMX,clust31
881,L6RRQJ6LU,clust31
882,CR4DLZ6DM,clust31
883,0ZVILCC9S,clust31
884,D2GPI82Z3,clust31
885,YP8834VZJ,clust31
886,0K0BP0VF5,clust31
887,33FAAZ1UW,clust31
888,YWRQWOGXY,clust31
889,HCCKRGJ5X,clust32
890,V42FVAMY6,clust32
891,6P9YZOYE3,clust32
892,1LJQXTYSD,clust32
893,ZCBM316RK,clust32
894,BUOA5O63N,clust32
895,H8C8V4AOO,clust32
896,WX691AEUB,clust32
897,UVL3BHMRW,clust32
898,WBGKN6VX7,clust32
899,YFJ40FE2Y,clust32
900,C7D87FBF8,clust32
901,TL5OO5R8X,clust32
902,XNLIYXD7V,clust32
903,GDHLQ26SW,clust32
904,FZGA6N8S6,clust32
905,LQ0OOXHHH,clust32
906,FVBVMCJA7,clust32
907,MKA8MAKIE,clust32
908,SF5Z8M52N,clust32
909,8LV6Z4WO2,clust32
910,D8QAFWQOD,clust32
911,T4H5XJDSA,clust32
912,MGX8Y07BI,clust32
913,G19FYGBGX,clust32
914,MQK4N941E,clust33
915,WB3T56IPF,clust33
916,O7D7V3HOB,clust33
917,HX89G50GS,clust33
918,BSLK9A4T4,clust33
919,6129UFQJW,clust33
920,STSDO7166,clust33
921,0NTBWXI0O,clust33
922,7A7TZMQPS,clust33
923,70IZI8N5P,clust33
924,66OUPN57G,clust33
925,HHYPF3FXQ,clust33
926,9CGMOJCD6,clust33
927,322H18CTM,clust33
928,5GO9RSA8M,clust33
929,VV868A5P7,clust33
930,SXEL7ODTH,clust33
931,IRU794JV7,clust33
932,S1K1G9PDC,clust33
933,BQ1BYKOC5,clust33
934,VPGEFD68Q,clust33
935,OOCANZJ4I,clust33
936,ZKHZT7GA2,clust33
937,HXYM9F2JM,clust33
938,487Q5O8JW,clust33
939,55P76QZAD,clust33
940,P6ZQSNJMJ,clust33
941,3F2TB1VFZ,clust33
942,HFSDFMLW1,clust33
943,8JMYY60MW,clust33
944,GAZXQ4TGY,clust33
945,DP4I0YH4L,clust33
946,DS78QQXGW,clust33
947,XSV12UB19,clust33
948,9M4KI7VJT,clust33
949,Y42FJY7MM,clust33
950,8X3I7ZB8Y,clust33
951,QIFFCYOXT,clust33
952,7CG1FRL8H,clust33
953,IPZTD57Z2,clust34
954,00ZNUSEGA,clust34
955,5LYFOIPMB,clust34
956,WPI6QZIIO,clust34
957,BKS6SKZYM,clust34
958,E5R4E4Y6B,clust34
959,IL9E41V7L,clust34
960,Z5LWLCLGQ,clust34
961,S1NCEXVDW,clust34
962,H7DF829NM,clust34
963,7Q1COC0ZE,clust34
964,WPCIJLU3N,clust34
965,YXWMD7TKP,clust34
966,IBHOBOJ9M,clust34
967,IK0WQV4EZ,clust34
968,5ZIUAFFN5,clust34
969,TKO46DUH6,clust34
970,XKKICXYZP,clust34
971,JDN12FVDI,clust34
972,GCKRVBPPJ,clust34
973,MYI6H8VUT,clust34
974,N837YTFXG,clust34
975,27FLMZ4FU,clust34
976,438YCL6BW,clust34
977,ZJ1WCCWV3,clust34
978,HR3YI4IEL,clust34
979,8VAWAYQ85,clust34
980,4T3ZO96L4,clust34
981,2IZME9E4G,clust34
982,EPS6ZMQ2C,clust34
983,5FIPYRP0I,clust34
984,55R9X4V1C,clust34
985,TNPD5P8SZ,clust34
986,937QH94CS,clust34
987,VZF1YA17E,clust34
988,YAGWP5YJB,clust34
989,5GP1AA81E,clust34
990,VONX880X0,clust34
991,2KFBHLOA8,clust34
992,ZJ0WF81H8,clust34
993,RN0P2YXM8,clust34
994,M85LHZILJ,clust34
995,TXSUAB058,clust34
996,99UL4XM5J,clust34
997,U07A2TG7S,clust35
998,1L9BJ36D5,clust35
999,MN78V0SH2,clust35
1000,J1UXNIE31,clust35
1001,C5TY8KO0M,clust35
1002,Y4XN27Q2X,clust35
1003,9S67P57VH,clust35
1004,L0AH57QDM,clust35
1005,0UUG7BU8I,clust35
1006,E4WE0ES3E,clust35
1007,RDCR8K03W,clust35
1008,4WNMT60TT,clust35
1009,QMFPEGDU9,clust35
1010,DUKCTPUNA,clust35
1011,0GOD0JXOI,clust35
1012,7J3RU826H,clust35
1013,46PK6FKX2,clust35
1014,BCCR6CX97,clust35
1015,QQPIB6WCS,clust35
1016,GJFNQHU5H,clust35
1017,31P8EGL0Y,clust35
1018,ETGHECTWF,clust35
1019,VAX30EVGN,clust35
1020,FQ8OTLEA4,clust35
1021,FISJP10HB,clust35
1022,DK2QS68IR,clust35
1023,9N41FA5E0,clust35
1024,7VA9D8XUQ,clust35
1025,0NCC0YI6F,clust35
1026,3NLU0Y1NP,clust35
1027,RRC8Q3SGP,clust36
1028,WMO18VJIG,clust36
1029,AYJ3DMFC9,clust36
1030,SXGPLAQAJ,clust36
1031,1S83JR996,clust36
1032,3YALIU3WG,clust36
1033,79V5CB4FP,clust36
1034,11N2ZAK8K,clust36
1035,FJMB2DUMK,clust36
1036,3L1T8T929,clust36
1037,ACHKETEQ5,clust36
1038,8MVROEODW,clust36
1039,HAFAUGQ9Z,clust36
1040,WWF7CWHPD,clust36
1041,4GWPIK06L,clust36
1042,MYAV8UT8O,clust36
1043,AH294VHRU,clust36
1044,Z0ACR55AD,clust36
1045,1G9RT02TG,clust36
1046,MU2HSK45C,clust37
1047,M80Z17WRZ,clust37
1048,VN1U4STCV,clust37
1049,CTN9R9XMM,clust37
1050,VQUC2NFP6,clust37
1051,M3K3G0HHX,clust37
1052,NNBERVXPW,clust37
1053,YC01VXB32,clust37
1054,ZXQ8D090T,clust37
1055,LPVYS7HBI,clust37
1056,T7MGAAGCE,clust37
1057,4D3QAYA12,clust37
1058,JZCDWEAFX,clust37
1059,49OBHOEAA,clust37
1060,0LTCPC9RM,clust37
1061,GGEMBVL29,clust37
1062,S959F8OPX,clust37
1063,PLOUVV54Y,clust37
1064,RIWBESDG5,clust37
1065,PPO446CPW,clust37
1066,MIODZ1EP3,clust37
1067,WSYT34X7Q,clust37
1068,N6ITNW4PA,clust37
1069,JARD45K98,clust37
1070,3N867Y7ZT,clust37
1071,ZDBVGIMAL,clust37
1072,2SDVI9WQ3,clust37
1073,6SQJ1ZRRH,clust37
1074,ANX90173O,clust37
1075,RGMX8TPJR,clust37
1076,D50NL3I0Y,clust37
1077,HEXIYT3HQ,clust37
1078,4L516TAQV,clust37
1079,VH7PNZKKA,clust37
1080,QZZFU5SKW,clust38
1081,56EJQ5MFK,clust38
1082,ZD93S2EJG,clust38
1083,8WHDJIYOI,clust38
1084,3Y5HB21CW,clust38
1085,SYIV46EIO,clust38
1086,TA8TB1GUB,clust38
1087,67DKRN9PE,clust38
1088,OY6QMFL84,clust38
1089,SJ8QBGE8I,clust38
1090,G49P8U91T,clust38
1091,WCQEM5NSX,clust38
1092,3NKYK04VG,clust38
1093,Q1AIGEI4G,clust38
1094,NKDX9I91Z,clust38
1095,DOTDWT8J8,clust38
1096,OBT4O2J17,clust38
1097,2J9NNED6E,clust38
1098,0U1T7DNUE,clust38
1099,HTIOH2E7O,clust38
1100,K1MBWILKR,clust38
1101,C9USI74UA,clust38
1102,O6A7T6A6R,clust38
1103,4R2L9NYGB,clust38
1104,ZIT8LJPOQ,clust38
1105,GT60UZBI3,clust38
1106,EYE5ZDO4A,clust38
1107,BGUFELJ2L,clust38
1108,G4GZSNRMZ,clust38
1109,AVMITZV93,clust38
1110,AGU07KG2I,clust38
1111,NCJQPS7R8,clust38
1112,EBT8VQIL7,clust38
1113,G7B2S6O4S,clust38
1114,XCLV8PQF8,clust38
1115,L5HOM1XK8,clust38
1116,6LPDNEB9S,clust38
1117,KOP9MC76I,clust38
1118,GOODE9IYN,clust39
1119,WSLBISFE3,clust39
1120,V8X66Y12W,clust39
1121,D27WFS9HE,clust39
1122,N2EBDRM5G,clust39
1123,9DJQEKAW8,clust39
1124,RWG1I5ZO8,clust39
1125,62QH4UY7P,clust39
1126,8M0098QBY,clust39
1127,T473S9GAN,clust39
1128,5R1FRRJH0,clust39
1129,I4T66QIO9,clust39
1130,1G37V39ZK,clust39
1131,8WWQYBOF3,clust39
1132,NKDLNYX6C,clust39
1133,DSP38FJ92,clust39
1134,VGTXQ3CC3,clust39
1135,L2TT1DM9J,clust39
1136,QCG6FU21M,clust39
1137,VBBCSIIAG,clust39
1138,U2WI354NK,clust39
1139,KHLNS5UVZ,clust39
1140,BY8PZMXJ0,clust39
1141,QC33NVXSR,clust39
1142,6RQLSX3L1,clust39
1143,75HAP9Y2Q,clust39
1144,BIPK5ZAR1,clust39
1145,JMAHUWC2D,clust39
1146,9F90Q8J2C,clust39
1147,LCWGFSO4L,clust39
1148,WTBIIC2XE,clust39
1149,5VEAJTL0I,clust39
1150,JN5XWTAKJ,clust40
1151,3NB7D9BF9,clust40
1152,8WE050UV4,clust40
1153,QJTOCB1ZC,clust40
1154,4O4LU2LTS,clust40
1155,EGRYJP6L6,clust40
1156,P4YF91OON,clust40
1157,VM668C4RA,clust40
1158,0GQ2WHE8I,clust40
1159,MWXMABNZK,clust40
1160,0IY0TWDEE,clust40
1161,J6T3XR6FN,clust40
1162,FZ3880212,clust40
1163,I7KE0BGPN,clust40
1164,VJKIITI2H,clust40
1165,4AS68XQQF,clust40
1166,ULWD6U6EG,clust40
1167,CFSEA1CI4,clust40
1168,02T929S8A,clust40
1169,VXUAHFB56,clust40
1170,0Y3R461XC,clust40
1171,5FZ9R4AUU,clust40
1172,FY9JULY8S,clust40
1173,H55E2QHFW,clust40
1174,63IKQ1PAL,clust41
1175,MOXJUP3CE,clust41
1176,WTBPV1YZ5,clust41
1177,K8NM06TXR,clust41
1178,GPKDIV7JP,clust41
1179,E6WWM9JQW,clust41
1180,A7FHPBQ0C,clust41
1181,W4T6O8VCZ,clust41
1182,R5Y0G4MSB,clust41
1183,1P7FSPNGD,clust41
1184,Z53NBISQO,clust41
1185,53TVZQWLY,clust41
1186,PXIMKS7T9,clust41
1187,B8RBE7THP,clust41
1188,TLISWRYZ6,clust41
1189,7MR5E9Z9W,clust41
1190,1DEN2AA8C,clust41
1191,7DP57Q89T,clust41
1192,Q6J70EUF3,clust41
1193,S9HNNAIL1,clust42
1194,Q4JG9LJV1,clust42
1195,H3BSKLPG3,clust42
1196,FEV12S3CP,clust42
1197,OSCDEN7E7,clust42
1198,N2YG5HP59,clust42
1199,XAGDRPIIQ,clust42
1200,1BDO99XFL,clust42
1201,0AI9JIZ2W,clust42
1202,8FMYDXYS8,clust42
1203,ILFD302RC,clust42
1204,NWVZWPHGI,clust42
1205,H6D20CLN8,clust42
1206,T0IGY4HQ3,clust42
1207,BB4Y666SJ,clust42
1208,PAIM84T7X,clust42
1209,1185GI4QA,clust42
1210,FR5QYZVYN,clust42
1211,YBK40APML,clust42
1212,F1SACQKO7,clust42
1213,ZICB9ZKKR,clust42
1214,Q5MSSH44F,clust42
1215,LYS7DMT6E,clust43
1216,MU2HSK45C,clust43
1217,92HJ1N39X,clust43
1218,GHSZATVPT,clust43
1219,T0FSBQQLM,clust43
1220,C2SQUWWQT,clust43
1221,O1CDHBLRD,clust43
1222,KHEIQ9M5X,clust43
1223,TKPEYOQWF,clust43
1224,4D3QAYA12,clust43
1225,NFTKJ9C7U,clust43
1226,S164FSC96,clust43
1227,OLK4G5IF8,clust43
1228,Z3CZOSVGI,clust43
1229,33M5Q585D,clust43
1230,VYG4GFN0F,clust43
1231,J4OCZVGX7,clust43
1232,OJ0JNBQ6H,clust43
1233,W7603N4R8,clust43
1234,DH5VZHFA0,clust43
1235,6SEVLY07C,clust43
1236,UYGDG7OD0,clust43
1237,KXOM8JOCH,clust44
1238,L7PPSK6HS,clust44
1239,ZEQ0VL9LO,clust44
1240,OHT45FQH0,clust44
1241,DF65JRUMD,clust44
1242,1EY2L1ICG,clust44
1243,TU7LIF23C,clust44
1244,47T83X5F9,clust44
1245,2L60MII10,clust44
1246,5JS30PYB1,clust44
1247,NA0EJ2UF6,clust44
1248,IXVZCMGBJ,clust44
1249,H04PWJIU4,clust44
1250,I7XP4XLUT,clust44
1251,WQ4RMKEH8,clust44
1252,4RRKUNK5T,clust44
1253,LA9IC3A1T,clust44
1254,7B3SHSNF3,clust44
1255,X5HFEUO5P,clust44
1256,51XIGHQ5C,clust44
1257,N9NBJXESL,clust44
1258,2OKP3L987,clust44
1259,GTD8TSSL6,clust44
1260,3G9UIGWN6,clust44
1261,ZIP3YD3G6,clust44
1262,ZETB5M01K,clust44
1263,OV9SDQUZX,clust44
1264,H6LZ1GGWJ,clust44
1265,6GM58OHEJ,clust44
1266,GAWBPSFFD,clust44
1267,4LH9VVXJJ,clust44
1268,T7XH3LD18,clust44
1269,ZJ3Z5EF6F,clust44
1270,TUY346SJ0,clust44
1271,1CURYBT12,clust44
1272,N40AOJDZ7,clust44
1273,7W23B7HFS,clust44
1274,TEADIOMZH,clust44
1275,FZXP16Z58,clust44
1276,J2Y03B5WM,clust44
1277,KEMLHDDK9,clust44
1278,DH1VCW2ZK,clust44
1279,GM479136B,clust44
1280,00SK4UT8M,clust44
1281,1YPUIFAPV,clust44
1282,100UDECF2,clust44
1283,M69GV4PBZ,clust44
1284,DSG96I4OY,clust44
1285,ZRYWD91H6,clust44
1286,6B18Y4AEP,clust44
1287,UQB9OT0OP,clust44
1288,C8D70IIXH,clust44
1289,T3IOACU1G,clust44
1290,UMO6GFW5X,clust44
1291,05YV2XV9D,clust44
1292,49MQDSG26,clust44
1293,2W7W34KLQ,clust44
1294,SHF4EBY5K,clust44
1295,KOCP4JT11,clust44
1296,N1OE7VEQB,clust44
1297,PAIE2YCZJ,clust44
1298,6V6GNNDOW,clust44
1299,JU7GOETDB,clust44
1300,YRCFEE3EV,clust44
1301,MMO1GG1P3,clust44
1302,6QO6876Y4,clust44
1303,3VUUVKG9O,clust44
1304,VS45T7TWT,clust44
1305,X6FNEN1W9,clust44
1306,0HH3EZI1W,clust44
1307,WMVWX2QHI,clust44
1308,M66R608QF,clust44
1309,T4QBEXK66,clust44
1310,1522ZTYU2,clust44
1311,305NONSNX,clust44
1312,5SL06JMDP,clust44
1313,3JI5HNCNP,clust44
1314,WW6ZXHPSX,clust44
1315,JI6QLSKHZ,clust44
1316,FZB0LZY0C,clust44
1317,N52RWW9J4,clust44
1318,IJZWVEFQV,clust44
1319,J1W7OB6VP,clust44
1320,38ASYVXJX,clust44
1321,Q3NMSKWLU,clust44
1322,33UHM1FX7,clust44
1323,T7PSOYQHL,clust44
1324,M9Y1T5SHC,clust44
1325,4RXO82F0K,clust44
1326,7A2M7R91A,clust44
1327,CYSDM7MZD,clust44
1328,Q2KT5V0AK,clust45
1329,5451O4ZEB,clust45
1330,YQNXVBEDU,clust45
1331,29LP5LYGX,clust45
1332,7XINWEX8P,clust45
1333,EBAGR7X75,clust45
1334,BAR9AGK7L,clust45
1335,H40S0VFTW,clust45
1336,TPDLC2WZB,clust45
1337,JW2FLQPYR,clust45
1338,E1ODN2U53,clust45
1339,WXVD1SW4X,clust45
1340,Q0P7WFXWD,clust45
1341,RQPDOVUPN,clust45
1342,VP3OQJ0H7,clust45
1343,YAOS6ESRV,clust45
1344,RQL5BRBQO,clust45
1345,YE9AZU8JK,clust45
1346,0ACE4365L,clust45
1347,3DY2QGRWI,clust45
1348,N9E9DV1RO,clust45
1349,PEL708C8L,clust45
1350,R9097B7AH,clust45
1351,LBDEH1N5B,clust45
1352,8YCFJ9YOW,clust45
1353,6U3TML73E,clust45
1354,O8D07TFUK,clust45
1355,QP5JSEDZW,clust46
1356,JSWR2TXEU,clust46
1357,SJFPKKUP3,clust46
1358,A7JHC2535,clust46
1359,KS2PCERTH,clust46
1360,GIXPWK16D,clust46
1361,HYDBP88DT,clust46
1362,I3PC8TKYJ,clust46
1363,92NJXQ6CC,clust46
1364,U26SKSQG2,clust46
1365,2JOBPO3WL,clust46
1366,0KEY4R3OK,clust46
1367,OL8YQZN53,clust46
1368,QV99CFKKN,clust46
1369,IY9MMORQ9,clust46
1370,M9SW83497,clust46
1371,S940GWSF0,clust46
1372,UG352XU4L,clust46
1373,150GKITWD,clust46
1374,PZUKC3O9R,clust46
1375,0NX5HBGSX,clust46
1376,BFNXQ94L4,clust46
1377,X0VYDQK96,clust46
1378,BI2GXU2WX,clust46
1379,52TXJZGR3,clust46
1380,0RTFSIQT0,clust46
1381,R3CVQVF4J,clust46
1382,H0P9RP70K,clust46
1383,O7PMFT0XD,clust46
1384,B7T3CDWHT,clust46
1385,EJ1W1N2JG,clust46
1386,DBFCCYYS4,clust46
1387,KD322MLPI,clust47
1388,ZFP8MREI3,clust47
1389,572DEFJON,clust47
1390,LQMDBO06W,clust47
1391,8F11DYPRB,clust47
1392,B0O3137U5,clust47
1393,XSTZWGI4U,clust47
1394,Y98WEC0SV,clust47
1395,DSUA04JFH,clust47
1396,M4H38KW2T,clust47
1397,GZ8IPL53J,clust47
1398,CGZKJ70QT,clust47
1399,4QQJ9Z8J7,clust47
1400,APYSMTSKM,clust47
1401,1WUGH0AHU,clust47
1402,OI45PVOH2,clust47
1403,RQH6LZ1DN,clust47
1404,RHCUW4ARP,clust47
1405,CRPERKIJ6,clust48
1406,OHZ475ARZ,clust48
1407,PMYWGHUJG,clust48
1408,8ZT9ZPJDT,clust48
1409,PFZBR34MV,clust48
1410,VPUPPU1WC,clust48
1411,UYAJIF26P,clust48
1412,4Z6PV7VGE,clust48
1413,XOJ838V1M,clust48
1414,0QNEJ6921,clust48
1415,LF8P9IZKR,clust48
1416,BXOB21ORK,clust48
1417,VVHC2IES5,clust48
1418,VA4SXLLR5,clust48
1419,OSZO9N9SM,clust48
1420,D0WK9NOGA,clust48
1421,D07O9SC39,clust48
1422,O31MT0T5C,clust48
1423,Q732J20ZZ,clust48
1424,PJGEJG64N,clust48
1425,8EWRF1FAR,clust49
1426,FPWQATGFJ,clust49
1427,QNEU72F9Y,clust49
1428,GAV3J70K8,clust49
1429,FLTTHM6QA,clust49
1430,0B82D7G57,clust49
1431,XKMMKYAOK,clust49
1432,3JU9FAUU3,clust49
1433,40ASY5YB5,clust49
1434,WYMD5QOC4,clust49
1435,ND16QJ4X3,clust49
1436,V7N310RX9,clust49
1437,C33J0EL5F,clust49
1438,IHVP8DZLU,clust49
1439,2ZRNKV335,clust49
1440,O7QI7KHC6,clust49
1441,DYUHAOPGV,clust49
1442,RBPC7BMHU,clust49
1443,3674XT7SS,clust49
1444,I0ARBWI0F,clust49
1445,KIEBJRDDM,clust49
1446,QKNZUBZGG,clust49
1447,F0J3TGWYU,clust50
1448,DAML1TID0,clust50
1449,Q5MGC57P6,clust50
1450,52EEXN2DV,clust50
1451,ETFSASDJ0,clust50
1452,NKY69RA79,clust50
1453,3R7Q2SJMP,clust50
1454,5SKDDYDEM,clust50
1455,D3H6LF6I7,clust50
1456,OCEFOPNA4,clust50
1457,46K3SFJR3,clust50
1458,U20T1HOBI,clust50
1459,NSSC2LXOY,clust50
1460,DVFWFPLU0,clust50
1461,F2YLD1ILM,clust50
1462,DQGR15TYR,clust51
1463,9ICALHNP4,clust51
1464,ES4CNEWFW,clust51
1465,N7JHHI49X,clust51
1466,EZI2PA1LO,clust51
1467,BHGZ9GJ6M,clust51
1468,SOJVJK3XQ,clust51
1469,FSKS34LIT,clust51
1470,UKXTBITF6,clust51
1471,L8TOW6TNA,clust51
1472,VGKXD60WO,clust51
1473,MGVWP8JXP,clust51
1474,WDJZYI0Y6,clust51
1475,W1O4PDDA2,clust51
1476,PRXI9YEZC,clust51
1477,6NYKUZ4UH,clust51
1478,R6EZ93DP0,clust51
1479,4UZEBYB2P,clust51
1480,9MBCVN538,clust51
1481,WCCA61EH1,clust51
1482,I212ID6J0,clust51
1483,84GJXMOHH,clust51
1484,WJV2GV4EP,clust51
1485,P9HKU2WNC,clust51
1486,G1E1VI9PT,clust51
1487,S8JIH40OC,clust51
1488,1BEZPHK02,clust51
1489,3L3IT9CV2,clust52
1490,5PIX41VH9,clust52
1491,K8MT2XJXV,clust52
1492,XGMRH4ZHK,clust52
1493,A6FNDLBR0,clust52
1494,KFGPCHSAU,clust52
1495,A8B55W5J3,clust52
1496,CMUEVJW0P,clust52
1497,0P09TUI04,clust52
1498,5SKRKJY2M,clust52
1499,ORI22S2IL,clust52
1500,QXNMI979B,clust52
1501,AS5W3SKSC,clust52
1502,MLZ6OR8A9,clust52
1503,19OHQDUNK,clust52
1504,IY9MMORQ9,clust52
1505,8WS3MV0OU,clust52
1506,XHBFN6HV1,clust52
1507,77ILGQC3Z,clust52
1508,NNAOVOPX8,clust52
1509,2S8127RUU,clust52
1510,EZSK70065,clust52
1511,R7IVYDQ3U,clust52
1512,V9HXW3QUQ,clust52
1513,1UHQXTIZH,clust52
1514,RQMCG0JKG,clust52
1515,4S3SNRQT2,clust52
1516,ZE04CY3OG,clust52
1517,P5B8K2FP7,clust52
1518,LH6DFB5F6,clust52
1519,W6KAUB60U,clust53
1520,FWU7UHA18,clust53
1521,3H4H6AUFN,clust53
1522,KEPBE4NJ8,clust53
1523,U5VYB75UQ,clust53
1524,ER0BXUH1P,clust53
1525,P8FGL0H6D,clust53
1526,M7CXWXMI8,clust53
1527,20GH359KK,clust53
1528,JPIE0G45N,clust53
1529,LAP0GI2WE,clust53
1530,6PZ3XOXRA,clust53
1531,N8WX387CU,clust53
1532,LVKY5YG0U,clust53
1533,FH74R5WRD,clust53
1534,F829PX0SK,clust53
1535,H1CLR80F0,clust54
1536,DPTOLHJTI,clust54
1537,VY1IQK701,clust54
1538,CDUN8HIWC,clust54
1539,HCFR7MC37,clust54
1540,U8MNY0NK9,clust54
1541,LS89N6TQP,clust54
1542,Q75HSO1RB,clust54
1543,LA5XD6IST,clust54
1544,KCG4A3L3Q,clust54
1545,ICBJ1ZHDG,clust54
1546,A38G94T89,clust54
1547,RVWR9ZXYU,clust54
1548,RABYQUAW3,clust54
1549,9MBCVN538,clust54
1550,P336D43FX,clust54
1551,6XQ2SJK99,clust54
1552,T1IC0ZDN1,clust54
1553,ISJRFYV8V,clust54
1554,YPPF74DXK,clust54
1555,IX15A0P43,clust54
1556,96ILRR19K,clust54
1557,PD0J1GEK0,clust54
1558,6KBV1DTUT,clust54
1559,Y2WDRVD7J,clust54
1560,OTO4SGEB0,clust54
1561,VFGFLAP3R,clust54
1562,9F2SOC2C3,clust54
1563,AKZF7OC2N,clust54
1564,RVO4YJ9TC,clust55
1565,A04LLXW0L,clust55
1566,VB74OMFU7,clust55
1567,4AMC75PTB,clust55
1568,A9D8K3P9O,clust55
1569,S58A8ZKA2,clust55
1570,YT8YHOFCD,clust55
1571,CA90S2HF9,clust55
1572,NEZ1K4YH2,clust55
1573,ZF52VJTNQ,clust55
1574,06Y69D9P4,clust55
1575,753NYLY8N,clust55
1576,K5QBKBTCT,clust55
1577,9P4C8HLH3,clust55
1578,VU8K4HIKU,clust55
1579,TKO46DUH6,clust55
1580,CSD42N7XG,clust55
1581,U65POKKZS,clust55
1582,2JO5SGPFV,clust55
1583,1BXJCLIEE,clust55
1584,KJ19T3NU1,clust55
1585,9JISZW2D3,clust55
1586,JG7L7P863,clust55
1587,4T3ZO96L4,clust55
1588,O8KHGAOIP,clust55
1589,ONG75LV4C,clust55
1590,38UN7LPCU,clust55
1591,HPM9WVCQK,clust55
1592,LWJA5A4IW,clust55
1593,GEG50F523,clust55
1594,5GP1AA81E,clust55
1595,Y073DQJ9U,clust55
1596,N2FOPRLZ9,clust55
1597,OO9DGXL0Y,clust55
1598,LMGHSRHYV,clust55
1599,656YYA481,clust55
1600,ZBV56HA4E,clust55
1601,1LCD9W7FA,clust55
1602,8WLUOONGF,clust55
1603,ITU0XYXOS,clust55
1604,2UF6VAUAJ,clust55
1605,QVSMGKLJ6,clust56
1606,6C7PTHNPU,clust56
1607,1SIOSK3RQ,clust56
1608,79IK65LHE,clust56
1609,8SSABDSF2,clust56
1610,P6W0IAN91,clust56
1611,QFRSR06RO,clust56
1612,NGRC0OTK8,clust56
1613,DX3ZUW43F,clust56
1614,B3E32RCRU,clust56
1615,OES459Y5W,clust56
1616,8K9YF66DG,clust56
1617,QLKMDFD8J,clust56
1618,K0SFSG83G,clust56
1619,O6TUQEDCW,clust56
1620,CUFQRVRCW,clust56
1621,7FMKGX23M,clust56
1622,UUNJ1MHOV,clust56
1623,4G7VWTPRJ,clust56
1624,72VFAOJHQ,clust56
1625,P73IH8A92,clust56
1626,PPCR0Y8B9,clust56
1627,K4XQI78Z2,clust56
1628,R72F5A9RI,clust56
1629,GW18ZD5P5,clust56
1630,LN1I65AFO,clust56
1631,PZ7V9JAXA,clust56
1632,2Z2IKU9RE,clust56
1633,HFCIK3UXG,clust56
1634,O2BJ89FW0,clust56
1635,G02ENMCSK,clust56
1636,W33E7PXA5,clust56
1637,FMNC45UG6,clust56
1638,7Y4OK6WUE,clust56
1639,TOGRFV5RZ,clust57
1640,JXYR64CUJ,clust57
1641,C4GJKB37X,clust57
1642,CXMR2A9ZN,clust57
1643,9EGN42LFZ,clust57
1644,F7027G42M,clust57
1645,APT1WC4DZ,clust57
1646,CL229SGS8,clust57
1647,BSS7B1YUR,clust57
1648,JFZ241QQ1,clust57
1649,C5EUC9J12,clust57
1650,KDL08X9Q3,clust57
1651,SQXMNVXC6,clust57
1652,70LWOPU5A,clust57
1653,FCN9GU6GA,clust57
1654,YYI3R87YH,clust57
1655,Q0X9NFZ9X,clust57
1656,URKNTTCHQ,clust57
1657,K5PYKHSK7,clust57
1658,NPC0J3AA9,clust57
1659,216LPDEH4,clust57
1660,0TQ8LVL6A,clust57
1661,0W4FAMWLU,clust57
1662,TZDJVCWYI,clust58
1663,5QO4IHHFJ,clust58
1664,PMAOT65L6,clust58
1665,G7M5OIBA4,clust58
1666,ATAY2N4IY,clust58
1667,PXZB2HN2D,clust58
1668,CEXL1NVZL,clust58
1669,CBYAGXLI6,clust58
1670,QG5VKARQI,clust58
1671,2WL6BQKSD,clust58
1672,RZK666GTI,clust58
1673,0WEXJ4502,clust58
1674,7IM5X9N78,clust58
1675,J5MY1UZCZ,clust58
1676,I2KELSFQQ,clust58
1677,RB5GWP2OT,clust58
1678,3ZZC7WW5H,clust58
1679,Y8275LJBI,clust58
1680,K2P465SGP,clust58
1681,RXHQXSSUQ,clust58
1682,DESG1GPOI,clust58
1683,WE7AJ7CTB,clust58
1684,7CPMP6BDN,clust59
1685,QXBJFU671,clust59
1686,6PCLCKGBI,clust59
1687,FUT8EVSM0,clust59
1688,OZGQ9SEUW,clust59
1689,WEE16FBA0,clust59
1690,XWK2BVVNJ,clust59
1691,5IYYP3GMO,clust59
1692,GCBFZZAXR,clust59
1693,2N3JT554R,clust59
1694,SSO3JAYO1,clust59
1695,MFT3J8Z5S,clust59
1696,5KAHHKDGB,clust59
1697,J8PANKDB0,clust59
1698,HYDRDQX13,clust59
1699,FMSQB3W07,clust59
1700,GTOLZAT85,clust59
1701,EO4PZE0AL,clust59
1702,SZT4TDQDU,clust59
1703,6M16PPENP,clust59
1704,98PA17HR4,clust59
1705,0LOFBXUAD,clust59
1706,7V107B3HM,clust59
1707,UTY5EZLUX,clust59
1708,MLZ6OR8A9,clust59
1709,G0V4B06LC,clust59
1710,XP0K0YYC3,clust59
1711,Z6LC71ALA,clust59
1712,2UXBT5P43,clust59
1713,7M16BJS8D,clust59
1714,QKQCHAJWK,clust59
1715,R86P5GVYG,clust59
1716,BZP0PNLYQ,clust59
1717,UC66AO0U4,clust59
1718,ORGS022F3,clust59
1719,5VH84JBT2,clust59
1720,LZ6UWB8XA,clust59
1721,5BR2GD2XN,clust59
1722,EPCUF3BA4,clust59
1723,3AOMVJBWC,clust59
1724,ZU6DIC1W4,clust59
1725,X14H8J69X,clust59
1726,4QOGQBU7G,clust59
1727,IXKT8MJYC,clust59
1728,N41PO563U,clust59
1729,60I0IHY3Z,clust59
1730,ZXDJ0V9NH,clust59
1731,UAZ6E01FA,clust59
1732,6RT79SKI4,clust59
1733,3FFQLKBWX,clust59
1734,KYRYZNYU5,clust59
1735,22O405X13,clust60
1736,8XOPBOGK5,clust60
1737,ANV3SXQ4P,clust60
1738,RFYHEDOM2,clust60
1739,IWFO0P95B,clust60
1740,6QFBAOK7W,clust60
1741,R6EFWUJ57,clust60
1742,AKLEQY0KF,clust60
1743,BHYDJ8BNB,clust60
1744,J4GN0JLOP,clust60
1745,TA0TS1ZDA,clust60
1746,KTQQXTMCE,clust60
1747,BEFAMCMBL,clust60
1748,COF191ORE,clust60
1749,MTXWZ0XMV,clust60
1750,PLYLH7SHY,clust60
1751,24A0VCVVT,clust60
1752,GKB3J869K,clust60
1753,F5YV43TKH,clust60
1754,FHKKURP18,clust60
1755,XBZYV1PEB,clust60
1756,Q96HVE0RT,clust60
1757,ZJNR277W0,clust60
1758,7S0XEMHKC,clust60
1759,YS2CP5T8G,clust60
1760,FLBMYJKL4,clust60
1761,HH4PDIMEP,clust60
1762,VCNNE54NS,clust60
1763,IYGPSCGED,clust60
1764,QPDP4NDIK,clust61
1765,570AFADEP,clust61
1766,75RAEPRC3,clust61
1767,BFHDN9S5T,clust61
1768,FTIEHI44T,clust61
1769,2S0OZNYLU,clust61
1770,PLMZBUNET,clust61
1771,NWYZ4RHEO,clust61
1772,3CYOANV9Y,clust61
1773,FGLKSXWT4,clust61
1774,IMEX0K73J,clust61
1775,V9DTWOZZJ,clust61
1776,KUBMFWFWK,clust61
1777,2O7D222FZ,clust61
1778,P9T3GAF6P,clust61
1779,E1ODN2U53,clust61
1780,PC7B884AO,clust61
1781,VP3OQJ0H7,clust61
1782,EEK5TH68S,clust61
1783,DV9WKF3HV,clust61
1784,SMLDV04CP,clust61
1785,07O8SMJ0A,clust61
1786,XXV5VAAH1,clust61
1787,LTNDHIDGF,clust61
1788,ZGLWI4VEG,clust61
1789,PTXZLVPHB,clust61
1790,7VGHW39R2,clust61
1791,ZA1JL79KC,clust61
1792,6I241ZLVX,clust62
1793,Z0Z4S5VOR,clust62
1794,93QYQUHI9,clust62
1795,Q3V3JFQHZ,clust62
1796,VEQR0IVBO,clust62
1797,HYHKBYFA8,clust62
1798,M9NLHVZ55,clust62
1799,3Z3QJM6AE,clust62
1800,V3CIRS933,clust62
1801,66BZIVHMQ,clust62
1802,ZZHCBMEVA,clust62
1803,LS2NSKQ3M,clust62
1804,KBVOE2X8Q,clust62
1805,0E5EGY0CC,clust62
1806,AV4CDOJA6,clust62
1807,38QLB5M28,clust62
1808,CYF0PH9UI,clust62
1809,9CK3RRJ8E,clust62
1810,IORN88PWY,clust62
1811,1USVWBEQM,clust62
1812,3TDO4IICR,clust62
1813,3FGDJGQWL,clust62
1814,Q3OZJII7Q,clust62
1815,0QAK1YG5M,clust62
1816,43D7M3TFY,clust62
1817,4XQ7K0KZ4,clust62
1818,7S4KSYTON,clust62
1819,UA9ALMGUE,clust62
1820,7OIFW6OLV,clust62
1821,E2BWP92DQ,clust62
1822,P7KYVXN06,clust62
1823,JDHSK7VG7,clust62
1824,R4FWF70AZ,clust62
1825,PI31DTH3Y,clust62
1826,I2EDWLV5I,clust62
1827,D33BMN0VX,clust62
1828,BZANIWG4T,clust62
1829,RX2001QL6,clust62
1830,PQSETLS5J,clust62
1831,954JT6NK0,clust62
1832,VTK98SUTY,clust62
1833,B6Z8IEYC7,clust62
1834,VJV5BOSOZ,clust62
1835,A8MM24OW4,clust62
1836,VMHN3FN5K,clust62
1837,2JCTKZRRU,clust62
1838,63MCVUJD0,clust62
1839,13C6YPE65,clust62
1840,M8MLDCE7W,clust63
1841,AW3KGEK8S,clust63
1842,GP36CH06D,clust63
1843,KRGP4PXL9,clust63
1844,RZ8GWMHIQ,clust63
1845,BPS1XI2OD,clust63
1846,PTL1BVY23,clust63
1847,2PIOEK39W,clust63
1848,3UV429SF4,clust63
1849,WOSNKWG1Y,clust63
1850,8ELED7Y1B,clust63
1851,717GUUQO5,clust63
1852,7MCAD9DVJ,clust63
1853,A9B55OMVS,clust63
1854,WX0HR49CI,clust63
1855,XGBF3U7ED,clust63
1856,NREGCIXS4,clust63
1857,05QASMQVD,clust63
1858,LJ24G0R65,clust63
1859,YYJY2UU4Z,clust63
1860,147RPSJH9,clust63
1861,X2T354IV3,clust64
1862,ML88UNYGY,clust64
1863,MI10E6L7O,clust64
1864,HDYORXUCQ,clust64
1865,X5VG044C1,clust64
1866,2IPSJY9DA,clust64
1867,GYKX5H581,clust64
1868,44BQJ0DTY,clust64
1869,9UMRMJB37,clust64
1870,58CEMZR2U,clust64
1871,F4XUBHYF6,clust64
1872,BTKZX7UM1,clust64
1873,PUF2VXLFR,clust64
1874,PD3XAT4MT,clust64
1875,NR9D8RGOO,clust64
1876,U7NUNSDP3,clust64
1877,CGT5V070P,clust64
1878,PYTKK0WJJ,clust64
1879,2GVPVBI5G,clust64
1880,G5E6EIY5Y,clust64
1881,6MWM1GGBO,clust64
1882,UN0RLFGEZ,clust64
1883,XXM4PK0HF,clust64
1884,JCOEU04X6,clust65
1885,Y2VMWOG06,clust65
1886,0QKH5AUNX,clust65
1887,3X44JMKH5,clust65
1888,6D3RRG9JV,clust65
1889,7U859QCRF,clust65
1890,I476O0NI4,clust65
1891,X5XZ3QOUZ,clust65
1892,TXINM8RH6,clust65
1893,QRJX9T4KM,clust65
1894,NQDHKIQXT,clust65
1895,R2T87O3FO,clust65
1896,Q7XV1H4NJ,clust65
1897,BROV8LRJB,clust65
1898,5T8X4AEHT,clust65
1899,LJ3POS60G,clust65
1900,SPMECRMDW,clust65
1901,TFRF77LSL,clust65
1902,EA6BCEMKX,clust65
1903,L11IF4M5B,clust65
1904,W3KPOCF8E,clust65
1905,VK0D7KPVG,clust65
1906,8A69AAWEV,clust65
1907,SIPID7J26,clust65
1908,0J1YGZZS1,clust65
1909,WBCU2I5M5,clust65
1910,4WEL1FJC8,clust65
1911,FCSRCZSCK,clust65
1912,F2VUHLT0C,clust65
1913,JNM5QE0FH,clust66
1914,2GAMGZICD,clust66
1915,P89UNXKHE,clust66
1916,9K4J7STUU,clust66
1917,BABD9B734,clust66
1918,YCKVOV39Z,clust66
1919,UK9YVOPX8,clust66
1920,PT0049KIG,clust66
1921,NEJ2S89ZU,clust66
1922,W4XXV8ZMX,clust66
1923,BVLFT8B9B,clust66
1924,2DX8Q04DD,clust66
1925,EJ1NZUZ28,clust66
1926,IRRINXUZ9,clust66
1927,PPCR0Y8B9,clust66
1928,Z3I2FYFPG,clust66
1929,SNUMJJAV9,clust66
1930,4NAVDNPBG,clust66
1931,KLCY9ES1H,clust66
1932,MPAMNAV58,clust66
1933,LE29F9994,clust66
1934,9BOWSV27U,clust66
1935,XX3HP5XZH,clust66
1936,HF6FI367Q,clust66
1937,CDYMS4URU,clust66
1938,ITPOF5VY8,clust67
1939,3880WXTEW,clust67
1940,WDOSK3RW7,clust67
1941,8ZGA5U6UA,clust67
1942,8YROK63YG,clust67
1943,15X6N1894,clust67
1944,YLBW4SKLD,clust67
1945,7ZZGOPW8O,clust67
1946,ETIWXZZYZ,clust67
1947,OFC4M9CNH,clust67
1948,0BY8ZCY44,clust67
1949,8YN39CMXQ,clust67
1950,Q6CHRMGJ9,clust67
1951,GPIEJ4URD,clust67
1952,YPXQI0VEJ,clust67
1953,CZ2VSGXG8,clust67
1954,F0RS3ZEEV,clust67
1955,BST1SNJSE,clust67
1956,R2XGPA6X9,clust67
1957,IQ1PZFEPJ,clust67
1958,1ZSQX3IBW,clust67
1959,E1XBNKN1A,clust67
1960,TVZZ35YG5,clust67
1961,PUNM7CED7,clust67
1962,02OAXUDJX,clust67
1963,BSKD66IUW,clust67
1964,NPF4Y5KBX,clust67
1965,BCFIYP6KF,clust67
1966,44VVJX2RL,clust68
1967,RVNP6KNO4,clust68
1968,Q5W5PVT0R,clust68
1969,C8Q0GQ45V,clust68
1970,QG9IG1IKE,clust68
1971,ZWOG1G0E4,clust68
1972,PLXEXJZYT,clust68
1973,VQLA6L4E6,clust68
1974,VELHKTP64,clust68
1975,0EHOVL3F8,clust68
1976,BTUIX6VOW,clust68
1977,1BOD4FPSY,clust68
1978,600D7NIRV,clust68
1979,QPS71D9A8,clust68
1980,JAHZ2S8RS,clust68
1981,3Z3PQBJBD,clust68
1982,Q6YRBVJNF,clust68
1983,QJHF8SQ1M,clust68
1984,DPWK3F3A7,clust69
1985,KGVN9IHFT,clust69
1986,5UF6GH9I1,clust69
1987,9AFPNOKIM,clust69
1988,86CV12UUT,clust69
1989,4T254YTUU,clust69
1990,7U859QCRF,clust69
1991,RWTXNMOZB,clust69
1992,R8YUD8B7M,clust69
1993,NQDHKIQXT,clust69
1994,7T9HKPRDO,clust69
1995,OQQTQDVSD,clust69
1996,U3VUGIIJ4,clust69
1997,EV8EY8E26,clust69
1998,YAAD828WC,clust69
1999,3280TEBZ5,clust69
2000,E4QULMSGB,clust69
2001,CNCE42ENB,clust69
2002,5EFXOSYSO,clust69
2003,1JOBREZ2K,clust69
2004,7GYP25JMU,clust69
2005,M2GOEXY1U,clust69
2006,EDHZ3CEOM,clust69
2007,X13HPGM1A,clust69
2008,53SUYI9JV,clust69
2009,9I8YZGJVI,clust69
2010,ONMOY7P98,clust69
2011,9C42Z2RFL,clust69
2012,L11IF4M5B,clust69
2013,W3KPOCF8E,clust69
2014,VK0D7KPVG,clust69
2015,MV137QA43,clust69
2016,7UCX3S7H2,clust69
2017,WJBCEWRE7,clust69
2018,Q9CUN5ZLF,clust69
2019,EHDPWALT2,clust69
2020,QH0MW0OX8,clust69
2021,AQ69R055Z,clust69
2022,6C4QMQVFA,clust70
2023,ITPOF5VY8,clust70
2024,LYJ8AAPOE,clust70
2025,8JAGP5IIP,clust70
2026,O6FBJIJM9,clust70
2027,IMK18X5DW,clust70
2028,8IYKWEFOX,clust70
2029,G4DG2KL3W,clust70
2030,1YUQIEPJ0,clust70
2031,PQS6F5XOK,clust70
2032,FM0GWK4I6,clust70
2033,RMZS3HYLM,clust70
2034,FDNF85AG3,clust70
2035,W544PQMFH,clust70
2036,4VSQPL3PF,clust70
2037,B0P34IA4L,clust70
2038,Z7CWWW8YL,clust70
2039,6HJRE94VG,clust70
2040,ANY6Y447P,clust70
2041,86J7YOH4T,clust70
2042,5R1PN5IUU,clust70
2043,CFYOXEQBX,clust70
2044,VRXMUJ4K8,clust71
2045,AQBMTSENV,clust71
2046,VCRKNGEJD,clust71
2047,ZMG62TFTN,clust71
2048,K6BTYYHSG,clust71
2049,T9MEHI3E7,clust71
2050,S07YY053D,clust71
2051,HVDYNMC2W,clust71
2052,9LMQT0ZPL,clust71
2053,7A65C7KHR,clust71
2054,2BES6RGA2,clust71
2055,CRMZ0AXQW,clust71
2056,KU8W4234J,clust71
2057,XXNH3JJVK,clust71
2058,9WYECR5DV,clust71
2059,A8536G73V,clust71
2060,K3Y4M840K,clust71
2061,SUO1FNYVL,clust71
2062,9B7N4GELX,clust71
2063,JM7AC4F2U,clust71
2064,5IHJMBG5D,clust71
2065,NC3GPO9X3,clust71
2066,N2M8LUAII,clust71
2067,3NV4CFU6B,clust72
2068,WFLETZM74,clust72
2069,T30YRNP8U,clust72
2070,NU6KAVROA,clust72
2071,O31019F0L,clust72
2072,Q9Z8WR5US,clust72
2073,AB4ODGKNB,clust72
2074,7S4TAFRC4,clust72
2075,IANCOJV8T,clust72
2076,PHIWXAP8U,clust72
2077,WA7J07X2J,clust72
2078,B4G6F49KX,clust72
2079,VI2BZ9UHW,clust72
2080,6ODO2U567,clust72
2081,VKGK0DKIQ,clust72
2082,DEBJQDLDE,clust72
2083,0OCWNH0V1,clust72
2084,7WIB7Z9XA,clust72
2085,TCPXODIXU,clust72
2086,YJXWIU20J,clust72
2087,S85BHWD0E,clust72
2088,HBDXHP70I,clust73
2089,G10QQQNFN,clust73
2090,NY0SKMQWF,clust73
2091,FJ7IVNK17,clust73
2092,1RG7PD40J,clust73
2093,8BIJBG28L,clust73
2094,1WZXYEJI8,clust73
2095,D9CZSI635,clust73
2096,CSMP5TYXJ,clust73
2097,A1FVK6RPC,clust73
2098,3393Y2BIK,clust73
2099,9SOZPQSLR,clust73
2100,43RMO9UUU,clust73
2101,YCKU33WFQ,clust73
2102,HJ5MR2VO7,clust73
2103,F22RSUKV0,clust73
2104,YPXHYZC9X,clust73
2105,NEWHW42C6,clust73
2106,0DO9GAYQH,clust73
2107,FS0CMDC4T,clust73
2108,9KJQV484H,clust73
2109,732BFNZUD,clust73
2110,81Z5QZ9HC,clust73
2111,9UL5HFSYC,clust73
2112,5G7I418Y2,clust73
2113,TF5MAG4U7,clust73
2114,I2AKR3JZO,clust73
2115,3CCB4PALG,clust73
2116,BPQZ6THJD,clust73
2117,5CY0MCBWT,clust73
2118,MH70GIIJF,clust73
2119,YZ8KWNRK5,clust73
2120,2YBFJNL9H,clust73
2121,N2HCX7HJV,clust73
2122,9FR12V0NC,clust73
2123,HW00BSNH2,clust73
2124,RCO07B19Q,clust73
2125,PVUADJF5D,clust73
2126,7NCV2WZ9N,clust73
2127,IA9ZHTXCX,clust73
2128,VGC01ZB0H,clust73
2129,JN5XWTAKJ,clust74
2130,NSKEXFW35,clust74
2131,6E8SC2CUA,clust74
2132,KABHQO8NF,clust74
2133,G2LIQ5OT9,clust74
2134,AWPN1KVEW,clust74
2135,VLLSSEF6H,clust74
2136,IPUGU8QFX,clust74
2137,YQ5FWQW30,clust74
2138,SLIS7ORBY,clust74
2139,HRSZL42CO,clust74
2140,PLAB18JJE,clust74
2141,8NDIDIMV6,clust74
2142,G204MHQNH,clust74
2143,GPNYDVFN9,clust74
2144,QE3N79929,clust74
2145,QN0JPA8LY,clust74
2146,BAT0N1VP9,clust74
2147,JY6Y5RI7G,clust74
2148,V31UKHQQF,clust74
2149,BCKTBELXH,clust74
2150,SAAFEF39K,clust74
2151,N87YKYI06,clust74
2152,2BES6RGA2,clust74
2153,DD10CFEBD,clust74
2154,8FLYHFAX2,clust74
2155,0FZ4NDK1V,clust74
2156,3TJNK1JGV,clust74
2157,Y2Q157JLT,clust74
2158,0UDP2YX7G,clust74
2159,EL4TBQ0WT,clust74
2160,MSW5TZ03V,clust74
2161,5MCM9FLFB,clust74
2162,UOLZ4ML7N,clust74
2163,M3TZNCQ39,clust74
2164,JSWTM8J9Z,clust74
2165,JVE1OMBAJ,clust74
2166,8UQVFUUEO,clust74
2167,8WWJ3UD7Z,clust74
2168,0TNSH90RC,clust74
2169,KZZ6HXNK4,clust74
2170,YGURXOOAR,clust74
2171,PQQYGTJZN,clust74
2172,9JZKPTONV,clust74
2173,CQKYF5NHS,clust74
2174,DECCY3FVB,clust74
2175,V6KKEOHA9,clust74
2176,HT0ZU2875,clust74
2177,VPAHMWE6Y,clust74
2178,GEXF8HSVA,clust74
2179,XG0PL3U4W,clust74
2180,70NMZRDT3,clust74
2181,5F16TBEKF,clust74
2182,IISWCHF1A,clust74
2183,45AMGIS8L,clust74
2184,34Z4ZWATJ,clust74
2185,1W6LJ9DT2,clust74
2186,7C6IEQ71G,clust75
2187,ZNWW73JMS,clust75
2188,ZA0Q93GD6,clust75
2189,TD5GSWE30,clust75
2190,A8TFAIADS,clust75
2191,9G6VYCSMZ,clust75
2192,HQTQKCU0M,clust75
2193,0TQO6AJI3,clust75
2194,50UXOO6TD,clust75
2195,1DRKQFEXF,clust75
2196,0PMUNN0JV,clust75
2197,0W3X17NT9,clust75
2198,I1V05BI8P,clust75
2199,NB2MPJ0JU,clust75
2200,BV0BE673Z,clust75
2201,19ZVCASP2,clust75
2202,5PTEWSWW5,clust75
2203,WQFDUXPN3,clust75
2204,UJ8GRPVWC,clust75
2205,QIBFK1NR3,clust75
2206,KCHE5S1HR,clust75
2207,2OLQMBC72,clust75
2208,OISBBWTDP,clust75
2209,HWDKX8EYA,clust75
2210,DJRQL3C1E,clust75
2211,4NFGG35RI,clust75
2212,XO8M953X5,clust75
2213,ILOSFKZPC,clust75
2214,28CIATE5C,clust75
2215,VRC1Z0HPN,clust75
2216,WK12FKP7L,clust75
2217,B87VYG12U,clust75
2218,2JIU81QBO,clust75
2219,W1VNSW6KX,clust75
2220,TDJASA1GT,clust75
2221,FHIBQ89QE,clust75
2222,9YYBD8TT0,clust75
2223,Q4WLOC83Z,clust75
2224,14P6MK6IZ,clust75
2225,NM215U06W,clust75
2226,KFTBYSJUJ,clust75
2227,X7UBENKNT,clust75
2228,BUIEUTEGZ,clust75
2229,N92QEPA3C,clust75
2230,0JB0HTVND,clust75
2231,BW12H79AU,clust75
2232,3QXFET4MS,clust75
2233,IX4GV2NL9,clust75
2234,O9T3N5FL8,clust75
2235,1CU3H7WN0,clust75
2236,3MY90S7ZT,clust75
2237,UMFVK350C,clust75
2238,1SOLBJJN5,clust75
2239,EECQ0TIEN,clust75
2240,TIPNQ27UW,clust75
2241,HM80057AP,clust75
2242,AVJD6OACK,clust75
2243,2UNXG7Y1T,clust75
2244,7DSQZYEP9,clust75
2245,DYMBVDZOD,clust75
2246,IDSOHNVMB,clust75
2247,BGNLT927M,clust75
2248,AQ7KEPF6K,clust75
2249,QX1PQ23IU,clust75
2250,AZXGTEGIK,clust75
2251,J9KKWIGFE,clust76
2252,GNFG4AZLQ,clust76
2253,MY1O6518R,clust76
2254,DM789TUX8,clust76
2255,4KYDN84EO,clust76
2256,NSZ9O15GA,clust76
2257,ZNE8CX26J,clust76
2258,ZY3D4GEPJ,clust76
2259,9BKVUMH09,clust76
2260,LR6BN61P1,clust76
2261,40V3VXC61,clust76
2262,4O8PLJHPP,clust76
2263,EGPU7UYXJ,clust76
2264,N19OUFOYZ,clust76
2265,VX1G6CU03,clust76
2266,8HVRCS22W,clust76
2267,KAVSQ04R4,clust76
2268,15OK1L1LV,clust76
2269,4F0P61DQT,clust76
2270,X11N9G88W,clust76
2271,1T59G1WU2,clust76
2272,V9DJVD88F,clust76
2273,5IXBVPE9A,clust76
2274,YXSWVY18V,clust76
2275,WR4WTP7EG,clust76
2276,GVFVEN6T0,clust77
2277,LAXNH3SX6,clust77
2278,A9FD08ODO,clust77
2279,EPWNLZUIU,clust77
2280,I7QJZ4CDM,clust77
2281,IR45F85CN,clust77
2282,6MVNVXABW,clust77
2283,QONBEH8A5,clust77
2284,3F7MRZH6K,clust77
2285,6KCFS034O,clust77
2286,RF4805G0V,clust77
2287,F83VXGZ2P,clust77
2288,DBFVB22MQ,clust77
2289,HVUA7VXST,clust77
2290,3D5D5BHB6,clust77
2291,3GEYQOSVR,clust77
2292,RRGI61IG1,clust77
2293,5O3RN72QJ,clust77
2294,3KKUXN41G,clust77
2295,V8FC7ER34,clust77
2296,103G16JVZ,clust77
2297,I8IUF9O21,clust77
2298,O0MUAW76H,clust77
2299,5I69BO46K,clust77
2300,MB191I9EC,clust77
2301,NHX3PXVTY,clust77
2302,9APULMSM6,clust77
2303,S01ZLJCVZ,clust77
2304,OPU4HYPX2,clust77
2305,56FQ5RAZX,clust77
2306,8M658OJUY,clust77
2307,P8ZOI1FDJ,clust77
2308,NCSKL2DYQ,clust77
2309,7AR7GT3NR,clust77
2310,VQDPXNLNJ,clust77
2311,0GWBOE0N5,clust77
2312,7N3BJRNLO,clust77
2313,420PGVEBP,clust77
2314,AQF6SWRXN,clust78
2315,PMWYEUPS7,clust78
2316,RBIW8LGTZ,clust78
2317,2AD7RUBNV,clust78
2318,IU3KN7VOM,clust78
2319,48G629OPD,clust78
2320,BABD9B734,clust78
2321,YC01VXB32,clust78
2322,OFV0CW2AK,clust78
2323,N3HH11BQN,clust78
2324,UEZ1B3DNT,clust78
2325,6NISA79S0,clust78
2326,I3FNQT7K0,clust78
2327,FESCNY3VU,clust78
2328,B0MVC937S,clust78
2329,456FKKD59,clust78
2330,PPV6HRLW8,clust78
2331,1XOFUXCF6,clust78
2332,TCPWWN9WC,clust78
2333,N87YKYI06,clust78
2334,9DQ2WADQP,clust78
2335,S1ZRRSSXK,clust78
2336,K2GA4TQQF,clust78
2337,GGEMBVL29,clust78
2338,PWEOR1D3H,clust78
2339,XIG6T9S76,clust78
2340,PPO446CPW,clust78
2341,OJ5PQDQUW,clust78
2342,MO0BVGTG3,clust78
2343,JARD45K98,clust78
2344,SH1PRTADN,clust78
2345,0BTDNQZF1,clust78
2346,BFW7MHOXY,clust78
2347,8HJLGEVK4,clust78
2348,16J0MBDG0,clust78
2349,PE5H6KEDF,clust78
2350,70NMZRDT3,clust78
2351,9HC7101P7,clust78
2352,EHDPWALT2,clust78
2353,M4U7J3QA8,clust78
2354,E2XXBG9SD,clust79
2355,FU1N4TYF2,clust79
2356,GPTN2254F,clust79
2357,1WG2PCW38,clust79
2358,X230HT4H1,clust79
2359,35NK0E173,clust79
2360,K7RWOUSTI,clust79
2361,VZKZ4CJ7R,clust79
2362,OR36V7MA8,clust79
2363,SXSKUMS84,clust79
2364,QKTKWITVY,clust79
2365,XISFL3YUG,clust79
2366,QVMZD9RW5,clust79
2367,29A1DUBTP,clust79
2368,JRA8NQELS,clust79
2369,J63I7URWU,clust79
2370,TOL9XY1BZ,clust79
2371,6R0H5509Q,clust79
2372,LJKV30DQC,clust79
2373,0WBE8JFIW,clust79
2374,XIANW1HI3,clust79
2375,5MUYN7MPY,clust79
2376,L97V7ZXN6,clust79
2377,HB1Y0TE89,clust79
2378,6MXSGOUV1,clust79
2379,AZAQ6AU88,clust79
2380,OSA6IKU39,clust79
2381,TTBELUESF,clust79
2382,348QOHWGE,clust79
2383,K5IFDBPOP,clust79
2384,3OI8NBCAH,clust79
2385,06MW1SZGC,clust80
2386,CG9OAYO36,clust80
2387,WJLUI16NL,clust80
2388,S78CVU0IR,clust80
2389,QUTX8OZW3,clust80
2390,NL6GPHWMS,clust80
2391,EK1KLQEJ7,clust80
2392,1JU4ZPU22,clust80
2393,33ICXQ3Z6,clust80
2394,OMD7IWJG4,clust80
2395,6IYGN70ZT,clust80
2396,TRN942L56,clust80
2397,EX2O0XL13,clust81
2398,C1S6KOJNU,clust81
2399,NB6DY5XZC,clust81
2400,RYY2R1Z8Q,clust81
2401,0W90EG9PK,clust81
2402,C2AVS2S94,clust81
2403,LKU53F7JV,clust81
2404,YA15LYT1W,clust81
2405,46YJQPY6F,clust81
2406,EA87RASFM,clust81
2407,ZJSOJ58C3,clust81
2408,RUVKU1215,clust81
2409,WL5DG6T5B,clust81
2410,4ETKI3K99,clust81
2411,4D9LE0URH,clust81
2412,DAHMMMFFR,clust81
2413,3PT3EKEGD,clust81
2414,2PDBI37G1,clust81
2415,LQCQKH7UC,clust81
2416,RIJPXQ6DN,clust81
2417,KFG4GOX4F,clust81
2418,1ZQSIGKJV,clust82
2419,IMDKN4F2L,clust82
2420,764M47PHL,clust82
2421,BEHVOEKQA,clust82
2422,E0JF2BQ8X,clust82
2423,EC9ZIHFHY,clust82
2424,I0XYN54L5,clust82
2425,H63E8IF3T,clust82
2426,B1YGO6HY5,clust82
2427,WHK61V4IT,clust82
2428,N1WEK9H71,clust82
2429,DL8UCUOXI,clust82
2430,RQLWNLNML,clust82
2431,MNL1BX8BJ,clust82
2432,MDRI7P1GR,clust82
2433,NGBS4GB0H,clust82
2434,C7KKETYY6,clust82
2435,H35MZZ2SY,clust82
2436,SJ83J9M8W,clust82
2437,LCSBHB2EX,clust82
2438,PW50UMB6U,clust82
2439,Y6JQ71GUS,clust82
2440,II01ZFP2B,clust82
2441,6GJYBQSPY,clust82
2442,2MCBRC1DJ,clust82
2443,GDXBFCZWY,clust82
2444,R6J33YF30,clust82
2445,XZ93WOEJF,clust83
2446,AGQEHUNRX,clust83
2447,CDBZE0LTM,clust83
2448,93QRG8MC3,clust83
2449,LIH0J8WDG,clust83
2450,TMV0ASWC5,clust83
2451,P9WAQ2YOO,clust83
2452,93SSMJ7F4,clust83
2453,BF1U3SVND,clust83
2454,AIQPUUAWK,clust83
2455,Z1KZI8B0I,clust83
2456,XSYZQNEUQ,clust83
2457,FBLVZKGZV,clust83
2458,MGO7I4Q3I,clust83
2459,WVI9Z910Y,clust83
2460,WW3A4EG4D,clust83
2461,1BZG1KE0Y,clust83
2462,6PT4GVO2I,clust83
2463,3O2YEUUU0,clust83
2464,V10WQFO45,clust83
2465,GFRR5NKSM,clust83
2466,37YO8EC7I,clust83
2467,R6G3W05BD,clust83
2468,SRDPEWS6T,clust83
2469,ZBUAH8LBD,clust83
2470,AJ5VH3T3S,clust83
2471,LWJA5A4IW,clust83
2472,N1RDMV0J3,clust83
2473,S5PMWAB4V,clust83
2474,AMM053W06,clust83
2475,T9EP740S5,clust83
2476,8LHR6HU4G,clust83
2477,CHFQDTUTW,clust83
2478,PAA49EBGO,clust83
2479,XF21U000I,clust83
2480,KX2SQX9I5,clust83
2481,96E32NU23,clust83
2482,OP50Z2MC5,clust83
2483,OWNVFSGEN,clust83
2484,015PD8R4T,clust83
2485,3TQ3ND64E,clust84
2486,W168UCKAY,clust84
2487,UWRNLFYAU,clust84
2488,S2WUAPSR3,clust84
2489,T6NO95PQV,clust84
2490,7NDEJ2RXG,clust84
2491,V0PDUL623,clust84
2492,F6DB36ZVO,clust84
2493,06SPYT6SI,clust84
2494,5Y7RO6UEB,clust84
2495,5ZGAE7H0W,clust84
2496,TT6GXRXWU,clust84
2497,71K8MDKF5,clust84
2498,31UGXKB6I,clust84
2499,DWGKSVQP7,clust84
2500,XAC5FU0KD,clust84
2501,Q4KUCIVNO,clust85
2502,Z0Q7YPYBR,clust85
2503,N5UOS56KQ,clust85
2504,NPPM52Y56,clust85
2505,VCVRO0MII,clust85
2506,KL0G9Y6YM,clust85
2507,JHXTF5E0M,clust85
2508,SLV0YAQJD,clust85
2509,WOL2W3Y8C,clust85
2510,938DK27XZ,clust85
2511,B5N64H8ZF,clust85
2512,083BYIC9N,clust85
2513,OQTLBLI41,clust85
2514,3D7YVZWH3,clust85
2515,XPGWVQVMB,clust85
2516,YK8ZLVFS2,clust85
2517,FFMCTZ0LH,clust85
2518,D4CZQOUXM,clust85
2519,E8RDHUM80,clust85
2520,TMUVPMO8S,clust85
2521,IKCKP4VAC,clust85
2522,R7101WYHU,clust85
2523,EGT7X3I77,clust86
2524,ZV6KY08RC,clust86
2525,0Z9QEXRCO,clust86
2526,R1KOF97IQ,clust86
2527,1G7S047H0,clust86
2528,E0TTAI0SE,clust86
2529,2QWHN1P1O,clust86
2530,BUQH4I2NS,clust86
2531,WDDWBEISI,clust86
2532,DZR84R00R,clust86
2533,K3PLWJPJ1,clust86
2534,E26EVHUZP,clust86
2535,E28NEHVEW,clust86
2536,NY0K9NRO4,clust86
2537,9PULZU9PQ,clust86
2538,T3XW07FDY,clust86
2539,O27NHYVFH,clust86
2540,CUB4KX5IR,clust86
2541,LHMAP5E4J,clust86
2542,T6U1N6H8Y,clust86
2543,1NL6XRXSD,clust86
2544,EMXET8687,clust86
2545,NEQQJQLMX,clust86
2546,WEDFFKDV9,clust87
2547,6MW2D0QMX,clust87
2548,PQURO1DT8,clust87
2549,RQQQNNX87,clust87
2550,EMFURT241,clust87
2551,7CFUO3TTO,clust87
2552,WQVTZCD54,clust87
2553,1DZANG4PV,clust87
2554,E5TOEBLR0,clust87
2555,8PURZGAHN,clust87
2556,JFR70J237,clust87
2557,R5WHL6T1R,clust87
2558,Q10REUHRK,clust87
2559,BFSYESSOG,clust87
2560,2L8METN0A,clust87
2561,QFRP4CVQG,clust87
2562,PVCQ5ZDZ2,clust87
2563,DQK7NXZP3,clust87
2564,68VVPRF5O,clust87
2565,I334SWG1R,clust87
2566,455ENEIP0,clust87
2567,80ZMB8C4U,clust87
2568,40EX21V8O,clust87
2569,LUISMZKLL,clust88
2570,R2ZPEM4D2,clust88
2571,58WZIK51Y,clust88
2572,B3O94VEPH,clust88
2573,SF4XUZ8GF,clust88
2574,MXRFD5UYO,clust88
2575,DFHVWC8K6,clust88
2576,BNVM8TMLJ,clust88
2577,YLURS3GCJ,clust88
2578,6FMQC45LR,clust88
2579,XRA2G7FIB,clust88
2580,0J8C9USPJ,clust88
2581,PPQL7113D,clust88
2582,L3UVCN6CG,clust88
2583,G9GQ5PTCK,clust88
2584,46TOC5QPR,clust88
2585,CH0542EXW,clust88
2586,8UD7JTX97,clust88
2587,MH2ASXWHA,clust88
2588,0MOZXD6MB,clust88
2589,0SPFULQB2,clust88
2590,PHLG69HPO,clust88
2591,8GZWB0CK7,clust88
2592,495PTJRR8,clust89
2593,9QW4X6PHO,clust89
2594,6Z7Z9L9LE,clust89
2595,HXEDAYCK4,clust89
2596,YM8OVQA1Y,clust89
2597,38KBSPIHZ,clust89
2598,IZLUUBW3X,clust89
2599,NSN6MVWCZ,clust89
2600,57YCR59QB,clust89
2601,QUSW34RX6,clust89
2602,1JCSCF2QV,clust89
2603,EUC7KIEFH,clust89
2604,RW9XKYP0A,clust89
2605,FL3LN55XK,clust89
2606,4QY2DEA9C,clust89
2607,ZGJGPF7LZ,clust89
2608,LFNL8U9MD,clust89
2609,JP32N8MRJ,clust89
2610,FUVYVPV9A,clust89
2611,PE56B2I61,clust89
2612,FELAFAV51,clust89
2613,9FKXIF4DD,clust89
2614,EWT67SH1S,clust89
2615,YV2LY9136,clust89
2616,OJG306EM6,clust89
2617,VF0A5M8KL,clust89
2618,7BHS5LCJG,clust90
2619,GYGQ3AV6C,clust90
2620,8AGAMTD54,clust90
2621,QB1PXP5ZC,clust90
2622,0V3VHYJOZ,clust90
2623,2IMH970NB,clust90
2624,SYX5GNJYZ,clust90
2625,7J5OVVBUS,clust90
2626,MBXTJ6Z3Y,clust90
2627,4LEFUC1U0,clust90
2628,LUEVYG6KY,clust90
2629,DX1X8VYOW,clust90
2630,L249WZI1O,clust90
2631,D69XQBUC1,clust90
2632,EIZ9W95AR,clust90
2633,7VEDVBM9T,clust90
2634,II8J7EL7S,clust90
2635,ZNZTUU7CG,clust90
2636,0YT5JA8GW,clust90
2637,80YNW006Z,clust90
2638,TXY9YAF4Y,clust90
2639,SKXVAIPW8,clust90
2640,HITZ53MHE,clust90
2641,QWCC4M5X9,clust90
2642,YE2H36TNE,clust90
2643,YA54L81JN,clust90
2644,OSMTKUZHP,clust90
2645,ILR30DIVW,clust90
2646,8H70N2069,clust90
2647,OQEKZ5VWC,clust90
2648,XUHVK10MD,clust90
2649,Y1U8NW56J,clust90
2650,8O56ZTGBK,clust90
2651,8ZNO8BIHL,clust90
2652,437HR0O4H,clust90
2653,B72PRUK02,clust90
2654,EH9RIUDQN,clust90
2655,KYFDHAA0R,clust90
2656,Q1Q6V5ELI,clust90
2657,VCFAHKOTU,clust90
2658,E79826B66,clust90
2659,X209AN2MT,clust90
2660,IQH3P06P4,clust90
2661,K10MRURRC,clust90
2662,VB8HOK11F,clust90
2663,254O3DSMI,clust90
2664,ZS91Y46I3,clust90
2665,01X4T9KQB,clust90
2666,SCE3X6T4Z,clust90
2667,F1FJJZEKQ,clust90
2668,8II0UTFNU,clust90
2669,HFFZL47FF,clust90
2670,AK2SA3PIJ,clust90
2671,Q758DGIMD,clust90
2672,ZITS5U2BV,clust90
2673,09XH8H0OG,clust90
2674,VNU6O9Y9L,clust90
2675,ZVLVDYJKB,clust90
2676,0MNKSCBCB,clust90
2677,NTI22690V,clust90
2678,KNSYXCE5T,clust90
2679,YSSXWLFZM,clust90
2680,J436DVDLW,clust90
2681,MBVY8ZOXM,clust90
2682,13DM33AZG,clust90
2683,9ITVA4OER,clust90
2684,GCP8I5V5Z,clust90
2685,664T8BYKI,clust90
2686,BT7PNDG4I,clust90
2687,HNXEDSRK1,clust90
2688,CDK9LGXKG,clust90
2689,C2SLVY7CX,clust90
2690,CZHEG8QIU,clust90
2691,97OE6POUI,clust90
2692,OY2FABD0X,clust90
2693,I60NCVDT6,clust90
2694,HZ5720BS5,clust90
2695,56B4LB1BI,clust90
2696,I15SH5UWA,clust90
2697,39ZTZCVXY,clust90
2698,HXKQYVDMA,clust90
2699,RQ04RMEH1,clust91
2700,AJN82Q9WI,clust91
2701,8WNHXLTYH,clust91
2702,UCSE57GD7,clust91
2703,WDOSK3RW7,clust91
2704,11BVRL1R7,clust91
2705,WS8H57TIM,clust91
2706,WC7DZ4L1M,clust91
2707,EHGPFQWVW,clust91
2708,DL21V2944,clust91
2709,5SKRKJY2M,clust91
2710,4IE21ZJND,clust91
2711,OG7L0GB6F,clust91
2712,9R9947M37,clust91
2713,XHBFN6HV1,clust91
2714,SQAQ8E20A,clust91
2715,NZBH2GA0C,clust91
2716,H18NF1W7S,clust91
2717,2AV2BWNYL,clust91
2718,BIH11LGQT,clust91
2719,CEQXULY5U,clust91
2720,0NZC796D1,clust91
2721,VG359LT0A,clust91
2722,RQMCG0JKG,clust91
2723,4S3SNRQT2,clust91
2724,ONU0BFDQG,clust91
2725,P5B8K2FP7,clust91
2726,HJ00K99WM,clust91
2727,CY6V88Q8U,clust91
2728,5IO7C214T,clust92
2729,CKTP9MZDP,clust92
2730,SVBHE33Z1,clust92
2731,R5JI44RIE,clust92
2732,F4LOHO3OI,clust92
2733,M57VCDEVW,clust92
2734,O6R9BU1AE,clust92
2735,X1ZAUSQP9,clust92
2736,P7LSNM56S,clust92
2737,MN97P3QRD,clust92
2738,6XP6OZKZ8,clust92
2739,9KPAMVDQ3,clust92
2740,KYTIFAIAQ,clust92
2741,FBUQXJ4SJ,clust92
2742,IBJKTO3HC,clust92
2743,Q7AE33JY2,clust92
2744,5LS9YO2V8,clust92
2745,SH5MDSJ4N,clust92
2746,1HMGH3YXQ,clust92
2747,ME37PTZO2,clust92
2748,LQGBAEJTA,clust92
2749,VECYBBEJN,clust92
2750,PWW6BD5J1,clust92
2751,3BUCTTUCC,clust92
2752,ALJZLT27X,clust92
2753,OUEAYD3V3,clust92
2754,YSN1P1BPD,clust92
2755,PBX2M4E3U,clust92
2756,0WVP8I17C,clust92
2757,1AUEUH2VR,clust92
2758,WW6WD6UZI,clust92
2759,KYM4V5TU0,clust92
2760,N6YJR0WSP,clust92
2761,00HNEAGAJ,clust92
2762,CUGGD2F8T,clust92
2763,DCMP01YAI,clust92
2764,J0RX9SBDE,clust92
2765,6FFA6GPVB,clust92
2766,NZGS8524L,clust93
2767,HF6FBYY47,clust93
2768,32MY47HGQ,clust93
2769,MUF93AH55,clust93
2770,HTOOP5BP9,clust93
2771,1TIT6QD69,clust93
2772,W0IAVXWH4,clust93
2773,AZB66ZE59,clust93
2774,4522CAHDW,clust93
2775,48U07QMN6,clust93
2776,L08ZG932H,clust93
2777,WPN10EHQT,clust93
2778,8TJ99VS3F,clust93
2779,IHFE57ODH,clust93
2780,DGTL2V03P,clust93
2781,SU3FHIVRL,clust93
2782,GPJKNUQVI,clust93
2783,YII53CS5B,clust93
2784,1MT0VLC8Y,clust93
2785,U30WN0G4I,clust93
2786,6IZCOG4XI,clust93
2787,9FVJVE6ZL,clust93
2788,XXV5VAAH1,clust93
2789,Y2KQSDGMR,clust93
2790,TER22Y23C,clust93
2791,F7HR6981W,clust93
2792,FCEBA6IMH,clust94
2793,KWEJ64MV6,clust94
2794,RHB9N1X6I,clust94
2795,WD5RH70B3,clust94
2796,2IMSE99HH,clust94
2797,LYRVOX2LE,clust94
2798,NXLX2TYV6,clust94
2799,USQX73C5W,clust94
2800,G7MUUV0Z2,clust94
2801,M4TOR4LS6,clust94
2802,ECINN61OR,clust94
2803,OWQ8DW76K,clust94
2804,ABUTWMMA4,clust94
2805,V35QO77IQ,clust94
2806,WJK2PU882,clust94
2807,IO819H46B,clust94
2808,OJLFDPTH5,clust94
2809,7GI240JS9,clust94
2810,YX38NBFOF,clust94
2811,64VOFJ31V,clust94
2812,FWVCCCNHW,clust94
2813,POWBOAB17,clust94
2814,57V1M5M89,clust94
2815,PSQS4ZTRK,clust94
2816,TSD65RCZ5,clust94
2817,ALH4OSR9I,clust94
2818,APXSKOORX,clust94
2819,DXAYPKAPS,clust94
2820,99EBZFQ1N,clust94
2821,UCEZ7NQ0V,clust94
2822,L8XK9Y20E,clust94
2823,W5KQJMXJ0,clust94
2824,H0BRPPXFS,clust94
2825,YK8J6Y9ZS,clust94
2826,UP5SVX63M,clust94
2827,IFXK2IYGA,clust94
2828,4QGB116GG,clust94
2829,BGMB7DVEB,clust94
2830,D5C9X4ASX,clust94
2831,LPDRJDCSV,clust94
2832,78KDFTD9M,clust94
2833,XJYQLNQX4,clust94
2834,FTQS4WZEI,clust94
2835,0IPXPQBCS,clust94
2836,MRTCS4ZVN,clust94
2837,VIUD8PJ2B,clust94
2838,ZF93046DP,clust94
2839,2572ZCL7F,clust94
2840,A0E06219H,clust94
2841,EHNM530RQ,clust94
2842,BI906IJ6Y,clust94
2843,JC6452OS1,clust94
2844,C0EGKB5L0,clust94
2845,LSWFMG0IS,clust94
2846,TJ4T22OUO,clust94
2847,M5XR7XLW7,clust94
2848,8EDG8VCDJ,clust94
2849,PEBQG1VOE,clust94
2850,BD5WQIU7U,clust94
2851,G1H7U4NOD,clust94
2852,1UMWS2SKT,clust94
2853,A5BQ9XAVS,clust94
2854,W4IYGT60O,clust94
2855,VLVNQC7ZL,clust95
2856,AE17A2P7E,clust95
2857,TMV0ASWC5,clust95
2858,62F1O3JOL,clust95
2859,OPBZB963E,clust95
2860,40PXXNB2D,clust95
2861,ZBLZIXJDM,clust95
2862,VG90BV6GT,clust95
2863,HJL9II3CK,clust95
2864,BF1U3SVND,clust95
2865,RADO18P2H,clust95
2866,C86A4TH2G,clust95
2867,E8IBJI86I,clust95
2868,HA5MKS9N3,clust95
2869,UCEZ7NQ0V,clust95
2870,7U7G04S8U,clust95
2871,RC8IBH0IC,clust95
2872,CTHBJ7F3V,clust95
2873,UI49C1JFF,clust95
2874,U7H3YXT6R,clust95
2875,OE60TPELR,clust95
2876,ZLVANQBHS,clust95
2877,3KSE9ZIBO,clust95
2878,0IPXPQBCS,clust95
2879,Y43OLAP2U,clust95
2880,X32KSJOMI,clust95
2881,OE1V4CJ49,clust95
2882,AWSR9J7A0,clust95
2883,YCGM7UB9G,clust95
2884,QHHWQ6FGB,clust96
2885,U1NPYBHW0,clust96
2886,CU3PZ91HW,clust96
2887,4UOH9RU86,clust96
2888,Z84JZ9FSV,clust96
2889,RF56WDO8Y,clust96
2890,E1Z1KLTJN,clust96
2891,4730B5LT9,clust96
2892,KYCTX3WBN,clust96
2893,D652B10Z0,clust96
2894,R0DHVRXDG,clust96
2895,3ALH6OGW7,clust96
2896,P68G8PR0H,clust96
2897,E97F72DOF,clust96
2898,8AS51UFN0,clust96
2899,ORTU9035E,clust96
2900,E3D8DMUQ8,clust96
2901,M0BXAR51R,clust96
2902,MZV7A5KTQ,clust96
2903,9EM0VFU9U,clust96
2904,9J8PQZ17Q,clust96
2905,SHBB7UABV,clust96
2906,YW1SWBHY4,clust96
2907,YZM3MZR95,clust96
2908,KJA8WJIEB,clust96
2909,P92KHSCR9,clust96
2910,SADYISCB0,clust96
2911,QLXZEGRSL,clust96
2912,G8U2M9WTE,clust96
2913,G204MHQNH,clust96
2914,I8AMAQLM5,clust97
2915,2Q8DKRGBM,clust97
2916,EPKWQTJCD,clust97
2917,A4NUZ22PL,clust97
2918,ZRMCEEM8Q,clust97
2919,WRLE5G8GG,clust97
2920,U3MARAWRW,clust97
2921,9U8HQ9DWK,clust97
2922,MEKD7VKBL,clust97
2923,M4DXAGNGQ,clust97
2924,OLWGOZSN8,clust97
2925,UEODF2X7A,clust97
2926,DXLP0Y284,clust97
2927,V8A8BQDRA,clust97
2928,LDN37CDIQ,clust97
2929,L9A2UBMV1,clust97
2930,COVEMZID3,clust97
2931,Y5MBOU7M9,clust97
2932,3GI2QLVLE,clust97
2933,MK01ZI3EW,clust97
2934,17L13XIVU,clust97
2935,MPI6QYLRO,clust97
2936,DH28OX6XY,clust97
2937,UHLJDIRZD,clust97
2938,3QGUZXD8B,clust97
2939,9XS4STZ9R,clust97
2940,NFOW326ZP,clust97
2941,6CMZ6E3AF,clust97
2942,LMGZ9KFB9,clust98
2943,ZV6KY08RC,clust98
2944,FX13U0K3Z,clust98
2945,WB2G9MHFC,clust98
2946,VVVGYCKIM,clust98
2947,CTN9R9XMM,clust98
2948,XRITEY6PT,clust98
2949,RFZZEE3E0,clust98
2950,UMISOEOOE,clust98
2951,UK9YVOPX8,clust98
2952,D408BJMD3,clust98
2953,WE685Y6KV,clust98
2954,MRP5VAJJ0,clust98
2955,IZEGIT959,clust98
2956,N7Z0CMBBV,clust98
2957,H163SOIQR,clust98
2958,W199O5O1V,clust98
2959,FTQ9UPKGG,clust98
2960,JT2KS915K,clust98
2961,6DO8RFVKP,clust98
2962,378VF7KKR,clust98
2963,SE7LN0QOU,clust98
2964,OE3EUY8EY,clust98
2965,M7TRE6B9L,clust98
2966,DN6XW72NA,clust98
2967,3RQGB2PH5,clust98
2968,MAL944N3R,clust98
2969,P6AWO6TRG,clust98
2970,FLRQCU1TA,clust98
2971,OYP0WKNSC,clust99
2972,563I60QTS,clust99
2973,PCMZEMW5O,clust99
2974,74ULNRKJ7,clust99
2975,9T5KNHU4E,clust99
2976,LJ49H6XDQ,clust99
2977,W4BEX6TN6,clust99
2978,CRPNAPNGN,clust99
2979,22JL9JMXL,clust99
2980,CVOC6II89,clust99
2981,W62U4S9K0,clust99
2982,TNN05SJTE,clust99
2983,Y80865P36,clust99
2984,PNS59CS6A,clust99
2985,3RBPW3X7V,clust99
2986,Y1THA71IK,clust99
2987,162BYSS4Z,clust99
2988,LSWIEUH5F,clust99
2989,ORENZJYN3,clust99
2990,N9WZIHAHL,clust99
2991,DP50U6HDY,clust99
2992,S0FM2OJSY,clust99
2993,233S4VIJO,clust99
2994,Z7J4LXN79,clust99
2995,V07Q2V9I8,clust99
2996,GAHH76Q7E,clust99
2997,YOD8YZGSW,clust100
2998,YTU0BHNGB,clust100
2999,TVA9U93ZZ,clust100
3000,OCVZ3I5SI,clust100
3001,ZWQJ44G69,clust100
3002,ZJAM0XJPT,clust100
3003,Y9O97G6DE,clust100
3004,5HK3O16J7,clust100
3005,4X413047Q,clust100
3006,QOXZK323D,clust100
3007,XUGE22VOG,clust100
3008,X6YXGOANF,clust100
3009,WFQ474MEK,clust100
3010,Q1NCST0I1,clust100
3011,BLF5L4B03,clust100
3012,2DZV9JKCF,clust100
3013,M17PZO0LV,clust100
3014,8WYV44HVQ,clust100
3015,DNMW2NWJU,clust100
3016,MOTWOB6H9,clust100
3017,OWHPEHZHB,clust100
3018,R0JDVT05C,clust100
3019,4SVHELMF1,clust100
3020,35M1DUKYX,clust101
3021,83R935AQJ,clust101
3022,GFAC2KXQ9,clust101
3023,WEHQ2O99T,clust101
3024,BJM9XAPNO,clust101
3025,4PRF1MVHM,clust101
3026,RR04ELEYH,clust101
3027,S75T7FZ92,clust101
3028,JB3JJ9PCY,clust101
3029,NGUJEFI3P,clust101
3030,4CGYQ9C3J,clust101
3031,GJVDACICD,clust101
3032,Y8MXZGL7R,clust101
3033,2OZIC9XOJ,clust101
3034,W9NLUWUAE,clust101
3035,5OOCMOOTC,clust101
3036,4K5RA81SE,clust101
3037,47J8WO6ZE,clust101
3038,HU5LTUPUB,clust101
3039,TRR5543FP,clust101
3040,SYIVUKWR5,clust101
3041,3WEZIGC5U,clust101
3042,4LSAW3CUS,clust101
3043,DZ4CK41U3,clust101
3044,JKX6CNCJ2,clust101
3045,J1IFQUEAW,clust101
3046,0DLBG00RA,clust101
3047,DYN7C5QBU,clust101
3048,27R4S68ZV,clust101
3049,CH1K8ER54,clust101
3050,W3QSK48AV,clust101
3051,QN3Z7Q71O,clust101
3052,RATKB0CKG,clust101
3053,DJGFBIJYV,clust101
3054,IGVHXMTDR,clust101
3055,NYUP3YPIE,clust101
3056,TCVLLIOUP,clust101
3057,444NLKTZ3,clust101
3058,AYHOYBKKM,clust101
3059,JWMQHGBXA,clust101
3060,AO3LPMJCP,clust101
3061,5M75UPLYH,clust101
3062,48SQTCB8C,clust101
3063,H9F0NUHZL,clust101
3064,YWP56IYPY,clust101
3065,HBJASTGPG,clust102
3066,NXCOOZT4D,clust102
3067,C169GYLI7,clust102
3068,WJNQO1E1L,clust102
3069,LHWQ2X3UV,clust102
3070,ITTU8NNHX,clust102
3071,EK987AXLP,clust102
3072,LTYW0T9IG,clust102
3073,1IU9QLCUS,clust102
3074,SWVC5ZAMC,clust102
3075,6T6CZTR6R,clust102
3076,L1DWL3MMH,clust102
3077,Q82RZARP7,clust102
3078,HHKQUYEUM,clust102
3079,B7Y08JTJM,clust102
3080,MJW2G0JDF,clust102
3081,65BPO4J8N,clust102
3082,AMQRX23IB,clust103
3083,JFTFOBDUD,clust103
3084,6FGX0WQVB,clust103
3085,RKMAZMDQI,clust103
3086,M9KTG9BP0,clust103
3087,U2GLL6EDX,clust103
3088,QYFWPEZ3Q,clust103
3089,6CTJTEE1A,clust103
3090,J9RZGVIDL,clust103
3091,0P2LDQ0CD,clust103
3092,G6PVOBD0G,clust103
3093,KUW2AAWGU,clust103
3094,C9OT0R0NC,clust103
3095,067SBL2JV,clust103
3096,0IDPT526P,clust103
3097,L6VQFILMQ,clust103
3098,Q5USF5XSD,clust103
3099,3WCVZAB05,clust103
3100,085CUSBL9,clust103
3101,KITRRCAR3,clust103
3102,YJI7023Z3,clust103
3103,WYIUQ0XZ5,clust103
3104,A8ZDJ5PDE,clust103
3105,7GIODT53Z,clust103
3106,BKVLC6XTX,clust103
3107,VBCIW7U2E,clust103
3108,ZYK5H50D3,clust103
3109,Y95FQN0II,clust103
3110,3R2KT4VO1,clust103
3111,9KFWPFK84,clust103
3112,VPEI880H5,clust103
3113,X1BJXGOI1,clust103
3114,WRHFK5UY9,clust103
3115,I6640UWBI,clust103
3116,9JSYLSJBN,clust103
3117,J8MKL6AHO,clust103
3118,XYWTWP7AP,clust103
3119,GMR0TEAJD,clust103
3120,L1N6K48H8,clust103
3121,GB00704SX,clust103
3122,A7W289IA3,clust103
3123,NP3Q2EYWB,clust103
3124,AY5XSBYCA,clust103
3125,AB50GU0I7,clust103
3126,T0K1MQKB0,clust103
3127,QRT3B50PT,clust103
3128,EX66D0UD3,clust103
3129,8VTQ3CDJH,clust103
3130,R8U3SEZC8,clust103
3131,R7XPZ6JV5,clust103
3132,JW6UY9IJX,clust103
3133,0CSQHF5JX,clust103
3134,3TQ0SIWVH,clust103
3135,4OW21HHI7,clust104
3136,B9DS2O6MW,clust104
3137,39CT32BOM,clust104
3138,41QQ9YOP3,clust104
3139,A5HLF0LRX,clust104
3140,D4IXCIHDH,clust104
3141,J438H24D4,clust104
3142,CP5XYUUIJ,clust104
3143,QP8JQ7RQD,clust104
3144,I26IPHDR6,clust104
3145,ECL1OM9TW,clust104
3146,IWUX9HXVG,clust104
3147,2KDA2DQ3W,clust104
3148,A0TE32MZR,clust104
3149,32FJUQPFU,clust104
3150,V0ON56ZYZ,clust104
3151,56WANC4UY,clust104
3152,9GJRMA20J,clust104
3153,R1CJAC272,clust104
3154,70405GTT4,clust104
3155,RUN3U9FDF,clust104
3156,IZZ9T36FD,clust104
3157,2FSSRVL3Y,clust104
3158,CHDDBHKGH,clust104
3159,V2OGK19VV,clust104
3160,A79O1V7GK,clust104
3161,I58T9MNZV,clust104
3162,9KQVNDXQB,clust104
3163,OGUFW7XVF,clust104
3164,PDYR07PTR,clust104
3165,CRHMCI8NF,clust104
3166,0QLAO7185,clust104
3167,WGRI0UDU0,clust104
3168,WV35U8368,clust104
3169,9L52CD0XW,clust104
3170,Y65KK06BE,clust105
3171,1GCK8TU9H,clust105
3172,GPFHLUZOQ,clust105
3173,X3ULQW1IB,clust105
3174,Y5KXCTNCC,clust105
3175,PF1C4INCH,clust105
3176,Z5Q2D8HRQ,clust105
3177,RPYMY7XJD,clust105
3178,YRBTIVKDS,clust105
3179,D4CRIJTRV,clust105
3180,U20ZGTQI4,clust105
3181,US6Y76NOS,clust105
3182,MOR56CYCO,clust106
3183,MKVWKQLC7,clust106
3184,PJ9WJSD57,clust106
3185,XXR92IEM4,clust106
3186,RTAM4EG9S,clust106
3187,DT9G80YZK,clust106
3188,00V0FFSE6,clust106
3189,K6OY56766,clust106
3190,2Y7P8B0A3,clust106
3191,CF3P9IAZO,clust106
3192,IMTFIX05S,clust106
3193,X33VS3F66,clust106
3194,6L185X52Y,clust106
3195,7F402J79A,clust106
3196,0OAUESIHK,clust106
3197,8AUEFDGUY,clust106
3198,3WSJ82GP2,clust106
3199,2NSKWGEB8,clust106
3200,T9TXC7QGO,clust106
3201,KE0CSLK6N,clust106
3202,R28FWG0T4,clust106
3203,2IQPKKF81,clust106
3204,CGVWH11CO,clust106
3205,IUH5GQIL0,clust106
3206,JNZ6OMRZO,clust106
3207,YQSX2SZ4A,clust106
3208,PY0MULE82,clust107
3209,BL5WT40R7,clust107
3210,9PLJF2EHL,clust107
3211,U4DPZV7GW,clust107
3212,DKN6A2OTX,clust107
3213,R3BEXKV91,clust107
3214,ELYPQ8JIG,clust107
3215,JPWVWWKBK,clust107
3216,8BFHH12MB,clust107
3217,0UYS2C1S8,clust107
3218,FRIX50RVK,clust107
3219,BRJZOLKTB,clust107
3220,24QWDYLOU,clust107
3221,K87OLBVZ6,clust107
3222,GKDETY22W,clust107
3223,9KMD8KQ8O,clust107
3224,WW3A4EG4D,clust107
3225,DERRIF41X,clust107
3226,T72K2ZE0S,clust107
3227,7WPDH8BRA,clust107
3228,AUW7EDGP0,clust107
3229,5XYBWGN1P,clust107
3230,HQWNQ605N,clust107
3231,LG1SAJ4NC,clust107
3232,G4BMQ5KTD,clust107
3233,52WWWRQDD,clust107
3234,9AHRGIKQ1,clust107
3235,RMDFAFMW4,clust107
3236,W7RKGQI1V,clust107
3237,LBMB0NC3A,clust107
3238,ITIS9LG80,clust107
3239,YDT2GADLI,clust107
3240,LEC6317S4,clust107
3241,VM0HYDI1A,clust107
3242,62J7MXC2B,clust107
3243,QLAU0VBIK,clust107
3244,F2DLW68PX,clust107
3245,OVVEV5X7D,clust107
3246,HGH4GJ7CL,clust107
3247,W4JMC4BQA,clust107
3248,3SO8XCROM,clust107
3249,6B9XZZF3X,clust107
3250,7HJ27I4W2,clust107
3251,O67EOV6IC,clust108
3252,ZIXYHD5EM,clust108
3253,3JLGF3G1T,clust108
3254,UEZ1B3DNT,clust108
3255,YH6KHAJ5Y,clust108
3256,J6XB7FQHV,clust108
3257,1YYH8H3XU,clust108
3258,BXU5OTEG6,clust108
3259,I28N7QA41,clust108
3260,ICDNLFSGW,clust108
3261,DGFN3V7NW,clust108
3262,943VQK1KS,clust108
3263,YWHX5IDW5,clust108
3264,M8ALRXRAO,clust108
3265,RMLESOLFC,clust108
3266,9VKBYMR7A,clust108
3267,8KRS6841B,clust108
3268,O91DBDEW4,clust108
3269,IDUPLNDDV,clust108
3270,1H950GYRD,clust108
3271,6LRLNJ4KT,clust108
3272,AV21QLHB0,clust108
3273,IEN0T1YGJ,clust108
3274,AMI3P6GLB,clust108
3275,7DKJ7RXT3,clust109
3276,IL3S75BRO,clust109
3277,GOODE9IYN,clust109
3278,S7Q2SK5BH,clust109
3279,7CWA7VB2T,clust109
3280,2EZGEPBMI,clust109
3281,ET48C31OI,clust109
3282,NR4NCZBSY,clust109
3283,RKCT07C4Y,clust109
3284,FWSZ2EOGL,clust109
3285,XM80MZZMF,clust109
3286,A9GUKCKLR,clust109
3287,7A7TZMQPS,clust109
3288,J1ZPKLT6F,clust109
3289,BI247DUOC,clust109
3290,L101FUOEM,clust109
3291,WXBPO953W,clust109
3292,VMXYH0ZUF,clust109
3293,R7H4DMX6L,clust109
3294,0WN56Y0R9,clust109
3295,IFUCCYLG1,clust109
3296,AAJF6EH9R,clust109
3297,2FSSRVL3Y,clust109
3298,28SOW18CC,clust109
3299,UJWPQYN0A,clust109
3300,JLJ51G693,clust109
3301,329JG4UUJ,clust109
3302,0DKLFN1IG,clust109
3303,ONMAGI65E,clust109
3304,NQMGL1EPT,clust109
3305,EUG4PK2AG,clust109
3306,854ZOA1HA,clust109
3307,Q93XW7IA9,clust109
3308,RAPY4TK0Q,clust109
3309,3XW1RWVDT,clust109
3310,QS42ANXZJ,clust109
3311,E6O8SE32U,clust109
3312,W36PMUJ1O,clust109
3313,D78KKG0TF,clust109
3314,FLRNBNBKC,clust109
3315,6VNFWU62I,clust110
3316,3PMJW3ZSC,clust110
3317,0HONIRIPM,clust110
3318,EPDYFI8OF,clust110
3319,Y1ALZ9RCA,clust110
3320,ZQ9EZDS00,clust110
3321,ZKT766FQS,clust110
3322,5BXYP93AX,clust110
3323,CEIRCYRSG,clust110
3324,WAN2SS5YD,clust110
3325,SG4A9BGKL,clust110
3326,B9ZHY4RRC,clust110
3327,RWOD27488,clust110
3328,89000TIJO,clust110
3329,CLLZNE13T,clust110
3330,ELHQQ4CWH,clust110
3331,5L4613R0F,clust110
3332,VSJ3PM8SE,clust110
3333,TFRF77LSL,clust110
3334,U8EMJ67QR,clust110
3335,22SF7NNU2,clust110
3336,LCG7ZI0JV,clust110
3337,00OIKS2CV,clust110
3338,SIPID7J26,clust110
3339,2DYTJJCIE,clust110
3340,MVNOB8NO3,clust110
3341,4WEL1FJC8,clust110
3342,1DL4CJHFX,clust110
3343,3O0R0QMAS,clust111
3344,PC7LZKQIC,clust111
3345,T88R8BGHK,clust111
3346,JFKBCAVBV,clust111
3347,PFBYZQV4E,clust111
3348,DKN6A2OTX,clust111
3349,3M5YH47XM,clust111
3350,5MROBRYMU,clust111
3351,844F9U0UZ,clust111
3352,170T6AR64,clust111
3353,S3FCRASTS,clust111
3354,J5NNLLKSD,clust111
3355,U1UZCMXC0,clust111
3356,2U1M5T5WK,clust111
3357,EDCYGYVE8,clust111
3358,7J3QVR03S,clust111
3359,URLR6VCDY,clust111
3360,TU1SLMR17,clust111
3361,IKZY8EQ45,clust111
3362,W4JMC4BQA,clust111
3363,429KSW6FZ,clust111
3364,Z3GCZB0RO,clust111
3365,7NM61HCQ2,clust111
3366,J7VMQ0943,clust111
3367,W4NLROMOW,clust111
3368,I8HBNQZK3,clust111
3369,5KFMHS1NT,clust111
3370,6JKO1XILD,clust111
3371,TFRZI0E6S,clust111
3372,0UK1EIE7N,clust111
3373,NFGCTK79K,clust111
3374,LCAR4C2AC,clust111
3375,9L2D3IE0O,clust111
3376,JHU69XW38,clust111
3377,U1MAET94L,clust111
3378,2C6KNA6EJ,clust111
3379,BQGJBDP2J,clust111
3380,Q732J20ZZ,clust111
3381,VXGFRB5WD,clust111
3382,Z99X9YIDA,clust111
3383,9PGUHLEYI,clust111
3384,TIEIGUGDF,clust111
3385,N4UCKD014,clust111
3386,F9MCMB72Z,clust111
3387,DXLD3REW9,clust111
3388,94IV059FE,clust111
3389,HH3U2173S,clust111
3390,RML6YR0NR,clust111
3391,73XEL1JDL,clust111
3392,E5AQSC74R,clust111
3393,DERRIF41X,clust111
3394,914Y0S91B,clust111
3395,OJQ2KT0JB,clust111
3396,UB8CG96RK,clust111
3397,BR22N5IN1,clust111
3398,11B5KCEFB,clust111
3399,LFZF5Q57M,clust111
3400,VS7UP8Q2B,clust111
3401,PTIN3BKVO,clust111
3402,P2IX1394Z,clust111
3403,PF8568C0P,clust111
3404,AM943NIR1,clust111
3405,2S532FU9P,clust111
3406,7Z29IAFKI,clust111
3407,QAOWE6IB3,clust111
3408,OLTF95274,clust111
3409,IDCSB0YRL,clust111
3410,GGKEVSJF6,clust111
3411,TBILXYV16,clust111
3412,8KEECSGBB,clust111
3413,GZRSY3DQZ,clust111
3414,AGONNB8P1,clust111
3415,TJ2ASIJ3N,clust111
3416,I6J5JNTAW,clust111
3417,VM0HYDI1A,clust111
3418,OUEWOEYE1,clust111
3419,0LI615BKM,clust111
3420,2LN8GHWFF,clust111
3421,27S5SBBGJ,clust111
3422,1XY85SCY9,clust112
3423,OVUVZ98DC,clust112
3424,K1VC9HHNU,clust112
3425,BKS6SKZYM,clust112
3426,VVFAM0N2S,clust112
3427,78U40577Y,clust112
3428,G2I7EBFP0,clust112
3429,2DNU6W9MT,clust112
3430,07LM4XOHL,clust112
3431,IBHOBOJ9M,clust112
3432,6KGC8SIUC,clust112
3433,O9MZ1Z7ET,clust112
3434,JMG6YT2L0,clust112
3435,0MOVLUNHE,clust112
3436,LQ3XNJLA9,clust112
3437,6UGGU05NX,clust112
3438,KDL08X9Q3,clust112
3439,FCN9GU6GA,clust112
3440,PEA0ALU5K,clust112
3441,E6GPUZ1AK,clust112
3442,8GROQ4KGF,clust112
3443,MSOUHBTW9,clust112
3444,S5CBFCY9E,clust112
3445,23GVZIQNB,clust112
3446,4MH6YFPVM,clust112
3447,JMAHUWC2D,clust112
3448,M1660P4SL,clust112
3449,NFUDH7BBV,clust112
3450,FPSPUM957,clust112
3451,EJAXJ0WV6,clust112
3452,54TT61HMP,clust112
3453,E0UZQH1FW,clust112
3454,JTVJ58Z7G,clust112
3455,DWSBVSYS1,clust112
3456,IFKYE4RO1,clust113
3457,WQD8F0OC3,clust113
3458,GXDRJ4TRK,clust113
3459,0BT29GG3F,clust113
3460,T6MAUI3S0,clust113
3461,1EO68GM51,clust113
3462,6UR1EV27A,clust113
3463,1CY9S48VJ,clust113
3464,74KTS80ES,clust113
3465,6A808LLJM,clust113
3466,1IJBXC6II,clust113
3467,QWN0PG6PN,clust113
3468,4B6RV5N8W,clust113
3469,KKWQ76MZO,clust113
3470,RQ3BC3QF0,clust113
3471,04X9QCJ7N,clust113
3472,9NCPTOLSR,clust113
3473,L38KQYSKO,clust113
3474,8DJ928G1U,clust113
3475,JMEFUQTCY,clust113
3476,XO2IP210Q,clust113
3477,1FV2F2834,clust114
3478,NTXRP29S4,clust114
3479,UU7FP1N2N,clust114
3480,HK5RA8VN2,clust114
3481,WE04ZECCM,clust114
3482,L8DLJSDV1,clust114
3483,YVF8GV2DY,clust114
3484,76D4IYYXB,clust114
3485,CU9B42AVV,clust114
3486,B6QVWTDA9,clust114
3487,GSG4LGYHU,clust114
3488,993AEN1T1,clust114
3489,90XHISVT2,clust114
3490,D1YV3TPGO,clust114
3491,XP4L6PVRP,clust114
3492,DZR84R00R,clust114
3493,CKW9QEHDH,clust114
3494,K3PLWJPJ1,clust114
3495,5DK8S60AX,clust114
3496,M502IBG2Q,clust114
3497,QFH3715U1,clust114
3498,UZFZPNAGD,clust114
3499,W9Z1HWII6,clust114
3500,1WS6CEO7Q,clust114
3501,85QL0RW9T,clust114
3502,2TZN6OZZU,clust114
3503,S6I4R66FD,clust114
3504,D1BRYFYJ6,clust114
3505,PAV6AJOLA,clust114
3506,CNJ9ME8AB,clust114
3507,0NJTBZZMA,clust114
3508,QGTNPBBUQ,clust114
3509,IZNSUXZLE,clust114
3510,6PR6BYZN2,clust114
3511,1ET3RF36X,clust114
3512,VHXB0SMSE,clust115
3513,INY4B5OPF,clust115
3514,JKE6NZH7E,clust115
3515,0L38MD7OZ,clust115
3516,KA9JD8A2M,clust115
3517,U1CJPMH9F,clust115
3518,JZYQQEUT3,clust115
3519,F82WJA7OS,clust115
3520,T3NQ1BZMG,clust115
3521,EMU4DGEJG,clust115
3522,4R2EL15QS,clust115
3523,KTERVK8OL,clust115
3524,FKOJPWUQE,clust115
3525,P9Z0K9YIX,clust115
3526,JGQI0EM1R,clust115
3527,0TKIDG5WP,clust115
3528,53FXCBQYV,clust115
3529,EARBVAFK3,clust115
3530,2P4EGKP1X,clust115
3531,L3NG1JIPA,clust115
3532,TFI08FFRX,clust115
3533,NS0CE6Z7Y,clust115
3534,GPBMDFOBB,clust115
3535,5ATBUHR1C,clust116
3536,61APPLE8R,clust116
3537,H2ROAYDAF,clust116
3538,F6P8CZ5UF,clust116
3539,PLMP64CC7,clust116
3540,PBCTI0PHJ,clust116
3541,KJ2FIFE0U,clust116
3542,S2O5A4MCN,clust116
3543,JMG6YT2L0,clust116
3544,8OOZT94SC,clust116
3545,DHMYPMCDU,clust116
3546,OIUXBDTO7,clust116
3547,N8WX387CU,clust116
3548,FEW1DRYSU,clust116
3549,92MHZWZGT,clust116
3550,0RETU2IQZ,clust116
3551,8GROQ4KGF,clust116
3552,CEZHF3OFV,clust116
3553,LA90R0C4T,clust116
3554,S5CBFCY9E,clust116
3555,4MH6YFPVM,clust116
3556,LEX6Y9O3C,clust116
3557,OBRW61AUG,clust116
3558,E6ZQXKPC9,clust116
3559,NFJNEONHW,clust116
3560,RQPEXPM4L,clust116
3561,EZQE675MM,clust116
3562,EJAXJ0WV6,clust116
3563,54TT61HMP,clust116
3564,JTVJ58Z7G,clust116
3565,0PS3UG706,clust117
3566,PVAK1RD6J,clust117
3567,A3UG14R86,clust117
3568,CV070I07P,clust117
3569,YGWF8BZ0Q,clust117
3570,IL1PD51JB,clust117
3571,SERJEBNAH,clust117
3572,YHCJSW3ZJ,clust117
3573,0C862NVTG,clust117
3574,7T0FU55JW,clust117
3575,S29S5IGMC,clust117
3576,Z7L25A3HK,clust117
3577,52UMYZ0AQ,clust117
3578,CXMGWAJYV,clust117
3579,NQSW0LCBH,clust117
3580,DVMMJX5E9,clust117
3581,UOPJY4VGT,clust117
3582,5SW2OYSDM,clust117
3583,W4COISFMV,clust117
3584,KJCAOAURA,clust117
3585,SIHDDXBVF,clust117
3586,6R95XSO8N,clust117
3587,IEOR1SXLA,clust117
3588,1Q9VKCPLD,clust117
3589,4JXE6A4NR,clust117
3590,M20R85TO4,clust117
3591,4DK9EQVWV,clust117
3592,WQZKTFG50,clust117
3593,OVUVZ98DC,clust118
3594,53XPU1VKD,clust118
3595,15ZWR19LP,clust118
3596,94J6OKYJ2,clust118
3597,E416S7D6T,clust118
3598,Q10YY0GLA,clust118
3599,JGE2HRFPU,clust118
3600,RN101K3DQ,clust118
3601,AV5EZ7CAN,clust118
3602,41DQ5QXYV,clust118
3603,J2QRFW5I1,clust118
3604,7FLEXA6I8,clust118
3605,FJRGIPHUH,clust118
3606,IFV92MWK0,clust118
3607,MMDUXK5YB,clust118
3608,C4YJ2FZWX,clust118
3609,T2MKQ79FV,clust118
3610,JRIT07PV7,clust118
3611,O4SNLDY4A,clust118
3612,U4QDMHEUM,clust118
3613,6RQLSX3L1,clust118
3614,CRE4KZO5H,clust118
3615,PYXZ30RVI,clust118
3616,B5LA7P290,clust119
3617,R4NPAD8ED,clust119
3618,B2WY34XT8,clust119
3619,RUDQJY3C2,clust119
3620,MFQ4622VP,clust119
3621,DBKNL1DWF,clust119
3622,CCCLI4R7W,clust119
3623,DIYWDD2PT,clust119
3624,YWMW9H334,clust119
3625,X5X5J6EU9,clust119
3626,FIM2AXUBH,clust119
3627,4ZJR8DLK5,clust119
3628,LU5M88NT3,clust119
3629,M22UJGYIL,clust119
3630,F75LQHROT,clust119
3631,09VKKIW3W,clust119
3632,CRPUQ97OJ,clust119
3633,A19CWC6ZT,clust119
3634,C1DYLQCOH,clust120
3635,4BXK8HUUX,clust120
3636,G924N98WP,clust120
3637,0UCNYG5CK,clust120
3638,E125PLIL6,clust120
3639,RATJ2RTGK,clust120
3640,5RGGF4TYL,clust120
3641,FVYHRK21K,clust120
3642,Z2MJCX3SP,clust120
3643,15T7DRU0Z,clust120
3644,1Q3Q90SV2,clust120
3645,OWGDOM8GD,clust120
3646,63BPPB3UW,clust120
3647,HANFTNNGW,clust120
3648,S1MK0KQ5O,clust120
3649,11CD3QEGM,clust120
3650,UK4ITPPBJ,clust120
3651,H1KKE2PL1,clust120
3652,PZPGPKW6L,clust120
3653,PBM9AEGVI,clust120
3654,YCM9TR32H,clust120
3655,ZNXZFV76I,clust120
3656,MS0470NPU,clust120
3657,H67O4P7SJ,clust121
3658,IL3S75BRO,clust121
3659,VCUF1DQ0X,clust121
3660,Q2KT5V0AK,clust121
3661,5451O4ZEB,clust121
3662,DKMMN9QRL,clust121
3663,XNVODJQAU,clust121
3664,L4060Z3W4,clust121
3665,CPOMMX40I,clust121
3666,KYCTX3WBN,clust121
3667,GA45I7N1S,clust121
3668,BAR9AGK7L,clust121
3669,CNM5GOEKP,clust121
3670,YWZ25FXWV,clust121
3671,R8UU3WWI1,clust121
3672,3YALIU3WG,clust121
3673,82GDXPMT7,clust121
3674,W1VV8ENCG,clust121
3675,J6G5TK29Q,clust121
3676,3DY2QGRWI,clust121
3677,N89NNNU2F,clust121
3678,F0J3TGWYU,clust121
3679,0BTDNQZF1,clust121
3680,2P8EFRQJL,clust121
3681,XCTUOFBHU,clust121
3682,16J0MBDG0,clust121
3683,Z0ACR55AD,clust121
3684,RXLVFVCNB,clust121
3685,BX48GOZDP,clust121
3686,1G9RT02TG,clust121
3687,ORTU9035E,clust121
3688,QNONRPUJ0,clust122
3689,6HGVX1Y4S,clust122
3690,1UQSED86Q,clust122
3691,0TM1E7MT1,clust122
3692,GTI2GZ6XF,clust122
3693,ZVFCXN7SP,clust122
3694,12NAGBXJ9,clust122
3695,SOS9PS94Q,clust122
3696,KMSV9L2XW,clust122
3697,01L6VT7DN,clust122
3698,LBXY2XIQG,clust122
3699,0EJCHZJ3E,clust122
3700,X6XAGFMOS,clust122
3701,K1EYASYE9,clust122
3702,VEKCFL5VR,clust122
3703,S8AFQUHAD,clust122
3704,2MMDJSTE5,clust122
3705,4J81EWKZZ,clust122
3706,R81ZY76R7,clust122
3707,BWLPU90DP,clust122
3708,960H3ORVN,clust122
3709,NQEK55TTG,clust122
3710,MLDCFFL0X,clust122
3711,ORLE0RKYA,clust122
3712,TNWFLKG1G,clust122
3713,ZY7WMSR9M,clust122
3714,W6XCJ37PU,clust122
3715,3LWY1U86F,clust122
3716,XFJI3GNSJ,clust122
3717,IJ87GPOBO,clust122
3718,2LUBJZJ09,clust122
3719,LXYEB8KVT,clust122
3720,4AK698XCY,clust122
3721,GEBEURCQ2,clust122
3722,MWX6VP7YQ,clust122
3723,YGPHYG01W,clust122
3724,HQDZOCWVC,clust122
3725,2I9I6MHND,clust122
3726,E3NIIVE5J,clust122
3727,6GEMPKMEP,clust122
3728,O5YRQSNWR,clust122
3729,W962SS9B7,clust122
3730,T6E5VASGM,clust122
3731,C7CUO304E,clust122
3732,DPB9A3VIJ,clust122
3733,5IJT4U9ZD,clust122
3734,377B6FIP0,clust123
3735,O6FBJIJM9,clust123
3736,ELF1P6N9C,clust123
3737,97TTMR49G,clust123
3738,4IXRHILMV,clust123
3739,DNHJI3YC7,clust123
3740,GFCAQS5UT,clust123
3741,KV3LO2HXS,clust123
3742,BQS2NF24X,clust123
3743,9GJRMA20J,clust123
3744,R3TWGEV21,clust123
3745,2FJH5GHUO,clust123
3746,GHC4Y3U9D,clust123
3747,K83FTISQ6,clust123
3748,A79O1V7GK,clust123
3749,I58T9MNZV,clust123
3750,G1CZN3GPN,clust123
3751,32EHA10U1,clust123
3752,E3BFJ0TTN,clust123
3753,WGRI0UDU0,clust123
3754,UM3BHP5UX,clust123
3755,86J7YOH4T,clust123
3756,YE7U5FW01,clust123
3757,5N1A6XOAG,clust123
3758,UF1CDORWV,clust124
3759,RQCAYNN76,clust124
3760,3QIXSEUHG,clust124
3761,R2GWDR6F7,clust124
3762,P5OPW9UDV,clust124
3763,GCCDBUGKK,clust124
3764,5YILQZE5D,clust124
3765,0EA6OAAPM,clust124
3766,SPKSNI4LM,clust124
3767,BT209IZ02,clust124
3768,PX3V3TO12,clust124
3769,L6QF8RH1K,clust124
3770,TFV5JS8NC,clust124
3771,MVWN87X9W,clust124
3772,O9URGI6L9,clust124
3773,5UM5A60FW,clust124
3774,6YE4ZOQXW,clust124
3775,4QROSADST,clust124
3776,RFCB0637W,clust125
3777,WJFRB8H3A,clust125
3778,FLRNBNBKC,clust125
3779,F4L7ASD1T,clust125
3780,Q3YYEHNL1,clust125
3781,4Y9506OEQ,clust125
3782,J394SUZ7S,clust125
3783,8E57SPTIO,clust125
3784,PFSA75PZE,clust125
3785,REYRUOHXE,clust125
3786,7N3C08SC1,clust125
3787,9GATHOORZ,clust125
3788,48RAJA79Z,clust125
3789,9YWW6CHT4,clust125
3790,6KCUIX852,clust125
3791,1CU0WCP2D,clust125
3792,LRLS60N0M,clust125
3793,A5TPTQ6ZM,clust125
3794,8TPXDG42T,clust125
3795,DQG4I21KC,clust125
3796,8YEB38794,clust125
3797,N3DPQ5Z9R,clust125
3798,U1YLDJT5L,clust125
3799,TI57LRHOO,clust125
3800,TSE8VOHW1,clust125
3801,43DZWDYZB,clust125
3802,D40OFA49M,clust125
3803,SJM6KU2G5,clust125
3804,S3EG3S95N,clust125
3805,RISQLVJYG,clust125
3806,PW35TRXU6,clust125
3807,J6OOFFTVI,clust125
3808,J3HR7I7S1,clust125
3809,HILTOLDZZ,clust125
3810,M5MC2U9I6,clust125
3811,FUP96GNJX,clust125
3812,J3ZNQB4K0,clust125
3813,XC6E2MH2K,clust125
3814,5QIQLV5JG,clust125
3815,VCCPTOBWU,clust125
3816,EUDIR1RMW,clust126
3817,94Y435G2Q,clust126
3818,HVN4WCKNF,clust126
3819,31T4JHBSQ,clust126
3820,50RTA78XQ,clust126
3821,DWW5SV8NM,clust126
3822,GXETTZVTV,clust126
3823,T273G1Q6I,clust126
3824,ZKSSPA3YX,clust126
3825,4R7NEZUKL,clust126
3826,QW2JN8GWB,clust126
3827,LIQJ7G429,clust126
3828,3WKXDXN9U,clust126
3829,OAWACT71S,clust126
3830,Q0VTU3UO1,clust126
3831,3RWUN227F,clust126
3832,09XZMSJTC,clust126
3833,AZBWJ9XPS,clust126
3834,KALQSKQ7H,clust126
3835,QP80TJIK0,clust126
3836,F0NGEHRCJ,clust126
3837,04X9QCJ7N,clust126
3838,M4E5LIUZ1,clust126
3839,S6MGZ0J9Y,clust126
3840,91TW6HFPZ,clust126
3841,W58KF1QBN,clust126
3842,H1CLR80F0,clust127
3843,RJY8TEY2E,clust127
3844,OSE9JC7KL,clust127
3845,HCFR7MC37,clust127
3846,U8MNY0NK9,clust127
3847,N07YB249X,clust127
3848,JZL4YIJCQ,clust127
3849,8J39KSY4Z,clust127
3850,1BOD4FPSY,clust127
3851,CBRHZ5VX6,clust127
3852,WOMU4P58B,clust127
3853,LS0MVABVH,clust127
3854,QZ6XT2PKV,clust127
3855,ZDVV5WDFL,clust127
3856,RN9SPAI4Q,clust127
3857,5HLIG588M,clust127
3858,D5I6PXCIW,clust127
3859,RABYQUAW3,clust127
3860,CCQ6YPN2O,clust127
3861,PZOR9APOI,clust127
3862,PIIF9E89G,clust127
3863,EX3RN5RW3,clust127
3864,PPDG3O932,clust127
3865,0UDIOCAYK,clust127
3866,A97N8BX2T,clust127
3867,6KBV1DTUT,clust127
3868,8I92Q0L51,clust127
3869,019LUBUPB,clust128
3870,ATROOD57N,clust128
3871,XLEXPJGXV,clust128
3872,V94O1FJ39,clust128
3873,YZ0BZ2B3R,clust128
3874,BTBG919XV,clust128
3875,MYOT2VXMK,clust128
3876,8IYDL89VL,clust128
3877,AU1SWC3UG,clust128
3878,D6TVBEKXO,clust128
3879,89YLNFCG1,clust128
3880,MT9URI32M,clust128
3881,C96Q5XIYN,clust128
3882,54LTJ1A35,clust128
3883,GQPZ9HJVJ,clust128
3884,25SR1WIMW,clust128
3885,HS7QLVBAI,clust128
3886,I0LOG17WO,clust128
3887,TGF54HJRV,clust128
3888,5O4YPUUK6,clust128
3889,MFU1GZNOH,clust129
3890,WL7XITQU5,clust129
3891,TWK2OX9FU,clust129
3892,GWLCKXDEZ,clust129
3893,7Z29IAFKI,clust129
3894,J7VMQ0943,clust129
3895,I0EGOX3ZE,clust129
3896,G7MUUV0Z2,clust129
3897,DXLD3REW9,clust129
3898,C9U0FYLY7,clust129
3899,K8P8RECEC,clust129
3900,BLLKKMSIH,clust129
3901,JRQANLB7T,clust129
3902,YK8J6Y9ZS,clust129
3903,7F5W3F1OX,clust129
3904,KX59J6PRG,clust129
3905,2Y6XYS12P,clust129
3906,9L2D3IE0O,clust129
3907,7UGXLCEZ5,clust129
3908,75K6EWA63,clust129
3909,EZC4ADRZR,clust129
3910,1ENZEYKXZ,clust129
3911,URLR6VCDY,clust129
3912,6L3V7G2UG,clust129
3913,S8D8JYRZV,clust129
3914,NGAAON2L9,clust129
3915,3490JYGVM,clust129
3916,PAFB8GTAC,clust129
3917,8I5UXCO91,clust129
3918,916NJEN6U,clust129
3919,WRNMPSCTK,clust129
3920,V7V9YN87V,clust129
3921,JXZ0UW3JR,clust130
3922,QN9IVQUIB,clust130
3923,1KMUOH47I,clust130
3924,COSPY80KE,clust130
3925,MAD1WK2HN,clust130
3926,Y5PB8F9G1,clust130
3927,08RZWTGAI,clust130
3928,C7SAB7SNT,clust130
3929,W49N8KKOQ,clust130
3930,H2TIRKQKJ,clust130
3931,0ZXZPXZMS,clust130
3932,S3CA9KLX4,clust130
3933,F7O7JP657,clust130
3934,OE8J8D5YU,clust130
3935,0MRLB05RG,clust130
3936,7KRNITS3W,clust130
3937,ADMQFHZK2,clust130
3938,SWDADG6WG,clust130
3939,4X413047Q,clust130
3940,7EOSTUJE2,clust130
3941,9U8U1CYQD,clust130
3942,I1P8SAZTC,clust130
3943,462LDEX3G,clust130
3944,FUTZ1N3F1,clust130
3945,2IZME9E4G,clust130
3946,43MUE3J5A,clust130
3947,SKV8LMG6Z,clust130
3948,9JZRKJWQF,clust130
3949,I390LDN9S,clust130
3950,AGSWUDX7I,clust130
3951,TJ9HK2J1K,clust130
3952,GBE0U6T83,clust130
3953,BC4V5QVWP,clust130
3954,0P11YV236,clust130
3955,WHY3SQDCZ,clust130
3956,BPPKCGQ9S,clust130
3957,ZVQE50CPI,clust130
3958,Y073DQJ9U,clust130
3959,T8FKRQIOT,clust130
3960,ZU2GFACJK,clust130
3961,XZZ1D4ZJE,clust130
3962,OWHPEHZHB,clust130
3963,08SWALY0B,clust130
3964,9OLTBPQWB,clust130
3965,BYRG8RT2G,clust130
3966,5NJUNEM55,clust130
3967,9UVB6GG5K,clust131
3968,MKVWKQLC7,clust131
3969,X1OVWR5ZU,clust131
3970,FV2F7NSJZ,clust131
3971,YJI7023Z3,clust131
3972,RTAM4EG9S,clust131
3973,8R5ECXFU4,clust131
3974,FY3HVPMWI,clust131
3975,N7ZYD8MOV,clust131
3976,88999H81I,clust131
3977,BVGVZAPY8,clust131
3978,3YVR7EH44,clust131
3979,COVZ4R0CO,clust131
3980,JDS9ZJ6MZ,clust131
3981,N17C5XHRH,clust131
3982,2X8WUM7WU,clust131
3983,03VBM4ZUC,clust131
3984,8E8ZC6184,clust131
3985,D7JYMOQBD,clust131
3986,AC7GRKJLV,clust131
3987,W1GU28Q7Z,clust131
3988,DA47HX3M8,clust131
3989,FGJMKVP9H,clust131
3990,88YI06B6K,clust131
3991,6WDSSQYVM,clust131
3992,QRT3B50PT,clust131
3993,DCZIP3NUC,clust131
3994,1XFHQA1E8,clust132
3995,HIX8J8CW5,clust132
3996,IYADT21NL,clust132
3997,A0JIX6DID,clust132
3998,8JRIGLKCF,clust132
3999,3SD8DN2AW,clust132
4000,APHLYVLC0,clust132
4001,D9RBDIOL0,clust132
4002,2RA8MCQPG,clust132
4003,QC22E5Q6K,clust132
4004,L44ZTIPX4,clust132
4005,MD9WJ4T2T,clust132
4006,RPSQ8IK5A,clust132
4007,K8XDG0BWO,clust132
4008,5B3Q17U56,clust132
4009,ZJAJTIOUK,clust132
4010,OKTSR09LB,clust132
4011,44BWRZM4N,clust132
4012,VAHRUDUJ6,clust132
4013,EUQ38P31C,clust132
4014,OEF5000C5,clust132
4015,MO4PZXJ8Y,clust132
4016,8PMEF5IUD,clust133
4017,2RAY55SWP,clust133
4018,VHSHC61I8,clust133
4019,ESTK7T6P1,clust133
4020,P93GFKODM,clust133
4021,J6RZI5FWA,clust133
4022,DMW4R2J1A,clust133
4023,TSD65RCZ5,clust133
4024,J990U0DYZ,clust133
4025,63POERV3P,clust133
4026,5MR608864,clust133
4027,2A3TTQRAQ,clust133
4028,E34HEJWJN,clust133
4029,0N1HWVISQ,clust133
4030,K38818GMI,clust133
4031,U418749W3,clust133
4032,GD5JEBNLG,clust133
4033,R1RQ19EN4,clust133
4034,HM36ISKS2,clust133
4035,Q988BOGZH,clust133
4036,V6HHBY9B7,clust133
4037,ZRE65F504,clust133
4038,YYL8GZXMD,clust133
4039,VX22RSEG1,clust133
4040,4QYSG1JTI,clust134
4041,HGWGSX9WI,clust134
4042,LUQFI5EOG,clust134
4043,YTU0BHNGB,clust134
4044,9E65CEBVX,clust134
4045,XL7Q0NF2I,clust134
4046,5CCZ5W2PG,clust134
4047,4CR1F7H1D,clust134
4048,O893081J5,clust134
4049,2TS5RQWDI,clust134
4050,7C7OJXCBF,clust134
4051,YVEFETQQG,clust134
4052,XUGE22VOG,clust134
4053,OWD7ZF57J,clust134
4054,OHXON5AY7,clust134
4055,QW3NRQD61,clust134
4056,5KWAU2ONJ,clust134
4057,XTILED38T,clust134
4058,NORTPQLCA,clust134
4059,7IRE1CCCC,clust134
4060,DNMW2NWJU,clust134
4061,21QW58OKO,clust134
4062,4GZKRJA02,clust134
4063,50GI9L346,clust134
4064,IPE0ZQ5VD,clust134
4065,BV2HR57AJ,clust134
4066,LDPU5ODDE,clust134
4067,J0RX9SBDE,clust134
4068,9E69PE8EO,clust134
4069,3N3NGFMP3,clust135
4070,WETFGK1XD,clust135
4071,3J0OBTEB0,clust135
4072,HQTQKCU0M,clust135
4073,5W9726LZP,clust135
4074,SSO3JAYO1,clust135
4075,W0IY378IE,clust135
4076,K1EYASYE9,clust135
4077,QBTN338VD,clust135
4078,A1FGOVRFM,clust135
4079,7M16BJS8D,clust135
4080,R81ZY76R7,clust135
4081,AHSRMK4RF,clust135
4082,SCXIVJQ6M,clust135
4083,P8P954GXN,clust135
4084,6CL6603P2,clust135
4085,DMFY9ZDBE,clust135
4086,V0L48ZOER,clust135
4087,U54PXPHMI,clust135
4088,SH3ALDP42,clust135
4089,6RT79SKI4,clust135
4090,RVDYPE0TO,clust136
4091,56EJQ5MFK,clust136
4092,2KHI20P5A,clust136
4093,Y6E6Q2JYR,clust136
4094,LHH4XV8FY,clust136
4095,EB7QFUPAJ,clust136
4096,09144M14F,clust136
4097,XKMMKYAOK,clust136
4098,CK16JGVUY,clust136
4099,IEETGQY5O,clust136
4100,L08ZG932H,clust136
4101,SPHYBFVE9,clust136
4102,AWGC5SU5W,clust136
4103,AKN62WKD5,clust136
4104,RA64WOQYJ,clust136
4105,Q10REUHRK,clust136
4106,FDYII5NKN,clust136
4107,RQH6LZ1DN,clust136
4108,94UL7H0N6,clust136
4109,1623NEYFB,clust136
4110,9ZTMNJBFI,clust136
4111,48W25WZ1W,clust136
4112,W8Q903OX1,clust136
4113,3GJPR4QJK,clust136
4114,40EX21V8O,clust136
4115,70NBP772W,clust136
4116,IOJPBLNLK,clust137
4117,77JRBFF8Y,clust137
4118,4XGF7EN0J,clust137
4119,XBZYWRJI0,clust137
4120,OPDE4I6YT,clust137
4121,5WEF6TYF0,clust137
4122,M5AIVQ0YF,clust137
4123,EX5KEUXZJ,clust137
4124,EC111JBFI,clust137
4125,I89RQY8MN,clust137
4126,GNOZOMKVT,clust137
4127,J3B9JRMCQ,clust137
4128,OFK6VFTXF,clust137
4129,S59GQAPEE,clust137
4130,PZG77LWUH,clust137
4131,4GDISCELB,clust137
4132,J3KHAGGD1,clust137
4133,2B3O856Y2,clust137
4134,52Z256MML,clust137
4135,QPJFYSKXR,clust137
4136,URUZRRD8D,clust137
4137,P0AY216J3,clust137
4138,M2XO9OX71,clust137
4139,W60JWGELS,clust137
4140,8WBUVD1PJ,clust137
4141,22Q1W4CDU,clust137
4142,C6AOV2KOG,clust137
4143,85GKX35QF,clust137
4144,6PCLCKGBI,clust138
4145,FUT8EVSM0,clust138
4146,JLBVF9X2I,clust138
4147,04HXWXUA0,clust138
4148,BL5OLTJLL,clust138
4149,XWK2BVVNJ,clust138
4150,CA90S2HF9,clust138
4151,T7JMD6HPP,clust138
4152,7LLKQZUAR,clust138
4153,XSYZQNEUQ,clust138
4154,J8PANKDB0,clust138
4155,EO4PZE0AL,clust138
4156,14SIV6CRZ,clust138
4157,O3Q8VAY4F,clust138
4158,LDIKOQTH0,clust138
4159,ADMQFHZK2,clust138
4160,J5XGQ0VWB,clust138
4161,6M16PPENP,clust138
4162,BV21OPAM3,clust138
4163,RMJ33H96E,clust138
4164,UTY5EZLUX,clust138
4165,IYZ5XNZU2,clust138
4166,G0V4B06LC,clust138
4167,V0X3S9DDN,clust138
4168,AY0YR38Q4,clust138
4169,R86P5GVYG,clust138
4170,4MUO7NBMJ,clust138
4171,48Y0CLOJ6,clust138
4172,BZP0PNLYQ,clust138
4173,OJHERS2M2,clust138
4174,XYLU5VLWW,clust138
4175,52WWWRQDD,clust138
4176,5VH84JBT2,clust138
4177,S5PMWAB4V,clust138
4178,VFUIAWE31,clust138
4179,IUE89V0X2,clust138
4180,EPCUF3BA4,clust138
4181,X14H8J69X,clust138
4182,XF21U000I,clust138
4183,4QOGQBU7G,clust138
4184,UJ8E7PS6A,clust138
4185,IXKT8MJYC,clust138
4186,N41PO563U,clust138
4187,33CXCDWPD,clust138
4188,ORTHIT565,clust138
4189,60I0IHY3Z,clust138
4190,ZXDJ0V9NH,clust138
4191,3FFQLKBWX,clust138
4192,ZQSOAJ2SB,clust139
4193,BYPTGV1R7,clust139
4194,7YZLQ791Y,clust139
4195,Q9EPVFMM0,clust139
4196,BE7XGNEPB,clust139
4197,24BCTKG8K,clust139
4198,NFPV28AOM,clust139
4199,H10VP2ZJO,clust139
4200,K9MQ0FMJ5,clust139
4201,5G68EQAQ2,clust139
4202,GX7QEX1C8,clust139
4203,O13H0RXRS,clust139
4204,MCZ1CUG59,clust139
4205,YOICYEQCG,clust139
4206,4ZI78GJRR,clust139
4207,CGP0VT25P,clust139
4208,CJWPXWMKB,clust139
4209,42TDUH6PP,clust139
4210,WEO9CJWN4,clust140
4211,JUX1BZ6HY,clust140
4212,QZZFU5SKW,clust140
4213,T8VHB400A,clust140
4214,2SWZ2K5Q7,clust140
4215,KTMU1ZTR0,clust140
4216,E9S1BTHNN,clust140
4217,N1WLKJOVT,clust140
4218,O94KZFED0,clust140
4219,ZJIWQM6K4,clust140
4220,TDCN2FS5S,clust140
4221,166Z3D4GP,clust140
4222,7T9HKPRDO,clust140
4223,KMF37I9IU,clust140
4224,RXQID79Z5,clust140
4225,188TL6NB1,clust140
4226,8753DEQQA,clust140
4227,5M4WPGW7U,clust140
4228,WD00JM2RA,clust140
4229,K7ZFPZNNY,clust140
4230,9M62TV8LI,clust140
4231,X13HPGM1A,clust140
4232,UH46U6MIY,clust140
4233,68B0XO7WL,clust140
4234,YH74W3DOQ,clust140
4235,YRZGUG2CB,clust140
4236,YFWFR9PED,clust140
4237,8GMZVCRWJ,clust140
4238,ABCP1CAO5,clust140
4239,4L3QRDJBQ,clust140
4240,41OC5TJSH,clust141
4241,P3IH6D2BO,clust141
4242,7DN8OIF2S,clust141
4243,TXE29HXOE,clust141
4244,KWXYE3KBI,clust141
4245,XDQTSQQ84,clust141
4246,JI5MI9OYJ,clust141
4247,O7T7GAU7X,clust141
4248,G1B3MKHLL,clust141
4249,7U57IRG3X,clust141
4250,T29NXQQU6,clust141
4251,OKZOPO312,clust141
4252,C7R9TT6ZD,clust141
4253,V4LEFOLA6,clust141
4254,XKAJ06NMX,clust141
4255,WRXLDFXGU,clust141
4256,ICLN4XUZG,clust141
4257,FZFPLENM6,clust142
4258,2EZGEPBMI,clust142
4259,HF6FBYY47,clust142
4260,FAKO7TSUG,clust142
4261,SE2SOE0HB,clust142
4262,HEUB69WR2,clust142
4263,CJZ8Q30JX,clust142
4264,93PZ95G4H,clust142
4265,N2EBDRM5G,clust142
4266,48U07QMN6,clust142
4267,8M0098QBY,clust142
4268,8C0IKRKYL,clust142
4269,IHFE57ODH,clust142
4270,8TJ99VS3F,clust142
4271,5R1FRRJH0,clust142
4272,NKDLNYX6C,clust142
4273,SU3FHIVRL,clust142
4274,DSP38FJ92,clust142
4275,VGTXQ3CC3,clust142
4276,6IZCOG4XI,clust142
4277,EWQ16YLWM,clust142
4278,F0AKTDLH4,clust142
4279,3D9O9C0IC,clust142
4280,75HAP9Y2Q,clust142
4281,E0C5B8H7Y,clust142
4282,H43G8930O,clust142
4283,Y2KQSDGMR,clust142
4284,8A69AAWEV,clust142
4285,BIPK5ZAR1,clust142
4286,60B1JVMBC,clust142
4287,TER22Y23C,clust142
4288,PUPOXDI7T,clust142
4289,8AGM3EMI3,clust142
4290,LCWGFSO4L,clust142
4291,IAODR5YEZ,clust142
4292,F7HR6981W,clust142
4293,9DZBK80XQ,clust142
4294,4QGUFR9KA,clust143
4295,45HJJTZOK,clust143
4296,Y5DMQCTQJ,clust143
4297,147XGVNGF,clust143
4298,5W9726LZP,clust143
4299,06Y69D9P4,clust143
4300,WTORI8RU7,clust143
4301,XBH4PAL5Z,clust143
4302,C1XURX85P,clust143
4303,T4G85OXAM,clust143
4304,98PA17HR4,clust143
4305,4Z0U96Q7Z,clust143
4306,KJ19T3NU1,clust143
4307,FXCW41GRH,clust143
4308,8LGGFXJYW,clust143
4309,X7UBENKNT,clust143
4310,Z6Q11HCQY,clust143
4311,K9KIPEDU3,clust143
4312,ULM8661PA,clust143
4313,2EBUVMLQZ,clust143
4314,XF2SW6SXA,clust143
4315,G2HHQPWU6,clust143
4316,PBM9AEGVI,clust143
4317,C1A6VHMXI,clust143
4318,656YYA481,clust143
4319,6AUEWF3KL,clust143
4320,VY1DWBJ4I,clust143
4321,OAZX5FS9Z,clust144
4322,BRCQFI6IZ,clust144
4323,6PBXLQMBI,clust144
4324,19FBZ40NF,clust144
4325,YMIBG1QJL,clust144
4326,HW7IOEA2V,clust144
4327,ATWK8UA94,clust144
4328,9GOP344TK,clust144
4329,4V329RJJQ,clust144
4330,XE18ERB3G,clust144
4331,VDPV4O4UE,clust144
4332,75T9ESW0B,clust144
4333,6F7AVXFXJ,clust144
4334,I1NMXJZ46,clust144
4335,YUTM0DBSN,clust144
4336,2C4UUUHF1,clust144
4337,CKW9QEHDH,clust144
4338,DIET1VJ4G,clust144
4339,LRDZEYQZU,clust144
4340,OBH8HF2FE,clust144
4341,RE4DW7JY2,clust144
4342,YE2N76231,clust144
4343,5FHHGJETL,clust144
4344,VYUPXTX8A,clust144
4345,12S0891J4,clust144
4346,CW95CSN93,clust144
4347,2BLIN19ZY,clust144
4348,MM2IPHEJ8,clust144
4349,1G5W0PJX8,clust144
4350,UMFVK350C,clust144
4351,A3TR69WIQ,clust144
4352,C0GNKM5PH,clust144
4353,47WO9B5T2,clust144
4354,ANMCMR7SP,clust144
4355,SZOJQY8X5,clust144
4356,1GOFXT1OV,clust144
4357,FBWRVYJTV,clust144
4358,TT1QQIYZ9,clust144
4359,TWYOS3XA5,clust144
4360,4IRVEVHOR,clust144
4361,WR25B6DV2,clust144
4362,NOK9KVPIP,clust144
4363,G3AK41ZMP,clust144
4364,A8MM24OW4,clust144
4365,JX8HGDKOF,clust144
4366,60SX68370,clust144
4367,ND1K5J5WA,clust144
4368,Q45T029IO,clust145
4369,6MAY0L21C,clust145
4370,4BJMEMKZK,clust145
4371,2AS1JDWNN,clust145
4372,94FQ83FZN,clust145
4373,IU3KN7VOM,clust145
4374,B3D9AA04D,clust145
4375,8FJQNMXDB,clust145
4376,GPA1ZGJNQ,clust145
4377,MLVH07E7G,clust145
4378,B0MVC937S,clust145
4379,XVMFOPI6H,clust145
4380,3KOYA14UR,clust145
4381,MHBESWB72,clust145
4382,9DQ2WADQP,clust145
4383,PQGC70NFX,clust145
4384,JW6IMREM1,clust145
4385,1G5JMPFMO,clust145
4386,O3OVROOWA,clust145
4387,LAIGM33R9,clust145
4388,REM2E9E3X,clust145
4389,I8SH50ZUI,clust145
4390,RGS1PUZ5X,clust145
4391,F648077AW,clust145
4392,GMU81TU37,clust145
4393,ZD93S2EJG,clust146
4394,3Y5HB21CW,clust146
4395,RNFE2L77J,clust146
4396,94A8LPYD7,clust146
4397,14DU9AMYQ,clust146
4398,67DKRN9PE,clust146
4399,WBG4E79C0,clust146
4400,ZNTS816DN,clust146
4401,SBXCF06VU,clust146
4402,BY6CET79Y,clust146
4403,C78FD878R,clust146
4404,PNA5QANRC,clust146
4405,NTNG5JEYM,clust146
4406,GPIEJ4URD,clust146
4407,0OAUESIHK,clust146
4408,AMSXA5IWX,clust146
4409,0POWRJY1E,clust146
4410,GT60UZBI3,clust146
4411,BCFXTDHY2,clust146
4412,8UWD8NARB,clust146
4413,LEQ02URM2,clust146
4414,4IXQIPKUA,clust146
4415,G7B2S6O4S,clust146
4416,MQ2W5MRSQ,clust146
4417,PUNM7CED7,clust146
4418,BGCXZAN0K,clust146
4419,0X6OKXG9A,clust146
4420,0NGL44T99,clust147
4421,SC7B1AT7J,clust147
4422,JQOBBRHVS,clust147
4423,OL4DZ8JZR,clust147
4424,H1ZNUETHI,clust147
4425,HSQ4HN8Q9,clust147
4426,OHTK2TP52,clust147
4427,B5SVURC6I,clust147
4428,8BGRVBD6P,clust147
4429,L6MHDE4QK,clust147
4430,XDT5I5L2D,clust147
4431,O4UQAQWKH,clust147
4432,FGD5N208G,clust147
4433,Q494N6FBH,clust147
4434,HB5OY2IT3,clust147
4435,MQQBHNUP2,clust147
4436,TS6QVDCQE,clust147
4437,J2QC1CQ7I,clust147
4438,YZG57BPS5,clust147
4439,G67UHNIAU,clust147
4440,HGSWBHNDQ,clust147
4441,4VVIM8GFB,clust147
4442,TRFTF4BO0,clust147
4443,019LUBUPB,clust148
4444,1PAG2LH5P,clust148
4445,EP2YAV5IV,clust148
4446,AHVVF3J3R,clust148
4447,7Q95NNSJA,clust148
4448,KQDM2HLBN,clust148
4449,SA3XPAPMN,clust148
4450,651593GM5,clust148
4451,A7KZJJ7SK,clust148
4452,W0U4K9QC8,clust148
4453,ZIDR3VFH2,clust148
4454,G3BWQ5ALB,clust148
4455,WSNLLY46C,clust148
4456,9YEPBHRXR,clust148
4457,OKKNXFVU3,clust148
4458,LWT9LIQ4Q,clust148
4459,3PHZRMFNP,clust148
4460,Y5PDTHSF3,clust148
4461,8U8YJACFX,clust148
4462,4OGGARN02,clust148
4463,E138UOKWB,clust148
4464,NXA4QJHWS,clust148
4465,ST9I8JS7A,clust148
4466,Y0ORGH2FO,clust148
4467,U476NEJ0Y,clust148
4468,HBLBQFAWT,clust148
4469,WZ958R0HK,clust148
4470,LD5XLTHUG,clust148
4471,5DYFBBO9Z,clust148
4472,GQD8RPGWW,clust148
4473,U4ZP5IBLT,clust148
4474,Q08SLNQF5,clust148
4475,2C3YXFW4C,clust148
4476,6679M75LQ,clust148
4477,8YV2R4V85,clust148
4478,KQQ07XAUP,clust149
4479,II90IH0I5,clust149
4480,2XJ593VL8,clust149
4481,TSF7JT2RN,clust149
4482,91AXDYCC8,clust149
4483,W49N8KKOQ,clust149
4484,2NSKJRKBR,clust149
4485,PBAJ2WWS1,clust149
4486,F7O7JP657,clust149
4487,AKLEQY0KF,clust149
4488,RRSO32LMP,clust149
4489,NNPE4NV1P,clust149
4490,T8JZBTXBP,clust149
4491,RGSJ3OBCD,clust149
4492,OEOIJQ7CY,clust149
4493,ELZQ5IKO9,clust149
4494,U6QXRAPBY,clust149
4495,O4I9YAAJV,clust149
4496,JBIK0HF1A,clust149
4497,QQ234PERN,clust149
4498,2DU54AUSC,clust149
4499,DGLCIVHXQ,clust149
4500,LRQYY97HS,clust149
4501,CBORFM179,clust149
4502,6F5161JR2,clust149
4503,08SWALY0B,clust149
4504,WD37AWF2U,clust150
4505,P118961KC,clust150
4506,BJAC28F3Q,clust150
4507,X8HG1JCOS,clust150
4508,T1DE1F1EQ,clust150
4509,E60FLYGPS,clust150
4510,OGFU3JGAO,clust150
4511,DUWXXTTMG,clust150
4512,7PNINTR6X,clust150
4513,R75Z25MUI,clust150
4514,KE3WYB1V3,clust150
4515,AYKNFV0IM,clust150
4516,ER2TROSSO,clust150
4517,RJS48FL6D,clust150
4518,MJHJCMXEH,clust150
4519,1RNBEAPED,clust150
4520,282HYXY0Z,clust151
4521,5IO7C214T,clust151
4522,W4Q0OQCUW,clust151
4523,9KPAMVDQ3,clust151
4524,MN97P3QRD,clust151
4525,A5YFOHS4V,clust151
4526,FWSZ2EOGL,clust151
4527,VZZDTKCKH,clust151
4528,OR8882JPW,clust151
4529,PTD4TSRK6,clust151
4530,3F7MRZH6K,clust151
4531,ZU7QPX9ZH,clust151
4532,7ZZGOPW8O,clust151
4533,37KPFQ7C9,clust151
4534,RF4805G0V,clust151
4535,OPKYEYBV1,clust151
4536,F83VXGZ2P,clust151
4537,RRGI61IG1,clust151
4538,V8FC7ER34,clust151
4539,AURRBWW5Z,clust151
4540,OPU4HYPX2,clust151
4541,56FQ5RAZX,clust151
4542,WW6WD6UZI,clust151
4543,AVCG12N2L,clust151
4544,4LTUWUYQF,clust151
4545,CBL5VF3IL,clust151
4546,8UQVFUUEO,clust151
4547,RJKT6G6NX,clust151
4548,FPH47KAPA,clust151
4549,44H1XLUIA,clust151
4550,NOSXSVROU,clust151
4551,CUCPMA7KN,clust151
4552,D78KKG0TF,clust151
4553,6FFA6GPVB,clust151
4554,68415MB54,clust152
4555,THEKPNZ5F,clust152
4556,ZCDUH5LFF,clust152
4557,0XT29KL8L,clust152
4558,YJR6LKWT7,clust152
4559,8HJLGEVK4,clust152
4560,50VTB57S2,clust152
4561,DBVY8RJZF,clust152
4562,DF98ULTJ2,clust152
4563,1UM208190,clust152
4564,RZEA6ZEM8,clust152
4565,AH294VHRU,clust152
4566,T6MAUI3S0,clust152
4567,UIDIIK8WB,clust152
4568,VU6V837OA,clust152
4569,QUP3FLPFF,clust152
4570,YOICYEQCG,clust152
4571,IDWR5SN78,clust152
4572,R8NT6NZ77,clust153
4573,D6NSJJ8E4,clust153
4574,8SQQMONO7,clust153
4575,FGYS11P8Q,clust153
4576,IGNRI5LX8,clust153
4577,TE548IX6S,clust153
4578,C8ZM3TTB0,clust153
4579,5QM8ZTC4N,clust153
4580,MQQWLSYEK,clust153
4581,7O8FJYLYD,clust153
4582,JINIZLSMG,clust153
4583,VXKSC4CP7,clust153
4584,BYFC668ZY,clust153
4585,2Z7F26GY8,clust153
4586,1G6C6AA74,clust153
4587,ZPR3D3QEX,clust153
4588,LGDVKN9AC,clust153
4589,EVW9D3G53,clust153
4590,H5MURHYV8,clust153
4591,34UEWKEEH,clust153
4592,CD21IVVHG,clust153
4593,6US4KFWHQ,clust153
4594,H1SG9Z087,clust153
4595,G3QWSZQIV,clust153
4596,KZKX7TCX5,clust153
4597,7AR7GT3NR,clust153
4598,6QZVSGDVO,clust153
4599,MSTMHYBD5,clust153
4600,O7Y8SDLA4,clust154
4601,IDJENR4C1,clust154
4602,MYIIVVADE,clust154
4603,2N3JT554R,clust154
4604,PT3P8SXJY,clust154
4605,L6BYCLUDX,clust154
4606,KDQVHHYYZ,clust154
4607,JCP5LZOC4,clust154
4608,ZWQJ44G69,clust154
4609,QOXZK323D,clust154
4610,RXBQD02FK,clust154
4611,HQX7RUCJH,clust154
4612,QKQCHAJWK,clust154
4613,AULZ5AR4H,clust154
4614,XF8SSL04N,clust154
4615,WFQ474MEK,clust154
4616,JZBX19HNJ,clust154
4617,M17PZO0LV,clust154
4618,W7BHYXD6C,clust154
4619,9COYA01QB,clust154
4620,1MYH8F041,clust154
4621,9AYO63O3G,clust154
4622,EVLR7R7GD,clust154
4623,S7O77RSEB,clust155
4624,QUXQMNU7E,clust155
4625,7PL28AX8V,clust155
4626,KS37YICFW,clust155
4627,OO5QTTK4Q,clust155
4628,636M8M9LA,clust155
4629,WDHU54I0D,clust155
4630,BCFONXUHN,clust155
4631,YQHW5JB3S,clust155
4632,G3Y4EADPK,clust155
4633,CD1FTURPR,clust155
4634,RRZIGIRXQ,clust155
4635,V7NKL671S,clust155
4636,Q84P8S048,clust155
4637,PPGQBGHR6,clust155
4638,TJHQAX7BO,clust155
4639,J39ZB2IN6,clust156
4640,EGT7X3I77,clust156
4641,AH6MWL3ES,clust156
4642,TRNWFF3VH,clust156
4643,J4LV723GA,clust156
4644,EMXET8687,clust156
4645,L9FHR2S1W,clust156
4646,PDKW7GYEM,clust156
4647,3FX5CP8G6,clust156
4648,N1WLKJOVT,clust156
4649,MNNCFYLAT,clust156
4650,MQKSRT81K,clust156
4651,GGRETSYZI,clust156
4652,E28NEHVEW,clust156
4653,J4NHAWKIP,clust157
4654,YXK8RQ4Q8,clust157
4655,9C21RMGH1,clust157
4656,SL6638ECP,clust157
4657,FWF3U6BZO,clust157
4658,9IIOSGCMD,clust157
4659,CG3WLRJAX,clust157
4660,VZZN6B20T,clust157
4661,IMTFIX05S,clust157
4662,MT2RHGD80,clust157
4663,X4ALEOY6G,clust157
4664,LSYI86AYA,clust157
4665,OBT4O2J17,clust157
4666,52X36CKDO,clust157
4667,UO9QZCVNL,clust157
4668,YY0B94UU2,clust157
4669,0UWUOIFXT,clust157
4670,3WSJ82GP2,clust157
4671,PL8JZZT45,clust157
4672,JLJN43PHX,clust157
4673,NI6KI10H0,clust157
4674,YAGZ4YXFN,clust157
4675,1Q7OBXMOT,clust157
4676,W4OYN7XHT,clust157
4677,E35CA97B9,clust157
4678,5IY69POY4,clust157
4679,GZT7XE8ZD,clust157
4680,2JF1YPZ32,clust157
4681,KR1R1HAKS,clust157
4682,CGVWH11CO,clust157
4683,3H6LG8I9R,clust157
4684,UDUSNWBP0,clust157
4685,YQSX2SZ4A,clust157
4686,S5M0P2439,clust158
4687,MFSM5P3B9,clust158
4688,6ELPVNVR8,clust158
4689,29VY3IBY8,clust158
4690,ZXLLZQSMS,clust158
4691,OCB0AH68Z,clust158
4692,93PZ95G4H,clust158
4693,J60BR99HT,clust158
4694,SPEC9AN84,clust158
4695,FIRX7HRL5,clust158
4696,LN842KM7D,clust158
4697,V4MD9SB53,clust158
4698,8WMYW80L6,clust158
4699,VC4M83073,clust158
4700,21E9ENISY,clust158
4701,Y7BB6PXU4,clust158
4702,571Q3QYVT,clust158
4703,9RAWZTTH7,clust158
4704,MMA6B9X2R,clust158
4705,JE80YJ1IN,clust158
4706,J6T81KBR1,clust158
4707,QX3MQ5TDI,clust158
4708,8TSCH925W,clust158
4709,USZWE3AUZ,clust158
4710,G7SJ3623S,clust158
4711,HR2U9KPW6,clust159
4712,H2ROAYDAF,clust159
4713,91JY21RI3,clust159
4714,JX1EBOHZC,clust159
4715,Q6V0AAFT1,clust159
4716,0MA3OFAXE,clust159
4717,0JD932QW0,clust159
4718,WCNQGLB0N,clust159
4719,Y5IGXKN7M,clust159
4720,7P93HIBBU,clust159
4721,WOX4EIZUW,clust159
4722,XHDGYPN53,clust159
4723,B971G4H6S,clust159
4724,H4JWZRI6O,clust159
4725,OD63HCLXI,clust159
4726,DRRAYBV01,clust159
4727,DTWBKR22K,clust159
4728,JQ2HYFQJ7,clust159
4729,G4NF9PU2F,clust159
4730,L0SF67HA0,clust159
4731,IB4MNZ1WJ,clust159
4732,TG27Z1L4N,clust159
4733,TG1JUIHIT,clust159
4734,WQE7LYNXX,clust159
4735,E4NU9CAQH,clust159
4736,BPD362WTZ,clust159
4737,BIAFRGAMC,clust160
4738,OX2XRLFPK,clust160
4739,FNANH6ANF,clust160
4740,VQVJKS9U2,clust160
4741,49ID8D1DU,clust160
4742,VV7R28SAZ,clust160
4743,65U18SG3Y,clust160
4744,0X5BKRSLA,clust160
4745,5MAAK7HSL,clust160
4746,E4PALJWI4,clust160
4747,OSVG1CERG,clust160
4748,IGYQ0TFFJ,clust160
4749,H88ZJ52GR,clust160
4750,SD8BLCE25,clust160
4751,09TU7QK94,clust160
4752,2F4DU2HFG,clust160
4753,2BS7I8FCK,clust160
4754,S8FN1QDF1,clust160
4755,STQ4ASTXU,clust160
4756,KD335ZPQP,clust160
4757,QDD18NG31,clust160
4758,EJVIWVZ5R,clust160
4759,JVPESCQIR,clust160
4760,QLGI3QNXB,clust160
4761,QURDMG9K3,clust160
4762,BFLC0Q8UM,clust160
4763,IOFC45OII,clust160
4764,78W5L68HB,clust160
4765,NPD8NBR6O,clust160
4766,GRBZP9AMN,clust161
4767,O5PELMVMC,clust161
4768,07QRYNSR3,clust161
4769,0XE17GMR9,clust161
4770,IA09AYWK1,clust161
4771,EE1ISMFAC,clust161
4772,ETYMG4J9N,clust161
4773,BE7MYKYLQ,clust161
4774,USMLMZ7BG,clust161
4775,DYWPZLCXO,clust161
4776,TN9ED892B,clust161
4777,GFS6AK0LS,clust161
4778,CZLDOX4HZ,clust161
4779,KOBD1ACGV,clust161
4780,X3E1QL9QC,clust161
4781,CPEUKOEDD,clust161
4782,WPP9ZOG5E,clust161
4783,P56TC1F01,clust161
4784,EQK59036Y,clust161
4785,FUP96GNJX,clust161
4786,76O8C8WGT,clust161
4787,TEFP6XYSL,clust161
4788,XATC2NQYV,clust161
4789,KWL5YZJX1,clust161
4790,O8R5WQ8Y5,clust162
4791,K7RWOUSTI,clust162
4792,U1NPYBHW0,clust162
4793,5PVOIK3N0,clust162
4794,W4BEX6TN6,clust162
4795,I44WSY6LH,clust162
4796,63QLSDXRK,clust162
4797,Y80865P36,clust162
4798,6Q42KMY10,clust162
4799,C5MEGDVHH,clust162
4800,M0BXAR51R,clust162
4801,KIIHMS0X3,clust162
4802,J63I7URWU,clust162
4803,KLTXRHVAA,clust162
4804,K5Z8IX6W1,clust162
4805,R0OENM5B3,clust162
4806,CLTMZZ3F0,clust162
4807,SHBB7UABV,clust162
4808,YW1SWBHY4,clust162
4809,KLCY9ES1H,clust162
4810,A279OWZWW,clust162
4811,ORENZJYN3,clust162
4812,L97V7ZXN6,clust162
4813,HB1Y0TE89,clust162
4814,5EOOJIN5Z,clust162
4815,29MGAQA86,clust162
4816,XKRB7PK76,clust163
4817,5FGUOW834,clust163
4818,6JD23QDD9,clust163
4819,VBAIPMPSC,clust163
4820,XCE93OMEB,clust163
4821,G32DNATLX,clust163
4822,7WSD3V9RM,clust163
4823,ZT85N1DIO,clust163
4824,LCC58ZS93,clust163
4825,RYUC7KZJY,clust163
4826,623MIIMOY,clust163
4827,9C0G8VRW0,clust163
4828,BVBXR9RU2,clust163
4829,TQOT0QRJ9,clust163
4830,3E6PW5UTH,clust163
4831,937QH94CS,clust163
4832,JYFPFXLKJ,clust163
4833,LRV44BD5W,clust163
4834,G92FMIZ7D,clust163
4835,DPSJHDL6N,clust163
4836,VMWGOL1ME,clust163
4837,404AUWO4W,clust163
4838,ILPWTRRAS,clust164
4839,U2AVW1XJO,clust164
4840,ONEXE23J7,clust164
4841,YNO7AYBQO,clust164
4842,S7SV99FP4,clust164
4843,RDCY4GQ21,clust164
4844,008HFHUAO,clust164
4845,ACAXK3UOM,clust164
4846,UHXQ6MTTG,clust164
4847,RP3U6KX6Y,clust164
4848,2IHLR0EPR,clust164
4849,YBEZ9JBXM,clust164
4850,7RYYN39Y6,clust164
4851,A74J6KUP2,clust164
4852,E49DIA1O7,clust164
4853,NGFH45AUD,clust164
4854,B7SRWFJ8Z,clust164
4855,SNXRZI2FH,clust164
4856,LARZMDZS5,clust164
4857,ZO6CGREEZ,clust164
4858,9C2J34CFN,clust165
4859,GKRC20GJD,clust165
4860,GF6L0O7WN,clust165
4861,5VI0MB00L,clust165
4862,35CKHQGRD,clust165
4863,TA8TB1GUB,clust165
4864,B84CI76ND,clust165
4865,HYDRDQX13,clust165
4866,C6CDHZ5DP,clust165
4867,JWTKF61NC,clust165
4868,WCQEM5NSX,clust165
4869,DOTDWT8J8,clust165
4870,2J9NNED6E,clust165
4871,EHH20XHM9,clust165
4872,XT677UEAB,clust165
4873,OTWJRUAE1,clust165
4874,HTIOH2E7O,clust165
4875,JOBXDG9RL,clust165
4876,O6A7T6A6R,clust165
4877,INPJZHXWK,clust165
4878,PDNZZP1AR,clust165
4879,G4GZSNRMZ,clust165
4880,BY8RWCCGY,clust165
4881,NUGX79UF8,clust165
4882,OHY822OZA,clust165
4883,N9YFNRX7E,clust165
4884,Z0OFIRP1B,clust165
4885,XS30IM286,clust165
4886,3H6LG8I9R,clust165
4887,UUBUMC0RV,clust165
4888,CFART0RCO,clust165
4889,ZK2HYWGQA,clust166
4890,EJGLSR732,clust166
4891,B0YN5ID1A,clust166
4892,RSJUZAUX2,clust166
4893,B8U7WU0GZ,clust166
4894,U4WRCH96S,clust166
4895,RRUIJFKST,clust166
4896,0UKSDIAP8,clust166
4897,V7LRGP5A0,clust166
4898,KHUU6ZFNI,clust166
4899,GT7UAORXU,clust166
4900,WXP93N45J,clust166
4901,DQCQXJ95E,clust166
4902,ASB70JT03,clust166
4903,4WK5AWN01,clust166
4904,SSZXIC0H9,clust166
4905,G262CE1N2,clust166
4906,BF8OAVE5Q,clust166
4907,DNQFZGBCK,clust166
4908,UUJ58FTID,clust166
4909,1O7GLLIT8,clust166
4910,17L9QY8YL,clust166
4911,4E3XFRKIV,clust167
4912,6DSW7IUY7,clust167
4913,D2OS9CN2S,clust167
4914,UERR91Q2Z,clust167
4915,XLEXPJGXV,clust167
4916,H01F1N9TH,clust167
4917,5NBDOJ8GS,clust167
4918,BTBG919XV,clust167
4919,D652B10Z0,clust167
4920,Z22YBNNI7,clust167
4921,V0ON56ZYZ,clust167
4922,CDQ9YQFHD,clust167
4923,YCPWB4JI9,clust167
4924,H1P772POB,clust167
4925,03J91L95B,clust167
4926,C96Q5XIYN,clust167
4927,L4RRS7OX8,clust167
4928,SVPT95V00,clust167
4929,9J8PQZ17Q,clust167
4930,8TZY34ORJ,clust167
4931,TE6IOI2CW,clust167
4932,QDD18NG31,clust167
4933,UL4IIIJH3,clust167
4934,D9RQ0RN9E,clust167
4935,8PLZKRA35,clust167
4936,YQWWTEFF3,clust167
4937,LL24BQRMR,clust167
4938,8WPA4YOO1,clust167
4939,U1H2QVYBX,clust167
4940,58QFP6IBB,clust168
4941,S4RQXSQ7Y,clust168
4942,0S7GTH14J,clust168
4943,6PVMAJZNA,clust168
4944,KLNWOMOQW,clust168
4945,NEZ0FNG5P,clust168
4946,68BR5A3QN,clust168
4947,GLSKUY5UX,clust168
4948,1G37V39ZK,clust168
4949,4KNM7U86A,clust168
4950,KTE6RXDPY,clust168
4951,91JY21RI3,clust168
4952,T6CDCPVVF,clust168
4953,0W2WVMOW1,clust168
4954,23K4JUOKD,clust168
4955,JILJ1R1W1,clust168
4956,55ZO4CT0N,clust168
4957,WOX4EIZUW,clust168
4958,38QI7SUWC,clust169
4959,CS58EJSB5,clust169
4960,37NA61AAI,clust169
4961,YBJLF3EZ2,clust169
4962,X5SUSM6FS,clust169
4963,PZBUK794B,clust169
4964,K5S1ADPLS,clust169
4965,PE4G15GR1,clust169
4966,L4G6AVLHK,clust169
4967,HOTDT9WWS,clust169
4968,AKUZ8GSAG,clust169
4969,TSAK25MPS,clust169
4970,9YH8HZTBO,clust169
4971,M502IBG2Q,clust169
4972,QWN0PG6PN,clust169
4973,BM1WQTLBL,clust169
4974,P2TDEEG17,clust169
4975,R2WJUOLW4,clust169
4976,7179L2J0A,clust169
4977,3ABA286V3,clust169
4978,TJW3JYR3F,clust169
4979,9GORYNJUQ,clust170
4980,7VYSICOAI,clust170
4981,IGBW4J1CC,clust170
4982,6M2CJ717C,clust170
4983,5HGI13SCO,clust170
4984,QTPFO9SY0,clust170
4985,LFEU98C84,clust170
4986,XUGH1JYRN,clust170
4987,TPUOYHYM1,clust170
4988,HPE99IDBY,clust170
4989,RGO52Y4YD,clust170
4990,8KB73HSAX,clust170
4991,ZYETJ011Z,clust170
4992,XGP8QQ9PY,clust170
4993,J72MUUFEE,clust170
4994,K432YHQR9,clust170
4995,8P4EDJX9M,clust170
4996,A5WYIRJ3T,clust170
4997,K005OBOBH,clust170
4998,YV94FB1QZ,clust170
4999,G43HPP4GZ,clust170
5000,U6OUHTXMC,clust170
5001,86RUBRW9F,clust170
5002,2Z08R9AC2,clust170
5003,ICFIALE2G,clust171
5004,RW533BDLF,clust171
5005,5ATBUHR1C,clust171
5006,U3F0GZZ9L,clust171
5007,8WHDJIYOI,clust171
5008,LE5RBKG9Y,clust171
5009,U15X0G1YW,clust171
5010,SYIV46EIO,clust171
5011,SZMMINPSU,clust171
5012,W9FEJ4FDC,clust171
5013,S2O5A4MCN,clust171
5014,C78FD878R,clust171
5015,3NKYK04VG,clust171
5016,DHMYPMCDU,clust171
5017,BKWZRMWPQ,clust171
5018,1ENMPOL38,clust171
5019,4ZH7Y0QCW,clust171
5020,XKX6TUDOU,clust171
5021,1BIJCVFRR,clust171
5022,ZFAS23QLR,clust171
5023,I4FY2TL2Y,clust171
5024,4E4S5QF2T,clust171
5025,CEZHF3OFV,clust171
5026,LA90R0C4T,clust171
5027,AVMITZV93,clust171
5028,VG359LT0A,clust171
5029,ICVX6ORN3,clust171
5030,W3B739UFB,clust171
5031,VFGFLAP3R,clust171
5032,KOP9MC76I,clust171
5033,GVNVMXGLT,clust172
5034,YZYLQYOKH,clust172
5035,9G321944W,clust172
5036,7N3BJRNLO,clust172
5037,VCRKNGEJD,clust172
5038,28QNVWHGS,clust172
5039,5EG6NHQJ0,clust172
5040,3D5D5BHB6,clust172
5041,JS38VI3FM,clust172
5042,SE7LN0QOU,clust172
5043,VSVX2DQUN,clust172
5044,TRGNCZWOG,clust172
5045,IGSGRF4HP,clust172
5046,A8TIPBG1A,clust172
5047,EZKQK6KMG,clust172
5048,ODL8OK481,clust172
5049,ZF44FQMSI,clust172
5050,S98H4TS1I,clust172
5051,CM3C7Q43L,clust173
5052,AQKE781QN,clust173
5053,CP4X8I3WU,clust173
5054,Y2OFJTFUT,clust173
5055,WK4116TNL,clust173
5056,0PN093288,clust173
5057,KCHOBK8DZ,clust173
5058,ANEUP74HJ,clust173
5059,8NOWELQV0,clust173
5060,9S0MIS8B7,clust173
5061,QFIJ5HOHW,clust173
5062,Z2GCOQ378,clust173
5063,G7GZP8ZU3,clust173
5064,H5MURHYV8,clust173
5065,PU13QZ4JY,clust173
5066,DQ7BZVSY5,clust173
5067,K5U26TGZM,clust173
5068,RQCAYNN76,clust173
5069,8GV5AWFVM,clust173
5070,V3Y242ECC,clust173
5071,DZCZYOB1G,clust173
5072,KCVXG7PXF,clust173
5073,TTSNRO8LU,clust173
5074,76O8C8WGT,clust173
5075,9BR3C23AR,clust173
5076,2XVJF88ZV,clust173
5077,DYDGSDDWH,clust174
5078,UKWYDNHOG,clust174
5079,FWG94SE8L,clust174
5080,P0CCHRB29,clust174
5081,XA8CR6H86,clust174
5082,LV91JF6Q5,clust174
5083,WUISBUE7G,clust174
5084,MDUMVKC8X,clust174
5085,I3YU5KFHC,clust174
5086,NB2MPJ0JU,clust174
5087,P8HHAJ4ZV,clust174
5088,LHLYUFCTU,clust174
5089,H0O2T7CYY,clust174
5090,KX7PDIOE5,clust174
5091,2S22XYY9X,clust174
5092,QQSBRIN6F,clust174
5093,MTSUA7A1I,clust174
5094,DC23XSEOT,clust174
5095,6G5DRQMOQ,clust174
5096,Q8DV4FMAH,clust174
5097,R4G98WU41,clust174
5098,HIQ7IQBYA,clust174
5099,TYNHPQ5LM,clust174
5100,EECQ0TIEN,clust174
5101,HDIPJEQMW,clust174
5102,BP9486NWL,clust174
5103,GRQ9SOOI3,clust174
5104,6VH2ZQ017,clust174
5105,PN3H9IUVI,clust174
5106,960KX9E65,clust174
5107,ES8WQBS9G,clust174
5108,W49WAB2H0,clust174
5109,2JLTZ1G2K,clust175
5110,55DNOTPPG,clust175
5111,DNH3KM42S,clust175
5112,OO9DGXL0Y,clust175
5113,P8P8U2SK9,clust175
5114,5KKXQHRZ8,clust175
5115,3QOPI1K8Q,clust175
5116,EOKJHSBRU,clust175
5117,GH180RVPT,clust175
5118,EX8CKT6M5,clust175
5119,RZZXSND13,clust175
5120,1XASX87CP,clust175
5121,FBIQ8BKWK,clust175
5122,KO3LP82BS,clust175
5123,62ENDR8PC,clust176
5124,GJLBBOZXF,clust176
5125,Y02JWE395,clust176
5126,Q6DLRT8C5,clust176
5127,LF4ZASO36,clust176
5128,ZCPMXY7BX,clust176
5129,ZPOBBPUZ7,clust176
5130,G9PCW8UM2,clust176
5131,BKBU92OI9,clust176
5132,CH48RQZ5K,clust176
5133,UKV9HCFBY,clust176
5134,8NAX0KMZL,clust176
5135,LU98V5WZF,clust176
5136,TH749UJX1,clust176
5137,RXLF0C8WT,clust176
5138,JSY41I3SX,clust176
5139,6HV0M6JLW,clust176
5140,KFG4GOX4F,clust176
5141,A7TW4V5CD,clust176
5142,V6LPASE4B,clust176
5143,6PDQ9VAK9,clust177
5144,PFJ8ZXQDZ,clust177
5145,2L29Z5ZZ9,clust177
5146,NKTSKIX3P,clust177
5147,RC6N6I6O1,clust177
5148,OD99HQNAX,clust177
5149,TRNWFF3VH,clust177
5150,FPQ6W6U2B,clust177
5151,OTW8YQ0HI,clust177
5152,1FV2F2834,clust177
5153,YSNDX9WTD,clust177
5154,V5VALHZF1,clust177
5155,I27D04LDU,clust177
5156,ZB51RNYDZ,clust177
5157,YO5IJESAO,clust177
5158,INPNXKDHR,clust177
5159,ERFY4HKD7,clust177
5160,2V42SGGVA,clust177
5161,B115LLG89,clust178
5162,N7XPCVVBV,clust178
5163,MVRGT1YDQ,clust178
5164,4OW21HHI7,clust178
5165,ZZQCE5JMU,clust178
5166,B5CG06JLB,clust178
5167,IILW8SKRQ,clust178
5168,0DFGW53W7,clust178
5169,VQVJKS9U2,clust178
5170,M2EOUPM59,clust178
5171,Q1KAKKFVG,clust178
5172,F30P59PHN,clust178
5173,6FY7WQAZ0,clust178
5174,PMC02BOHM,clust178
5175,TPMZXA58Q,clust178
5176,NRKTLCX24,clust178
5177,GD0GBEZ4X,clust178
5178,ZB4E0WLFM,clust178
5179,60I7H2B6D,clust178
5180,4XUZ8URGP,clust178
5181,V30P651SL,clust178
5182,R4A297EDE,clust178
5183,HP3485NMU,clust179
5184,NUK6MNLEY,clust179
5185,9WENS76Z5,clust179
5186,DPYSN7JLN,clust179
5187,OW1D3AST5,clust179
5188,XRETORMPJ,clust179
5189,RYXCO0OU2,clust179
5190,P0ZDTZAOS,clust179
5191,1MMQOHTU7,clust179
5192,86UWY1A4I,clust179
5193,PZBC9U5AU,clust179
5194,VWQ5YL6RW,clust179
5195,35N5502MV,clust179
5196,IIOLP01IV,clust179
5197,5R6JDDNFP,clust179
5198,HYS4EJG6J,clust179
5199,2Q87KTVG0,clust179
5200,CRFJITIYR,clust179
5201,PGIIOS38H,clust179
5202,FZA0QFMI3,clust179
5203,V11DSNP45,clust179
5204,K4O8EDLUB,clust179
5205,CYPL6AY9G,clust179
5206,02O652459,clust179
5207,YFFCV9VMG,clust179
5208,25GVYZ6WS,clust179
5209,IXK1CISFX,clust179
5210,87L9DET68,clust179
5211,GKNYLUWIV,clust179
5212,E6QYXW2L0,clust179
5213,P2X3RW4FP,clust179
5214,WWYAO9QGY,clust179
5215,XNFMZDCSK,clust179
5216,306W2RCX0,clust179
5217,WQNGLB4Y0,clust180
5218,4Y9506OEQ,clust180
5219,U6TR55MOY,clust180
5220,356B3X6AX,clust180
5221,DV09GR27B,clust180
5222,VIQ0MGD3P,clust180
5223,A9GUKCKLR,clust180
5224,4OGQURG0I,clust180
5225,B216RPXJ7,clust180
5226,E2QJKN6TN,clust180
5227,DGFN3V7NW,clust180
5228,PT6NXEX9T,clust180
5229,IIO55NSRS,clust180
5230,AOWELWELU,clust180
5231,TSE8VOHW1,clust180
5232,A4O5GGDM3,clust180
5233,96VSVMV1D,clust180
5234,OAHOSE1BX,clust180
5235,HILTOLDZZ,clust180
5236,KX2SQX9I5,clust180
5237,ULF370FAT,clust180
5238,4TIY54I12,clust181
5239,J8R1TIFOU,clust181
5240,NLJ9HUO6K,clust181
5241,40SNWBK5A,clust181
5242,RADO18P2H,clust181
5243,KX5A55XAZ,clust181
5244,BXUZHRY8G,clust181
5245,32XQH8YEQ,clust181
5246,ZI2M3BTFR,clust181
5247,NELH61HPR,clust181
5248,UUP3TPX2W,clust181
5249,3NLG6HN7K,clust181
5250,Y9O97G6DE,clust181
5251,YJAQ251V8,clust181
5252,5G4CYNF3U,clust181
5253,SOJZINKCE,clust181
5254,U8E886BHZ,clust181
5255,FJUNS4X8V,clust181
5256,F7SE9JHWY,clust181
5257,2J8DSEJDE,clust181
5258,JK4AAAKB3,clust181
5259,5F33JT7G5,clust181
5260,CQBNLIESX,clust181
5261,IXX80YY6J,clust181
5262,T4H6I8OL9,clust181
5263,1SS2HQWO1,clust181
5264,PM752BBT8,clust181
5265,CN76TLXFL,clust182
5266,FKCC5J4PC,clust182
5267,13O90TQMR,clust182
5268,YYPYTFK3Q,clust182
5269,VZZN6B20T,clust182
5270,E5ABO2TQ8,clust182
5271,UWYVN9AOB,clust182
5272,0SNNRAIBB,clust182
5273,1A07YN91K,clust182
5274,98D012AQA,clust182
5275,XBSFRVZVP,clust182
5276,J1W8M52IQ,clust182
5277,WU37UFUXE,clust182
5278,GC9BYCMNM,clust182
5279,IBCGWJRBI,clust182
5280,KXZU6NE5A,clust182
5281,N4B5RI7LL,clust182
5282,G0VVYN1G4,clust182
5283,X7PXMKK58,clust182
5284,ZCLZH9M01,clust182
5285,QBKVQPOKG,clust182
5286,2WW8D50KT,clust182
5287,QZKPA0LHZ,clust183
5288,IGBW4J1CC,clust183
5289,VHLAWVW15,clust183
5290,0PH2JG9AV,clust183
5291,IT6RBDMOX,clust183
5292,2OQK3AZFH,clust183
5293,SG4A9BGKL,clust183
5294,CHKSQ1WY7,clust183
5295,T500BIM8W,clust183
5296,XAKI4E6XC,clust183
5297,8KB73HSAX,clust183
5298,BD8RDL69I,clust183
5299,R4T6TZDMW,clust183
5300,8VXQLFMEW,clust183
5301,75R11WEZY,clust183
5302,XGP8QQ9PY,clust183
5303,R1RQ19EN4,clust183
5304,QDXK2JS22,clust183
5305,GKB3J869K,clust183
5306,Y3GJF5Y41,clust183
5307,VY994CMFE,clust183
5308,ZJNR277W0,clust183
5309,2R7J1B3FI,clust183
5310,Q02MDGL7X,clust183
5311,V6LPASE4B,clust183
5312,OUIQT6JVJ,clust183
5313,3S2B35GDS,clust184
5314,DK066VKXX,clust184
5315,FPIB9HJ68,clust184
5316,0NDKXU011,clust184
5317,3P5CHAZ3M,clust184
5318,2P8EFRQJL,clust184
5319,PTXZLVPHB,clust184
5320,ELDCP31GP,clust184
5321,EEK5TH68S,clust184
5322,PY0NSO3OY,clust184
5323,J6G5TK29Q,clust184
5324,6M7EFX8AW,clust184
5325,0326C8TTD,clust184
5326,S4GLOFWWO,clust184
5327,49OBHOEAA,clust184
5328,JZ7JIB5OH,clust184
5329,GHSZATVPT,clust185
5330,S90IPM1KZ,clust185
5331,VEXANA8Y2,clust185
5332,0F87HXNCH,clust185
5333,U20T1HOBI,clust185
5334,O1CDHBLRD,clust185
5335,XV6RWFXRK,clust185
5336,KFEYED12C,clust185
5337,Q6V0AAFT1,clust185
5338,WHK61V4IT,clust185
5339,NFTKJ9C7U,clust185
5340,PWUDG0ZA3,clust185
5341,CMVG1CP88,clust185
5342,0SN4HYKQJ,clust185
5343,PX8X6M1KJ,clust185
5344,L0SF67HA0,clust185
5345,XX15EPFFE,clust185
5346,YGURXOOAR,clust185
5347,TG27Z1L4N,clust185
5348,DECCY3FVB,clust185
5349,8CBAS1HE4,clust185
5350,9LMEW7KHW,clust185
5351,WQE7LYNXX,clust185
5352,GDXBFCZWY,clust185
5353,VH96SIUKR,clust186
5354,OIH4S606V,clust186
5355,4BXK8HUUX,clust186
5356,YTWDK6299,clust186
5357,SE2WZ5127,clust186
5358,6129UFQJW,clust186
5359,FVYHRK21K,clust186
5360,IZ73XWLPN,clust186
5361,JT4XPCBRU,clust186
5362,CC588I36Q,clust186
5363,6QFK42C9A,clust186
5364,GADDFEC69,clust186
5365,T4ILPJ2RK,clust186
5366,QDX9MVXUR,clust186
5367,OFHM78QPM,clust186
5368,0783RDZU5,clust186
5369,2YW6ZSV78,clust186
5370,ZNXZFV76I,clust186
5371,KLPNLTF25,clust186
5372,282HYXY0Z,clust187
5373,ZXLLZQSMS,clust187
5374,F5XV9W3MJ,clust187
5375,VNB5K3HKO,clust187
5376,4T9D08THI,clust187
5377,JNSSX960K,clust187
5378,WRXGWXBSN,clust187
5379,BC83B56RY,clust187
5380,TN8FZHNOI,clust187
5381,9THTV30XK,clust187
5382,VLL9DG4OC,clust187
5383,A3KUZS9E3,clust187
5384,P5WBCUCRK,clust187
5385,GLRGWFBWL,clust187
5386,8S4L511UD,clust187
5387,JE80YJ1IN,clust187
5388,W1LDR5U99,clust187
5389,G08QEI2II,clust187
5390,EQL5VXW8R,clust187
5391,420PGVEBP,clust187
5392,V29FKBV8M,clust188
5393,XZDCN05KY,clust188
5394,RCYSGYUBC,clust188
5395,QSCYM1HYV,clust188
5396,XE32R4ZCI,clust188
5397,W9UWPXWOW,clust188
5398,U9OY9VC8K,clust188
5399,9BQZPCDQ8,clust188
5400,YZYLQYOKH,clust188
5401,OZMQY633F,clust188
5402,S9195BADU,clust188
5403,N8AGKMYU5,clust188
5404,3X0CX3A2W,clust188
5405,4SSJWS6FO,clust188
5406,G3LTHB3KR,clust188
5407,LJKV30DQC,clust188
5408,VU77ZRGZ5,clust188
5409,7S65YADH6,clust188
5410,Y5M49QUBA,clust188
5411,L7LPK9VKX,clust188
5412,RT2NQSGPE,clust188
5413,37V9HMFT7,clust188
