id,xxx,prediction
0,MAL944N3R,cluster1
1,2P070I351,cluster1
2,LPAXLZS35,cluster6
3,2IUMVXWR8,cluster6
4,IYMKO9LF4,cluster2
5,017MQ4ZTB,cluster4
6,6CJFVPO4U,cluster8
7,P86LCJZFV,cluster3
8,LBTT9SRNJ,cluster1
9,DYH3UPRT6,cluster1
10,JZ6Q6V0R5,cluster2
11,T250BTXXU,cluster8
12,IFX93GJK8,cluster4
13,OSPYXC9U4,cluster8
14,A7TW4V5CD,cluster6
15,B6FEXDXUO,cluster1
16,ZYFR256H1,cluster4
17,3JSN2VWV7,cluster4
18,Q37JRFXTW,cluster7
19,28M7DYGEP,cluster1
20,PZNPQ46RS,cluster5
21,UBUXH9NLV,cluster2
22,9FUNHOUC1,cluster4
23,VWYSAPVHO,cluster1
24,QJ5DSH3NY,cluster1
25,QDXK2JS22,cluster6
26,IXX3IKOLV,cluster1
27,QLEGK1JTE,cluster1
28,21WBF7ZRC,cluster5
29,55ZLDFLEC,cluster5
30,A8NJNTUAP,cluster2
31,L50Q4BX30,cluster8
32,1ZNPP2DQE,cluster9
33,NLMNS6ZBE,cluster9
34,MN3WX5TYR,cluster4
35,SLTDQXECZ,cluster8
36,HCBBUEXAT,cluster6
37,FZ3B6KUNV,cluster6
38,SN8IXBGNC,cluster6
39,U95UK89JI,cluster2
40,YWRQWOGXY,cluster2
41,C7D87FBF8,cluster2
42,HX89G50GS,cluster2
43,N837YTFXG,cluster2
44,9RVD407AX,cluster2
45,FJMB2DUMK,cluster1
46,JZCDWEAFX,cluster1
47,Q1AIGEI4G,cluster4
48,QLKMDFD8J,cluster2
49,D27WFS9HE,cluster5
50,JGZKYHQQ8,cluster8
51,ICWF42WLO,cluster8
52,MWXMABNZK,cluster1
53,W4T6O8VCZ,cluster2
54,DRDJGTRDZ,cluster8
55,N2YG5HP59,cluster4
56,M79RIKP8D,cluster4
57,33M5Q585D,cluster1
58,00SK4UT8M,cluster6
59,EBAGR7X75,cluster8
60,DBFCCYYS4,cluster3
61,KD322MLPI,cluster1
62,PMYWGHUJG,cluster1
63,8EWRF1FAR,cluster1
64,DAML1TID0,cluster1
65,WCCA61EH1,cluster4
66,CMUEVJW0P,cluster4
67,H4T9MGXW6,cluster1
68,00F9SUPIE,cluster1
69,M7CXWXMI8,cluster2
70,W6KAUB60U,cluster4
71,CT81VZQHM,cluster8
72,A38G94T89,cluster6
73,9TO1710J1,cluster2
74,VU8K4HIKU,cluster4
75,1SIOSK3RQ,cluster6
76,9EGN42LFZ,cluster6
77,6CLGIDKDE,cluster8
78,DESG1GPOI,cluster1
79,OQNZ7MT3K,cluster1
80,3AOMVJBWC,cluster4
81,ZR6UKXQT7,cluster1
82,SPXYNOXP8,cluster8
83,R6EFWUJ57,cluster1
84,KUBMFWFWK,cluster1
85,7A2M7R91A,cluster6
86,9J54DZNB2,cluster8
87,6PNOSRLW5,cluster8
88,4XQ7K0KZ4,cluster4
89,2PIOEK39W,cluster2
90,8VO3K0A4V,cluster3
91,WQ5WOSPR2,cluster8
92,AM1HY9ZZF,cluster6
93,G5E6EIY5Y,cluster6
94,ER0BXUH1P,cluster2
95,CIIY6FYTC,cluster4
96,NTXRP29S4,cluster3
97,U20T1HOBI,cluster2
98,0E8P6F42T,cluster2
99,4I5BTPI3U,cluster3
100,4WEL1FJC8,cluster2
101,0UK1EIE7N,cluster3
102,QV99CFKKN,cluster3
103,7XINWEX8P,cluster6
104,4NAVDNPBG,cluster1
105,2OOGRPW7I,cluster1
106,PUNM7CED7,cluster1
107,JAHZ2S8RS,cluster2
108,27FLMZ4FU,cluster3
109,X13HPGM1A,cluster2
110,J9W1YQQVX,cluster2
111,M80Z17WRZ,cluster2
112,FDNF85AG3,cluster1
113,9B7N4GELX,cluster2
114,AHFNG5I4S,cluster1
115,TCPXODIXU,cluster3
116,7NCV2WZ9N,cluster5
117,KABHQO8NF,cluster1
118,AZXGTEGIK,cluster5
119,MY1O6518R,cluster1
120,MB191I9EC,cluster1
121,XXNH3JJVK,cluster1
122,OJ5PQDQUW,cluster6
123,6HULUHKMX,cluster1
124,R6V1TNN7B,cluster6
125,7WEV0ZEB8,cluster6
126,XISFL3YUG,cluster1
127,30FRMZYF9,cluster8
128,WJLUI16NL,cluster1
129,M9SW83497,cluster2
130,6CD6417QN,cluster8
131,ZJSOJ58C3,cluster2
132,XI2CS5HAU,cluster8
133,B1YGO6HY5,cluster2
134,37YO8EC7I,cluster4
135,06SPYT6SI,cluster2
136,SLV0YAQJD,cluster2
137,NEQQJQLMX,cluster1
138,QKTKWITVY,cluster1
139,D07O9SC39,cluster2
140,4D9LE0URH,cluster2
141,WEDFFKDV9,cluster2
142,6FMQC45LR,cluster2
143,HXEDAYCK4,cluster3
144,GCP8I5V5Z,cluster3
145,7CFUO3TTO,cluster2
146,BIH11LGQT,cluster2
147,5NWE9939I,cluster2
148,0TNSH90RC,cluster1
149,L5ZBXMDFM,cluster8
150,PWW6BD5J1,cluster8
151,GPJKNUQVI,cluster1
152,VIUD8PJ2B,cluster7
153,0TS3YTURI,cluster4
154,7YILPSOR5,cluster6
155,SJFPKKUP3,cluster4
156,62F1O3JOL,cluster3
157,NCJQPS7R8,cluster2
158,PF8568C0P,cluster2
159,23CMQO02D,cluster6
160,P92KHSCR9,cluster1
161,BKTQSOYUT,cluster1
162,Q7XV1H4NJ,cluster1
163,JPIE0G45N,cluster3
164,XGBF3U7ED,cluster2
165,ZLMP694S2,cluster2
166,NFOW326ZP,cluster8
167,93QRG8MC3,cluster4
168,TZDJVCWYI,cluster5
169,N7Z0CMBBV,cluster1
170,Y50UUF1BF,cluster7
171,N9WZIHAHL,cluster2
172,M17PZO0LV,cluster4
173,WBCU2I5M5,cluster2
174,W62U4S9K0,cluster3
175,E4QULMSGB,cluster8
176,ERW4WTC2U,cluster2
177,JB3JJ9PCY,cluster3
178,ZU6DIC1W4,cluster4
179,SJ8QBGE8I,cluster2
180,URKNTTCHQ,cluster2
181,BZANIWG4T,cluster3
182,65BPO4J8N,cluster4
183,0IY0TWDEE,cluster5
184,XYWTWP7AP,cluster5
185,RUN3U9FDF,cluster1
186,YRBTIVKDS,cluster1
187,KFFYJ83IG,cluster2
188,5SXEP0WKI,cluster2
189,AKZF7OC2N,cluster2
190,7QQLMOT8Z,cluster2
191,N2FOPRLZ9,cluster4
192,8AUEFDGUY,cluster2
193,LEC6317S4,cluster3
194,TXSUAB058,cluster1
195,VVW0CF2P9,cluster1
196,VF4AYYH7U,cluster2
197,ZIXYHD5EM,cluster2
198,VM0HYDI1A,cluster3
199,9APULMSM6,cluster2
200,HFFZL47FF,cluster3
201,9X358TFYA,cluster8
202,0NCC0YI6F,cluster1
203,EUG4PK2AG,cluster9
204,5L4613R0F,cluster1
205,CEIRCYRSG,cluster2
206,1TIT6QD69,cluster6
207,P2IX1394Z,cluster3
208,D69XQBUC1,cluster3
209,LJ49H6XDQ,cluster1
210,0MOVLUNHE,cluster3
211,WQD8F0OC3,cluster6
212,NL6GPHWMS,cluster6
213,05QASMQVD,cluster2
214,8YROK63YG,cluster2
215,455ENEIP0,cluster2
216,RWG1I5ZO8,cluster2
217,VB74OMFU7,cluster4
218,DZR84R00R,cluster2
219,P6W0IAN91,cluster1
220,S58A8ZKA2,cluster4
221,8M8AMIVK1,cluster4
222,BFIGXUL23,cluster8
223,U1UZCMXC0,cluster3
224,ZNE8CX26J,cluster3
225,IXVZCMGBJ,cluster6
226,J20JO79EW,cluster6
227,EARBVAFK3,cluster2
228,KJ2FIFE0U,cluster2
229,9WYECR5DV,cluster1
230,W4EFPUG6F,cluster2
231,A3UG14R86,cluster2
232,11B5KCEFB,cluster3
233,EX4EK5H91,cluster3
234,XWRE600NK,cluster8
235,4G7VWTPRJ,cluster2
236,DZHTPUTP1,cluster4
237,QLXZEGRSL,cluster1
238,JGE2HRFPU,cluster1
239,37RLD2ML9,cluster8
240,U26SKSQG2,cluster1
241,MFQ4622VP,cluster1
242,1G7S047H0,cluster2
243,M3YOVE3HM,cluster8
244,E1Z1KLTJN,cluster1
245,HVDYNMC2W,cluster3
246,H1KKE2PL1,cluster8
247,UYAJIF26P,cluster2
248,3YALIU3WG,cluster1
249,7MCAD9DVJ,cluster2
250,2YW6ZSV78,cluster2
251,LBXY2XIQG,cluster5
252,W9UWPXWOW,cluster1
253,600D7NIRV,cluster1
254,F1FJJZEKQ,cluster3
255,EX2O0XL13,cluster2
256,YYJY2UU4Z,cluster2
257,H275S4FI9,cluster8
258,9HC7101P7,cluster1
259,SXY37C8KJ,cluster6
260,5451O4ZEB,cluster1
261,3IWOO3K78,cluster8
262,NFGCTK79K,cluster1
263,EK1RG5ZOR,cluster5
264,HCCKRGJ5X,cluster2
265,SUO1FNYVL,cluster1
266,9BKVUMH09,cluster1
267,S0FM2OJSY,cluster2
268,GFCAQS5UT,cluster1
269,ATAY2N4IY,cluster1
270,O3QA5CJCU,cluster4
271,V1BUMJ5H0,cluster1
272,P7KYVXN06,cluster3
273,TFV5JS8NC,cluster1
274,R2T87O3FO,cluster2
275,3L3IT9CV2,cluster4
276,2MCBRC1DJ,cluster1
277,1CU0WCP2D,cluster3
278,9MBCVN538,cluster8
279,Y42FJY7MM,cluster3
280,KZZ6HXNK4,cluster6
281,LP85A7B2X,cluster6
282,50RTA78XQ,cluster2
283,QCG6FU21M,cluster2
284,D50NL3I0Y,cluster1
285,S112UXT5G,cluster1
286,R0DHVRXDG,cluster1
287,MSW5TZ03V,cluster1
288,EEK5TH68S,cluster1
289,CCQ6YPN2O,cluster1
290,CTHBJ7F3V,cluster3
291,PYXZ30RVI,cluster1
292,RPYMY7XJD,cluster2
293,LTBGDNSS7,cluster1
294,IPUGU8QFX,cluster1
295,MYOT2VXMK,cluster3
296,Q7B0V1Z9D,cluster2
297,BXOB21ORK,cluster2
298,S29S5IGMC,cluster6
299,75K6EWA63,cluster3
300,LKU53F7JV,cluster2
301,BC4V5QVWP,cluster8
302,7259I6NCQ,cluster2
303,1ZDGC65B2,cluster2
304,EW7CKRMH8,cluster6
305,WJBCEWRE7,cluster2
306,JDS9ZJ6MZ,cluster3
307,V0ON56ZYZ,cluster6
308,JU7GOETDB,cluster6
309,R3CVQVF4J,cluster1
310,BB8OSHJ11,cluster3
311,VMHN3FN5K,cluster3
312,SWDADG6WG,cluster4
313,3Z3QJM6AE,cluster3
314,PWMZV8MTW,cluster6
315,R6J33YF30,cluster1
316,F7027G42M,cluster2
317,JGQI0EM1R,cluster2
318,4UOH9RU86,cluster1
319,3SO8XCROM,cluster3
320,NEBSSW9AD,cluster1
321,C9USI74UA,cluster2
322,BGUFELJ2L,cluster2
323,UCSE57GD7,cluster2
324,YOD8YZGSW,cluster2
325,LWJA5A4IW,cluster4
326,S9P3QOPMG,cluster6
327,TXINM8RH6,cluster2
328,7EOSTUJE2,cluster3
329,2RA8MCQPG,cluster2
330,J990U0DYZ,cluster1
331,2CWQPKMAH,cluster2
332,9E69PE8EO,cluster8
333,2W7W34KLQ,cluster6
334,WL5DG6T5B,cluster6
335,EMFURT241,cluster4
336,5KFMHS1NT,cluster3
337,ICBJ1ZHDG,cluster1
338,XO8M953X5,cluster5
339,ONMOY7P98,cluster2
340,SCXIVJQ6M,cluster4
341,RXLVFVCNB,cluster1
342,9X0451TQD,cluster6
343,RHCUW4ARP,cluster1
344,Q93XW7IA9,cluster9
345,1623NEYFB,cluster2
346,ZE04CY3OG,cluster4
347,RZU53UFAL,cluster8
348,JXZ0UW3JR,cluster8
349,I89RQY8MN,cluster10
350,L1N6K48H8,cluster5
351,6B9XZZF3X,cluster3
352,XHULOFY37,cluster5
353,52WWWRQDD,cluster3
354,5NWUG7MQW,cluster2
355,42TDUH6PP,cluster1
356,N71FMDKJN,cluster5
357,RU56EAKPX,cluster8
358,L44ZTIPX4,cluster2
359,YA15LYT1W,cluster2
360,E87HE5EWW,cluster1
361,38QLB5M28,cluster3
362,I5468V3OU,cluster8
363,LAP0GI2WE,cluster2
364,2AV2BWNYL,cluster2
365,KTMU1ZTR0,cluster2
366,3GJPR4QJK,cluster2
367,41OC5TJSH,cluster1
368,38RQSQ142,cluster1
369,MN78V0SH2,cluster1
370,J3B9JRMCQ,cluster10
371,S59GQAPEE,cluster10
372,D9RBDIOL0,cluster6
373,8M0098QBY,cluster2
374,G9GQ5PTCK,cluster1
375,KKWQ76MZO,cluster1
376,K3PLWJPJ1,cluster10
377,AMI3P6GLB,cluster1
378,J6T3XR6FN,cluster1
379,R2PL1ZM5A,cluster2
380,4QGUFR9KA,cluster5
381,RGKM56JVZ,cluster4
382,BW12H79AU,cluster5
383,Q5K7GGHPN,cluster1
384,Y98WEC0SV,cluster1
385,MZV7A5KTQ,cluster1
386,J1IFQUEAW,cluster7
387,VA4SXLLR5,cluster2
388,K35JWESH7,cluster3
389,P336D43FX,cluster1
390,B6Z8IEYC7,cluster3
391,RQQQNNX87,cluster2
392,IZLUUBW3X,cluster2
393,8MVROEODW,cluster2
394,P2TZRS49C,cluster2
395,LF8P9IZKR,cluster2
396,H1KCHA137,cluster2
397,J7VMQ0943,cluster7
398,LOUJKC0NZ,cluster2
399,XG0PL3U4W,cluster1
400,F829PX0SK,cluster4
401,3H4H6AUFN,cluster3
402,MM2IPHEJ8,cluster5
403,EK1KLQEJ7,cluster1
404,7ILFQN0TV,cluster2
405,DKGXTI6H0,cluster1
406,YWZ25FXWV,cluster1
407,9QW4X6PHO,cluster6
408,YM8OVQA1Y,cluster5
409,T7PSOYQHL,cluster6
410,9XKWK37VB,cluster1
411,K7RWOUSTI,cluster1
412,15OK1L1LV,cluster8
413,RC266IYJ7,cluster1
414,540XQSYU5,cluster6
415,6MAY0L21C,cluster1
416,Z0EIKAHHZ,cluster6
417,N0ZZKWWAU,cluster6
418,T72K2ZE0S,cluster3
419,O0Q57RUY3,cluster2
420,4IXQIPKUA,cluster2
421,I7KE0BGPN,cluster2
422,70LWOPU5A,cluster6
423,A0TE32MZR,cluster1
424,188TL6NB1,cluster1
425,YS0G9EFU5,cluster6
426,FEV12S3CP,cluster1
427,J1N38RYRE,cluster1
428,Z8030OUYJ,cluster2
429,HB5OY2IT3,cluster4
430,EP2YAV5IV,cluster1
431,8FJQNMXDB,cluster1
432,P89UNXKHE,cluster1
433,V42FVAMY6,cluster2
434,A61B2HGWI,cluster8
435,DQG4I21KC,cluster3
436,XSTZWGI4U,cluster1
437,O4I9YAAJV,cluster7
438,2DU54AUSC,cluster7
439,456FKKD59,cluster3
440,48RAJA79Z,cluster3
441,8TJ99VS3F,cluster2
442,XM80MZZMF,cluster6
443,1AUEUH2VR,cluster1
444,BJAC28F3Q,cluster6
445,RVNP6KNO4,cluster1
446,T500BIM8W,cluster1
447,T3IOACU1G,cluster6
448,67DKRN9PE,cluster1
449,5PIX41VH9,cluster4
450,L4PMQLN8U,cluster4
451,OHXON5AY7,cluster2
452,9B8OLU1ZN,cluster2
453,OR8882JPW,cluster2
454,YOICYEQCG,cluster1
455,VELHKTP64,cluster1
456,MSTMHYBD5,cluster2
457,W79UW50XA,cluster2
458,VK0D7KPVG,cluster1
459,9AR0R3FV9,cluster1
460,K5PYKHSK7,cluster1
461,1J2M5GPOX,cluster4
462,YCPWB4JI9,cluster1
463,7IRE1CCCC,cluster8
464,DSP38FJ92,cluster2
465,GP36CH06D,cluster3
466,WE04ZECCM,cluster2
467,IPDK3TDCZ,cluster1
468,ZNGIB0MH5,cluster2
469,1USVWBEQM,cluster3
470,NP3Q2EYWB,cluster1
471,22SF7NNU2,cluster1
472,V29FKBV8M,cluster1
473,NFJEM1ACM,cluster6
474,3BHYBK3PE,cluster2
475,G67UHNIAU,cluster4
476,9AYO63O3G,cluster6
477,EZC4ADRZR,cluster7
478,QKNZUBZGG,cluster1
479,PPGQBGHR6,cluster3
480,RYG51FHWD,cluster3
481,QN0JPA8LY,cluster1
482,FZB0LZY0C,cluster6
483,OL4DZ8JZR,cluster4
484,AFG65A31G,cluster8
485,B7T3CDWHT,cluster1
486,B3E32RCRU,cluster5
487,J4LV723GA,cluster1
488,305NONSNX,cluster6
489,UEVUEDHLJ,cluster6
490,YXK8RQ4Q8,cluster3
491,ATWK8UA94,cluster3
492,XCTUOFBHU,cluster1
493,D3DJPOV8E,cluster1
494,J6T81KBR1,cluster1
495,HH4PDIMEP,cluster1
496,GBE0U6T83,cluster4
497,TFRZI0E6S,cluster3
498,F9MCMB72Z,cluster3
499,F4XUBHYF6,cluster6
500,NA0EJ2UF6,cluster6
501,44BWRZM4N,cluster8
502,9JZKPTONV,cluster6
503,9T5KNHU4E,cluster2
504,DRRAYBV01,cluster1
505,8YV2R4V85,cluster1
506,LYS7DMT6E,cluster6
507,9S1Z9YXUT,cluster1
508,BHYDJ8BNB,cluster6
509,0X5BKRSLA,cluster2
510,L8TOW6TNA,cluster4
511,O5PELMVMC,cluster2
512,DT9G80YZK,cluster2
513,KALQSKQ7H,cluster1
514,37V9HMFT7,cluster1
515,WHK61V4IT,cluster2
516,E3FOZWXLP,cluster2
517,FCN9GU6GA,cluster2
518,KTERVK8OL,cluster2
519,WXVD1SW4X,cluster2
520,IEETGQY5O,cluster2
521,91EKDHH8W,cluster4
522,WEO9CJWN4,cluster2
523,651593GM5,cluster1
524,LJ3POS60G,cluster4
525,DHMYPMCDU,cluster2
526,UXE07OVJQ,cluster8
527,A72XQIZVX,cluster2
528,T72R7A2E1,cluster6
529,BVLFT8B9B,cluster2
530,3BUCTTUCC,cluster4
531,86Q6XRZ1I,cluster2
532,SM4ZKT1KY,cluster1
533,636M8M9LA,cluster3
534,C5MEGDVHH,cluster1
535,6HGVX1Y4S,cluster5
536,4UZEBYB2P,cluster2
537,EZSK70065,cluster4
538,PUPOXDI7T,cluster2
539,RJS48FL6D,cluster2
540,JC3ZIOOCE,cluster8
541,MVWN87X9W,cluster1
542,OQQS7RNA7,cluster6
543,MQWIMTD30,cluster1
544,11CD3QEGM,cluster2
545,Z56LL49SV,cluster8
546,T4H5XJDSA,cluster2
547,KJA8WJIEB,cluster1
548,TL5OO5R8X,cluster2
549,XKRB7PK76,cluster1
550,JFD32DOYY,cluster5
551,85GKX35QF,cluster10
552,MUF93AH55,cluster2
553,NGFH45AUD,cluster7
554,LARZMDZS5,cluster7
555,DPTOLHJTI,cluster2
556,XIPS5QW64,cluster4
557,B7SRWFJ8Z,cluster5
558,GKRC20GJD,cluster6
559,MMA6B9X2R,cluster1
560,M4E5LIUZ1,cluster3
561,B8U7WU0GZ,cluster2
562,I8AMAQLM5,cluster8
563,L4RRS7OX8,cluster1
564,TSD65RCZ5,cluster7
565,94J6OKYJ2,cluster2
566,0TKIDG5WP,cluster4
567,37KPFQ7C9,cluster3
568,HDXMSZVMA,cluster8
569,55ZO4CT0N,cluster1
570,89000TIJO,cluster2
571,AGSWUDX7I,cluster4
572,EJAXJ0WV6,cluster1
573,JINIZLSMG,cluster1
574,OFK6VFTXF,cluster10
575,VI2BZ9UHW,cluster2
576,LN1I65AFO,cluster2
577,OKTSR09LB,cluster8
578,LH6DFB5F6,cluster4
579,38ASYVXJX,cluster6
580,DD10CFEBD,cluster1
581,PLOUVV54Y,cluster1
582,W60JWGELS,cluster3
583,4T254YTUU,cluster2
584,7UCX3S7H2,cluster2
585,2JO5SGPFV,cluster4
586,FESCNY3VU,cluster6
587,USLIKXCCJ,cluster2
588,OWHPEHZHB,cluster4
589,G2LIQ5OT9,cluster1
590,51XIGHQ5C,cluster1
591,70NMZRDT3,cluster6
592,IWFO0P95B,cluster6
593,IWUX9HXVG,cluster6
594,1LCD9W7FA,cluster4
595,753NYLY8N,cluster4
596,CB2TH3XZL,cluster1
597,T9MEHI3E7,cluster1
598,AY9P1761Z,cluster6
599,WFQ474MEK,cluster2
600,PE4G15GR1,cluster2
601,WQTL5M9UL,cluster1
602,K005OBOBH,cluster2
603,SF4XUZ8GF,cluster1
604,W4COISFMV,cluster2
605,ZRMCEEM8Q,cluster8
606,C78FD878R,cluster2
607,AWU4WBHIO,cluster4
608,4WK5AWN01,cluster2
609,8VAWAYQ85,cluster4
610,C7R9TT6ZD,cluster2
611,AGU07KG2I,cluster2
612,UC66AO0U4,cluster4
613,03VBM4ZUC,cluster3
614,XGT6BYDRZ,cluster1
615,0P2LDQ0CD,cluster5
616,U4QDMHEUM,cluster2
617,3M5YH47XM,cluster3
618,O4UQAQWKH,cluster4
619,MEKD7VKBL,cluster8
620,YS2CP5T8G,cluster6
621,WZ1C13Z0W,cluster1
622,60B1JVMBC,cluster1
623,9U8U1CYQD,cluster3
624,T8FKRQIOT,cluster4
625,TIYJAIXHO,cluster1
626,487Q5O8JW,cluster5
627,5EG6NHQJ0,cluster9
628,AYQSX61V4,cluster8
629,MRY77HYIJ,cluster2
630,VMWGOL1ME,cluster3
631,EJ1NZUZ28,cluster1
632,1T59G1WU2,cluster1
633,ITHGU8SBT,cluster2
634,KCHOBK8DZ,cluster2
635,CBL5VF3IL,cluster1
636,ZIDR3VFH2,cluster1
637,0PJCST3OJ,cluster1
638,ITIS9LG80,cluster3
639,BWLBELBZO,cluster2
640,0W90EG9PK,cluster2
641,KX7PDIOE5,cluster5
642,QPW71MW7T,cluster5
643,LR6BN61P1,cluster4
644,QIFFCYOXT,cluster8
645,CNCE42ENB,cluster2
646,ITPOF5VY8,cluster1
647,I1P8SAZTC,cluster4
648,R2XGPA6X9,cluster6
649,80ZMB8C4U,cluster2
650,1BXJCLIEE,cluster4
651,6DSW7IUY7,cluster1
652,2XVJF88ZV,cluster5
653,7I8RGMTZM,cluster3
654,8LV6Z4WO2,cluster2
655,TT6GXRXWU,cluster4
656,LSYI86AYA,cluster1
657,D1YV3TPGO,cluster1
658,DZ4CK41U3,cluster7
659,I4FY2TL2Y,cluster2
660,OCVZ3I5SI,cluster2
661,1G37V39ZK,cluster1
662,4E4S5QF2T,cluster2
663,P9T3GAF6P,cluster2
664,AK456NNIP,cluster4
665,D652B10Z0,cluster1
666,DK2QS68IR,cluster1
667,2H1K8MQK4,cluster3
668,2J9NNED6E,cluster2
669,0Z9QEXRCO,cluster1
670,5KKXQHRZ8,cluster5
671,QQ234PERN,cluster4
672,TE548IX6S,cluster6
673,H40S0VFTW,cluster8
674,AIQPUUAWK,cluster3
675,C6KG77TQ4,cluster3
676,SYX5GNJYZ,cluster3
677,S79GK1YW1,cluster6
678,162BYSS4Z,cluster1
679,2AS1JDWNN,cluster1
680,RKMAZMDQI,cluster3
681,8KEECSGBB,cluster3
682,GA45I7N1S,cluster1
683,TH749UJX1,cluster2
684,7U859QCRF,cluster2
685,4BCPC14CD,cluster3
686,QJB2837V6,cluster2
687,6P9YZOYE3,cluster2
688,7C7OJXCBF,cluster2
689,PLMP64CC7,cluster2
690,Q494N6FBH,cluster3
691,XA8CR6H86,cluster5
692,SLIS7ORBY,cluster1
693,WEF0NK0S7,cluster5
694,8FLYHFAX2,cluster1
695,TDEV4PXK7,cluster6
696,EGT7X3I77,cluster2
697,V8FC7ER34,cluster1
698,5JS30PYB1,cluster6
699,WQPH687BS,cluster8
700,K10MRURRC,cluster3
701,QKQCHAJWK,cluster4
702,E0UZQH1FW,cluster4
703,6M16PPENP,cluster4
704,WJV2GV4EP,cluster4
705,WEE16FBA0,cluster4
706,2IPSJY9DA,cluster6
707,I27D04LDU,cluster1
708,VSJ3PM8SE,cluster3
709,PVAK1RD6J,cluster2
710,WTBPV1YZ5,cluster2
711,KGN33M335,cluster1
712,YWHX5IDW5,cluster2
713,16J0MBDG0,cluster1
714,HS7QLVBAI,cluster2
715,JQ2IMTK88,cluster2
716,56EJQ5MFK,cluster2
717,1XOFUXCF6,cluster1
718,3880WXTEW,cluster2
719,H2TIRKQKJ,cluster4
720,0P11YV236,cluster4
721,XUGE22VOG,cluster2
722,8DPCQY3O3,cluster5
723,6C0SO5YUT,cluster8
724,Y5PDTHSF3,cluster1
725,V30P651SL,cluster2
726,TRNWFF3VH,cluster2
727,O13H0RXRS,cluster2
728,6PDQ9VAK9,cluster1
729,0W4FAMWLU,cluster6
730,3IF5WN5M3,cluster1
731,FZA0QFMI3,cluster3
732,P0ZDTZAOS,cluster3
733,2X8WUM7WU,cluster4
734,DCZIP3NUC,cluster3
735,LXYEB8KVT,cluster4
736,BHGZ9GJ6M,cluster5
737,RRUIJFKST,cluster2
738,9UMRMJB37,cluster6
739,W4Q0OQCUW,cluster2
740,IZZ9T36FD,cluster1
741,IO819H46B,cluster7
742,GVNVMXGLT,cluster1
743,T273G1Q6I,cluster1
744,E138UOKWB,cluster1
745,JDHSK7VG7,cluster3
746,RVWR9ZXYU,cluster2
747,ZWQJ44G69,cluster2
748,DXLD3REW9,cluster7
749,URLR6VCDY,cluster7
750,V8X66Y12W,cluster1
751,JHLV1D8S1,cluster4
752,K6OY56766,cluster1
753,SPKSNI4LM,cluster2
754,9ZHW0CU4M,cluster4
755,YAGWP5YJB,cluster2
756,SZT4TDQDU,cluster4
757,GKDETY22W,cluster3
758,WQNGLB4Y0,cluster3
759,0GWBOE0N5,cluster1
760,GT60UZBI3,cluster2
761,LRQYY97HS,cluster2
762,1WZXYEJI8,cluster5
763,BNOOK6QGT,cluster4
764,9PGUHLEYI,cluster3
765,G49P8U91T,cluster1
766,8R5ECXFU4,cluster2
767,FSKS34LIT,cluster4
768,94UL7H0N6,cluster2
769,B5IGOF9LI,cluster6
770,GVFVEN6T0,cluster1
771,J5JU0BYUA,cluster1
772,CQUCQYMX8,cluster3
773,2V3G99H4C,cluster1
774,XHXF5YXJE,cluster1
775,J5XGQ0VWB,cluster4
776,I3PC8TKYJ,cluster1
777,YK8ZLVFS2,cluster1
778,RISQLVJYG,cluster3
779,J4NHAWKIP,cluster2
780,TLISWRYZ6,cluster2
781,62QH4UY7P,cluster2
782,D3H6LF6I7,cluster1
783,TQFHR51Z6,cluster1
784,0NZC796D1,cluster2
785,5IHJMBG5D,cluster1
786,V11DSNP45,cluster3
787,W1GU28Q7Z,cluster3
788,O67EOV6IC,cluster3
789,FWF3U6BZO,cluster2
790,BPPKCGQ9S,cluster2
791,3FX5CP8G6,cluster2
792,BROV8LRJB,cluster2
793,UUP3TPX2W,cluster6
794,LFHSOC91Y,cluster1
795,IBCGWJRBI,cluster2
796,ORTHIT565,cluster4
797,FZGA6N8S6,cluster2
798,KHLNS5UVZ,cluster4
799,1ENMPOL38,cluster1
800,PMAOT65L6,cluster1
801,BFW7MHOXY,cluster2
802,ZF93046DP,cluster8
803,JWMQHGBXA,cluster7
804,8OOZT94SC,cluster2
805,KPK295O6W,cluster2
806,94IV059FE,cluster3
807,IGBW4J1CC,cluster2
808,APYSMTSKM,cluster1
809,ETFSASDJ0,cluster1
810,4QQJ9Z8J7,cluster1
811,J436DVDLW,cluster3
812,PFJ8ZXQDZ,cluster1
813,2DZV9JKCF,cluster5
814,GOODE9IYN,cluster4
815,DDPK4WFA6,cluster2
816,EGRYJP6L6,cluster7
817,E4PALJWI4,cluster5
818,F1SACQKO7,cluster1
819,NQ13L073P,cluster1
820,S3FCRASTS,cluster3
821,PLMZBUNET,cluster3
822,B0YN5ID1A,cluster2
823,H0P9RP70K,cluster1
824,VNG67ZZHB,cluster6
825,0SPFULQB2,cluster7
826,Q3OZJII7Q,cluster3
827,SZMMINPSU,cluster2
828,5SL06JMDP,cluster6
829,Q3NMSKWLU,cluster6
830,BAR9AGK7L,cluster1
831,2OKP3L987,cluster6
832,QHEFVIXIA,cluster6
833,5NJUNEM55,cluster4
834,PNN04VV8I,cluster2
835,74ULNRKJ7,cluster4
836,RF56WDO8Y,cluster1
837,0326C8TTD,cluster1
838,PU0MRQWUW,cluster1
839,HTOOP5BP9,cluster6
840,3D5D5BHB6,cluster1
841,ZJ3Z5EF6F,cluster6
842,I7XP4XLUT,cluster6
843,DF65JRUMD,cluster6
844,VONX880X0,cluster4
845,UEODF2X7A,cluster4
846,3EABU17WR,cluster1
847,D9WNGM6K0,cluster1
848,63MCVUJD0,cluster7
849,KE3WYB1V3,cluster2
850,FLRQCU1TA,cluster1
851,JAML71MGF,cluster1
852,IUH5GQIL0,cluster1
853,QSCYM1HYV,cluster1
854,233S4VIJO,cluster6
855,TDLT452DF,cluster1
856,WW6WD6UZI,cluster1
857,3FGDJGQWL,cluster3
858,QAOWE6IB3,cluster3
859,1G5JMPFMO,cluster1
860,YDT2GADLI,cluster3
861,LU5M88NT3,cluster3
862,A8D87UMSZ,cluster4
863,X3E1QL9QC,cluster1
864,JUHO9C7TO,cluster1
865,J6XB7FQHV,cluster1
866,UQB9OT0OP,cluster6
867,QBCWTXMJZ,cluster2
868,SH1PRTADN,cluster2
869,5E59DFOTS,cluster1
870,ILCPGBT05,cluster1
871,0TQO6AJI3,cluster5
872,FV2F7NSJZ,cluster2
873,CSMP5TYXJ,cluster5
874,TQAYDPSQR,cluster1
875,61APPLE8R,cluster1
876,2Z08R9AC2,cluster1
877,40PXXNB2D,cluster4
878,2WL6BQKSD,cluster1
879,73XEL1JDL,cluster3
880,3H6LG8I9R,cluster1
881,AWGC5SU5W,cluster2
882,VHO3W9YP6,cluster8
883,DTJPUCMI0,cluster2
884,TBILXYV16,cluster3
885,I7QJZ4CDM,cluster1
886,Q4WLOC83Z,cluster5
887,I2IYPBLKR,cluster1
888,4522CAHDW,cluster1
889,VEXANA8Y2,cluster1
890,2ZRNKV335,cluster1
891,1W6LJ9DT2,cluster1
892,PY0NSO3OY,cluster1
893,0FU2L6HFK,cluster1
894,DJGFBIJYV,cluster5
895,GZRSY3DQZ,cluster7
896,J3KHAGGD1,cluster8
897,63POERV3P,cluster2
898,IDSOHNVMB,cluster5
899,IEOR1SXLA,cluster2
900,XZZ1D4ZJE,cluster4
901,T2MKQ79FV,cluster8
902,4N9A32TWT,cluster3
903,W9F42IV2E,cluster8
904,ZFAS23QLR,cluster2
905,KIEBJRDDM,cluster2
906,ADMQFHZK2,cluster4
907,0X6OKXG9A,cluster3
908,Q9EPVFMM0,cluster1
909,W3QSK48AV,cluster7
910,RCOT86UJO,cluster2
911,FIRX7HRL5,cluster1
912,XV6RWFXRK,cluster1
913,2NSKJRKBR,cluster2
914,OD63HCLXI,cluster1
915,GT7UAORXU,cluster1
916,9PULZU9PQ,cluster2
917,XDQTSQQ84,cluster5
918,2J8RSO0YD,cluster5
919,ICLN4XUZG,cluster2
920,VXUAHFB56,cluster1
921,WEHQ2O99T,cluster7
922,YAGZ4YXFN,cluster1
923,A7JHC2535,cluster3
924,I8HBNQZK3,cluster7
925,0DFGW53W7,cluster2
926,HT6R8TZVN,cluster4
927,IKZY8EQ45,cluster5
928,WDJZYI0Y6,cluster4
929,RSJUZAUX2,cluster2
930,RQPEXPM4L,cluster4
931,VG19PWYHN,cluster1
932,LFZF5Q57M,cluster3
933,3ABA286V3,cluster1
934,3TQ3ND64E,cluster1
935,91AXDYCC8,cluster3
936,J394SUZ7S,cluster3
937,V29T6EYLG,cluster2
938,BHQO2K64K,cluster4
939,0DO9GAYQH,cluster5
940,GAWBPSFFD,cluster6
941,2KDA2DQ3W,cluster1
942,4BXK8HUUX,cluster1
943,I2EDWLV5I,cluster7
944,DDKTE829Y,cluster2
945,7AR7GT3NR,cluster2
946,G1E1VI9PT,cluster4
947,38UN7LPCU,cluster4
948,0BTDNQZF1,cluster1
949,J3HR7I7S1,cluster3
950,FLTTHM6QA,cluster1
951,NPPM52Y56,cluster3
952,8S4L511UD,cluster1
953,I0EGOX3ZE,cluster7
954,HM4XIJIOY,cluster7
955,BYRG8RT2G,cluster4
956,I6J5JNTAW,cluster7
957,7HPYSOOLT,cluster8
958,A3KUZS9E3,cluster1
959,EVQL8C6F7,cluster2
960,W4NLROMOW,cluster3
961,GEG50F523,cluster4
962,02T929S8A,cluster1
963,8HVRCS22W,cluster1
964,PNS59CS6A,cluster4
965,A9D8K3P9O,cluster3
966,94KZZ7QVO,cluster2
967,A1FGOVRFM,cluster4
968,PY0MULE82,cluster2
969,9R9947M37,cluster2
970,9JZRKJWQF,cluster8
971,WBG4E79C0,cluster2
972,H66AUDKPD,cluster2
973,CG3WLRJAX,cluster1
974,EJ1W1N2JG,cluster7
975,Y2KQSDGMR,cluster2
976,6J48QCWNO,cluster8
977,ZA1JL79KC,cluster8
978,GCBFZZAXR,cluster4
979,10CG1WLLW,cluster8
980,G3QWSZQIV,cluster1
981,M7TRE6B9L,cluster2
982,5RGGF4TYL,cluster5
983,AT1V59O2N,cluster1
984,GJLBBOZXF,cluster2
985,B0P34IA4L,cluster1
986,09144M14F,cluster2
987,S1NCEXVDW,cluster1
988,MYIIVVADE,cluster2
989,8VTQ3CDJH,cluster5
990,ZR7S7G4XE,cluster2
991,ELF1P6N9C,cluster1
992,GFAC2KXQ9,cluster7
993,FBIQ8BKWK,cluster7
994,BM1WQTLBL,cluster1
995,2JCTKZRRU,cluster4
996,FTQ9UPKGG,cluster1
997,NIAYIA334,cluster5
998,0O0NVIY7X,cluster2
999,7U57IRG3X,cluster2
1000,8G5ES3JED,cluster1
1001,X6XAGFMOS,cluster5
1002,EA6BCEMKX,cluster3
1003,KFG4GOX4F,cluster2
1004,NB2MPJ0JU,cluster5
1005,QW2JN8GWB,cluster2
1006,0L6R4Z252,cluster3
1007,VG359LT0A,cluster2
1008,DC2D9HYYI,cluster1
1009,9KMD8KQ8O,cluster3
1010,RRC8Q3SGP,cluster1
1011,O9ZRKLVIG,cluster1
1012,3SD8DN2AW,cluster2
1013,QMSX9CKU9,cluster1
1014,TQOT0QRJ9,cluster5
1015,XUGH1JYRN,cluster6
1016,MQKSRT81K,cluster5
1017,46YJQPY6F,cluster2
1018,H55E2QHFW,cluster3
1019,MFU1GZNOH,cluster7
1020,6U3TML73E,cluster8
1021,5CCZ5W2PG,cluster4
1022,4QOGQBU7G,cluster4
1023,SU3FHIVRL,cluster2
1024,A5W3EPD9R,cluster1
1025,J4GN0JLOP,cluster3
1026,ZFP8MREI3,cluster1
1027,ZEQ0VL9LO,cluster5
1028,DS78QQXGW,cluster8
1029,IRU794JV7,cluster3
1030,2PCCPT4DK,cluster5
1031,2A3TTQRAQ,cluster8
1032,VWQ5YL6RW,cluster6
1033,96ILRR19K,cluster1
1034,8NDIDIMV6,cluster1
1035,ONG75LV4C,cluster4
1036,0DKLFN1IG,cluster9
1037,Y92LQ1Z0W,cluster2
1038,CXE51PK85,cluster2
1039,C7B1QSOQ9,cluster3
1040,4ETKI3K99,cluster3
1041,TSAK25MPS,cluster1
1042,U1H2QVYBX,cluster3
1043,8TPQ9WRR1,cluster2
1044,R7IVYDQ3U,cluster2
1045,K57QSFTDR,cluster1
1046,FR5QYZVYN,cluster1
1047,KJ19T3NU1,cluster8
1048,GB00704SX,cluster7
1049,P6OD3RGKS,cluster6
1050,54LTJ1A35,cluster3
1051,TRFTF4BO0,cluster4
1052,M8ALRXRAO,cluster4
1053,2IMH970NB,cluster3
1054,90XHISVT2,cluster1
1055,5G68EQAQ2,cluster1
1056,FKOJPWUQE,cluster1
1057,WQFDUXPN3,cluster5
1058,ZKSSPA3YX,cluster2
1059,EUDIR1RMW,cluster1
1060,A8TFAIADS,cluster5
1061,OUIQT6JVJ,cluster6
1062,WRHFK5UY9,cluster5
1063,J72MUUFEE,cluster2
1064,XGOLDMNAB,cluster9
1065,AKLEQY0KF,cluster3
1066,0PH2JG9AV,cluster3
1067,WSNLLY46C,cluster1
1068,3S2B35GDS,cluster1
1069,FCSRCZSCK,cluster6
1070,4J81EWKZZ,cluster2
1071,WJK2PU882,cluster7
1072,M5XR7XLW7,cluster7
1073,N1RDMV0J3,cluster4
1074,WV35U8368,cluster1
1075,IR45F85CN,cluster1
1076,5HDA907C9,cluster2
1077,SXSKUMS84,cluster1
1078,YSNDX9WTD,cluster8
1079,W1VV8ENCG,cluster6
1080,VGTXQ3CC3,cluster2
1081,VS45T7TWT,cluster6
1082,T4QBEXK66,cluster6
1083,VH7PNZKKA,cluster2
1084,VYG4GFN0F,cluster1
1085,Y1ALZ9RCA,cluster1
1086,59WQYLSGT,cluster1
1087,MAD1WK2HN,cluster4
1088,VHSHC61I8,cluster2
1089,EA87RASFM,cluster2
1090,YPJSQB1NK,cluster4
1091,DYUHAOPGV,cluster1
1092,GGEMBVL29,cluster1
1093,SIHDDXBVF,cluster2
1094,WCQEM5NSX,cluster2
1095,TFI08FFRX,cluster2
1096,LQ0OOXHHH,cluster2
1097,PZ7V9JAXA,cluster1
1098,ZOR7XTMRM,cluster9
1099,Z2MJCX3SP,cluster4
1100,CEZHF3OFV,cluster2
1101,A279OWZWW,cluster2
1102,5G7I418Y2,cluster5
1103,R3BEXKV91,cluster5
1104,81Z5QZ9HC,cluster5
1105,JN5XWTAKJ,cluster1
1106,0L38MD7OZ,cluster1
1107,3R2KT4VO1,cluster5
1108,CJZ8Q30JX,cluster1
1109,PWYGWZNRD,cluster2
1110,LQCQKH7UC,cluster7
1111,UUBUMC0RV,cluster2
1112,MRP5VAJJ0,cluster2
1113,YQ5FWQW30,cluster6
1114,QPH5NT6I1,cluster2
1115,T2SIDXUXU,cluster5
1116,NNPE4NV1P,cluster3
1117,BPTINWHF1,cluster8
1118,TUC1XI6UV,cluster8
1119,YGWF8BZ0Q,cluster2
1120,2NSKWGEB8,cluster2
1121,V3Y242ECC,cluster3
1122,WDHU54I0D,cluster3
1123,E60FLYGPS,cluster7
1124,BWLPU90DP,cluster4
1125,8M658OJUY,cluster1
1126,5EFXOSYSO,cluster2
1127,2BLIN19ZY,cluster5
1128,22JL9JMXL,cluster5
1129,96XJ98FXZ,cluster1
1130,HYHKBYFA8,cluster3
1131,ZFO4UV2TC,cluster6
1132,UIDIIK8WB,cluster1
1133,CSVH2PL9J,cluster8
1134,JVE1OMBAJ,cluster1
1135,V9DJVD88F,cluster1
1136,VB8HOK11F,cluster3
1137,S07YY053D,cluster1
1138,LMGZ9KFB9,cluster1
1139,DKMMN9QRL,cluster1
1140,DXAYPKAPS,cluster7
1141,3280TEBZ5,cluster2
1142,6CMZ6E3AF,cluster8
1143,JOBXDG9RL,cluster1
1144,2RAY55SWP,cluster1
1145,FL3LN55XK,cluster5
1146,968AW7QHU,cluster1
1147,0TM1E7MT1,cluster5
1148,FMNC45UG6,cluster2
1149,G0V4B06LC,cluster4
1150,RYXCO0OU2,cluster4
1151,YCML2IX0Q,cluster1
1152,NGUJEFI3P,cluster7
1153,MYAV8UT8O,cluster1
1154,2OQK3AZFH,cluster1
1155,TJW3JYR3F,cluster1
1156,UHXQ6MTTG,cluster1
1157,YNO7AYBQO,cluster1
1158,CDVQRDWGS,cluster2
1159,CN76TLXFL,cluster2
1160,SYIV46EIO,cluster2
1161,BIAFRGAMC,cluster1
1162,S1K1G9PDC,cluster8
1163,1K7656RTV,cluster8
1164,3NV4CFU6B,cluster1
1165,UF1CDORWV,cluster1
1166,WWF7CWHPD,cluster7
1167,FGLKSXWT4,cluster3
1168,L6VQFILMQ,cluster5
1169,N9YFNRX7E,cluster6
1170,E79826B66,cluster1
1171,085CUSBL9,cluster5
1172,6D3RRG9JV,cluster2
1173,IY9MMORQ9,cluster1
1174,Z7CWWW8YL,cluster2
1175,VTK98SUTY,cluster3
1176,RGDJCZRVD,cluster8
1177,KCZG2B7NS,cluster3
1178,F2VUHLT0C,cluster2
1179,AKN62WKD5,cluster2
1180,ZCDUH5LFF,cluster1
1181,8SXHIPHMP,cluster1
1182,RABYQUAW3,cluster5
1183,7WPDH8BRA,cluster3
1184,8C0IKRKYL,cluster1
1185,2FSSRVL3Y,cluster1
1186,K5Z8IX6W1,cluster1
1187,4LTUWUYQF,cluster1
1188,M4DXAGNGQ,cluster4
1189,UOLZ4ML7N,cluster1
1190,JY6Y5RI7G,cluster6
1191,OVVEV5X7D,cluster4
1192,8NAX0KMZL,cluster2
1193,AHVBZ9AFN,cluster2
1194,Z3GCZB0RO,cluster3
1195,K4XQI78Z2,cluster4
1196,G3U7V5VJ7,cluster8
1197,ZVQE50CPI,cluster4
1198,BAGDGTSS4,cluster4
1199,A0JIX6DID,cluster2
1200,AF71AX646,cluster2
1201,7PNINTR6X,cluster1
1202,PTNXFN33L,cluster2
1203,IL3S75BRO,cluster1
1204,TRN942L56,cluster2
1205,08SWALY0B,cluster8
1206,OI45PVOH2,cluster1
1207,TIPNQ27UW,cluster5
1208,GBF8X9QJD,cluster9
1209,O8VAFU8HK,cluster9
1210,CH1K8ER54,cluster7
1211,W1LDR5U99,cluster1
1212,KO3LP82BS,cluster5
1213,FPWQATGFJ,cluster1
1214,6G5DRQMOQ,cluster5
1215,OEOOHG0VL,cluster2
1216,656YYA481,cluster8
1217,94FQ83FZN,cluster1
1218,PTXZLVPHB,cluster1
1219,YLBW4SKLD,cluster2
1220,KYTIFAIAQ,cluster4
1221,SH3ALDP42,cluster4
1222,NTNG5JEYM,cluster2
1223,DUKCTPUNA,cluster1
1224,T0IGY4HQ3,cluster2
1225,G4GZSNRMZ,cluster2
1226,C7P6UFCWU,cluster2
1227,WTBIIC2XE,cluster2
1228,JQOBBRHVS,cluster2
1229,72Y3PMFXT,cluster8
1230,FH74R5WRD,cluster8
1231,PZBUK794B,cluster1
1232,0TQ8LVL6A,cluster6
1233,6KCFS034O,cluster1
1234,J5NNLLKSD,cluster3
1235,KX5A55XAZ,cluster3
1236,R8NT6NZ77,cluster1
1237,3GE5FQX4R,cluster1
1238,Q82RZARP7,cluster5
1239,JP32N8MRJ,cluster1
1240,Z0OFIRP1B,cluster3
1241,PF1C4INCH,cluster6
1242,F7SE9JHWY,cluster7
1243,HR3YI4IEL,cluster4
1244,OE8J8D5YU,cluster4
1245,JS38VI3FM,cluster1
1246,R32UVHC5R,cluster2
1247,9BOWSV27U,cluster1
1248,PT3P8SXJY,cluster9
1249,C2AVS2S94,cluster2
1250,FPSPUM957,cluster2
1251,F82WJA7OS,cluster2
1252,NR4NCZBSY,cluster3
1253,S8AFQUHAD,cluster5
1254,QONBEH8A5,cluster1
1255,PSVL9IGP4,cluster1
1256,FUT8EVSM0,cluster4
1257,U3VUGIIJ4,cluster1
1258,TA8TB1GUB,cluster1
1259,BKS6SKZYM,cluster6
1260,1ZQSIGKJV,cluster10
1261,8P4EDJX9M,cluster1
1262,8KB73HSAX,cluster1
1263,HEXIYT3HQ,cluster1
1264,ILOSFKZPC,cluster5
1265,H1CLR80F0,cluster7
1266,XF8SSL04N,cluster6
1267,RXQID79Z5,cluster5
1268,EDCYGYVE8,cluster3
1269,J9K54VM4G,cluster1
1270,IC8AX1WKL,cluster1
1271,OGFU3JGAO,cluster2
1272,NW7QCSIA3,cluster5
1273,YZM3MZR95,cluster2
1274,NRZO6E5PR,cluster4
1275,BUQH4I2NS,cluster1
1276,63BPPB3UW,cluster6
1277,KLNWOMOQW,cluster1
1278,QVMZD9RW5,cluster1
1279,BY8PZMXJ0,cluster1
1280,YZUU04KGA,cluster8
1281,COPZ50GID,cluster8
1282,CYSDM7MZD,cluster6
1283,H0O2T7CYY,cluster5
1284,BNVM8TMLJ,cluster3
1285,1EY2L1ICG,cluster6
1286,X6FNEN1W9,cluster6
1287,L2D8CUCVK,cluster8
1288,O7Y8SDLA4,cluster4
1289,V9BOKZCHW,cluster1
1290,TIEIGUGDF,cluster3
1291,I2MVWHNIS,cluster8
1292,DBVY8RJZF,cluster1
1293,DUWXXTTMG,cluster2
1294,LG1SAJ4NC,cluster3
1295,DNHJI3YC7,cluster1
1296,QY8VOMWGS,cluster3
1297,HB1Y0TE89,cluster1
1298,MWX6VP7YQ,cluster2
1299,E97F72DOF,cluster1
1300,H01F1N9TH,cluster1
1301,J2Y03B5WM,cluster6
1302,32XQH8YEQ,cluster5
1303,FJUNS4X8V,cluster5
1304,1UQSED86Q,cluster6
1305,HSQ4HN8Q9,cluster2
1306,0HH3EZI1W,cluster6
1307,W64EY9YKU,cluster4
1308,1JOBREZ2K,cluster2
1309,HOTDT9WWS,cluster2
1310,NREGCIXS4,cluster2
1311,EZI2PA1LO,cluster4
1312,2PDBI37G1,cluster2
1313,LDPU5ODDE,cluster2
1314,VAX30EVGN,cluster1
1315,ZKT766FQS,cluster1
1316,MJUYSRSNH,cluster2
1317,NEZ1K4YH2,cluster3
1318,EV7792JQT,cluster4
1319,GAV3J70K8,cluster4
1320,WXP93N45J,cluster2
1321,1PAG2LH5P,cluster1
1322,P9Z0K9YIX,cluster2
1323,VS7UP8Q2B,cluster3
1324,XRITEY6PT,cluster1
1325,LRLS60N0M,cluster6
1326,H5MURHYV8,cluster7
1327,E0TTAI0SE,cluster10
1328,70405GTT4,cluster1
1329,KX2SQX9I5,cluster3
1330,OFC4M9CNH,cluster2
1331,N41PO563U,cluster4
1332,M69GV4PBZ,cluster6
1333,IOFC45OII,cluster3
1334,5N1A6XOAG,cluster1
1335,1O7GLLIT8,cluster2
1336,ECL1OM9TW,cluster2
1337,KJCL9AAPZ,cluster1
1338,8WYV44HVQ,cluster2
1339,Z7L25A3HK,cluster2
1340,6VNFWU62I,cluster3
1341,NGAAON2L9,cluster7
1342,IXK1CISFX,cluster2
1343,322H18CTM,cluster5
1344,377B6FIP0,cluster1
1345,7NM61HCQ2,cluster3
1346,0RETU2IQZ,cluster4
1347,34UEWKEEH,cluster4
1348,LIH0J8WDG,cluster4
1349,5LYFOIPMB,cluster1
1350,O0MUAW76H,cluster1
1351,5SKRKJY2M,cluster2
1352,LDN37CDIQ,cluster4
1353,8KRS6841B,cluster1
1354,XFJI3GNSJ,cluster5
1355,OFHM78QPM,cluster8
1356,3JX0GQAVK,cluster1
1357,Q02MDGL7X,cluster2
1358,W3KPOCF8E,cluster8
1359,IMDKN4F2L,cluster3
1360,XKAJ06NMX,cluster7
1361,2GAMGZICD,cluster1
1362,J39ZB2IN6,cluster1
1363,J3ZNQB4K0,cluster3
1364,AI1ZF2O1Y,cluster4
1365,AMZMVXFW8,cluster1
1366,2KFBHLOA8,cluster2
1367,OLTF95274,cluster3
1368,Q732J20ZZ,cluster1
1369,4CR1F7H1D,cluster2
1370,UB8CG96RK,cluster3
1371,AH6MWL3ES,cluster2
1372,OEOIJQ7CY,cluster3
1373,ESQPU6YGN,cluster6
1374,M66R608QF,cluster6
1375,I28N7QA41,cluster6
1376,JI5MI9OYJ,cluster9
1377,RGS1PUZ5X,cluster2
1378,NQDHKIQXT,cluster2
1379,S2WUAPSR3,cluster4
1380,8BIJBG28L,cluster6
1381,3TQ0SIWVH,cluster5
1382,93QYQUHI9,cluster3
1383,VPAHMWE6Y,cluster1
1384,BYU9V9NER,cluster10
1385,NR9D8RGOO,cluster6
1386,DK066VKXX,cluster1
1387,PYTKK0WJJ,cluster6
1388,9FR12V0NC,cluster5
1389,O893081J5,cluster8
1390,R1CJAC272,cluster6
1391,92HJ1N39X,cluster1
1392,BFLC0Q8UM,cluster3
1393,6R0H5509Q,cluster1
1394,4JXE6A4NR,cluster2
1395,KVI9WUCXC,cluster4
1396,3X44JMKH5,cluster2
1397,MFSM5P3B9,cluster3
1398,RZZXSND13,cluster5
1399,GBGNAS7MH,cluster5
1400,JSWR2TXEU,cluster7
1401,WK4116TNL,cluster3
1402,CCCLI4R7W,cluster1
1403,HQTQKCU0M,cluster5
1404,6GEMPKMEP,cluster5
1405,I8SH50ZUI,cluster1
1406,DAHMMMFFR,cluster2
1407,6L185X52Y,cluster2
1408,5E6SHXR2A,cluster8
1409,4WNMT60TT,cluster1
1410,FPBGROCYD,cluster6
1411,3WEZIGC5U,cluster1
1412,OES459Y5W,cluster2
1413,RBRSYFQVI,cluster4
1414,HHEXOYDST,cluster2
1415,LS89N6TQP,cluster1
1416,CGP0VT25P,cluster1
1417,MH70GIIJF,cluster3
1418,2YBFJNL9H,cluster5
1419,HYS4EJG6J,cluster8
1420,Z8LARA559,cluster2
1421,T7JMD6HPP,cluster4
1422,A5WYIRJ3T,cluster1
1423,0QAK1YG5M,cluster2
1424,9LMEW7KHW,cluster1
1425,WWCU0LCJV,cluster4
1426,56WANC4UY,cluster1
1427,PQURO1DT8,cluster1
1428,6KCUIX852,cluster3
1429,68B0XO7WL,cluster2
1430,Q10YY0GLA,cluster1
1431,C0EGKB5L0,cluster7
1432,LAXNH3SX6,cluster1
1433,B9DS2O6MW,cluster1
1434,MMDUXK5YB,cluster2
1435,NSN6MVWCZ,cluster2
1436,6JD23QDD9,cluster1
1437,XDMNA3512,cluster1
1438,RCO07B19Q,cluster5
1439,DYDGSDDWH,cluster5
1440,T0XYC3PKH,cluster1
1441,PBCTI0PHJ,cluster2
1442,DXLP0Y284,cluster4
1443,AVCG12N2L,cluster2
1444,DSUA04JFH,cluster1
1445,INY4B5OPF,cluster2
1446,ME37PTZO2,cluster4
1447,93SSMJ7F4,cluster4
1448,JZYQQEUT3,cluster2
1449,PTIN3BKVO,cluster1
1450,ATROOD57N,cluster2
1451,PUMQJTWLW,cluster2
1452,0S7GTH14J,cluster1
1453,5MCM9FLFB,cluster2
1454,68415MB54,cluster1
1455,ESTK7T6P1,cluster2
1456,P5OPW9UDV,cluster1
1457,Q96HVE0RT,cluster3
1458,A19CWC6ZT,cluster1
1459,BD5WQIU7U,cluster7
1460,7M16BJS8D,cluster3
1461,U1CJPMH9F,cluster2
1462,1IU9QLCUS,cluster1
1463,BYFC668ZY,cluster2
1464,AQF6SWRXN,cluster6
1465,F22RSUKV0,cluster5
1466,9Q01II1W6,cluster1
1467,184Q1P3KK,cluster2
1468,28SOW18CC,cluster3
1469,5HLIG588M,cluster3
1470,CP5XYUUIJ,cluster3
1471,2JLTZ1G2K,cluster7
1472,31UGXKB6I,cluster2
1473,PEA0ALU5K,cluster2
1474,XB3R77XVN,cluster3
1475,E6QYXW2L0,cluster7
1476,ASB70JT03,cluster2
1477,0POWRJY1E,cluster6
1478,STSDO7166,cluster1
1479,ZQ9EZDS00,cluster1
1480,QE3N79929,cluster6
1481,VXGFRB5WD,cluster3
1482,YMGNNNVFR,cluster6
1483,N40AOJDZ7,cluster6
1484,DQK7NXZP3,cluster2
1485,FGJMKVP9H,cluster1
1486,8GV5AWFVM,cluster1
1487,ZJAJTIOUK,cluster1
1488,5PVOIK3N0,cluster2
1489,4JM9JKUES,cluster8
1490,38QI7SUWC,cluster8
1491,306W2RCX0,cluster6
1492,2I9I6MHND,cluster8
1493,7MK1U2IF6,cluster2
1494,8VXQLFMEW,cluster2
1495,ICVX6ORN3,cluster2
1496,2AMP3066Z,cluster1
1497,SY19G1B3S,cluster5
1498,V6KKEOHA9,cluster1
1499,4730B5LT9,cluster1
1500,UBLN3DEFN,cluster2
1501,9PLJF2EHL,cluster3
1502,CRHMCI8NF,cluster1
1503,T1DE1F1EQ,cluster2
1504,4MUO7NBMJ,cluster4
1505,0WEXJ4502,cluster1
1506,OJQ2KT0JB,cluster3
1507,V7V9YN87V,cluster7
1508,27S5SBBGJ,cluster3
1509,T4H6I8OL9,cluster5
1510,COVEMZID3,cluster3
1511,VCFAHKOTU,cluster3
1512,A7W289IA3,cluster5
1513,LDH4HB0I9,cluster1
1514,RWTXNMOZB,cluster2
1515,P8DBOIHIG,cluster2
1516,Q45T029IO,cluster3
1517,YW1SWBHY4,cluster1
1518,5YILQZE5D,cluster1
1519,ORGS022F3,cluster4
1520,IIO55NSRS,cluster3
1521,MI10E6L7O,cluster6
1522,743YJ0V0T,cluster6
1523,437HR0O4H,cluster3
1524,IQH3P06P4,cluster3
1525,3NLG6HN7K,cluster3
1526,E1ODN2U53,cluster1
1527,5DH23OSZY,cluster1
1528,H94B2U1ZB,cluster1
1529,LUISMZKLL,cluster3
1530,OLWGOZSN8,cluster8
1531,UAZ6E01FA,cluster4
1532,PHIWXAP8U,cluster6
1533,PLAB18JJE,cluster6
1534,SBPOI6HYL,cluster2
1535,RYUC7KZJY,cluster1
1536,IDCSB0YRL,cluster7
1537,RJKT6G6NX,cluster3
1538,X6TPDSNVU,cluster4
1539,3FTBUMIFB,cluster4
1540,T6E5VASGM,cluster5
1541,29VY3IBY8,cluster2
1542,0LOFBXUAD,cluster4
1543,3KSE9ZIBO,cluster3
1544,OZMQY633F,cluster1
1545,D78KKG0TF,cluster1
1546,82GDXPMT7,cluster7
1547,LSWIEUH5F,cluster4
1548,I58T9MNZV,cluster3
1549,XC6E2MH2K,cluster5
1550,F9TQQ2XFY,cluster2
1551,72UU4209T,cluster2
1552,C2HZAQN0N,cluster5
1553,RE4DW7JY2,cluster4
1554,AM943NIR1,cluster3
1555,LCAR4C2AC,cluster3
1556,3Y5HB21CW,cluster1
1557,EWQ16YLWM,cluster1
1558,TS6QVDCQE,cluster3
1559,PAFB8GTAC,cluster7
1560,MCZ1CUG59,cluster1
1561,UU7FP1N2N,cluster1
1562,L0AH57QDM,cluster7
1563,N7ZYD8MOV,cluster1
1564,GCKRVBPPJ,cluster2
1565,J8MKL6AHO,cluster4
1566,OPISHSU02,cluster1
1567,IL9E41V7L,cluster2
1568,4QY2DEA9C,cluster2
1569,IX15A0P43,cluster2
1570,3RBPW3X7V,cluster1
1571,DNH3KM42S,cluster5
1572,GQPZ9HJVJ,cluster1
1573,52Z256MML,cluster5
1574,7MCTKS8IG,cluster2
1575,AW3KGEK8S,cluster8
1576,DCLOYZCYV,cluster2
1577,29ZWXBWPX,cluster3
1578,RX2001QL6,cluster3
1579,B5I8ZG5HT,cluster1
1580,VKGK0DKIQ,cluster1
1581,5Y7RO6UEB,cluster1
1582,TEFP6XYSL,cluster3
1583,I7JLMNXGJ,cluster1
1584,Z0ACR55AD,cluster1
1585,N9NBJXESL,cluster6
1586,3QGUZXD8B,cluster8
1587,2S532FU9P,cluster3
1588,7VYSICOAI,cluster2
1589,HM36ISKS2,cluster1
1590,4A13SQMP4,cluster3
1591,0NGL44T99,cluster3
1592,7VGHW39R2,cluster1
1593,U6QXRAPBY,cluster3
1594,W0U4K9QC8,cluster1
1595,8WS3MV0OU,cluster2
1596,2S8127RUU,cluster4
1597,X9T27A6KS,cluster2
1598,UUJ58FTID,cluster2
1599,5W9726LZP,cluster4
1600,SPHYBFVE9,cluster2
1601,GC9BYCMNM,cluster2
1602,FFXO1EGIA,cluster6
1603,IPE0ZQ5VD,cluster2
1604,C71RQR5FW,cluster2
1605,5M4WPGW7U,cluster1
1606,V2OGK19VV,cluster1
1607,CYF0PH9UI,cluster3
1608,P2I73UM98,cluster3
1609,HOGJPGIZZ,cluster2
1610,BFHDN9S5T,cluster3
1611,28QNVWHGS,cluster1
1612,AV4CDOJA6,cluster1
1613,37DWPVUUB,cluster1
1614,EC9ZIHFHY,cluster1
1615,DMW4R2J1A,cluster1
1616,AURRBWW5Z,cluster2
1617,OHTK2TP52,cluster2
1618,9S67P57VH,cluster1
1619,BCFONXUHN,cluster2
1620,MQ2W5MRSQ,cluster2
1621,LF4ZASO36,cluster1
1622,LRHNN5956,cluster8
1623,103G16JVZ,cluster9
1624,A8MM24OW4,cluster3
1625,4KYDN84EO,cluster1
1626,BEHVOEKQA,cluster1
1627,45HJJTZOK,cluster9
1628,VQDPXNLNJ,cluster1
1629,YV2LY9136,cluster2
1630,TWYOS3XA5,cluster1
1631,I3YU5KFHC,cluster5
1632,MQ9Q35CEN,cluster2
1633,Y5DMQCTQJ,cluster4
1634,OUEWOEYE1,cluster3
1635,NI6KI10H0,cluster2
1636,C2Z0M4972,cluster7
1637,OSVG1CERG,cluster7
1638,FVPISM9IW,cluster2
1639,8JRIGLKCF,cluster1
1640,RATJ2RTGK,cluster2
1641,GZ7JYSEG3,cluster6
1642,QQPIB6WCS,cluster1
1643,1L9BJ36D5,cluster7
1644,RZ8GWMHIQ,cluster2
1645,MET0LO2VH,cluster1
1646,7PL28AX8V,cluster3
1647,L0J1PLQG3,cluster3
1648,N3DPQ5Z9R,cluster2
1649,C1DYLQCOH,cluster1
1650,72VFAOJHQ,cluster1
1651,VRXMUJ4K8,cluster1
1652,1CURYBT12,cluster6
1653,0MRLB05RG,cluster2
1654,RGO52Y4YD,cluster1
1655,BX48GOZDP,cluster1
1656,JWTKF61NC,cluster6
1657,4GZKRJA02,cluster8
1658,G4NF9PU2F,cluster2
1659,ILR30DIVW,cluster3
1660,48W25WZ1W,cluster1
1661,DP50U6HDY,cluster2
1662,F4L7ASD1T,cluster1
1663,4IE21ZJND,cluster5
1664,B115LLG89,cluster1
1665,Y43OLAP2U,cluster3
1666,CD21IVVHG,cluster1
1667,GXDRJ4TRK,cluster1
1668,EX3RN5RW3,cluster3
1669,29A1DUBTP,cluster1
1670,P8P8U2SK9,cluster7
1671,XDJ0ZXD2Y,cluster3
1672,U7H3YXT6R,cluster3
1673,F75LQHROT,cluster2
1674,B5LA7P290,cluster2
1675,LBMB0NC3A,cluster3
1676,40SNWBK5A,cluster5
1677,QGFKZWI23,cluster4
1678,1DEN2AA8C,cluster4
1679,0KEY4R3OK,cluster1
1680,OWGDOM8GD,cluster5
1681,4SZX4CTN1,cluster8
1682,9GJRMA20J,cluster1
1683,CGVWH11CO,cluster1
1684,R7H4DMX6L,cluster9
1685,4IXRHILMV,cluster1
1686,AJN82Q9WI,cluster7
1687,EJGLSR732,cluster1
1688,CY3O0RO8T,cluster6
1689,27R4S68ZV,cluster3
1690,K9KIPEDU3,cluster5
1691,SIPID7J26,cluster2
1692,WC7DZ4L1M,cluster2
1693,TG9IJ7PCZ,cluster1
1694,47ZBJ4DR2,cluster4
1695,E3D8DMUQ8,cluster2
1696,6UR1EV27A,cluster6
1697,1HMGH3YXQ,cluster9
1698,S90IPM1KZ,cluster1
1699,8HJLGEVK4,cluster1
1700,3FFQLKBWX,cluster4
1701,Q5MGC57P6,cluster1
1702,3ALH6OGW7,cluster6
1703,MNNCFYLAT,cluster1
1704,KV3LO2HXS,cluster1
1705,9KFWPFK84,cluster7
1706,2L60MII10,cluster6
1707,FY9JULY8S,cluster1
1708,USMLMZ7BG,cluster5
1709,W9FEJ4FDC,cluster2
1710,DP4I0YH4L,cluster8
1711,P6ZQSNJMJ,cluster8
1712,UPK734MI2,cluster8
1713,35M1DUKYX,cluster5
1714,YH6KHAJ5Y,cluster2
1715,K8XDG0BWO,cluster4
1716,PZOR9APOI,cluster3
1717,R2WJUOLW4,cluster1
1718,Y1U8NW56J,cluster3
1719,EHNM530RQ,cluster7
1720,7N3BJRNLO,cluster1
1721,R4FWF70AZ,cluster3
1722,4TIY54I12,cluster5
1723,1UHQXTIZH,cluster2
1724,U8MNY0NK9,cluster2
1725,ZMG62TFTN,cluster1
1726,YV94FB1QZ,cluster2
1727,TJ4T22OUO,cluster7
1728,DNMW2NWJU,cluster4
1729,NZGS8524L,cluster4
1730,FDYII5NKN,cluster1
1731,1GCK8TU9H,cluster6
1732,D6NSJJ8E4,cluster2
1733,CJWPXWMKB,cluster1
1734,G1B3MKHLL,cluster2
1735,RAPY4TK0Q,cluster3
1736,GM479136B,cluster6
1737,YVF8GV2DY,cluster1
1738,5MROBRYMU,cluster3
1739,7YZLQ791Y,cluster7
1740,UMFVK350C,cluster5
1741,5IJT4U9ZD,cluster5
1742,7A65C7KHR,cluster1
1743,BI2GXU2WX,cluster8
1744,IISWCHF1A,cluster1
1745,YTU0BHNGB,cluster2
1746,INXWQHS6V,cluster2
1747,S5CBFCY9E,cluster2
1748,LU98V5WZF,cluster2
1749,4X413047Q,cluster8
1750,B2WY34XT8,cluster1
1751,9WENS76Z5,cluster3
1752,HXKQYVDMA,cluster3
1753,D07MKXUNJ,cluster8
1754,63ROGLUN4,cluster8
1755,A79O1V7GK,cluster1
1756,9C42Z2RFL,cluster1
1757,22O405X13,cluster4
1758,BRJZOLKTB,cluster3
1759,4OGGARN02,cluster2
1760,P5B8K2FP7,cluster2
1761,BABD9B734,cluster6
1762,0XPMPFCUS,cluster1
1763,Q5USF5XSD,cluster1
1764,JPWVWWKBK,cluster3
1765,O6A7T6A6R,cluster2
1766,77ILGQC3Z,cluster3
1767,5C1GPZ9KM,cluster1
1768,DJLHV5A2Y,cluster1
1769,8OK7TTPNR,cluster4
1770,FAKO7TSUG,cluster2
1771,JSWTM8J9Z,cluster1
1772,3VUUVKG9O,cluster6
1773,KR1R1HAKS,cluster1
1774,S8P71RGIF,cluster4
1775,5CY0MCBWT,cluster5
1776,V9HXW3QUQ,cluster2
1777,2HRTYHFG6,cluster5
1778,L6MHDE4QK,cluster4
1779,JDN12FVDI,cluster6
1780,REM2E9E3X,cluster2
1781,8LGGFXJYW,cluster5
1782,AAFWJV8V6,cluster2
1783,WQVTZCD54,cluster2
1784,68VVPRF5O,cluster1
1785,CFSFIH899,cluster9
1786,OKZOPO312,cluster1
1787,9F2SOC2C3,cluster8
1788,9FVJVE6ZL,cluster2
1789,0GOD0JXOI,cluster4
1790,32FJUQPFU,cluster1
1791,G02ENMCSK,cluster2
1792,86UWY1A4I,cluster7
1793,AWPN1KVEW,cluster2
1794,KOCP4JT11,cluster6
1795,0EA6OAAPM,cluster9
1796,EVLR7R7GD,cluster2
1797,4Z3W2RMJG,cluster8
1798,NWVZWPHGI,cluster1
1799,4NFGG35RI,cluster5
1800,QH0MW0OX8,cluster4
1801,CS58EJSB5,cluster2
1802,G19FYGBGX,cluster4
1803,VPEI880H5,cluster1
1804,V6CEHJHO2,cluster2
1805,52X36CKDO,cluster2
1806,4C3JV88FZ,cluster5
1807,ULM8661PA,cluster5
1808,CKQAO2YRU,cluster6
1809,U20ZGTQI4,cluster3
1810,N52RWW9J4,cluster6
1811,H04PWJIU4,cluster6
1812,F30P59PHN,cluster1
1813,33FAAZ1UW,cluster1
1814,N7XPCVVBV,cluster3
1815,7S65YADH6,cluster1
1816,IQ1PZFEPJ,cluster1
1817,EUQ38P31C,cluster1
1818,8NOWELQV0,cluster7
1819,FCEBA6IMH,cluster7
1820,3QOPI1K8Q,cluster3
1821,0V3VHYJOZ,cluster3
1822,SKXVAIPW8,cluster3
1823,P2L9UN6IW,cluster2
1824,5UF6GH9I1,cluster2
1825,EHH20XHM9,cluster2
1826,9AFPNOKIM,cluster8
1827,YF41U5FY6,cluster8
1828,2Z66WDDQN,cluster2
1829,52TXJZGR3,cluster1
1830,TJHQAX7BO,cluster2
1831,VOIKOVGVQ,cluster1
1832,NKTE3KUA2,cluster9
1833,0BT29GG3F,cluster1
1834,ZETB5M01K,cluster6
1835,58CEMZR2U,cluster9
1836,PR6GQULA3,cluster1
1837,HK5RA8VN2,cluster2
1838,NZBH2GA0C,cluster1
1839,AOM8W58KM,cluster9
1840,9AHRGIKQ1,cluster8
1841,JRIT07PV7,cluster1
1842,TE6IOI2CW,cluster1
1843,35N5502MV,cluster2
1844,563I60QTS,cluster2
1845,CFBZS3IE2,cluster6
1846,ACYIDQAEZ,cluster6
1847,6IZCOG4XI,cluster2
1848,FIM2AXUBH,cluster1
1849,GRBZP9AMN,cluster2
1850,CCWA0JZBH,cluster4
1851,H4JWZRI6O,cluster2
1852,H7DF829NM,cluster1
1853,PSQS4ZTRK,cluster7
1854,R0OENM5B3,cluster3
1855,570AFADEP,cluster7
1856,9N7FV77E0,cluster2
1857,SVBHE33Z1,cluster2
1858,EPKWQTJCD,cluster2
1859,RT2NQSGPE,cluster2
1860,Y02Y3WVQ0,cluster1
1861,41RKVQXC0,cluster5
1862,5JQLC1ZGS,cluster3
1863,CSD42N7XG,cluster4
1864,QFIJ5HOHW,cluster1
1865,FJXI0CYKV,cluster3
1866,IMK18X5DW,cluster3
1867,7J5OVVBUS,cluster3
1868,K24MFVA0C,cluster7
1869,5XJYAA5FV,cluster5
1870,LZ6UWB8XA,cluster4
1871,KWL5YZJX1,cluster1
1872,IT6RBDMOX,cluster1
1873,ES4CNEWFW,cluster4
1874,M9Y1T5SHC,cluster6
1875,DQCQXJ95E,cluster2
1876,OG7L0GB6F,cluster1
1877,BQS2NF24X,cluster1
1878,GFRR5NKSM,cluster4
1879,0QLAO7185,cluster3
1880,PW35TRXU6,cluster3
1881,5M75UPLYH,cluster5
1882,DNQFZGBCK,cluster2
1883,YC01VXB32,cluster1
1884,P5WBCUCRK,cluster2
1885,MHA57B0CZ,cluster6
1886,8BFHH12MB,cluster3
1887,GD0GBEZ4X,cluster2
1888,QUP3FLPFF,cluster1
1889,YK8J6Y9ZS,cluster7
1890,XKMMKYAOK,cluster2
1891,UM3BHP5UX,cluster1
1892,97OE6POUI,cluster3
1893,GGKEVSJF6,cluster7
1894,U6TR55MOY,cluster3
1895,R5Y0G4MSB,cluster2
1896,O5YRQSNWR,cluster4
1897,TMUVPMO8S,cluster1
1898,SG4A9BGKL,cluster2
1899,29LP5LYGX,cluster3
1900,MBVY8ZOXM,cluster3
1901,Y80865P36,cluster1
1902,E2XXBG9SD,cluster1
1903,M5MC2U9I6,cluster3
1904,4AMC75PTB,cluster4
1905,VZF1YA17E,cluster4
1906,BOG8GTODY,cluster6
1907,5F16TBEKF,cluster6
1908,RGQG98XAC,cluster1
1909,S1ZRRSSXK,cluster6
1910,DH1VCW2ZK,cluster6
1911,6MXSGOUV1,cluster2
1912,6HJRE94VG,cluster1
1913,KAVSQ04R4,cluster2
1914,8XOPBOGK5,cluster6
1915,92NJXQ6CC,cluster2
1916,UJ8GRPVWC,cluster5
1917,0PMUNN0JV,cluster5
1918,LFEU98C84,cluster1
1919,SHBB7UABV,cluster1
1920,I6640UWBI,cluster5
1921,K3Y4M840K,cluster1
1922,UOPJY4VGT,cluster2
1923,K8MT2XJXV,cluster4
1924,FGYS11P8Q,cluster1
1925,VLVNQC7ZL,cluster3
1926,DERRIF41X,cluster3
1927,UY8PKVPO0,cluster1
1928,HF6FBYY47,cluster2
1929,9G321944W,cluster1
1930,ZNZTUU7CG,cluster3
1931,HU5LTUPUB,cluster7
1932,DSG96I4OY,cluster6
1933,SB9FBWK9A,cluster3
1934,NM1VGEFKF,cluster8
1935,RB5GWP2OT,cluster4
1936,5O4YPUUK6,cluster1
1937,K8P8RECEC,cluster7
1938,HHKQUYEUM,cluster6
1939,V7N310RX9,cluster3
1940,IXADCJ1EH,cluster1
1941,G85CF2LIG,cluster7
1942,8WMYW80L6,cluster1
1943,A5YFOHS4V,cluster6
1944,LTYW0T9IG,cluster5
1945,19FBZ40NF,cluster5
1946,ZICB9ZKKR,cluster2
1947,9OLTBPQWB,cluster8
1948,A8TIPBG1A,cluster1
1949,RDCY4GQ21,cluster7
1950,VOE2GCISB,cluster2
1951,VECYBBEJN,cluster4
1952,J9KKWIGFE,cluster2
1953,BJOSFV6B5,cluster3
1954,VM668C4RA,cluster1
1955,H1IM6FBH7,cluster6
1956,ORTU9035E,cluster1
1957,M8MLDCE7W,cluster1
1958,FUTZ1N3F1,cluster4
1959,C0A976TEJ,cluster9
1960,E0RK9CE85,cluster2
1961,CRPERKIJ6,cluster3
1962,KGVN9IHFT,cluster2
1963,YYL8GZXMD,cluster3
1964,MV137QA43,cluster2
1965,MT2RHGD80,cluster2
1966,Q9CUN5ZLF,cluster2
1967,OW1D3AST5,cluster7
1968,B216RPXJ7,cluster3
1969,LQMDBO06W,cluster1
1970,X1OVWR5ZU,cluster2
1971,DQGR15TYR,cluster2
1972,DIYM7EOHN,cluster1
1973,VVHC2IES5,cluster2
1974,LJKV30DQC,cluster1
1975,PN3H9IUVI,cluster5
1976,PQSETLS5J,cluster3
1977,AQKE781QN,cluster4
1978,75RAEPRC3,cluster1
1979,H8C8V4AOO,cluster1
1980,13C6YPE65,cluster8
1981,OCB0AH68Z,cluster1
1982,BVGVZAPY8,cluster1
1983,PQGC70NFX,cluster1
1984,J1W8M52IQ,cluster2
1985,48Y0CLOJ6,cluster4
1986,CY6V88Q8U,cluster2
1987,E6ZQXKPC9,cluster1
1988,RW9XKYP0A,cluster2
1989,0N1HWVISQ,cluster1
1990,8IYKWEFOX,cluster1
1991,OPDE4I6YT,cluster3
1992,W3B739UFB,cluster2
1993,SE2SOE0HB,cluster6
1994,5OOCMOOTC,cluster5
1995,S8JIH40OC,cluster4
1996,AX06QA4Y8,cluster1
1997,YSSXWLFZM,cluster3
1998,4OGQURG0I,cluster3
1999,48HF96K4H,cluster1
2000,MDRI7P1GR,cluster2
2001,FELAFAV51,cluster1
2002,GPIDQPVJ9,cluster2
2003,40EX21V8O,cluster2
2004,T6NO95PQV,cluster1
2005,53AYU9YKY,cluster3
2006,RMLESOLFC,cluster2
2007,JHXTF5E0M,cluster8
2008,QS46Q84PG,cluster1
2009,GKNYLUWIV,cluster3
2010,TMV0ASWC5,cluster3
2011,V2GR08KV6,cluster2
2012,0Y3R461XC,cluster1
2013,2K2C2KVHE,cluster7
2014,LUYUP9ZCK,cluster2
2015,3P5CHAZ3M,cluster1
2016,HWDUMNU4B,cluster1
2017,TDJASA1GT,cluster5
2018,WBGKN6VX7,cluster2
2019,XRA2G7FIB,cluster2
2020,53FXCBQYV,cluster1
2021,MN97P3QRD,cluster1
2022,ZXXK84CS4,cluster1
2023,P8ZKYXCL1,cluster1
2024,HIX8J8CW5,cluster2
2025,4R2EL15QS,cluster2
2026,B7Y08JTJM,cluster2
2027,HBJASTGPG,cluster5
2028,BTBG919XV,cluster1
2029,RVDYPE0TO,cluster7
2030,5BR2GD2XN,cluster4
2031,II01ZFP2B,cluster1
2032,9N41FA5E0,cluster1
2033,ONTOZCQEW,cluster5
2034,S957G790I,cluster2
2035,QXBJFU671,cluster4
2036,NXCOOZT4D,cluster8
2037,BST1SNJSE,cluster1
2038,LERWL9NEO,cluster2
2039,7Z29IAFKI,cluster3
2040,MO4PZXJ8Y,cluster1
2041,YUSYZD6KG,cluster2
2042,S3CA9KLX4,cluster8
2043,U3F0GZZ9L,cluster2
2044,QG3JVQ9GU,cluster4
2045,VVFAM0N2S,cluster2
2046,K5QBKBTCT,cluster4
2047,7W23B7HFS,cluster6
2048,MYI6H8VUT,cluster4
2049,SCE3X6T4Z,cluster3
2050,3OI8NBCAH,cluster2
2051,TJ2ASIJ3N,cluster3
2052,19ZVCASP2,cluster5
2053,H67O4P7SJ,cluster1
2054,99OZHEY9V,cluster1
2055,ER2TROSSO,cluster6
2056,ULF370FAT,cluster2
2057,P118961KC,cluster1
2058,MU2HSK45C,cluster1
2059,O7PMFT0XD,cluster5
2060,TTSNRO8LU,cluster6
2061,U1YLDJT5L,cluster3
2062,ELHQQ4CWH,cluster3
2063,INPNXKDHR,cluster1
2064,Q75HSO1RB,cluster3
2065,FJ7IVNK17,cluster5
2066,SH5MDSJ4N,cluster1
2067,KQDM2HLBN,cluster1
2068,BCKTBELXH,cluster3
2069,083BYIC9N,cluster2
2070,2F4DU2HFG,cluster2
2071,U418749W3,cluster1
2072,0SNNRAIBB,cluster1
2073,9J8PQZ17Q,cluster1
2074,SOS9PS94Q,cluster5
2075,T88R8BGHK,cluster3
2076,6C7PTHNPU,cluster4
2077,0XW5RZ0Z6,cluster1
2078,2B3O856Y2,cluster10
2079,EE1ISMFAC,cluster2
2080,1G9RT02TG,cluster1
2081,CGT5V070P,cluster6
2082,CL229SGS8,cluster1
2083,62J7MXC2B,cluster3
2084,7HJ27I4W2,cluster3
2085,63QLSDXRK,cluster3
2086,6Q42KMY10,cluster1
2087,VP3OQJ0H7,cluster5
2088,54TT61HMP,cluster4
2089,JBIK0HF1A,cluster4
2090,XYLU5VLWW,cluster4
2091,2DXHJLWUW,cluster3
2092,HFSDFMLW1,cluster8
2093,RQ3BC3QF0,cluster2
2094,3PHZRMFNP,cluster2
2095,A7KZJJ7SK,cluster1
2096,MJHJCMXEH,cluster2
2097,JRQANLB7T,cluster7
2098,1FV2F2834,cluster1
2099,9M62TV8LI,cluster1
2100,DIET1VJ4G,cluster5
2101,OOCANZJ4I,cluster8
2102,O7QI7KHC6,cluster1
2103,WL7XITQU5,cluster3
2104,FZXP16Z58,cluster6
2105,G4BMQ5KTD,cluster6
2106,WMO18VJIG,cluster7
2107,6E8SC2CUA,cluster1
2108,M9NLHVZ55,cluster3
2109,BQGJBDP2J,cluster3
2110,ZS91Y46I3,cluster3
2111,EC111JBFI,cluster10
2112,A478I2540,cluster4
2113,G7GZP8ZU3,cluster3
2114,LD5XLTHUG,cluster1
2115,2OZIC9XOJ,cluster7
2116,YYI3R87YH,cluster1
2117,N17C5XHRH,cluster7
2118,HK7H00B64,cluster5
2119,XCE93OMEB,cluster3
2120,7RYYN39Y6,cluster7
2121,ZK2HYWGQA,cluster2
2122,1UJL5Z6WC,cluster6
2123,O3Q8VAY4F,cluster4
2124,QP80TJIK0,cluster2
2125,VH96SIUKR,cluster8
2126,0QVQI4ZZI,cluster2
2127,0P09TUI04,cluster2
2128,VAHRUDUJ6,cluster2
2129,1BZG1KE0Y,cluster4
2130,YYPYTFK3Q,cluster1
2131,147XGVNGF,cluster5
2132,05PW6XUB0,cluster9
2133,77JRBFF8Y,cluster10
2134,MRTCS4ZVN,cluster2
2135,ELYPQ8JIG,cluster4
2136,3RQGB2PH5,cluster1
2137,E416S7D6T,cluster1
2138,K1MBWILKR,cluster2
2139,X5YF0B20X,cluster1
2140,ZU7QPX9ZH,cluster1
2141,IYGPSCGED,cluster6
2142,AB0BGY2SS,cluster2
2143,C5TY8KO0M,cluster4
2144,HQDZOCWVC,cluster5
2145,HIQ7IQBYA,cluster5
2146,HWDKX8EYA,cluster5
2147,C2SQUWWQT,cluster1
2148,CLTMZZ3F0,cluster1
2149,PT6NXEX9T,cluster3
2150,VRZXHI8SD,cluster8
2151,D8QAFWQOD,cluster2
2152,JFRUYGW40,cluster7
2153,OWD7ZF57J,cluster8
2154,E0C5B8H7Y,cluster1
2155,USZWE3AUZ,cluster2
2156,VX22RSEG1,cluster2
2157,P9HKU2WNC,cluster4
2158,BGMB7DVEB,cluster7
2159,H6LZ1GGWJ,cluster6
2160,DVFWFPLU0,cluster1
2161,XQBAXY918,cluster1
2162,WPP9ZOG5E,cluster2
2163,9ZTMNJBFI,cluster2
2164,U1MAET94L,cluster3
2165,FNANH6ANF,cluster2
2166,POXFU6NFH,cluster4
2167,DTKH8QTCA,cluster2
2168,0AOHQ93AI,cluster8
2169,Y2Q157JLT,cluster1
2170,MGVWP8JXP,cluster8
2171,ZKHZT7GA2,cluster8
2172,A9B55OMVS,cluster4
2173,78U40577Y,cluster2
2174,4CGYQ9C3J,cluster7
2175,ZB4E0WLFM,cluster2
2176,0WMRHW2DM,cluster6
2177,ZXQ8D090T,cluster1
2178,80XZVQD55,cluster5
2179,3G9UIGWN6,cluster6
2180,LD1SWN70J,cluster1
2181,QBKVQPOKG,cluster2
2182,LCSBHB2EX,cluster2
2183,P93GFKODM,cluster2
2184,Q0P7WFXWD,cluster5
2185,D4CRIJTRV,cluster3
2186,RBPC7BMHU,cluster1
2187,9X4ZL24HE,cluster5
2188,7WIB7Z9XA,cluster1
2189,AK2SA3PIJ,cluster5
2190,45AMGIS8L,cluster2
2191,Y5RXSUFCD,cluster8
2192,CTN9R9XMM,cluster1
2193,G2HHQPWU6,cluster4
2194,CKW9QEHDH,cluster1
2195,Z0Z4S5VOR,cluster3
2196,LDIKOQTH0,cluster4
2197,OJ0JNBQ6H,cluster1
2198,RFCB0637W,cluster7
2199,TEADIOMZH,cluster6
2200,E5ABO2TQ8,cluster1
2201,DWGKSVQP7,cluster4
2202,5JXUMYW6W,cluster2
2203,XWK2BVVNJ,cluster4
2204,WR25B6DV2,cluster2
2205,1LJQXTYSD,cluster1
2206,O42VD87AT,cluster2
2207,6KGC8SIUC,cluster2
2208,7MR5E9Z9W,cluster2
2209,X8HG1JCOS,cluster1
2210,6SEVLY07C,cluster1
2211,01X4T9KQB,cluster3
2212,05YV2XV9D,cluster6
2213,844F9U0UZ,cluster3
2214,G3BWQ5ALB,cluster2
2215,E486I4H0T,cluster1
2216,QN9IVQUIB,cluster4
2217,G4DG2KL3W,cluster1
2218,CP4X8I3WU,cluster1
2219,SCJK4NA2O,cluster1
2220,HYDRDQX13,cluster4
2221,T7MGAAGCE,cluster3
2222,0UWUOIFXT,cluster1
2223,CY5LBDB8Z,cluster1
2224,2S22XYY9X,cluster5
2225,0DLBG00RA,cluster5
2226,DJRQL3C1E,cluster5
2227,GQQ8ESILR,cluster1
2228,H5T7T4TF3,cluster2
2229,18QLKQ421,cluster5
2230,VQLA6L4E6,cluster2
2231,5HGI13SCO,cluster1
2232,YFWFR9PED,cluster6
2233,6R95XSO8N,cluster2
2234,62ENDR8PC,cluster2
2235,LEX6Y9O3C,cluster2
2236,3490JYGVM,cluster7
2237,WPN10EHQT,cluster2
2238,0GX24IEE5,cluster1
2239,5GP1AA81E,cluster7
2240,HW7IOEA2V,cluster5
2241,MGX8Y07BI,cluster2
2242,RATKB0CKG,cluster5
2243,RVO4YJ9TC,cluster4
2244,JG7L7P863,cluster4
2245,Y5IGXKN7M,cluster1
2246,6SGKV8V8U,cluster1
2247,J9RZGVIDL,cluster6
2248,LLBON7IA4,cluster2
2249,GYKX5H581,cluster6
2250,0ACE4365L,cluster1
2251,C9DKBNIFR,cluster3
2252,6B18Y4AEP,cluster6
2253,JRA8NQELS,cluster1
2254,JHU69XW38,cluster3
2255,MMO1GG1P3,cluster6
2256,WHY3SQDCZ,cluster4
2257,2Q87KTVG0,cluster2
2258,YNIYSUIQR,cluster2
2259,UYGDG7OD0,cluster6
2260,2JF1YPZ32,cluster1
2261,Q2KT5V0AK,cluster4
2262,33CXCDWPD,cluster4
2263,CEQXULY5U,cluster2
2264,W3LNSZ6BB,cluster8
2265,KA9JD8A2M,cluster4
2266,IP20GTMDF,cluster2
2267,FU1N4TYF2,cluster1
2268,V9GHUVRBU,cluster2
2269,3GEYQOSVR,cluster2
2270,AQBMTSENV,cluster2
2271,1CWENCQ7A,cluster4
2272,FBLVZKGZV,cluster4
2273,FD34W9WKY,cluster5
2274,N6YJR0WSP,cluster4
2275,RYY2R1Z8Q,cluster2
2276,6PR6BYZN2,cluster1
2277,87L9DET68,cluster2
2278,NGRC0OTK8,cluster1
2279,0JB0HTVND,cluster5
2280,V94O1FJ39,cluster1
2281,SA3XPAPMN,cluster1
2282,PE5H6KEDF,cluster6
2283,C9OT0R0NC,cluster2
2284,O27NHYVFH,cluster1
2285,KPT6T2NAL,cluster7
2286,U1NPYBHW0,cluster5
2287,AB50GU0I7,cluster5
2288,3QIXSEUHG,cluster5
2289,0WBE8JFIW,cluster1
2290,3LWY1U86F,cluster5
2291,WQZKTFG50,cluster4
2292,1RNBEAPED,cluster2
2293,TT1QQIYZ9,cluster5
2294,R4Y8ORGHO,cluster7
2295,V9DTWOZZJ,cluster3
2296,L7LPK9VKX,cluster1
2297,S3EG3S95N,cluster5
2298,63IKQ1PAL,cluster4
2299,ZU2GFACJK,cluster4
2300,9JISZW2D3,cluster4
2301,T9TXC7QGO,cluster2
2302,E6WWM9JQW,cluster4
2303,FVYHRK21K,cluster8
2304,CPQJSV7R0,cluster5
2305,1WG2PCW38,cluster1
2306,83R935AQJ,cluster7
2307,4T3ZO96L4,cluster4
2308,WOMU4P58B,cluster7
2309,TN8FZHNOI,cluster1
2310,LYJ8AAPOE,cluster2
2311,NDJNO107V,cluster1
2312,U8E886BHZ,cluster4
2313,PZUKC3O9R,cluster3
2314,TNPD5P8SZ,cluster5
2315,IFKYE4RO1,cluster1
2316,5SKDDYDEM,cluster1
2317,9BAY3YUPS,cluster4
2318,YPPF74DXK,cluster2
2319,K1VC9HHNU,cluster4
2320,ST9I8JS7A,cluster1
2321,TQZ3RU0AM,cluster2
2322,0783RDZU5,cluster4
2323,REYRUOHXE,cluster2
2324,O9MZ1Z7ET,cluster2
2325,W49N8KKOQ,cluster4
2326,9RAWZTTH7,cluster1
2327,98D012AQA,cluster2
2328,1FG9K1OX1,cluster7
2329,8ZGA5U6UA,cluster2
2330,BZP0PNLYQ,cluster4
2331,FPH47KAPA,cluster2
2332,MQQBHNUP2,cluster4
2333,JPNOCJ5FC,cluster1
2334,IGNRI5LX8,cluster1
2335,KOBD1ACGV,cluster1
2336,9JQC5DWW7,cluster8
2337,IU3KN7VOM,cluster1
2338,4MH6YFPVM,cluster3
2339,2SDVI9WQ3,cluster1
2340,2LUBJZJ09,cluster5
2341,R8U3SEZC8,cluster5
2342,7BHS5LCJG,cluster3
2343,CBRHZ5VX6,cluster3
2344,F0UH9O0VE,cluster5
2345,NB6DY5XZC,cluster2
2346,SXGPLAQAJ,cluster1
2347,ES8WQBS9G,cluster5
2348,DVMMJX5E9,cluster2
2349,8X3I7ZB8Y,cluster8
2350,WSYT34X7Q,cluster2
2351,943VQK1KS,cluster3
2352,LSWFMG0IS,cluster7
2353,XOJ838V1M,cluster2
2354,RX3AOHSHS,cluster2
2355,E6GPUZ1AK,cluster2
2356,UHLJDIRZD,cluster8
2357,GZ8IPL53J,cluster1
2358,RIWBESDG5,cluster1
2359,3Z3PQBJBD,cluster1
2360,Q6YRBVJNF,cluster1
2361,WVL1ORWMH,cluster1
2362,3393Y2BIK,cluster5
2363,PVUADJF5D,cluster5
2364,WQE7LYNXX,cluster2
2365,ABUTWMMA4,cluster7
2366,BPS1XI2OD,cluster2
2367,6YE4ZOQXW,cluster5
2368,27ODROZW4,cluster4
2369,9F90Q8J2C,cluster2
2370,BXUZHRY8G,cluster5
2371,5DK8S60AX,cluster1
2372,5ATBUHR1C,cluster4
2373,N87YKYI06,cluster1
2374,NSSC2LXOY,cluster1
2375,OFV0CW2AK,cluster6
2376,60SX68370,cluster5
2377,UYWF1XUQA,cluster4
2378,LKA554BEI,cluster2
2379,N5UOS56KQ,cluster5
2380,DN6XW72NA,cluster1
2381,YBJLF3EZ2,cluster2
2382,S0V51A7E6,cluster7
2383,IKCKP4VAC,cluster7
2384,OUEAYD3V3,cluster2
2385,SOJVJK3XQ,cluster4
2386,0OAUESIHK,cluster2
2387,1EO68GM51,cluster1
2388,TKQAP5WCA,cluster2
2389,WOSNKWG1Y,cluster2
2390,429KSW6FZ,cluster3
2391,K3TA15LSJ,cluster3
2392,8J39KSY4Z,cluster3
2393,DB87K7VQ6,cluster4
2394,06MW1SZGC,cluster3
2395,RUVKU1215,cluster1
2396,MKA8MAKIE,cluster2
2397,VV7R28SAZ,cluster2
2398,N2M8LUAII,cluster1
2399,M502IBG2Q,cluster1
2400,PFSA75PZE,cluster3
2401,80YNW006Z,cluster3
2402,OX4FT35SF,cluster8
2403,DBKNL1DWF,cluster4
2404,ICDNLFSGW,cluster1
2405,W4OYN7XHT,cluster2
2406,XGP8QQ9PY,cluster1
2407,JG27BNM5H,cluster1
2408,JZL4YIJCQ,cluster3
2409,UK5E6O9I9,cluster8
2410,0UCNYG5CK,cluster2
2411,T8VHB400A,cluster2
2412,EPS6ZMQ2C,cluster4
2413,RDCR8K03W,cluster8
2414,2SWZ2K5Q7,cluster2
2415,TP4HQ9Q6H,cluster2
2416,C1A6VHMXI,cluster5
2417,O31019F0L,cluster1
2418,H63E8IF3T,cluster1
2419,ZGLWI4VEG,cluster1
2420,DVUW3S5QD,cluster1
2421,DWGF8K38U,cluster1
2422,2XJ593VL8,cluster2
2423,IZ73XWLPN,cluster3
2424,50GI9L346,cluster8
2425,B3O94VEPH,cluster1
2426,764M47PHL,cluster4
2427,RKJZL4YOI,cluster8
2428,ET48C31OI,cluster9
2429,VMXYH0ZUF,cluster9
2430,5DYFBBO9Z,cluster1
2431,M2XO9OX71,cluster10
2432,S7Q2SK5BH,cluster9
2433,4S3SNRQT2,cluster3
2434,QQSBRIN6F,cluster5
2435,DTWBKR22K,cluster1
2436,Y5M49QUBA,cluster1
2437,VNB5K3HKO,cluster2
2438,SQXMNVXC6,cluster1
2439,BI247DUOC,cluster9
2440,WXBPO953W,cluster9
2441,6FGX0WQVB,cluster5
2442,0EHOVL3F8,cluster1
2443,EX8CKT6M5,cluster7
2444,8YCFJ9YOW,cluster2
2445,AY5XSBYCA,cluster5
2446,IFXK2IYGA,cluster7
2447,BT209IZ02,cluster1
2448,BR7NRENPL,cluster2
2449,0AI9JIZ2W,cluster8
2450,7O8FJYLYD,cluster1
2451,AHSRMK4RF,cluster4
2452,7S4KSYTON,cluster3
2453,H1ZNUETHI,cluster4
2454,U65POKKZS,cluster4
2455,KHEIQ9M5X,cluster1
2456,SQAQ8E20A,cluster1
2457,VFC3N0VEI,cluster2
2458,2TZN6OZZU,cluster2
2459,COF191ORE,cluster2
2460,CU3PZ91HW,cluster2
2461,PXIMKS7T9,cluster2
2462,SPEC9AN84,cluster1
2463,7P93HIBBU,cluster1
2464,J5MY1UZCZ,cluster1
2465,ZIIGQOPOB,cluster3
2466,VVG6I5N1B,cluster2
2467,FBUQXJ4SJ,cluster4
2468,S9HNNAIL1,cluster2
2469,R7101WYHU,cluster2
2470,14P6MK6IZ,cluster5
2471,09XH8H0OG,cluster3
2472,EIZ9W95AR,cluster3
2473,PEL708C8L,cluster2
2474,OEF5000C5,cluster1
2475,E34HEJWJN,cluster1
2476,R3TWGEV21,cluster1
2477,8TPXDG42T,cluster3
2478,PT0049KIG,cluster6
2479,T3XW07FDY,cluster1
2480,POWBOAB17,cluster7
2481,PRM8V76R3,cluster1
2482,1MV2UQXC4,cluster1
2483,2MMDJSTE5,cluster7
2484,SJM6KU2G5,cluster5
2485,02OAXUDJX,cluster4
2486,2O7D222FZ,cluster3
2487,2IZME9E4G,cluster4
2488,AZAQ6AU88,cluster3
2489,A1FVK6RPC,cluster5
2490,0PS3UG706,cluster2
2491,WPCIJLU3N,cluster2
2492,VEKCFL5VR,cluster5
2493,XZDCN05KY,cluster1
2494,PHLG69HPO,cluster2
2495,31P8EGL0Y,cluster1
2496,W3CG1Q130,cluster3
2497,ACZ1EXFDG,cluster1
2498,0Q50IAKUC,cluster1
2499,JKX6CNCJ2,cluster7
2500,9P4C8HLH3,cluster4
2501,7CG8O8XJ3,cluster1
2502,F0J3TGWYU,cluster1
2503,6ELPVNVR8,cluster1
2504,4XGF7EN0J,cluster10
2505,R4NPAD8ED,cluster1
2506,404AUWO4W,cluster5
2507,17U9V7NPR,cluster2
2508,GXT6M9R5B,cluster2
2509,HBLBQFAWT,cluster2
2510,9GQED606F,cluster4
2511,QX1PQ23IU,cluster2
2512,BPQZ6THJD,cluster5
2513,RIJPXQ6DN,cluster2
2514,XJGDAF7G6,cluster2
2515,H18NF1W7S,cluster3
2516,CVPJN3242,cluster2
2517,V3CIRS933,cluster3
2518,PAIM84T7X,cluster2
2519,YURJQXARU,cluster1
2520,8BGRVBD6P,cluster4
2521,VY1DWBJ4I,cluster4
2522,3F2TB1VFZ,cluster8
2523,CM3C7Q43L,cluster2
2524,LV91JF6Q5,cluster5
2525,YLURS3GCJ,cluster8
2526,5SW2OYSDM,cluster2
2527,CKTP9MZDP,cluster1
2528,SJ83J9M8W,cluster2
2529,8R9PYNMQ2,cluster4
2530,08RZWTGAI,cluster4
2531,WZ958R0HK,cluster2
2532,LS0MVABVH,cluster7
2533,WD5RH70B3,cluster7
2534,3FJJ89RU4,cluster1
2535,GB9U47F2W,cluster3
2536,QZ6XT2PKV,cluster3
2537,AU6WSDEUP,cluster2
2538,8S1KH4582,cluster2
2539,62E6KTMYD,cluster8
2540,Q4JG9LJV1,cluster8
2541,F6DB36ZVO,cluster1
2542,C7SAB7SNT,cluster4
2543,TZCLJP7KP,cluster2
2544,VFUIAWE31,cluster4
2545,OX2XRLFPK,cluster3
2546,L4060Z3W4,cluster1
2547,N1OE7VEQB,cluster6
2548,L1DWL3MMH,cluster3
2549,AQDRAUC0Y,cluster1
2550,914Y0S91B,cluster3
2551,5R1PN5IUU,cluster1
2552,VTAK1OW52,cluster1
2553,IBJKTO3HC,cluster4
2554,F7HR6981W,cluster2
2555,TF5MAG4U7,cluster5
2556,9KJQV484H,cluster3
2557,KITRRCAR3,cluster5
2558,64VOFJ31V,cluster7
2559,JI6QLSKHZ,cluster6
2560,HJ5MR2VO7,cluster5
2561,NYUP3YPIE,cluster7
2562,KMSV9L2XW,cluster5
2563,5TAREL6KW,cluster8
2564,860H86ITI,cluster1
2565,5B3Q17U56,cluster2
2566,0RTFSIQT0,cluster1
2567,WQ4RMKEH8,cluster6
2568,4SI5OA687,cluster6
2569,T9EP740S5,cluster4
2570,FJRGIPHUH,cluster1
2571,MT9URI32M,cluster1
2572,T0K1MQKB0,cluster5
2573,G6PVOBD0G,cluster5
2574,T6U1N6H8Y,cluster4
2575,KQQ07XAUP,cluster3
2576,VZZDTKCKH,cluster2
2577,40V3VXC61,cluster2
2578,QW3NRQD61,cluster4
2579,Z6LC71ALA,cluster4
2580,8H70N2069,cluster3
2581,B0MVC937S,cluster1
2582,Y1THA71IK,cluster1
2583,WRNMPSCTK,cluster3
2584,MKVWKQLC7,cluster1
2585,462LDEX3G,cluster4
2586,45JAJQR0T,cluster8
2587,GPA1ZGJNQ,cluster1
2588,8I5UXCO91,cluster7
2589,H43G8930O,cluster1
2590,CRPNAPNGN,cluster2
2591,HXCXKPSUS,cluster4
2592,DQU5XA4R7,cluster1
2593,IK0WQV4EZ,cluster4
2594,96VSVMV1D,cluster4
2595,MQQWLSYEK,cluster1
2596,DL8UCUOXI,cluster1
2597,717GUUQO5,cluster9
2598,OIH4S606V,cluster8
2599,DPWK3F3A7,cluster1
2600,Z6Q11HCQY,cluster2
2601,MLDCFFL0X,cluster5
2602,7A7TZMQPS,cluster2
2603,TA0TS1ZDA,cluster5
2604,UT2WF55CY,cluster1
2605,T473S9GAN,cluster1
2606,50UXOO6TD,cluster5
2607,D9RQ0RN9E,cluster1
2608,7GIODT53Z,cluster5
2609,YAPHJXREU,cluster2
2610,1ENZEYKXZ,cluster7
2611,G924N98WP,cluster2
2612,M3K3G0HHX,cluster1
2613,76O8C8WGT,cluster2
2614,EL4TBQ0WT,cluster1
2615,4K5RA81SE,cluster7
2616,VY1IQK701,cluster2
2617,9YYBD8TT0,cluster5
2618,D2OS9CN2S,cluster1
2619,AZBWJ9XPS,cluster2
2620,R8YUD8B7M,cluster8
2621,VY994CMFE,cluster1
2622,G0VVYN1G4,cluster2
2623,2BES6RGA2,cluster1
2624,PFZBR34MV,cluster2
2625,6HWAEXTQH,cluster2
2626,8ZNO8BIHL,cluster3
2627,Q4KUCIVNO,cluster8
2628,GTI2GZ6XF,cluster5
2629,00ZNUSEGA,cluster4
2630,TER22Y23C,cluster2
2631,067SBL2JV,cluster4
2632,6WDSSQYVM,cluster1
2633,7F5W3F1OX,cluster7
2634,8UD7JTX97,cluster3
2635,BGNLT927M,cluster5
2636,PU13QZ4JY,cluster3
2637,D1BRYFYJ6,cluster2
2638,2P8EFRQJL,cluster1
2639,FC9XW1CZT,cluster1
2640,L6QF8RH1K,cluster9
2641,8E8ZC6184,cluster2
2642,H9Y1CT6IB,cluster4
2643,EZFCOAIT9,cluster3
2644,CDYMS4URU,cluster2
2645,KTE6RXDPY,cluster1
2646,0UUG7BU8I,cluster1
2647,Y8275LJBI,cluster1
2648,254O3DSMI,cluster3
2649,JKE6NZH7E,cluster6
2650,216LPDEH4,cluster2
2651,C8D70IIXH,cluster6
2652,100UDECF2,cluster6
2653,20CKF3ZWL,cluster2
2654,0LTCPC9RM,cluster5
2655,ZY3D4GEPJ,cluster3
2656,NPF4Y5KBX,cluster1
2657,VG90BV6GT,cluster3
2658,CPOMMX40I,cluster1
2659,OQEKZ5VWC,cluster3
2660,Q8DV4FMAH,cluster5
2661,VGC01ZB0H,cluster5
2662,MH2ASXWHA,cluster2
2663,1BOD4FPSY,cluster3
2664,X5VG044C1,cluster6
2665,XAKI4E6XC,cluster6
2666,KLCY9ES1H,cluster1
2667,SVPT95V00,cluster2
2668,0UKSDIAP8,cluster1
2669,6SQJ1ZRRH,cluster1
2670,2Y6XYS12P,cluster7
2671,XIANW1HI3,cluster1
2672,1H950GYRD,cluster1
2673,S6I4R66FD,cluster1
2674,CFSEA1CI4,cluster1
2675,9GEBR8SH4,cluster1
2676,ZV6KY08RC,cluster6
2677,O2BJ89FW0,cluster1
2678,I390LDN9S,cluster5
2679,2CXRAOMMR,cluster2
2680,Z69KV5OXV,cluster1
2681,XMG240E95,cluster2
2682,K432YHQR9,cluster1
2683,UK9YVOPX8,cluster1
2684,E8A04E06X,cluster6
2685,VCD8JOI4W,cluster4
2686,58WZIK51Y,cluster5
2687,5IXBVPE9A,cluster1
2688,KYFDHAA0R,cluster3
2689,D7R3OMQIW,cluster10
2690,FEW1DRYSU,cluster2
2691,7CPMP6BDN,cluster4
2692,A8B55W5J3,cluster4
2693,2UF6VAUAJ,cluster4
2694,647NG17G3,cluster8
2695,9L2D3IE0O,cluster3
2696,DKN6A2OTX,cluster3
2697,2EBUVMLQZ,cluster5
2698,U3MARAWRW,cluster8
2699,IMEX0K73J,cluster3
2700,HILTOLDZZ,cluster6
2701,9K4J7STUU,cluster1
2702,UERR91Q2Z,cluster2
2703,IL1PD51JB,cluster2
2704,QOXZK323D,cluster2
2705,AMQRX23IB,cluster5
2706,O6TUQEDCW,cluster3
2707,CRMZ0AXQW,cluster1
2708,5R1FRRJH0,cluster2
2709,Q2ZFJZ5HS,cluster4
2710,F0AKTDLH4,cluster1
2711,MHBESWB72,cluster1
2712,FHKKURP18,cluster3
2713,S6MGZ0J9Y,cluster8
2714,G1H7U4NOD,cluster7
2715,XHDGYPN53,cluster1
2716,2IXEUSFW1,cluster6
2717,9SOZPQSLR,cluster5
2718,ZL6K349D9,cluster3
2719,0THOTAQ2B,cluster2
2720,8I92Q0L51,cluster3
2721,1NY9ZW0OL,cluster2
2722,J8R1TIFOU,cluster4
2723,06Y69D9P4,cluster8
2724,BKBU92OI9,cluster2
2725,BV2HR57AJ,cluster3
2726,4R7NEZUKL,cluster2
2727,21QW58OKO,cluster8
2728,29MGAQA86,cluster2
2729,GNOZOMKVT,cluster10
2730,5DVBG03XU,cluster1
2731,WGRI0UDU0,cluster1
2732,0BY8ZCY44,cluster4
2733,DN1DRMP1H,cluster8
2734,6MW2D0QMX,cluster2
2735,VULK1WUAB,cluster2
2736,U8EMJ67QR,cluster8
2737,37NA61AAI,cluster2
2738,1DRKQFEXF,cluster1
2739,1YUQIEPJ0,cluster1
2740,PPDG3O932,cluster3
2741,9XS4STZ9R,cluster8
2742,O7T7GAU7X,cluster2
2743,DWW5SV8NM,cluster8
2744,BQ1BYKOC5,cluster8
2745,EX66D0UD3,cluster5
2746,NKTSKIX3P,cluster1
2747,JFKBCAVBV,cluster3
2748,HRSZL42CO,cluster6
2749,HGWGSX9WI,cluster4
2750,K1EYASYE9,cluster5
2751,0E5EGY0CC,cluster3
2752,VVVGYCKIM,cluster1
2753,8YEB38794,cluster3
2754,IMTFIX05S,cluster2
2755,TN9ED892B,cluster7
2756,76D4IYYXB,cluster2
2757,TU1SLMR17,cluster3
2758,XPGWVQVMB,cluster1
2759,QTLEN772O,cluster3
2760,1Q7OBXMOT,cluster1
2761,5VEAJTL0I,cluster1
2762,XLEXPJGXV,cluster2
2763,LEQ02URM2,cluster1
2764,RN101K3DQ,cluster6
2765,V4MD9SB53,cluster1
2766,UG352XU4L,cluster3
2767,AY0YR38Q4,cluster4
2768,P8HHAJ4ZV,cluster5
2769,RN0P2YXM8,cluster2
2770,X4ALEOY6G,cluster2
2771,WRXGWXBSN,cluster3
2772,JFTFOBDUD,cluster5
2773,LCG7ZI0JV,cluster4
2774,MLZ6OR8A9,cluster5
2775,FQ8OTLEA4,cluster2
2776,P56TC1F01,cluster5
2777,B0O3137U5,cluster5
2778,Z99X9YIDA,cluster3
2779,3O0R0QMAS,cluster3
2780,21MUCWC8K,cluster3
2781,OPKYEYBV1,cluster2
2782,DH28OX6XY,cluster8
2783,VI3BKB0Z6,cluster6
2784,L11IF4M5B,cluster2
2785,12S0891J4,cluster5
2786,PI31DTH3Y,cluster3
2787,E2BWP92DQ,cluster3
2788,LA9IC3A1T,cluster6
2789,1Q9VKCPLD,cluster2
2790,ZRYWD91H6,cluster6
2791,OSCDEN7E7,cluster2
2792,HFCIK3UXG,cluster1
2793,H35MZZ2SY,cluster1
2794,LVKY5YG0U,cluster1
2795,Y95FQN0II,cluster6
2796,K83FTISQ6,cluster1
2797,60I7H2B6D,cluster2
2798,FMEZQH9K1,cluster7
2799,L9FHR2S1W,cluster1
2800,1SOLBJJN5,cluster5
2801,D33BMN0VX,cluster3
2802,P68G8PR0H,cluster1
2803,3L1T8T929,cluster1
2804,TRGNCZWOG,cluster1
2805,VCB0LZX7I,cluster2
2806,5WEF6TYF0,cluster10
2807,NLJ9HUO6K,cluster3
2808,OAHOSE1BX,cluster3
2809,AC7GRKJLV,cluster1
2810,E3BFJ0TTN,cluster1
2811,ZJ0WF81H8,cluster10
2812,S98H4TS1I,cluster1
2813,FUVYVPV9A,cluster3
2814,2Y7P8B0A3,cluster2
2815,NXLX2TYV6,cluster7
2816,G43HPP4GZ,cluster1
2817,BTKZX7UM1,cluster6
2818,G7MUUV0Z2,cluster7
2819,RADO18P2H,cluster3
2820,19OHQDUNK,cluster2
2821,ORI22S2IL,cluster4
2822,D9CZSI635,cluster5
2823,JT4XPCBRU,cluster8
2824,6C4QMQVFA,cluster2
2825,0XT29KL8L,cluster1
2826,17L13XIVU,cluster8
2827,7TR6A1MX5,cluster1
2828,IYZ5XNZU2,cluster4
2829,X5SUSM6FS,cluster1
2830,MTSUA7A1I,cluster5
2831,9FKXIF4DD,cluster2
2832,ZF44FQMSI,cluster1
2833,CYYUIDMU1,cluster2
2834,QX3MQ5TDI,cluster1
2835,C8Q0GQ45V,cluster2
2836,EGPU7UYXJ,cluster1
2837,T6MAUI3S0,cluster1
2838,DPB9A3VIJ,cluster5
2839,ZPOBBPUZ7,cluster1
2840,DIYWDD2PT,cluster1
2841,V0PDUL623,cluster2
2842,47T83X5F9,cluster6
2843,91JY21RI3,cluster1
2844,BSLK9A4T4,cluster8
2845,2IHLR0EPR,cluster1
2846,O8R5WQ8Y5,cluster2
2847,1Q3Q90SV2,cluster3
2848,XAGDRPIIQ,cluster2
2849,CC588I36Q,cluster8
2850,8ZT9ZPJDT,cluster2
2851,MSOUHBTW9,cluster2
2852,QUTX8OZW3,cluster1
2853,3B6HQ7361,cluster2
2854,2QWHN1P1O,cluster3
2855,WMVWX2QHI,cluster6
2856,H3BSKLPG3,cluster3
2857,DM789TUX8,cluster1
2858,765VQE9LM,cluster1
2859,WDOSK3RW7,cluster1
2860,UWRNLFYAU,cluster2
2861,53TVZQWLY,cluster2
2862,BKWZRMWPQ,cluster8
2863,OAE8PDQKR,cluster1
2864,RMZS3HYLM,cluster1
2865,2CPYLD0W6,cluster2
2866,RQPDOVUPN,cluster4
2867,2C6KNA6EJ,cluster3
2868,ML88UNYGY,cluster4
2869,VTJZT415X,cluster9
2870,5FGUOW834,cluster1
2871,JT2KS915K,cluster3
2872,SHWVI2VHN,cluster6
2873,170T6AR64,cluster3
2874,7ZLVSWD93,cluster1
2875,VYUPXTX8A,cluster4
2876,YE7U5FW01,cluster1
2877,8AGM3EMI3,cluster2
2878,N3HH11BQN,cluster6
2879,PIKAQ0438,cluster2
2880,N2HCX7HJV,cluster5
2881,RC8IBH0IC,cluster3
2882,X6YXGOANF,cluster2
2883,3WKXDXN9U,cluster2
2884,2EHY7HPK7,cluster2
2885,AH294VHRU,cluster1
2886,JQBGKP6W8,cluster1
2887,ANX90173O,cluster2
2888,WPI6QZIIO,cluster6
2889,8ELED7Y1B,cluster1
2890,T98HPNYP0,cluster8
2891,GJVDACICD,cluster7
2892,0UDIOCAYK,cluster5
2893,0MPV067EH,cluster9
2894,4RRKUNK5T,cluster6
2895,IJ87GPOBO,cluster5
2896,J1W7OB6VP,cluster6
2897,N4B5RI7LL,cluster2
2898,F7O7JP657,cluster4
2899,EB7QFUPAJ,cluster2
2900,0NJTBZZMA,cluster7
2901,9KN7FLB9N,cluster7
2902,GEXF8HSVA,cluster2
2903,ZRE65F504,cluster2
2904,X230HT4H1,cluster1
2905,GELIUCS8X,cluster1
2906,Y5KXCTNCC,cluster3
2907,0MNKSCBCB,cluster3
2908,G28YLWDK3,cluster4
2909,55DNOTPPG,cluster6
2910,25GVYZ6WS,cluster2
2911,ISJRFYV8V,cluster4
2912,ZCEA10045,cluster1
2913,1ET3RF36X,cluster1
2914,CQBNLIESX,cluster5
2915,6BLNEPG5W,cluster7
2916,OBT4O2J17,cluster2
2917,RQH6LZ1DN,cluster1
2918,C7KKETYY6,cluster1
2919,V35QO77IQ,cluster3
2920,XNVODJQAU,cluster1
2921,SSO3JAYO1,cluster4
2922,G3AK41ZMP,cluster5
2923,PTD4TSRK6,cluster2
2924,V10WQFO45,cluster4
2925,DWSBVSYS1,cluster2
2926,RTAM4EG9S,cluster2
2927,VZKZ4CJ7R,cluster1
2928,NY0K9NRO4,cluster5
2929,9THTV30XK,cluster1
2930,BT7PNDG4I,cluster3
2931,ESJLYIEW7,cluster1
2932,JUX1BZ6HY,cluster2
2933,47WO9B5T2,cluster5
2934,Y5PB8F9G1,cluster4
2935,5DOTKEORF,cluster9
2936,FXUIO6E16,cluster8
2937,2IQPKKF81,cluster1
2938,OE60TPELR,cluster3
2939,5ZJFYBS9V,cluster3
2940,3NKYK04VG,cluster2
2941,OO5QTTK4Q,cluster2
2942,04HXWXUA0,cluster4
2943,572DEFJON,cluster1
2944,FWVCCCNHW,cluster7
2945,3WSJ82GP2,cluster7
2946,2PIBMIKNM,cluster1
2947,WOL2W3Y8C,cluster3
2948,IBBKSYD65,cluster2
2949,7B3SHSNF3,cluster6
2950,1XY85SCY9,cluster4
2951,7OIFW6OLV,cluster3
2952,4XUZ8URGP,cluster2
2953,HLSG2YA1O,cluster1
2954,R4G98WU41,cluster5
2955,E2QJKN6TN,cluster3
2956,SEES50F33,cluster4
2957,Q0VTU3UO1,cluster1
2958,HANFTNNGW,cluster6
2959,JFZ241QQ1,cluster2
2960,OY2FABD0X,cluster3
2961,TTBELUESF,cluster1
2962,GD0C5YJZC,cluster4
2963,5FZ9R4AUU,cluster1
2964,NS0CE6Z7Y,cluster1
2965,1SS2HQWO1,cluster5
2966,ITTU8NNHX,cluster1
2967,TYNHPQ5LM,cluster5
2968,BUOA5O63N,cluster1
2969,TSE8VOHW1,cluster3
2970,1VULI5G25,cluster1
2971,IBHOBOJ9M,cluster2
2972,VIQ0MGD3P,cluster8
2973,CXMGWAJYV,cluster2
2974,78W5L68HB,cluster1
2975,BTVZU5CS5,cluster5
2976,P4YF91OON,cluster2
2977,PE56B2I61,cluster2
2978,4CDQZNQRW,cluster6
2979,ONU0BFDQG,cluster1
2980,IX4GV2NL9,cluster5
2981,L101FUOEM,cluster9
2982,WN6DC6P9M,cluster3
2983,Q0X9NFZ9X,cluster1
2984,926G1F4Z4,cluster4
2985,LHWQ2X3UV,cluster2
2986,4Y9506OEQ,cluster3
2987,IIOLP01IV,cluster3
2988,UMO6GFW5X,cluster5
2989,0UYS2C1S8,cluster3
2990,XL7Q0NF2I,cluster4
2991,PDYR07PTR,cluster1
2992,W1VNSW6KX,cluster5
2993,H9F0NUHZL,cluster5
2994,WS8H57TIM,cluster1
2995,ELDCP31GP,cluster1
2996,01L6VT7DN,cluster8
2997,A4NUZ22PL,cluster7
2998,QXJ5CFFZ8,cluster6
2999,4LSAW3CUS,cluster7
3000,7AK7E0AQB,cluster3
3001,0CSQHF5JX,cluster9
3002,GIXPWK16D,cluster3
3003,RUDQJY3C2,cluster1
3004,P9WAQ2YOO,cluster4
3005,ZBUAH8LBD,cluster4
3006,M4H38KW2T,cluster1
3007,S0JVTE8RA,cluster1
3008,YGPHYG01W,cluster4
3009,WK12FKP7L,cluster5
3010,J2QRFW5I1,cluster2
3011,8CTLQQSMJ,cluster2
3012,1YYH8H3XU,cluster8
3013,Y2RN3D23Q,cluster2
3014,RGMX8TPJR,cluster2
3015,KUSDZXLQX,cluster9
3016,3NLU0Y1NP,cluster1
3017,TG27Z1L4N,cluster2
3018,YQHW5JB3S,cluster2
3019,CBXQ07AEK,cluster2
3020,YMIBG1QJL,cluster5
3021,RXLF0C8WT,cluster3
3022,TCVLLIOUP,cluster7
3023,S2O5A4MCN,cluster4
3024,QPDP4NDIK,cluster1
3025,LRDZEYQZU,cluster5
3026,Y2VMWOG06,cluster1
3027,VCVRO0MII,cluster7
3028,PRXI9YEZC,cluster2
3029,ZXNHGFBPA,cluster4
3030,DECCY3FVB,cluster1
3031,EHDPWALT2,cluster1
3032,QMFPEGDU9,cluster2
3033,SBXCF06VU,cluster2
3034,M9FLOWVQ1,cluster1
3035,71K8MDKF5,cluster5
3036,AGONNB8P1,cluster3
3037,SE7LN0QOU,cluster1
3038,2259E44GO,cluster3
3039,ZDBVGIMAL,cluster1
3040,5MUYN7MPY,cluster1
3041,PPQL7113D,cluster1
3042,0FZ4NDK1V,cluster1
3043,Z5Q2D8HRQ,cluster6
3044,GPFHLUZOQ,cluster6
3045,IZEGIT959,cluster1
3046,N1WLKJOVT,cluster2
3047,CU9B42AVV,cluster1
3048,5I69BO46K,cluster1
3049,RW533BDLF,cluster4
3050,8D7U8QAEH,cluster6
3051,1KWVXP2IN,cluster1
3052,1185GI4QA,cluster1
3053,41QQ9YOP3,cluster2
3054,6DTLELS4F,cluster6
3055,KDL08X9Q3,cluster2
3056,EMU4DGEJG,cluster1
3057,CGZKJ70QT,cluster1
3058,79IK65LHE,cluster2
3059,VRC1Z0HPN,cluster5
3060,GD5JEBNLG,cluster2
3061,P2TDEEG17,cluster6
3062,R2GWDR6F7,cluster1
3063,X33VS3F66,cluster2
3064,6JTV0VQQC,cluster1
3065,E6PID6J5B,cluster1
3066,ANY6Y447P,cluster2
3067,3NELGF40V,cluster1
3068,RML6YR0NR,cluster3
3069,2WW8D50KT,cluster1
3070,0SPE7YKKI,cluster3
3071,TGF54HJRV,cluster1
3072,9GORYNJUQ,cluster1
3073,420PGVEBP,cluster1
3074,DVP4W2WRN,cluster2
3075,CZHEG8QIU,cluster3
3076,R6G3W05BD,cluster4
3077,66OUPN57G,cluster3
3078,VPGEFD68Q,cluster3
3079,GLRGWFBWL,cluster1
3080,EOKJHSBRU,cluster7
3081,1WS6CEO7Q,cluster3
3082,2S0OZNYLU,cluster3
3083,OE1V4CJ49,cluster3
3084,TKO46DUH6,cluster4
3085,4AK698XCY,cluster5
3086,XBZYV1PEB,cluster6
3087,1IU9K7P68,cluster6
3088,1522ZTYU2,cluster6
3089,502NWZIWA,cluster9
3090,RFZZEE3E0,cluster1
3091,UEZ1B3DNT,cluster1
3092,HVN4WCKNF,cluster1
3093,C0GNKM5PH,cluster5
3094,0QNEJ6921,cluster4
3095,FHIBQ89QE,cluster5
3096,IUDC3PI7I,cluster5
3097,YHCJSW3ZJ,cluster1
3098,SC7B1AT7J,cluster5
3099,9NCPTOLSR,cluster2
3100,C33J0EL5F,cluster1
3101,3KPSFODBV,cluster5
3102,24QWDYLOU,cluster3
3103,3VCEUFWI4,cluster6
3104,PUF2VXLFR,cluster6
3105,KWXYE3KBI,cluster5
3106,A9GUKCKLR,cluster1
3107,FZ3880212,cluster2
3108,FUM1OK9W6,cluster2
3109,OISBBWTDP,cluster5
3110,GKB3J869K,cluster3
3111,DCMP01YAI,cluster3
3112,5NBDOJ8GS,cluster1
3113,5QIQLV5JG,cluster5
3114,PLYLH7SHY,cluster6
3115,YQWWTEFF3,cluster1
3116,X3ULQW1IB,cluster3
3117,R68AFLEJ3,cluster2
3118,ZFYZ6ZARU,cluster2
3119,60I0IHY3Z,cluster5
3120,YA54L81JN,cluster3
3121,WJFRB8H3A,cluster3
3122,MBXTJ6Z3Y,cluster3
3123,VGKXD60WO,cluster4
3124,8JMYY60MW,cluster3
3125,7DKJ7RXT3,cluster9
3126,NSZ9O15GA,cluster2
3127,NGBS4GB0H,cluster2
3128,KJCAOAURA,cluster2
3129,6QFK42C9A,cluster7
3130,J8PANKDB0,cluster4
3131,KYM4V5TU0,cluster7
3132,94Y435G2Q,cluster1
3133,ZYK5H50D3,cluster1
3134,00OIKS2CV,cluster3
3135,VJKIITI2H,cluster10
3136,JSY41I3SX,cluster2
3137,AQ7KEPF6K,cluster5
3138,AULZ5AR4H,cluster5
3139,KE0CSLK6N,cluster1
3140,2TS5RQWDI,cluster2
3141,D6TVBEKXO,cluster1
3142,YGURXOOAR,cluster1
3143,I0LOG17WO,cluster1
3144,N89NNNU2F,cluster1
3145,Y2OFJTFUT,cluster1
3146,Z2GCOQ378,cluster7
3147,YH74W3DOQ,cluster2
3148,URUZRRD8D,cluster5
3149,0HONIRIPM,cluster2
3150,G9PCW8UM2,cluster1
3151,K63E1GC8C,cluster2
3152,GBA127MMT,cluster6
3153,47J8WO6ZE,cluster5
3154,43RMO9UUU,cluster5
3155,B4IV7TY4H,cluster7
3156,0EHLUQGHH,cluster2
3157,W33E7PXA5,cluster1
3158,IO8X35FXW,cluster1
3159,07LM4XOHL,cluster2
3160,KS2PCERTH,cluster7
3161,99UL4XM5J,cluster3
3162,TXE29HXOE,cluster6
3163,N1WEK9H71,cluster1
3164,A1PKWD0UC,cluster2
3165,S85BHWD0E,cluster2
3166,ILPWTRRAS,cluster2
3167,6F7AVXFXJ,cluster5
3168,RSW2E2KGO,cluster1
3169,OTWJRUAE1,cluster2
3170,ZD93S2EJG,cluster2
3171,RMJ33H96E,cluster4
3172,K38818GMI,cluster2
3173,LPDRJDCSV,cluster3
3174,EO4PZE0AL,cluster4
3175,IRRINXUZ9,cluster1
3176,0W3X17NT9,cluster5
3177,3RWUN227F,cluster1
3178,QP8JQ7RQD,cluster3
3179,6IYGN70ZT,cluster2
3180,09SWFPNN7,cluster2
3181,DYMBVDZOD,cluster5
3182,OKXCHQUTD,cluster3
3183,WA7J07X2J,cluster1
3184,64472BPQH,cluster3
3185,GRQ9SOOI3,cluster4
3186,STQ4ASTXU,cluster3
3187,AHVVF3J3R,cluster2
3188,HGH4GJ7CL,cluster7
3189,DFHVWC8K6,cluster3
3190,MH2FFA06B,cluster8
3191,X6TWD6EE2,cluster6
3192,6GM58OHEJ,cluster6
3193,01K2GNELV,cluster5
3194,Z3FCDXN0H,cluster3
3195,BIPK5ZAR1,cluster2
3196,UA9ALMGUE,cluster3
3197,6AUEWF3KL,cluster5
3198,WETFGK1XD,cluster4
3199,SL6638ECP,cluster2
3200,C1S6KOJNU,cluster2
3201,NOSXSVROU,cluster2
3202,QGTNPBBUQ,cluster2
3203,5R6JDDNFP,cluster3
3204,4DK9EQVWV,cluster2
3205,QD0LBRK7H,cluster3
3206,G7B2S6O4S,cluster2
3207,0NDKXU011,cluster1
3208,W7603N4R8,cluster1
3209,FPQ6W6U2B,cluster1
3210,AZXLPGDE6,cluster1
3211,6V6GNNDOW,cluster6
3212,6XQ2SJK99,cluster3
3213,YZYLQYOKH,cluster1
3214,3GRGFIRRE,cluster3
3215,NFPV28AOM,cluster1
3216,OY6QMFL84,cluster2
3217,SNXRZI2FH,cluster3
3218,J0RX9SBDE,cluster4
3219,7L2CBZMMZ,cluster2
3220,DZCZYOB1G,cluster5
3221,EY3KP5F01,cluster3
3222,TF6OP847I,cluster7
3223,P345SIQIU,cluster7
3224,RHPWXLY4I,cluster1
3225,N92QEPA3C,cluster5
3226,W4JMC4BQA,cluster3
3227,DPSJHDL6N,cluster3
3228,F2K0O5YF1,cluster2
3229,8EDG8VCDJ,cluster7
3230,3JU9FAUU3,cluster1
3231,ILPPF2Q5O,cluster2
3232,49OBHOEAA,cluster2
3233,L3NG1JIPA,cluster2
3234,X1BJXGOI1,cluster6
3235,YZ8KWNRK5,cluster5
3236,7J3RU826H,cluster2
3237,5KJWNAY41,cluster2
3238,4Z6PV7VGE,cluster2
3239,O8KHGAOIP,cluster4
3240,39CT32BOM,cluster1
3241,MTXWZ0XMV,cluster6
3242,Y6JQ71GUS,cluster1
3243,SKV8LMG6Z,cluster4
3244,ZPR3D3QEX,cluster1
3245,H5R2AKVEJ,cluster1
3246,G3Y4EADPK,cluster1
3247,KU8W4234J,cluster1
3248,A5TPTQ6ZM,cluster3
3249,PC7B884AO,cluster1
3250,5ZIUAFFN5,cluster2
3251,6LPDNEB9S,cluster2
3252,TI57LRHOO,cluster3
3253,9UL5HFSYC,cluster5
3254,H2ROAYDAF,cluster1
3255,GJFNQHU5H,cluster1
3256,6HV0M6JLW,cluster1
3257,U476NEJ0Y,cluster2
3258,2C4UUUHF1,cluster5
3259,RNFE2L77J,cluster1
3260,AWHBD9HUQ,cluster3
3261,5VH84JBT2,cluster4
3262,OG9OCXTZF,cluster2
3263,4L516TAQV,cluster1
3264,SOJZINKCE,cluster5
3265,GSG4LGYHU,cluster1
3266,7T0FU55JW,cluster2
3267,X11N9G88W,cluster1
3268,GW18ZD5P5,cluster2
3269,V07Q2V9I8,cluster2
3270,2C3YXFW4C,cluster1
3271,INPJZHXWK,cluster3
3272,W0IY378IE,cluster4
3273,I2AKR3JZO,cluster1
3274,CZ2VSGXG8,cluster3
3275,DOTDWT8J8,cluster1
3276,03J91L95B,cluster1
3277,V0L48ZOER,cluster3
3278,O1CDHBLRD,cluster1
3279,8F11DYPRB,cluster2
3280,IXX80YY6J,cluster5
3281,BX1VAF0QY,cluster2
3282,2SUVKHRE8,cluster5
3283,7DN8OIF2S,cluster3
3284,6A808LLJM,cluster1
3285,ND16QJ4X3,cluster1
3286,6US4KFWHQ,cluster2
3287,MLVH07E7G,cluster2
3288,CW95CSN93,cluster5
3289,OBH8HF2FE,cluster5
3290,ALJZLT27X,cluster1
3291,QLAU0VBIK,cluster3
3292,A8536G73V,cluster1
3293,WVI9Z910Y,cluster4
3294,2Z7F26GY8,cluster4
3295,8GZWB0CK7,cluster5
3296,5TWG6M09W,cluster8
3297,3N3NGFMP3,cluster5
3298,GX7QEX1C8,cluster1
3299,0C862NVTG,cluster2
3300,70IZI8N5P,cluster8
3301,RKCT07C4Y,cluster1
3302,YUTM0DBSN,cluster5
3303,4R2L9NYGB,cluster7
3304,LHH4XV8FY,cluster2
3305,9C0G8VRW0,cluster1
3306,EZKQK6KMG,cluster1
3307,11BVRL1R7,cluster2
3308,AE17A2P7E,cluster4
3309,86CV12UUT,cluster2
3310,14SIV6CRZ,cluster4
3311,GPNYDVFN9,cluster8
3312,E5AQSC74R,cluster3
3313,YX38NBFOF,cluster7
3314,FLRNBNBKC,cluster1
3315,JC6452OS1,cluster7
3316,E5R4E4Y6B,cluster2
3317,12NAGBXJ9,cluster5
3318,1BDO99XFL,cluster2
3319,7N3C08SC1,cluster7
3320,P2X3RW4FP,cluster7
3321,2EZGEPBMI,cluster3
3322,F5YV43TKH,cluster3
3323,6L3V7G2UG,cluster7
3324,OCIETL9YM,cluster2
3325,QWN0PG6PN,cluster2
3326,ANV3SXQ4P,cluster1
3327,YRCFEE3EV,cluster6
3328,0EJCHZJ3E,cluster5
3329,C9U0FYLY7,cluster7
3330,8JAGP5IIP,cluster2
3331,74KTS80ES,cluster1
3332,3URC69VD3,cluster3
3333,43MUE3J5A,cluster4
3334,0U1T7DNUE,cluster3
3335,OBRW61AUG,cluster4
3336,5QO4IHHFJ,cluster2
3337,6NYKUZ4UH,cluster4
3338,IGVHXMTDR,cluster7
3339,OQTLBLI41,cluster3
3340,0ZXZPXZMS,cluster4
3341,0OCWNH0V1,cluster5
3342,O419282TQ,cluster2
3343,84GJXMOHH,cluster4
3344,OUTOCEU1X,cluster7
3345,EMXET8687,cluster2
3346,4AS68XQQF,cluster1
3347,J6RZI5FWA,cluster1
3348,P0XHG4RPR,cluster2
3349,EI8PNO6EW,cluster3
3350,3U3JRVHSM,cluster2
3351,YP8834VZJ,cluster7
3352,S9195BADU,cluster2
3353,DMFY9ZDBE,cluster5
3354,XX15EPFFE,cluster1
3355,4OW21HHI7,cluster1
3356,ZXLLZQSMS,cluster1
3357,9C21RMGH1,cluster2
3358,EPCUF3BA4,cluster4
3359,55R9X4V1C,cluster2
3360,PZG77LWUH,cluster1
3361,OUKKEW8EO,cluster1
3362,PFBYZQV4E,cluster3
3363,E125PLIL6,cluster3
3364,0IPXPQBCS,cluster3
3365,4ZH7Y0QCW,cluster2
3366,CRE4KZO5H,cluster4
3367,4D3QAYA12,cluster3
3368,RZONKQ511,cluster3
3369,TPUOYHYM1,cluster1
3370,5702YWGJ5,cluster7
3371,P0CCHRB29,cluster5
3372,9VKBYMR7A,cluster8
3373,W199O5O1V,cluster1
3374,FWG94SE8L,cluster5
3375,7GYP25JMU,cluster2
3376,QUXQMNU7E,cluster8
3377,VX1G6CU03,cluster1
3378,QBTN338VD,cluster4
3379,AVBGC12JI,cluster2
3380,L5HOM1XK8,cluster2
3381,2Z2IKU9RE,cluster2
3382,R6EZ93DP0,cluster4
3383,47P6I6EGY,cluster7
3384,PKEB8HSLQ,cluster1
3385,VQVJKS9U2,cluster3
3386,C8ZM3TTB0,cluster1
3387,VXKSC4CP7,cluster2
3388,DX1X8VYOW,cluster3
3389,K2P465SGP,cluster1
3390,R72F5A9RI,cluster1
3391,PC7LZKQIC,cluster3
3392,664T8BYKI,cluster3
3393,1XXUTB2AV,cluster2
3394,Z05MDSGHZ,cluster6
3395,XBH4PAL5Z,cluster5
3396,9EM0VFU9U,cluster1
3397,C1XURX85P,cluster5
3398,9YH8HZTBO,cluster1
3399,UU5Q37C1D,cluster1
3400,ZJIWQM6K4,cluster3
3401,9LMQT0ZPL,cluster10
3402,7UE0ND7PM,cluster1
3403,EX5KEUXZJ,cluster10
3404,8DJ928G1U,cluster1
3405,TCPWWN9WC,cluster2
3406,IZNSUXZLE,cluster10
3407,NA82EJZOE,cluster1
3408,OLH8HEFJR,cluster4
3409,RRSO32LMP,cluster4
3410,IFV92MWK0,cluster1
3411,4B6RV5N8W,cluster2
3412,HT0ZU2875,cluster1
3413,0NX5HBGSX,cluster1
3414,PCMZEMW5O,cluster1
3415,8AS51UFN0,cluster1
3416,PX3V3TO12,cluster1
3417,C4GSH2NQ2,cluster6
3418,QFH3715U1,cluster2
3419,E3NIIVE5J,cluster5
3420,ZY7WMSR9M,cluster5
3421,J6OOFFTVI,cluster3
3422,J13O18TFA,cluster6
3423,KEMLHDDK9,cluster6
3424,6QFBAOK7W,cluster3
3425,A5BQ9XAVS,cluster3
3426,S78CVU0IR,cluster1
3427,EZQAOGOXW,cluster1
3428,Q5W5PVT0R,cluster1
3429,LBIVNIFPC,cluster5
3430,QIBFK1NR3,cluster5
3431,PMC02BOHM,cluster1
3432,UO9QZCVNL,cluster2
3433,RVY67OIBL,cluster2
3434,PXQ34KKLK,cluster4
3435,BQB9L31F0,cluster1
3436,OXTFH6EYU,cluster1
3437,R1KOF97IQ,cluster2
3438,CBORFM179,cluster4
3439,XO2IP210Q,cluster1
3440,NC3GPO9X3,cluster1
3441,K7ZFPZNNY,cluster5
3442,AE97CRRAR,cluster6
3443,I4T66QIO9,cluster1
3444,D40OFA49M,cluster2
3445,NKDX9I91Z,cluster2
3446,7WSD3V9RM,cluster1
3447,7Q95NNSJA,cluster1
3448,4QGB116GG,cluster7
3449,HGSWBHNDQ,cluster3
3450,6PVMAJZNA,cluster1
3451,ZGJGPF7LZ,cluster9
3452,NFUDH7BBV,cluster2
3453,ERDXD399K,cluster1
3454,HM80057AP,cluster5
3455,57YCR59QB,cluster3
3456,2LF91ADW1,cluster2
3457,NUK6MNLEY,cluster2
3458,QED1SWTVM,cluster3
3459,6I241ZLVX,cluster3
3460,WB3T56IPF,cluster8
3461,QZKPA0LHZ,cluster1
3462,24BCTKG8K,cluster3
3463,OV9SDQUZX,cluster6
3464,HHYPF3FXQ,cluster8
3465,31Z3H4U6E,cluster1
3466,C86A4TH2G,cluster3
3467,XNFMZDCSK,cluster2
3468,QXNMI979B,cluster2
3469,NOK9KVPIP,cluster5
3470,4V329RJJQ,cluster5
3471,W962SS9B7,cluster4
3472,D408BJMD3,cluster2
3473,XX4GJRQPR,cluster1
3474,BC83B56RY,cluster1
3475,OSE9JC7KL,cluster5
3476,APHLYVLC0,cluster2
3477,P8ZOI1FDJ,cluster1
3478,DL21V2944,cluster2
3479,HCFR7MC37,cluster7
3480,F4LOHO3OI,cluster4
3481,8PLZKRA35,cluster1
3482,LCC58ZS93,cluster1
3483,WFLETZM74,cluster1
3484,DH5VZHFA0,cluster1
3485,FKCC5J4PC,cluster2
3486,OYP0WKNSC,cluster1
3487,8GROQ4KGF,cluster2
3488,147RPSJH9,cluster4
3489,VN1U4STCV,cluster3
3490,AMSXA5IWX,cluster2
3491,8LQBCSJW0,cluster4
3492,E1XBNKN1A,cluster1
3493,YE2N76231,cluster5
3494,98PA17HR4,cluster4
3495,86J7YOH4T,cluster1
3496,09VKKIW3W,cluster1
3497,ZLVANQBHS,cluster3
3498,HA5MKS9N3,cluster5
3499,F9KXD93BZ,cluster1
3500,NKDLNYX6C,cluster5
3501,4VVIM8GFB,cluster4
3502,LHLYUFCTU,cluster5
3503,1S6ZLSGJS,cluster8
3504,NEWHW42C6,cluster3
3505,W4FFOFLYN,cluster1
3506,EGAI5DJFY,cluster1
3507,Y9O97G6DE,cluster2
3508,RQLWNLNML,cluster2
3509,GFS6AK0LS,cluster1
3510,2UNXG7Y1T,cluster5
3511,09TU7QK94,cluster2
3512,VLLSSEF6H,cluster1
3513,UJ8H8ISQ4,cluster1
3514,BKVLC6XTX,cluster5
3515,5MAAK7HSL,cluster3
3516,4Z0U96Q7Z,cluster5
3517,L3UVCN6CG,cluster2
3518,0MOZXD6MB,cluster1
3519,8IYDL89VL,cluster1
3520,C2SLVY7CX,cluster3
3521,R2ZPEM4D2,cluster4
3522,4KNM7U86A,cluster2
3523,W1O4PDDA2,cluster4
3524,2JOBPO3WL,cluster1
3525,EXC5AG9ZK,cluster1
3526,PZBC9U5AU,cluster8
3527,WD00JM2RA,cluster2
3528,R4T6TZDMW,cluster1
3529,GMR0TEAJD,cluster5
3530,FGD5N208G,cluster1
3531,VC4M83073,cluster2
3532,EOZ9R1YE2,cluster1
3533,6CTJTEE1A,cluster5
3534,UKXTBITF6,cluster1
3535,ADMGIKK1Z,cluster8
3536,Q758DGIMD,cluster3
3537,UK4ITPPBJ,cluster1
3538,OD99HQNAX,cluster1
3539,AB4ODGKNB,cluster1
3540,SZOJQY8X5,cluster5
3541,9CGMOJCD6,cluster3
3542,EH9RIUDQN,cluster3
3543,Q6DLRT8C5,cluster1
3544,9COYA01QB,cluster1
3545,XZ93WOEJF,cluster4
3546,4E3XFRKIV,cluster1
3547,I0XYN54L5,cluster6
3548,TU7LIF23C,cluster6
3549,ZO6CGREEZ,cluster7
3550,7CG1FRL8H,cluster5
3551,5F33JT7G5,cluster5
3552,S1BGWB729,cluster4
3553,ZFBZHRTO9,cluster2
3554,2DYTJJCIE,cluster1
3555,J6G5TK29Q,cluster1
3556,VCCPTOBWU,cluster3
3557,OLK4G5IF8,cluster2
3558,JSLE5JWX8,cluster5
3559,75HAP9Y2Q,cluster1
3560,70NBP772W,cluster1
3561,VITI6YYG5,cluster1
3562,ZCLZH9M01,cluster3
3563,TKPEYOQWF,cluster2
3564,P8P954GXN,cluster4
3565,96E32NU23,cluster4
3566,HEREGW8KL,cluster1
3567,O0P2DXO1D,cluster6
3568,HPE99IDBY,cluster1
3569,35CKHQGRD,cluster1
3570,R4A297EDE,cluster3
3571,CNJ9ME8AB,cluster1
3572,IFUCCYLG1,cluster9
3573,YJXWIU20J,cluster2
3574,9GOP344TK,cluster9
3575,B5CG06JLB,cluster2
3576,IDUPLNDDV,cluster2
3577,C5EUC9J12,cluster6
3578,E8RDHUM80,cluster1
3579,K5S1ADPLS,cluster4
3580,NM215U06W,cluster5
3581,GXETTZVTV,cluster1
3582,N8WX387CU,cluster10
3583,CK16JGVUY,cluster2
3584,85QL0RW9T,cluster1
3585,X0VYDQK96,cluster4
3586,9S0MIS8B7,cluster7
3587,GGRETSYZI,cluster2
3588,HF6FI367Q,cluster1
3589,RPSQ8IK5A,cluster3
3590,378VF7KKR,cluster1
3591,5BTY3PJFN,cluster5
3592,BI906IJ6Y,cluster3
3593,QG9IG1IKE,cluster1
3594,S8D8JYRZV,cluster7
3595,VU6V837OA,cluster1
3596,E4NU9CAQH,cluster1
3597,75T9ESW0B,cluster5
3598,SKL8TMPMD,cluster1
3599,88999H81I,cluster2
3600,BDR6TNXPX,cluster8
3601,ZQSOAJ2SB,cluster1
3602,BF8OAVE5Q,cluster1
3603,IANCOJV8T,cluster1
3604,4F0P61DQT,cluster4
3605,U4DPZV7GW,cluster3
3606,HAFAUGQ9Z,cluster1
3607,UBEVVMGTB,cluster8
3608,3674XT7SS,cluster1
3609,ORLE0RKYA,cluster6
3610,00V0FFSE6,cluster2
3611,N4UCKD014,cluster3
3612,T3NQ1BZMG,cluster2
3613,ZCBM316RK,cluster2
3614,ABCP1CAO5,cluster6
3615,BORW55NXN,cluster2
3616,M4U7J3QA8,cluster2
3617,UTPZKXF0B,cluster9
3618,0ZVILCC9S,cluster8
3619,YWP56IYPY,cluster7
3620,I7JXJZ6GM,cluster1
3621,417KTLGWB,cluster1
3622,WWYAO9QGY,cluster2
3623,OP50Z2MC5,cluster4
3624,PD0J1GEK0,cluster1
3625,6679M75LQ,cluster2
3626,WOX4EIZUW,cluster2
3627,1UMWS2SKT,cluster7
3628,YRZGUG2CB,cluster1
3629,5QM8ZTC4N,cluster3
3630,VCNNE54NS,cluster4
3631,9ICALHNP4,cluster2
3632,DF98ULTJ2,cluster2
3633,NU6KAVROA,cluster1
3634,SYIVUKWR5,cluster3
3635,Q2HNAA0TT,cluster1
3636,XKX6TUDOU,cluster2
3637,0PN093288,cluster1
3638,BJM9XAPNO,cluster3
3639,AQ69R055Z,cluster2
3640,8FMYDXYS8,cluster2
3641,3FX8WA778,cluster1
3642,MS0470NPU,cluster2
3643,CUCPMA7KN,cluster2
3644,ZIT8LJPOQ,cluster1
3645,9ZBH5ODR0,cluster6
3646,NPC0J3AA9,cluster1
3647,17L9QY8YL,cluster2
3648,6PZ3XOXRA,cluster2
3649,GZT7XE8ZD,cluster2
3650,CLLZNE13T,cluster1
3651,5IO7C214T,cluster1
3652,G204MHQNH,cluster1
3653,HP3485NMU,cluster3
3654,014RTH812,cluster1
3655,DYWPZLCXO,cluster1
3656,1ZSQX3IBW,cluster2
3657,9OSD8XQJ0,cluster5
3658,W168UCKAY,cluster2
3659,V8A8BQDRA,cluster4
3660,IGYQ0TFFJ,cluster1
3661,K8NM06TXR,cluster2
3662,03J9OZFUR,cluster8
3663,99EBZFQ1N,cluster2
3664,QK3QKFQHB,cluster1
3665,YZ0BZ2B3R,cluster1
3666,1E6XK2WIL,cluster3
3667,1TNOIAKEH,cluster2
3668,937QH94CS,cluster4
3669,PD3XAT4MT,cluster2
3670,KZKX7TCX5,cluster1
3671,BAT0N1VP9,cluster1
3672,9ZLJXV2MZ,cluster2
3673,7CWA7VB2T,cluster1
3674,YCM9TR32H,cluster7
3675,OJG306EM6,cluster5
3676,9G6VYCSMZ,cluster5
3677,NQEK55TTG,cluster5
3678,KQFNHYGUT,cluster1
3679,R5JI44RIE,cluster2
3680,9YEPBHRXR,cluster1
3681,6LLQ3GU6Z,cluster2
3682,LA90R0C4T,cluster2
3683,GDXBFCZWY,cluster1
3684,WW6ZXHPSX,cluster6
3685,DYN7C5QBU,cluster7
3686,53SUYI9JV,cluster8
3687,QDD18NG31,cluster1
3688,Y02JWE395,cluster6
3689,A1GTOG1CB,cluster6
3690,MNKBWBSIB,cluster4
3691,I476O0NI4,cluster2
3692,SPMECRMDW,cluster4
3693,UKYDQGBRA,cluster3
3694,BH8ZL9JCT,cluster1
3695,BP9486NWL,cluster5
3696,E0JF2BQ8X,cluster1
3697,BD8RDL69I,cluster1
3698,NQSW0LCBH,cluster1
3699,A97N8BX2T,cluster3
3700,PX8X6M1KJ,cluster1
3701,EC8NO2K6T,cluster2
3702,F648077AW,cluster1
3703,KD335ZPQP,cluster1
3704,KCHE5S1HR,cluster1
3705,B87VYG12U,cluster5
3706,JXYPTWNMF,cluster1
3707,8WPA4YOO1,cluster2
3708,6129UFQJW,cluster3
3709,PQQYGTJZN,cluster1
3710,9IIOSGCMD,cluster2
3711,CNM5GOEKP,cluster1
3712,438YCL6BW,cluster4
3713,BLLKKMSIH,cluster1
3714,K0SFSG83G,cluster2
3715,AWSR9J7A0,cluster3
3716,P6AWO6TRG,cluster1
3717,SNUMJJAV9,cluster2
3718,58QFP6IBB,cluster2
3719,RZEA6ZEM8,cluster1
3720,BCCR6CX97,cluster1
3721,CDBZE0LTM,cluster4
3722,RIREMVEK5,cluster8
3723,XF2SW6SXA,cluster5
3724,3YVR7EH44,cluster2
3725,BFSYESSOG,cluster2
3726,V6HHBY9B7,cluster3
3727,G1CZN3GPN,cluster1
3728,43D7M3TFY,cluster3
3729,B5SVURC6I,cluster3
3730,L9A2UBMV1,cluster8
3731,XY57EICCM,cluster1
3732,OQQTQDVSD,cluster2
3733,OSZO9N9SM,cluster1
3734,CA90S2HF9,cluster4
3735,Y6OJCN1M3,cluster5
3736,WUISBUE7G,cluster5
3737,RZK666GTI,cluster1
3738,WTORI8RU7,cluster5
3739,HTIOH2E7O,cluster1
3740,CDQ9YQFHD,cluster3
3741,AV21QLHB0,cluster2
3742,NJDV8UUAT,cluster8
3743,VX0CRYDVR,cluster6
3744,0UDP2YX7G,cluster1
3745,ZJ1WCCWV3,cluster2
3746,NORTPQLCA,cluster2
3747,KFGPCHSAU,cluster4
3748,13DM33AZG,cluster3
3749,Q9Z8WR5US,cluster2
3750,QJTOCB1ZC,cluster1
3751,ZMCHSFDKL,cluster1
3752,LUQFI5EOG,cluster4
3753,150GKITWD,cluster3
3754,ZZHCBMEVA,cluster3
3755,EWT67SH1S,cluster1
3756,NRSJ8XGKO,cluster1
3757,960KX9E65,cluster4
3758,IDJENR4C1,cluster1
3759,LVMT8UTVW,cluster6
3760,2L8METN0A,cluster8
3761,5BXYP93AX,cluster2
3762,75ETTFTX8,cluster2
3763,Y7BB6PXU4,cluster2
3764,T7XH3LD18,cluster6
3765,9F3FYSVL2,cluster2
3766,Y65KK06BE,cluster4
3767,3D9O9C0IC,cluster2
3768,15ZWR19LP,cluster2
3769,5IYYP3GMO,cluster4
3770,GNFG4AZLQ,cluster6
3771,3UV429SF4,cluster1
3772,916NJEN6U,cluster3
3773,W7RKGQI1V,cluster4
3774,8WHDJIYOI,cluster2
3775,6GJYBQSPY,cluster1
3776,TFKTIUH78,cluster1
3777,MVNOB8NO3,cluster8
3778,H88ZJ52GR,cluster1
3779,J60BR99HT,cluster4
3780,NFTKJ9C7U,cluster1
3781,UZFZPNAGD,cluster1
3782,VZZN6B20T,cluster2
3783,BUIEUTEGZ,cluster5
3784,FS0CMDC4T,cluster3
3785,NHX3PXVTY,cluster7
3786,F2YLD1ILM,cluster1
3787,8UQVFUUEO,cluster1
3788,GDHLQ26SW,cluster1
3789,48LC4O28T,cluster6
3790,WH3TSNVVD,cluster6
3791,LMGHSRHYV,cluster4
3792,HWSWHV7LX,cluster2
3793,X5HFEUO5P,cluster6
3794,7S0XEMHKC,cluster1
3795,FM0GWK4I6,cluster1
3796,XNLIYXD7V,cluster2
3797,XP0K0YYC3,cluster4
3798,NKY69RA79,cluster1
3799,L6RRQJ6LU,cluster2
3800,LAIGM33R9,cluster1
3801,45CI2KVJ0,cluster2
3802,XDT5I5L2D,cluster4
3803,B9ZHY4RRC,cluster3
3804,NELH61HPR,cluster5
3805,5Y8J20547,cluster6
3806,6FY7WQAZ0,cluster1
3807,37O1U32LI,cluster2
3808,TVA9U93ZZ,cluster4
3809,3DY2QGRWI,cluster1
3810,3JI5HNCNP,cluster6
3811,66BZIVHMQ,cluster3
3812,QPS71D9A8,cluster1
3813,XSYZQNEUQ,cluster3
3814,XPFC2D83Y,cluster6
3815,FUP96GNJX,cluster1
3816,5VI0MB00L,cluster3
3817,TOL9XY1BZ,cluster1
3818,LIQJ7G429,cluster1
3819,QHHWQ6FGB,cluster1
3820,UD13UO7CI,cluster2
3821,M5AIVQ0YF,cluster8
3822,NLBZYINB9,cluster8
3823,Z3I2FYFPG,cluster2
3824,ACHKETEQ5,cluster1
3825,KWEJ64MV6,cluster7
3826,I26IPHDR6,cluster1
3827,OIUXBDTO7,cluster2
3828,UKWYDNHOG,cluster7
3829,FISJP10HB,cluster1
3830,0B82D7G57,cluster1
3831,S164FSC96,cluster3
3832,G262CE1N2,cluster2
3833,0F87HXNCH,cluster1
3834,K9MQ0FMJ5,cluster2
3835,7V107B3HM,cluster2
3836,Y0ORGH2FO,cluster1
3837,U9OY9VC8K,cluster1
3838,N19OUFOYZ,cluster6
3839,I2PZVXPVT,cluster2
3840,ZA0Q93GD6,cluster5
3841,D4IXCIHDH,cluster2
3842,VQAL9UITS,cluster1
3843,XSV12UB19,cluster8
3844,GKI5VGXN6,cluster4
3845,ZB51RNYDZ,cluster2
3846,ZNXZFV76I,cluster2
3847,7F402J79A,cluster2
3848,JFR70J237,cluster2
3849,9KQVNDXQB,cluster3
3850,UJZGNXBMK,cluster3
3851,XE32R4ZCI,cluster1
3852,NTI22690V,cluster3
3853,GH180RVPT,cluster6
3854,1DZANG4PV,cluster4
3855,5MR608864,cluster5
3856,3X0CX3A2W,cluster1
3857,9DZBK80XQ,cluster6
3858,9F5NJZCCE,cluster1
3859,P0712ZVAA,cluster1
3860,9BR3C23AR,cluster7
3861,MNL1BX8BJ,cluster1
3862,50M1PFZV7,cluster3
3863,ZJNR277W0,cluster2
3864,FWU7UHA18,cluster4
3865,0J8C9USPJ,cluster1
3866,46TOC5QPR,cluster3
3867,TRR5543FP,cluster7
3868,6MVNVXABW,cluster1
3869,Y8MXZGL7R,cluster5
3870,O6R9BU1AE,cluster2
3871,RC6N6I6O1,cluster1
3872,1MT0VLC8Y,cluster6
3873,NCSKL2DYQ,cluster1
3874,993AEN1T1,cluster1
3875,QRT3B50PT,cluster1
3876,KX59J6PRG,cluster5
3877,RQG49IEDL,cluster1
3878,7UGXLCEZ5,cluster7
3879,EPWNLZUIU,cluster1
3880,3MY90S7ZT,cluster7
3881,UJWPQYN0A,cluster1
3882,E9S1BTHNN,cluster1
3883,3ZZC7WW5H,cluster1
3884,4QROSADST,cluster1
3885,S5M0P2439,cluster1
3886,EUC7KIEFH,cluster1
3887,MJW2G0JDF,cluster2
3888,WYIUQ0XZ5,cluster6
3889,CQKYF5NHS,cluster2
3890,UTY5EZLUX,cluster4
3891,AKUZ8GSAG,cluster1
3892,K2GA4TQQF,cluster6
3893,B8M70U2TX,cluster8
3894,KBVOE2X8Q,cluster5
3895,CIE6MWHGS,cluster2
3896,0SN4HYKQJ,cluster1
3897,CDK9LGXKG,cluster3
3898,166Z3D4GP,cluster2
3899,K5IFDBPOP,cluster1
3900,V26ELUPRX,cluster1
3901,8SQQMONO7,cluster3
3902,XF21U000I,cluster2
3903,AGQEHUNRX,cluster4
3904,1P7FSPNGD,cluster2
3905,8A69AAWEV,cluster2
3906,TINFYIC7L,cluster2
3907,CMVG1CP88,cluster5
3908,HDIPJEQMW,cluster5
3909,U07A2TG7S,cluster2
3910,1CU3H7WN0,cluster3
3911,HYDBP88DT,cluster1
3912,008HFHUAO,cluster7
3913,1JU4ZPU22,cluster2
3914,IA9ZHTXCX,cluster5
3915,RZH0FNQL9,cluster3
3916,XKKICXYZP,cluster1
3917,I1NMXJZ46,cluster8
3918,95C4NBCAA,cluster1
3919,J4OCZVGX7,cluster1
3920,Q1Q6V5ELI,cluster3
3921,S7Y2WYPID,cluster1
3922,X5X5J6EU9,cluster1
3923,NQMGL1EPT,cluster9
3924,5PTEWSWW5,cluster5
3925,BV0BE673Z,cluster5
3926,GTOLZAT85,cluster8
3927,DGLCIVHXQ,cluster1
3928,JW6IMREM1,cluster3
3929,ZF52VJTNQ,cluster4
3930,ACAXK3UOM,cluster1
3931,3O2YEUUU0,cluster3
3932,MFT3J8Z5S,cluster4
3933,ZI2M3BTFR,cluster5
3934,ZYETJ011Z,cluster1
3935,S7SV99FP4,cluster7
3936,EYE5ZDO4A,cluster4
3937,BY6CET79Y,cluster2
3938,EZQE675MM,cluster2
3939,AO3LPMJCP,cluster7
3940,A74J6KUP2,cluster1
3941,78KDFTD9M,cluster1
3942,EQK59036Y,cluster3
3943,R75Z25MUI,cluster1
3944,S5PMWAB4V,cluster4
3945,38DTCZOJ0,cluster7
3946,RCOEF9350,cluster1
3947,JCOEU04X6,cluster2
3948,3H6GJD85P,cluster4
3949,UL4IIIJH3,cluster1
3950,EBT8VQIL7,cluster2
3951,R28FWG0T4,cluster2
3952,6NVC12FZO,cluster1
3953,ONEXE23J7,cluster7
3954,3D7YVZWH3,cluster2
3955,ALH4OSR9I,cluster2
3956,07QRYNSR3,cluster1
3957,7NDEJ2RXG,cluster2
3958,HN7S2BST4,cluster1
3959,1G6C6AA74,cluster1
3960,X3MAU77XN,cluster1
3961,48U07QMN6,cluster2
3962,8YX4Z7AQ6,cluster1
3963,KDQVHHYYZ,cluster8
3964,6ODO2U567,cluster2
3965,CUFQRVRCW,cluster2
3966,ODL8OK481,cluster1
3967,57V1M5M89,cluster7
3968,SD8BLCE25,cluster2
3969,00HNEAGAJ,cluster2
3970,AOWELWELU,cluster4
3971,C7IB08VMR,cluster4
3972,9JSYLSJBN,cluster5
3973,AYJ3DMFC9,cluster1
3974,5FHHGJETL,cluster5
3975,XRETORMPJ,cluster2
3976,S4RQXSQ7Y,cluster2
3977,MIODZ1EP3,cluster1
3978,FNJDYM549,cluster1
3979,YVEFETQQG,cluster2
3980,GADDFEC69,cluster3
3981,0YT5JA8GW,cluster3
3982,X2T354IV3,cluster6
3983,BSKD66IUW,cluster6
3984,L8XK9Y20E,cluster7
3985,JD7KU243U,cluster1
3986,QC3QN1XQ0,cluster2
3987,F0RS3ZEEV,cluster7
3988,JMG6YT2L0,cluster2
3989,LWJ5KRSFO,cluster4
3990,PUZWEWVD8,cluster8
3991,VZMYRQTNA,cluster8
3992,WCNQGLB0N,cluster2
3993,RR04ELEYH,cluster7
3994,HH3U2173S,cluster3
3995,CHDDBHKGH,cluster1
3996,DPYSN7JLN,cluster1
3997,BVBXR9RU2,cluster1
3998,T4G85OXAM,cluster5
3999,3PMJW3ZSC,cluster2
4000,XI8FN3BVV,cluster3
4001,AJ5VH3T3S,cluster3
4002,W9NLUWUAE,cluster7
4003,PJ1PMZKCG,cluster2
4004,RCYSGYUBC,cluster2
4005,JLJN43PHX,cluster2
4006,O8D07TFUK,cluster2
4007,HXXBZ9MZT,cluster2
4008,6XP6OZKZ8,cluster2
4009,Q5EHPLYEH,cluster1
4010,88LHNKT82,cluster2
4011,WRLE5G8GG,cluster8
4012,J1UXNIE31,cluster1
4013,7J3QVR03S,cluster3
4014,XMQNGM1XJ,cluster1
4015,YPXQI0VEJ,cluster2
4016,2L29Z5ZZ9,cluster1
4017,T1IC0ZDN1,cluster1
4018,2QGTJ0ZTT,cluster1
4019,CUGGD2F8T,cluster2
4020,015PD8R4T,cluster4
4021,GHSZATVPT,cluster1
4022,Z7J4LXN79,cluster1
4023,USQX73C5W,cluster7
4024,U6OUHTXMC,cluster1
4025,II90IH0I5,cluster3
4026,1DL4CJHFX,cluster1
4027,W0IAVXWH4,cluster1
4028,X1ZAUSQP9,cluster6
4029,I212ID6J0,cluster2
4030,D4VBBNT9Y,cluster1
4031,RRGI61IG1,cluster2
4032,7Y4OK6WUE,cluster2
4033,4GDISCELB,cluster5
4034,ERFY4HKD7,cluster1
4035,TUY346SJ0,cluster6
4036,C4GJKB37X,cluster1
4037,XGMRH4ZHK,cluster1
4038,YFFCV9VMG,cluster1
4039,QFRP4CVQG,cluster2
4040,W1IEC2IM4,cluster2
4041,PBAJ2WWS1,cluster3
4042,GKM0KO65V,cluster4
4043,0WVP8I17C,cluster2
4044,4QYSG1JTI,cluster3
4045,8O56ZTGBK,cluster3
4046,56B4LB1BI,cluster3
4047,I0ARBWI0F,cluster2
4048,5IY69POY4,cluster2
4049,PZPGPKW6L,cluster2
4050,BR22N5IN1,cluster3
4051,0FANNGI4Q,cluster1
4052,NNBERVXPW,cluster1
4053,960H3ORVN,cluster5
4054,M22UJGYIL,cluster2
4055,P8FGL0H6D,cluster4
4056,IWFNZMU6R,cluster3
4057,HJ00K99WM,cluster4
4058,8CBAS1HE4,cluster1
4059,BE7XGNEPB,cluster1
4060,W4BEX6TN6,cluster7
4061,NNAOVOPX8,cluster2
4062,URMJB1TG3,cluster1
4063,Z5LWLCLGQ,cluster8
4064,AU1SWC3UG,cluster1
4065,HVUA7VXST,cluster1
4066,OLLT859TL,cluster5
4067,GMU81TU37,cluster1
4068,7KRNITS3W,cluster4
4069,0IDPT526P,cluster5
4070,5O3RN72QJ,cluster1
4071,XUFDPC5ML,cluster6
4072,8NKDKTZKJ,cluster4
4073,6CL6603P2,cluster4
4074,BLF5L4B03,cluster2
4075,GPKDIV7JP,cluster4
4076,16ELCVUDK,cluster3
4077,9L52CD0XW,cluster3
4078,N7JHHI49X,cluster4
4079,PAIE2YCZJ,cluster6
4080,0GQ2WHE8I,cluster1
4081,B4G6F49KX,cluster1
4082,LL24BQRMR,cluster1
4083,BL5WT40R7,cluster2
4084,Z53NBISQO,cluster2
4085,58CTIQHOO,cluster3
4086,O7D7V3HOB,cluster2
4087,7GI240JS9,cluster7
4088,CD1FTURPR,cluster3
4089,R4OO5FKFT,cluster2
4090,SRDPEWS6T,cluster4
4091,QPJFYSKXR,cluster10
4092,2DNU6W9MT,cluster4
4093,P8CZ7BDOG,cluster1
4094,IEN0T1YGJ,cluster7
4095,HDYORXUCQ,cluster6
4096,GDG3M2F44,cluster2
4097,YQSX2SZ4A,cluster2
4098,MDUMVKC8X,cluster5
4099,DB4SPYSC8,cluster1
4100,PIIF9E89G,cluster7
4101,QNONRPUJ0,cluster5
4102,DA47HX3M8,cluster1
4103,3J0OBTEB0,cluster5
4104,4SVHELMF1,cluster3
4105,SE2WZ5127,cluster3
4106,SBHOGJ8QF,cluster8
4107,1GOFXT1OV,cluster3
4108,TGJS01NXW,cluster5
4109,PXE0DNS9F,cluster1
4110,S1MK0KQ5O,cluster1
4111,2DX8Q04DD,cluster2
4112,YJAQ251V8,cluster3
4113,W58KF1QBN,cluster2
4114,DEBJQDLDE,cluster1
4115,VSVX2DQUN,cluster1
4116,09XZMSJTC,cluster1
4117,ZJAM0XJPT,cluster2
4118,I15SH5UWA,cluster3
4119,FMSQB3W07,cluster4
4120,KIIHMS0X3,cluster1
4121,6MWM1GGBO,cluster8
4122,F0NGEHRCJ,cluster1
4123,2P4EGKP1X,cluster2
4124,LFNL8U9MD,cluster9
4125,QP5JSEDZW,cluster2
4126,AMM053W06,cluster4
4127,8EOP9IJRD,cluster3
4128,7MJIDUG8M,cluster1
4129,R8UU3WWI1,cluster1
4130,A0XAR0HRD,cluster1
4131,PBX2M4E3U,cluster2
4132,B3D9AA04D,cluster1
4133,9E65CEBVX,cluster4
4134,TNN05SJTE,cluster2
4135,DV09GR27B,cluster3
4136,H9AF709JH,cluster2
4137,US6Y76NOS,cluster6
4138,495PTJRR8,cluster2
4139,K5U26TGZM,cluster1
4140,5UM5A60FW,cluster1
4141,BSS7B1YUR,cluster1
4142,G9WQS6ROE,cluster8
4143,XP4L6PVRP,cluster2
4144,U7NUNSDP3,cluster6
4145,9BQZPCDQ8,cluster2
4146,PXZB2HN2D,cluster6
4147,PL0EFVWNM,cluster1
4148,EDHZ3CEOM,cluster2
4149,JE80YJ1IN,cluster2
4150,5JZHWNJDZ,cluster8
4151,G08QEI2II,cluster1
4152,0MA3OFAXE,cluster1
4153,F2DLW68PX,cluster3
4154,PNA5QANRC,cluster2
4155,G7SJ3623S,cluster2
4156,CC4WLPF8K,cluster1
4157,HNXEDSRK1,cluster3
4158,KHUU6ZFNI,cluster2
4159,3CYOANV9Y,cluster2
4160,KUW2AAWGU,cluster5
4161,1YPUIFAPV,cluster7
4162,IJZWVEFQV,cluster6
4163,6G20IK99Y,cluster1
4164,L08ZG932H,cluster2
4165,CV070I07P,cluster1
4166,QG5VKARQI,cluster1
4167,N53884DUO,cluster1
4168,1ESVNPDVX,cluster4
4169,H1SG9Z087,cluster3
4170,YCKVOV39Z,cluster2
4171,8LHR6HU4G,cluster5
4172,U54PXPHMI,cluster4
4173,CFYOXEQBX,cluster1
4174,UDUSNWBP0,cluster2
4175,UKV9HCFBY,cluster6
4176,N3MXTNXT0,cluster2
4177,4IRVEVHOR,cluster5
4178,W544PQMFH,cluster2
4179,2J8DSEJDE,cluster5
4180,NXA4QJHWS,cluster1
4181,Z3FHRIQ8A,cluster2
4182,BMUZKMRTP,cluster5
4183,M2GOEXY1U,cluster2
4184,VPUPPU1WC,cluster2
4185,8YN39CMXQ,cluster3
4186,NY0SKMQWF,cluster5
4187,YWMW9H334,cluster1
4188,BCFIYP6KF,cluster2
4189,LGDVKN9AC,cluster1
4190,IPKOJ3RGJ,cluster4
4191,YQNXVBEDU,cluster2
4192,3GI2QLVLE,cluster4
4193,PJGEJG64N,cluster2
4194,3TJNK1JGV,cluster1
4195,JILJ1R1W1,cluster1
4196,8PMEF5IUD,cluster1
4197,34Z4ZWATJ,cluster1
4198,PN5CICY73,cluster1
4199,RXHQXSSUQ,cluster1
4200,M57VCDEVW,cluster2
4201,PPV6HRLW8,cluster1
4202,OJLFDPTH5,cluster7
4203,0LI615BKM,cluster3
4204,AV5EZ7CAN,cluster6
4205,EGS0AXAC7,cluster3
4206,9UVB6GG5K,cluster1
4207,R81ZY76R7,cluster4
4208,S01ZLJCVZ,cluster1
4209,PEBQG1VOE,cluster7
4210,JPKJAH97P,cluster5
4211,GW22XF6MX,cluster6
4212,8WWQYBOF3,cluster1
4213,II8J7EL7S,cluster5
4214,X209AN2MT,cluster3
4215,IYADT21NL,cluster2
4216,6NISA79S0,cluster2
4217,7ZZGOPW8O,cluster2
4218,L37D3JZDF,cluster2
4219,L2TT1DM9J,cluster6
4220,W5KQJMXJ0,cluster7
4221,H163SOIQR,cluster1
4222,IXKT8MJYC,cluster4
4223,89YLNFCG1,cluster2
4224,L0SF67HA0,cluster5
4225,5EOOJIN5Z,cluster1
4226,0XE17GMR9,cluster7
4227,I2PJ9B2YL,cluster6
4228,OSMTKUZHP,cluster3
4229,KYRYZNYU5,cluster4
4230,BZY2PLVEA,cluster8
4231,5KWAU2ONJ,cluster2
4232,COSPY80KE,cluster4
4233,VCUF1DQ0X,cluster1
4234,8AGAMTD54,cluster3
4235,QUSW34RX6,cluster7
4236,1NL6XRXSD,cluster2
4237,VEQR0IVBO,cluster5
4238,7179L2J0A,cluster1
4239,NEZ0FNG5P,cluster2
4240,O94KZFED0,cluster1
4241,Z22YBNNI7,cluster1
4242,AVMITZV93,cluster2
4243,BCFXTDHY2,cluster2
4244,1IJBXC6II,cluster2
4245,M20R85TO4,cluster2
4246,P73IH8A92,cluster1
4247,PJBRBY480,cluster6
4248,W4IYGT60O,cluster7
4249,UP5SVX63M,cluster7
4250,49MQDSG26,cluster6
4251,WR4WTP7EG,cluster2
4252,LN842KM7D,cluster2
4253,23K4JUOKD,cluster2
4254,Q50PU00IJ,cluster1
4255,RFYHEDOM2,cluster6
4256,MMTB1NVWU,cluster5
4257,OHY822OZA,cluster2
4258,CG9OAYO36,cluster2
4259,NSKEXFW35,cluster1
4260,UKXZCIEQK,cluster4
4261,6M2CJ717C,cluster1
4262,70B2MHHNK,cluster2
4263,3FMBDY1X6,cluster2
4264,PVCQ5ZDZ2,cluster3
4265,C6CDHZ5DP,cluster2
4266,ULE1UR269,cluster4
4267,U4WRCH96S,cluster2
4268,6LRLNJ4KT,cluster5
4269,ZHTIS6MYW,cluster5
4270,THEKPNZ5F,cluster2
4271,CEXL1NVZL,cluster2
4272,H10VP2ZJO,cluster1
4273,1KMUOH47I,cluster4
4274,7Q1COC0ZE,cluster2
4275,PAA49EBGO,cluster4
4276,6QZVSGDVO,cluster7
4277,FXCW41GRH,cluster5
4278,A9FD08ODO,cluster1
4279,GF6L0O7WN,cluster2
4280,9JP7QYBAC,cluster2
4281,3NB7D9BF9,cluster2
4282,COVZ4R0CO,cluster1
4283,53XPU1VKD,cluster7
4284,H1VRQSE41,cluster1
4285,AUW7EDGP0,cluster4
4286,U3C7ZIW2K,cluster1
4287,9DJQEKAW8,cluster1
4288,WDDWBEISI,cluster4
4289,21E9ENISY,cluster2
4290,46PK6FKX2,cluster1
4291,B5N64H8ZF,cluster3
4292,IGSGRF4HP,cluster3
4293,WD37AWF2U,cluster1
4294,5FIPYRP0I,cluster1
4295,N9E9DV1RO,cluster1
4296,6PT4GVO2I,cluster5
4297,W8Q903OX1,cluster2
4298,J8ZVMAM1F,cluster3
4299,O3OVROOWA,cluster3
4300,6Z7Z9L9LE,cluster8
4301,ONMAGI65E,cluster9
4302,CPEUKOEDD,cluster1
4303,KNSYXCE5T,cluster3
4304,Q7AE33JY2,cluster3
4305,CDUN8HIWC,cluster3
4306,DGFN3V7NW,cluster7
4307,EJVIWVZ5R,cluster2
4308,571Q3QYVT,cluster2
4309,356B3X6AX,cluster4
4310,OCJ28715E,cluster8
4311,NSFZAIGAJ,cluster2
4312,PPS5758VE,cluster4
4313,LTNDHIDGF,cluster1
4314,28CIATE5C,cluster5
4315,SAAFEF39K,cluster1
4316,40ASY5YB5,cluster1
4317,OR36V7MA8,cluster2
4318,7DP57Q89T,cluster5
4319,VU77ZRGZ5,cluster1
4320,79V5CB4FP,cluster2
4321,MVRGT1YDQ,cluster2
4322,4O8PLJHPP,cluster2
4323,Z1KZI8B0I,cluster4
4324,ZXDJ0V9NH,cluster4
4325,97TTMR49G,cluster3
4326,FOEYL5VB8,cluster1
4327,4ZI78GJRR,cluster2
4328,H6D20CLN8,cluster2
4329,MGK4E7S5A,cluster4
4330,FRIX50RVK,cluster3
4331,TNWFLKG1G,cluster3
4332,Y6E6Q2JYR,cluster2
4333,RP3U6KX6Y,cluster7
4334,YBEZ9JBXM,cluster7
4335,K4P9SRW3A,cluster1
4336,FTIEHI44T,cluster1
4337,Q10REUHRK,cluster4
4338,XS30IM286,cluster1
4339,VJV5BOSOZ,cluster3
4340,JX1EBOHZC,cluster1
4341,V6LPASE4B,cluster1
4342,O9T3N5FL8,cluster5
4343,K6BTYYHSG,cluster2
4344,YT8YHOFCD,cluster4
4345,F5XV9W3MJ,cluster1
4346,U30WN0G4I,cluster1
4347,KXZU6NE5A,cluster2
4348,ZNTS816DN,cluster2
4349,RHB9N1X6I,cluster7
4350,U5O7QSXSB,cluster3
4351,Y073DQJ9U,cluster4
4352,V31UKHQQF,cluster2
4353,1UM208190,cluster1
4354,2IMSE99HH,cluster7
4355,019LUBUPB,cluster2
4356,BGCXZAN0K,cluster2
4357,U5VYB75UQ,cluster4
4358,ZVFCXN7SP,cluster5
4359,X8EZ2BSLI,cluster2
4360,K4O8EDLUB,cluster2
4361,DQ7BZVSY5,cluster3
4362,8WWJ3UD7Z,cluster2
4363,OAZX5FS9Z,cluster5
4364,ZNWW73JMS,cluster5
4365,GEBEURCQ2,cluster5
4366,LQGBAEJTA,cluster2
4367,9U8HQ9DWK,cluster8
4368,PPCR0Y8B9,cluster1
4369,9ITVA4OER,cluster3
4370,IPZTD57Z2,cluster2
4371,BTUIX6VOW,cluster1
4372,KMF37I9IU,cluster3
4373,H6LGVLQGV,cluster4
4374,QSBK1B8GI,cluster1
4375,W3K7SFXQW,cluster3
4376,938DK27XZ,cluster3
4377,AVJD6OACK,cluster5
4378,Q08SLNQF5,cluster1
4379,CRPUQ97OJ,cluster1
4380,7DSQZYEP9,cluster5
4381,QC22E5Q6K,cluster1
4382,93PZ95G4H,cluster1
4383,YY0B94UU2,cluster2
4384,MPAMNAV58,cluster2
4385,BXU5OTEG6,cluster10
4386,OWQ8DW76K,cluster7
4387,BE5BA7753,cluster4
4388,OAWACT71S,cluster1
4389,BEFAMCMBL,cluster6
4390,XIMQS3VUQ,cluster4
4391,IB4MNZ1WJ,cluster2
4392,UJ8E7PS6A,cluster4
4393,YBK40APML,cluster2
4394,CH0542EXW,cluster2
4395,APXSKOORX,cluster7
4396,PBM9AEGVI,cluster5
4397,YFAWJZARS,cluster9
4398,732BFNZUD,cluster5
4399,MPI6QYLRO,cluster4
4400,15X6N1894,cluster8
4401,2GVPVBI5G,cluster6
4402,YAAD828WC,cluster8
4403,KEPBE4NJ8,cluster2
4404,QQ6BD4D2D,cluster6
4405,ECZL2ITF8,cluster4
4406,9RXS5C6VD,cluster4
4407,J2QC1CQ7I,cluster5
4408,XBSFRVZVP,cluster2
4409,HEUB69WR2,cluster2
4410,VBBCSIIAG,cluster7
4411,QWCC4M5X9,cluster3
4412,48G629OPD,cluster1
4413,ZDVV5WDFL,cluster3
4414,QB1PXP5ZC,cluster3
4415,38KBSPIHZ,cluster4
4416,WU37UFUXE,cluster1
4417,QDX9MVXUR,cluster7
4418,49ID8D1DU,cluster1
4419,26NYOB40D,cluster1
4420,4ACS5E32K,cluster2
4421,13O90TQMR,cluster2
4422,RWOD27488,cluster1
4423,15T7DRU0Z,cluster2
4424,W4XXV8ZMX,cluster1
4425,BF1U3SVND,cluster3
4426,38IK4RBVB,cluster8
4427,4L3QRDJBQ,cluster3
4428,CRFJITIYR,cluster1
4429,1CY9S48VJ,cluster1
4430,KRGP4PXL9,cluster2
4431,I3FNQT7K0,cluster1
4432,LISFMEBAG,cluster3
4433,5LS9YO2V8,cluster4
4434,8U8YJACFX,cluster1
4435,JMEFUQTCY,cluster2
4436,UIY56OQ4S,cluster6
4437,QZZFU5SKW,cluster2
4438,6SIAZT33B,cluster1
4439,BFNXQ94L4,cluster2
4440,V5W3MQ3VA,cluster2
4441,XUSKBCDT9,cluster1
4442,UI49C1JFF,cluster3
4443,1BIJCVFRR,cluster2
4444,YE9AZU8JK,cluster3
4445,J1ZPKLT6F,cluster9
4446,C4YJ2FZWX,cluster5
4447,GVFZ58Q5P,cluster5
4448,E26EVHUZP,cluster1
4449,TSF7JT2RN,cluster4
4450,GPIEJ4URD,cluster2
4451,RQMCG0JKG,cluster1
4452,P7LSNM56S,cluster2
4453,QRRN7CSHX,cluster1
4454,YZG57BPS5,cluster5
4455,LYRVOX2LE,cluster7
4456,E8IBJI86I,cluster3
4457,KCG4A3L3Q,cluster1
4458,TWK2OX9FU,cluster7
4459,JZ7JIB5OH,cluster1
4460,JNZ6OMRZO,cluster2
4461,Y2WDRVD7J,cluster7
4462,U15X0G1YW,cluster2
4463,SWVC5ZAMC,cluster4
4464,IHFE57ODH,cluster2
4465,7HHTPPF4Y,cluster8
4466,HBDXHP70I,cluster3
4467,NUGX79UF8,cluster4
4468,N3UB8Z30Q,cluster3
4469,8GMZVCRWJ,cluster2
4470,O91DBDEW4,cluster4
4471,65U18SG3Y,cluster2
4472,J63I7URWU,cluster1
4473,6UGGU05NX,cluster7
4474,W7BHYXD6C,cluster2
4475,MO0BVGTG3,cluster6
4476,L38KQYSKO,cluster3
4477,LE5RBKG9Y,cluster2
4478,V5VALHZF1,cluster1
4479,0KPY4X5K4,cluster3
4480,3JLGF3G1T,cluster2
4481,ORENZJYN3,cluster1
4482,I2KELSFQQ,cluster1
4483,3KKUXN41G,cluster1
4484,X14H8J69X,cluster4
4485,8TSCH925W,cluster1
4486,2BS7I8FCK,cluster2
4487,52EEXN2DV,cluster1
4488,X5XZ3QOUZ,cluster2
4489,PMWYEUPS7,cluster1
4490,OPU4HYPX2,cluster1
4491,T30YRNP8U,cluster1
4492,UOFOF50I7,cluster2
4493,RQCAYNN76,cluster1
4494,3R7Q2SJMP,cluster1
4495,MOTWOB6H9,cluster4
4496,HZQZC0B4V,cluster7
4497,52UMYZ0AQ,cluster2
4498,M4TOR4LS6,cluster7
4499,VBCIW7U2E,cluster3
4500,OSA6IKU39,cluster2
4501,3KOYA14UR,cluster1
4502,EELR1A0G2,cluster6
4503,44H1XLUIA,cluster2
4504,20GH359KK,cluster4
4505,RMDFAFMW4,cluster3
4506,PWUDG0ZA3,cluster6
4507,24A0VCVVT,cluster1
4508,PL8JZZT45,cluster1
4509,LE83AW8JH,cluster3
4510,L249WZI1O,cluster3
4511,7IM5X9N78,cluster9
4512,ECINN61OR,cluster7
4513,5GO9RSA8M,cluster8
4514,VV868A5P7,cluster1
4515,0W2WVMOW1,cluster1
4516,1RG7PD40J,cluster3
4517,Q1NCST0I1,cluster2
4518,JXYR64CUJ,cluster2
4519,I8IUF9O21,cluster1
4520,UN0RLFGEZ,cluster6
4521,6PCLCKGBI,cluster4
4522,E35CA97B9,cluster2
4523,SR0LO6B6O,cluster1
4524,BE7MYKYLQ,cluster1
4525,LCWGFSO4L,cluster1
4526,ZT85N1DIO,cluster1
4527,SMLDV04CP,cluster1
4528,UD47FBTUJ,cluster2
4529,48SQTCB8C,cluster7
4530,A8ZDJ5PDE,cluster3
4531,3F7MRZH6K,cluster1
4532,282HYXY0Z,cluster1
4533,HR2U9KPW6,cluster1
4534,VNRCDQ7G3,cluster2
4535,MQK4N941E,cluster8
4536,RQ04RMEH1,cluster3
4537,MOR56CYCO,cluster2
4538,2AD7RUBNV,cluster2
4539,11N2ZAK8K,cluster7
4540,WX691AEUB,cluster2
4541,R7XPZ6JV5,cluster1
4542,KSI5CG897,cluster2
4543,I60NCVDT6,cluster3
4544,2DHUU9QXQ,cluster4
4545,MCKMRY75Z,cluster8
4546,VHXB0SMSE,cluster2
4547,4SSJWS6FO,cluster1
4548,N8AGKMYU5,cluster1
4549,B6QVWTDA9,cluster3
4550,TOGRFV5RZ,cluster2
4551,053FYUX8T,cluster4
4552,B84CI76ND,cluster2
4553,ILFD302RC,cluster6
4554,1BEZPHK02,cluster4
4555,GAZXQ4TGY,cluster8
4556,YJI7023Z3,cluster2
4557,444NLKTZ3,cluster7
4558,BYWFSALBA,cluster1
4559,8II0UTFNU,cluster3
4560,1WUGH0AHU,cluster2
4561,M0BXAR51R,cluster1
4562,HQX7RUCJH,cluster8
4563,WE7AJ7CTB,cluster2
4564,V7LRGP5A0,cluster2
4565,2Q8DKRGBM,cluster8
4566,Z3CZOSVGI,cluster1
4567,Y3GMHIFX3,cluster5
4568,2U1M5T5WK,cluster3
4569,OJHERS2M2,cluster4
4570,YO5IJESAO,cluster1
4571,WYMD5QOC4,cluster10
4572,PWEOR1D3H,cluster6
4573,P72N65WXO,cluster6
4574,XJC5EIYZD,cluster2
4575,ITU0XYXOS,cluster3
4576,LQ3XNJLA9,cluster8
4577,ZG5ORYXDS,cluster1
4578,Z84JZ9FSV,cluster1
4579,4GWPIK06L,cluster1
4580,CKCBJ7VLK,cluster3
4581,SF5Z8M52N,cluster2
4582,8K9YF66DG,cluster2
4583,1JCSCF2QV,cluster1
4584,RDB1T3CPV,cluster2
4585,UMISOEOOE,cluster1
4586,6QO6876Y4,cluster3
4587,PM752BBT8,cluster3
4588,L8DLJSDV1,cluster1
4589,XBZYWRJI0,cluster10
4590,91TW6HFPZ,cluster1
4591,IEXENGUQN,cluster1
4592,LBDEH1N5B,cluster2
4593,EHGPFQWVW,cluster9
4594,WJ6C6U36P,cluster1
4595,OE3EUY8EY,cluster1
4596,4O4LU2LTS,cluster1
4597,ZZQCE5JMU,cluster5
4598,EECQ0TIEN,cluster5
4599,OGIASXLTS,cluster1
4600,LWT9LIQ4Q,cluster1
4601,4QP89Z6QQ,cluster2
4602,TPDLC2WZB,cluster2
4603,8WBUVD1PJ,cluster10
4604,5XYBWGN1P,cluster3
4605,0XSUM7NEL,cluster9
4606,NRKTLCX24,cluster3
4607,39ZTZCVXY,cluster3
4608,JVPESCQIR,cluster2
4609,V4LEFOLA6,cluster1
4610,X32KSJOMI,cluster6
4611,1MMQOHTU7,cluster5
4612,D2GPI82Z3,cluster2
4613,QC33NVXSR,cluster7
4614,G2I7EBFP0,cluster1
4615,BV21OPAM3,cluster4
4616,VFGFLAP3R,cluster2
4617,OVUVZ98DC,cluster4
4618,1XFHQA1E8,cluster1
4619,TMMLL8NZ3,cluster1
4620,7DG90FS5T,cluster3
4621,C7CUO304E,cluster4
4622,OCEFOPNA4,cluster2
4623,7VEDVBM9T,cluster3
4624,A04LLXW0L,cluster3
4625,3QXFET4MS,cluster5
4626,PGIIOS38H,cluster2
4627,GHG4OYG06,cluster1
4628,GPBMDFOBB,cluster2
4629,954JT6NK0,cluster3
4630,3N867Y7ZT,cluster1
4631,AYKNFV0IM,cluster1
4632,07O8SMJ0A,cluster1
4633,2572ZCL7F,cluster7
4634,XIG6T9S76,cluster1
4635,YPXHYZC9X,cluster5
4636,0QKH5AUNX,cluster1
4637,G32DNATLX,cluster1
4638,EVW9D3G53,cluster2
4639,QJHF8SQ1M,cluster3
4640,0JD932QW0,cluster1
4641,F83VXGZ2P,cluster3
4642,2JIU81QBO,cluster5
4643,CF3P9IAZO,cluster2
4644,P0AY216J3,cluster10
4645,WW3A4EG4D,cluster2
4646,S940GWSF0,cluster7
4647,CFART0RCO,cluster3
4648,IA09AYWK1,cluster5
4649,OHZ475ARZ,cluster2
4650,GFJP6Z9Z1,cluster5
4651,14DU9AMYQ,cluster8
4652,348QOHWGE,cluster1
4653,L97V7ZXN6,cluster2
4654,J1A11L1FK,cluster8
4655,0NTBWXI0O,cluster8
4656,YII53CS5B,cluster2
4657,YSN1P1BPD,cluster4
4658,VXKZFVSGT,cluster1
4659,Y3GJF5Y41,cluster2
4660,M3TZNCQ39,cluster1
4661,32EHA10U1,cluster1
4662,DBFVB22MQ,cluster2
4663,QNEU72F9Y,cluster2
4664,GTD8TSSL6,cluster6
4665,7T9HKPRDO,cluster2
4666,SEI813EG1,cluster1
4667,QTPFO9SY0,cluster1
4668,QURDMG9K3,cluster2
4669,AYHOYBKKM,cluster7
4670,LTWX9LJVV,cluster7
4671,9GOPE3OWX,cluster1
4672,LE29F9994,cluster2
4673,04X9QCJ7N,cluster1
4674,QLGI3QNXB,cluster5
4675,XTILED38T,cluster4
4676,ZBLZIXJDM,cluster3
4677,2V42SGGVA,cluster3
4678,XUHVK10MD,cluster3
4679,OGUFW7XVF,cluster1
4680,4PRF1MVHM,cluster5
4681,94A8LPYD7,cluster1
4682,U2WI354NK,cluster5
4683,8SSABDSF2,cluster2
4684,8TZY34ORJ,cluster1
4685,68BR5A3QN,cluster2
4686,A3TR69WIQ,cluster5
4687,E4WE0ES3E,cluster2
4688,G8U2M9WTE,cluster1
4689,N07YB249X,cluster5
4690,HW00BSNH2,cluster5
4691,NEJ2S89ZU,cluster1
4692,JLJ51G693,cluster9
4693,NPD8NBR6O,cluster5
4694,IAODR5YEZ,cluster1
4695,YN8A37CFR,cluster4
4696,QYFWPEZ3Q,cluster5
4697,T29NXQQU6,cluster1
4698,QFRSR06RO,cluster1
4699,6T6CZTR6R,cluster2
4700,G10QQQNFN,cluster7
4701,6RQLSX3L1,cluster2
4702,HITZ53MHE,cluster3
4703,KCIUBU2AJ,cluster2
4704,O31MT0T5C,cluster4
4705,JARD45K98,cluster2
4706,M9KTG9BP0,cluster5
4707,HJL9II3CK,cluster3
4708,2LN8GHWFF,cluster3
4709,ZITS5U2BV,cluster3
4710,3WCVZAB05,cluster3
4711,O6FBJIJM9,cluster3
4712,0K0BP0VF5,cluster2
4713,I334SWG1R,cluster1
4714,YXSWVY18V,cluster2
4715,S7R053NRO,cluster4
4716,ETIWXZZYZ,cluster7
4717,75R11WEZY,cluster1
4718,DGFR3HFCZ,cluster1
4719,T0FSBQQLM,cluster2
4720,9WM21XO5C,cluster1
4721,EUWITH4MW,cluster2
4722,VF0A5M8KL,cluster3
4723,UUNJ1MHOV,cluster10
4724,DX3ZUW43F,cluster1
4725,JW6UY9IJX,cluster5
4726,FY3HVPMWI,cluster1
4727,MK01ZI3EW,cluster3
4728,RA64WOQYJ,cluster2
4729,32MY47HGQ,cluster6
4730,OPBZB963E,cluster3
4731,WAN2SS5YD,cluster2
4732,ULWD6U6EG,cluster5
4733,88YI06B6K,cluster10
4734,PR2087AOS,cluster4
4735,B8RBE7THP,cluster5
4736,RBIW8LGTZ,cluster6
4737,IOJPBLNLK,cluster10
4738,73P7U0ZKX,cluster5
4739,PAV6AJOLA,cluster3
4740,L7PPSK6HS,cluster6
4741,25SR1WIMW,cluster2
4742,C96Q5XIYN,cluster2
4743,IZ2NNPL1R,cluster2
4744,XXR92IEM4,cluster2
4745,YMCS39KT0,cluster4
4746,8753DEQQA,cluster1
4747,JYFPFXLKJ,cluster1
4748,VHLAWVW15,cluster1
4749,0J1YGZZS1,cluster1
4750,2UXBT5P43,cluster4
4751,5NRS9H3XY,cluster3
4752,M5YB4H9ZB,cluster2
4753,LJ24G0R65,cluster2
4754,33ICXQ3Z6,cluster2
4755,G7M5OIBA4,cluster1
4756,QN3Z7Q71O,cluster7
4757,NFJNEONHW,cluster2
4758,6TL6Z4IG9,cluster1
4759,VNU6O9Y9L,cluster3
4760,GQD8RPGWW,cluster1
4761,ZBV56HA4E,cluster4
4762,Q6CHRMGJ9,cluster8
4763,C169GYLI7,cluster1
4764,JNSSX960K,cluster1
4765,1G5W0PJX8,cluster7
4766,ICFIALE2G,cluster2
4767,ELZQ5IKO9,cluster2
4768,TKTY2RIXG,cluster2
4769,U4ZP5IBLT,cluster2
4770,6JKO1XILD,cluster3
4771,F6P8CZ5UF,cluster2
4772,S959F8OPX,cluster1
4773,LUEVYG6KY,cluster3
4774,5KAHHKDGB,cluster2
4775,ND1K5J5WA,cluster7
4776,5HK3O16J7,cluster2
4777,CPDDFKY5G,cluster4
4778,D4CZQOUXM,cluster3
4779,ZIP3YD3G6,cluster6
4780,N2EBDRM5G,cluster2
4781,IHVP8DZLU,cluster1
4782,X0K65GTS8,cluster2
4783,PDNZZP1AR,cluster8
4784,2FJH5GHUO,cluster2
4785,L4G6AVLHK,cluster2
4786,KLTXRHVAA,cluster5
4787,UVL3BHMRW,cluster2
4788,IIL1XOSUO,cluster6
4789,WB2G9MHFC,cluster1
4790,Y4XN27Q2X,cluster1
4791,6FFA6GPVB,cluster2
4792,CXMR2A9ZN,cluster4
4793,31T4JHBSQ,cluster1
4794,8UWD8NARB,cluster1
4795,LNID9833A,cluster1
4796,A7FHPBQ0C,cluster6
4797,1XASX87CP,cluster7
4798,O4SNLDY4A,cluster1
4799,HPM9WVCQK,cluster4
4800,A8CUZITJ9,cluster1
4801,9CK3RRJ8E,cluster3
4802,VCRKNGEJD,cluster1
4803,9I8YZGJVI,cluster2
4804,LPVYS7HBI,cluster2
4805,3PT3EKEGD,cluster5
4806,CUB4KX5IR,cluster1
4807,KOP9MC76I,cluster1
4808,3TDO4IICR,cluster3
4809,R5WHL6T1R,cluster1
4810,K87OLBVZ6,cluster3
4811,KFEYED12C,cluster1
4812,D0WK9NOGA,cluster1
4813,41DQ5QXYV,cluster2
4814,PLXEXJZYT,cluster1
4815,S4GLOFWWO,cluster2
4816,TXY9YAF4Y,cluster3
4817,D5I6PXCIW,cluster3
4818,5G4CYNF3U,cluster5
4819,R86P5GVYG,cluster4
4820,GYGQ3AV6C,cluster3
4821,XF3RJUPFY,cluster2
4822,HXYM9F2JM,cluster8
4823,IDWR5SN78,cluster1
4824,E5TOEBLR0,cluster2
4825,YAOS6ESRV,cluster1
4826,HZ5720BS5,cluster3
4827,XJYQLNQX4,cluster1
4828,OMD7IWJG4,cluster1
4829,2N3JT554R,cluster4
4830,86RUBRW9F,cluster1
4831,OHT45FQH0,cluster6
4832,2KHI20P5A,cluster1
4833,NWYZ4RHEO,cluster2
4834,TD5GSWE30,cluster5
4835,QVSMGKLJ6,cluster2
4836,HQWNQ605N,cluster4
4837,92MHZWZGT,cluster1
4838,JLBVF9X2I,cluster4
4839,58KIWNKKW,cluster2
4840,DGTL2V03P,cluster1
4841,EQL5VXW8R,cluster1
4842,ED59MSNTM,cluster2
4843,RXBQD02FK,cluster7
4844,JCP5LZOC4,cluster8
4845,5T8X4AEHT,cluster2
4846,MD9WJ4T2T,cluster2
4847,H02007F2P,cluster2
4848,9ISIFK2IR,cluster2
4849,JK4AAAKB3,cluster5
4850,Y0ZSGOH76,cluster8
4851,B971G4H6S,cluster1
4852,IILW8SKRQ,cluster1
4853,1MYH8F041,cluster2
4854,14BGCNY25,cluster1
4855,9DQ2WADQP,cluster1
4856,V0X3S9DDN,cluster4
4857,FFMCTZ0LH,cluster7
4858,JX8HGDKOF,cluster5
4859,GPTN2254F,cluster1
4860,A6FNDLBR0,cluster2
4861,XE18ERB3G,cluster5
4862,KFTBYSJUJ,cluster5
4863,SXEL7ODTH,cluster2
4864,W36PMUJ1O,cluster9
4865,S8FN1QDF1,cluster1
4866,BYPTGV1R7,cluster1
4867,OLWCFAVGL,cluster2
4868,KTQQXTMCE,cluster4
4869,ANMCMR7SP,cluster5
4870,YE2H36TNE,cluster3
4871,EPDYFI8OF,cluster2
4872,YCGM7UB9G,cluster3
4873,T6CDCPVVF,cluster1
4874,FWSZ2EOGL,cluster4
4875,TJ9HK2J1K,cluster3
4876,FX13U0K3Z,cluster1
4877,EV8EY8E26,cluster8
4878,PUFLU05QW,cluster1
4879,9M4KI7VJT,cluster3
4880,YXWMD7TKP,cluster3
4881,7C1CNT3N8,cluster3
4882,TDA13JFS7,cluster1
4883,CVOC6II89,cluster2
4884,OL8YQZN53,cluster1
4885,H1P772POB,cluster2
4886,BPD362WTZ,cluster1
4887,A5HLF0LRX,cluster9
4888,XATC2NQYV,cluster1
4889,DC23XSEOT,cluster5
4890,9C2J34CFN,cluster2
4891,APT1WC4DZ,cluster1
4892,KS37YICFW,cluster4
4893,E6O8SE32U,cluster9
4894,B72PRUK02,cluster7
4895,6VH2ZQ017,cluster5
4896,Q3YYEHNL1,cluster3
4897,T3BD5FENO,cluster8
4898,Q5MSSH44F,cluster2
4899,6RT79SKI4,cluster4
4900,W6XCJ37PU,cluster4
4901,LHMAP5E4J,cluster8
4902,3CCB4PALG,cluster5
4903,OTW8YQ0HI,cluster1
4904,LRV44BD5W,cluster3
4905,PPO446CPW,cluster1
4906,WSLBISFE3,cluster2
4907,AAJF6EH9R,cluster9
4908,EK987AXLP,cluster9
4909,S7O77RSEB,cluster10
4910,E49DIA1O7,cluster7
4911,V7NKL671S,cluster2
4912,W9Z1HWII6,cluster2
4913,9YWW6CHT4,cluster3
4914,JM7AC4F2U,cluster6
4915,FTQS4WZEI,cluster7
4916,QRJX9T4KM,cluster2
4917,P3IH6D2BO,cluster1
4918,CPIVNAPLW,cluster1
4919,VQUC2NFP6,cluster1
4920,T9K6WPR17,cluster2
4921,9GATHOORZ,cluster3
4922,CHKSQ1WY7,cluster1
4923,GWLCKXDEZ,cluster7
4924,ZWOG1G0E4,cluster1
4925,YCKU33WFQ,cluster5
4926,G92FMIZ7D,cluster8
4927,N6ITNW4PA,cluster2
4928,O9URGI6L9,cluster1
4929,MOXJUP3CE,cluster1
4930,7C6IEQ71G,cluster9
4931,D7JYMOQBD,cluster2
4932,FPIB9HJ68,cluster1
4933,XXM4PK0HF,cluster6
4934,PTL1BVY23,cluster7
4935,7FMKGX23M,cluster1
4936,56FQ5RAZX,cluster2
4937,I44WSY6LH,cluster2
4938,C6AOV2KOG,cluster10
4939,33UHM1FX7,cluster6
4940,RN9SPAI4Q,cluster3
4941,670LV9T53,cluster6
4942,TG1JUIHIT,cluster1
4943,WJNQO1E1L,cluster9
4944,TR0J6NDUF,cluster5
4945,RGSJ3OBCD,cluster3
4946,23GVZIQNB,cluster5
4947,3E6PW5UTH,cluster7
4948,44VVJX2RL,cluster1
4949,IUE89V0X2,cluster4
4950,PJ9WJSD57,cluster2
4951,GLSKUY5UX,cluster1
4952,D5C9X4ASX,cluster7
4953,6M7EFX8AW,cluster1
4954,TFRF77LSL,cluster2
4955,7S4TAFRC4,cluster1
4956,D25SCGVLZ,cluster1
4957,VDPV4O4UE,cluster7
4958,MGO7I4Q3I,cluster4
4959,CH48RQZ5K,cluster2
4960,2CX7YK00P,cluster2
4961,4RXO82F0K,cluster6
4962,SADYISCB0,cluster1
4963,4LH9VVXJJ,cluster6
4964,4T9D08THI,cluster2
4965,I1V05BI8P,cluster5
4966,VTNM1USZM,cluster2
4967,Z0Q7YPYBR,cluster2
4968,K0OBTRSAA,cluster8
4969,779ZJ916N,cluster2
4970,OKKNXFVU3,cluster2
4971,OZGQ9SEUW,cluster5
4972,55P76QZAD,cluster8
4973,L6BYCLUDX,cluster2
4974,LQM40GBLL,cluster3
4975,MZSXTM9H1,cluster7
4976,XCLV8PQF8,cluster2
4977,JQ2HYFQJ7,cluster1
4978,UWYVN9AOB,cluster4
4979,Q6J70EUF3,cluster3
4980,5ZGAE7H0W,cluster2
4981,4I7I06K53,cluster3
4982,CYPL6AY9G,cluster1
4983,T4ILPJ2RK,cluster2
4984,9B3BKOGA2,cluster4
4985,ZTFEIZHWM,cluster1
4986,TPMZXA58Q,cluster1
4987,ZCPMXY7BX,cluster2
4988,WQN2R7MUX,cluster2
4989,QS42ANXZJ,cluster9
4990,Y5MBOU7M9,cluster6
4991,U2YEJC182,cluster2
4992,50N4XTO87,cluster2
4993,CZLDOX4HZ,cluster2
4994,CBYAGXLI6,cluster1
4995,YJR6LKWT7,cluster1
4996,TVZZ35YG5,cluster2
4997,OWNVFSGEN,cluster4
4998,RQL5BRBQO,cluster1
4999,KXOM8JOCH,cluster6
5000,0WN56Y0R9,cluster9
5001,SHF4EBY5K,cluster6
5002,4LEFUC1U0,cluster3
5003,3XW1RWVDT,cluster9
5004,AYXCC6BVF,cluster6
5005,55YYXPY68,cluster6
5006,GHC4Y3U9D,cluster2
5007,35NK0E173,cluster1
5008,BB4Y666SJ,cluster2
5009,1S83JR996,cluster1
5010,BY8RWCCGY,cluster2
5011,RRZIGIRXQ,cluster3
5012,FLBMYJKL4,cluster6
5013,6KBV1DTUT,cluster5
5014,M1660P4SL,cluster4
5015,Q6V0AAFT1,cluster1
5016,8PURZGAHN,cluster1
5017,Q988BOGZH,cluster1
5018,ETYMG4J9N,cluster2
5019,854ZOA1HA,cluster3
5020,X7UBENKNT,cluster5
5021,A4O5GGDM3,cluster4
5022,LA5XD6IST,cluster5
5023,WX0HR49CI,cluster2
5024,R9097B7AH,cluster4
5025,U2GLL6EDX,cluster5
5026,8WNHXLTYH,cluster2
5027,Q1KAKKFVG,cluster3
5028,VBAIPMPSC,cluster3
5029,X7PXMKK58,cluster2
5030,7VA9D8XUQ,cluster2
5031,8WLUOONGF,cluster3
5032,6GZWUM8DI,cluster2
5033,4ZJR8DLK5,cluster4
5034,703MRAOY6,cluster1
5035,N0HO63E36,cluster4
5036,2OLQMBC72,cluster6
5037,LQU3TPFOM,cluster2
5038,A0E06219H,cluster4
5039,DWY2PWCQ2,cluster1
5040,Q3V3JFQHZ,cluster4
5041,R0JDVT05C,cluster7
5042,XHBFN6HV1,cluster2
5043,UY1LK1BTA,cluster5
5044,CHFQDTUTW,cluster4
5045,JNM5QE0FH,cluster1
5046,RJY8TEY2E,cluster5
5047,7FLEXA6I8,cluster1
5048,K943IBGSF,cluster2
5049,BUKH0MT1E,cluster7
5050,7U7G04S8U,cluster2
5051,R1RQ19EN4,cluster2
5052,M85LHZILJ,cluster2
5053,43DZWDYZB,cluster2
5054,AS5W3SKSC,cluster7
5055,IORN88PWY,cluster5
5056,8E57SPTIO,cluster7
5057,XAC5FU0KD,cluster2
5058,OO9DGXL0Y,cluster5
5059,VLL9DG4OC,cluster1
5060,J6JPPIDD4,cluster1
5061,T8JZBTXBP,cluster2
5062,KSHYQF6D7,cluster2
5063,UCEZ7NQ0V,cluster3
5064,MTOP930IY,cluster2
5065,XX3HP5XZH,cluster1
5066,2IK8IZYRS,cluster2
5067,OTO4SGEB0,cluster2
5068,YFJ40FE2Y,cluster6
5069,J438H24D4,cluster2
5070,KL0G9Y6YM,cluster1
5071,8U6UQDQIY,cluster2
5072,50VTB57S2,cluster1
5073,7LLKQZUAR,cluster4
5074,2R7J1B3FI,cluster1
5075,JW2FLQPYR,cluster7
5076,PQS6F5XOK,cluster1
5077,8G5JA5SUQ,cluster5
5078,JZBX19HNJ,cluster3
5079,4GTUKCE9N,cluster3
5080,6PBXLQMBI,cluster2
5081,FBWRVYJTV,cluster5
5082,FZFPLENM6,cluster1
5083,PW50UMB6U,cluster1
5084,FVBVMCJA7,cluster2
5085,4VSQPL3PF,cluster3
5086,1A07YN91K,cluster2
5087,ETGHECTWF,cluster3
5088,YTWDK6299,cluster8
5089,H74BB1XQD,cluster3
5090,V15948NER,cluster6
5091,E28NEHVEW,cluster2
5092,8WE050UV4,cluster1
5093,JMAHUWC2D,cluster2
5094,M2EOUPM59,cluster6
5095,6Y7NNFSBN,cluster1
5096,JLEBRU5LF,cluster9
5097,DBP7NP5YE,cluster1
5098,H0BRPPXFS,cluster7
5099,JTVJ58Z7G,cluster2
5100,22Q1W4CDU,cluster10
5101,44BQJ0DTY,cluster6
5102,BL5OLTJLL,cluster4
5103,UH46U6MIY,cluster2
5104,RF4805G0V,cluster1
5105,CR4DLZ6DM,cluster1
5106,CMIRI84EZ,cluster2
5107,4BJMEMKZK,cluster2
5108,XVMFOPI6H,cluster2
5109,BRCQFI6IZ,cluster1
5110,CQ5MRTVRC,cluster6
5111,02O652459,cluster1
5112,SSZXIC0H9,cluster1
5113,623MIIMOY,cluster3
5114,LS2NSKQ3M,cluster3
5115,XXV5VAAH1,cluster3
5116,SERJEBNAH,cluster1
5117,KLPNLTF25,cluster7
5118,ANEUP74HJ,cluster1
5119,ZVLVDYJKB,cluster3
5120,6F5161JR2,cluster4
5121,46K3SFJR3,cluster1
5122,ZAMGRQD8B,cluster3
5123,GCCDBUGKK,cluster1
5124,W49WAB2H0,cluster5
5125,GAHH76Q7E,cluster2
5126,Q5TR2DS36,cluster3
5127,CO1O78IB3,cluster1
5128,XT677UEAB,cluster1
5129,9KPAMVDQ3,cluster2
5130,Q84P8S048,cluster2
5131,AZB66ZE59,cluster2
5132,6DO8RFVKP,cluster1
5133,TGOOPO2RP,cluster5
5134,KYCTX3WBN,cluster1
5135,U2AVW1XJO,cluster7
5136,WE685Y6KV,cluster1
5137,G3LTHB3KR,cluster1
5138,KCVXG7PXF,cluster4
5139,DV9WKF3HV,cluster1
5140,8KD2PB1PE,cluster3
5141,MXRFD5UYO,cluster5
5142,TDCN2FS5S,cluster2
5143,329JG4UUJ,cluster9
5144,S75T7FZ92,cluster9
5145,WRXLDFXGU,cluster2
5146,PDKW7GYEM,cluster1
